<?xml version="1.0" encoding="windows-1252" ?>
<units>
	<file_types>
		<forecast>
			<file>
				<extension>MAT</extension>
				<description>OHD Datacard</description>
			</file>
			<file>
				<extension>MAP</extension>
				<description>OHD Datacard</description>
			</file>
			<file>
				<extension>MAP01</extension>
				<description>OHD Datacard</description>
			</file>
			<file>
				<extension>MAP06</extension>
				<description>OHD Datacard</description>
			</file>
			<file>
				<extension>CS</extension>
				<description>ESP binary</description>
			</file>
			<file>
				<extension>VS</extension>
				<description>ESP binary</description>
			</file>
			<file>
				<extension>FCST</extension>
				<description>ASCII forecasts</description>
			</file>
			<file>
				<extension>XML</extension>
				<description>FEWS PI-XML</description>
			</file>
		</forecast>
		<observed>
			<file>
				<extension>OBS</extension>
				<description>OHD Datacard</description>
			</file>
			<file>
				<extension>OBSVD</extension>
				<description>ASCII observations</description>
			</file>
			<file>
				<extension>XML</extension>
				<description>FEWS PI-XML</description>
			</file>
		</observed>
	</file_types>
</units>