<?xml version="1.0" encoding="windows-1252" ?>
<units-resultset rows="194" columns="5">
	<unit>
		<attribute  name="UNIT" value="1/m"></attribute>
		<attribute  name="NAME" value="1/meter"></attribute>
		<attribute  name="DIMENSION" value="1/L"></attribute>
		<attribute   name="DEFN" value = "null"></attribute>
		<attribute   name="REF" value = "null"></attribute>
	</unit>
	<unit>
		<attribute  name="UNIT" value="Abs/cm"></attribute>
		<attribute  name="NAME" value="Absorbance/centimeter"></attribute>
		<attribute  name="DIMENSION" value="1/L"></attribute>
		<attribute   name="DEFN" value = "null"></attribute>
		<attribute   name="REF" value = "null"></attribute>
	</unit>
	<unit>
		<attribute  name="UNIT" value="bar"></attribute>
		<attribute  name="NAME" value="Bar"></attribute>
		<attribute  name="DIMENSION" value="M/(LT2)"></attribute>
		<attribute   name="DEFN" value = "null"></attribute>
		<attribute   name="REF" value = "null"></attribute>
	</unit>
	<unit>
		<attribute  name="UNIT" value="Bq/kg"></attribute>
		<attribute  name="NAME" value="Bequerel/kilogram"></attribute>
		<attribute  name="DIMENSION" value="Unknown"></attribute>
		<attribute   name="DEFN" value = "null"></attribute>
		<attribute   name="REF" value = "null"></attribute>
	</unit>
	<unit>
		<attribute  name="UNIT" value="Bq/l"></attribute>
		<attribute  name="NAME" value="Bequerel/litre"></attribute>
		<attribute  name="DIMENSION" value="Unknown"></attribute>
		<attribute   name="DEFN" value = "null"></attribute>
		<attribute   name="REF" value = "null"></attribute>
	</unit>
	<unit>
		<attribute  name="UNIT" value="cm"></attribute>
		<attribute  name="NAME" value="Centimeter"></attribute>
		<attribute  name="DIMENSION" value="L"></attribute>
		<attribute   name="DEFN" value = "null"></attribute>
		<attribute   name="REF" value = "null"></attribute>
	</unit>
	<unit>
		<attribute  name="UNIT" value="dm"></attribute>
		<attribute  name="NAME" value="Decimeter"></attribute>
		<attribute  name="DIMENSION" value="L"></attribute>
		<attribute   name="DEFN" value = "null"></attribute>
		<attribute   name="REF" value = "null"></attribute>
	</unit>
	<unit>
		<attribute  name="UNIT" value="Deg C"></attribute>
		<attribute  name="NAME" value="Degree (Celsius)"></attribute>
		<attribute   name="DIMENSION" value = "null"></attribute>
		<attribute   name="DEFN" value = "null"></attribute>
		<attribute   name="REF" value = "null"></attribute>
	</unit>
	<unit>
		<attribute  name="UNIT" value="Deg F"></attribute>
		<attribute  name="NAME" value="Degree (Fahrenheit)"></attribute>
		<attribute   name="DIMENSION" value = "null"></attribute>
		<attribute   name="DEFN" value = "null"></attribute>
		<attribute   name="REF" value = "null"></attribute>
	</unit>
	<unit>
		<attribute  name="UNIT" value="Deg"></attribute>
		<attribute  name="NAME" value="Degree (angle)"></attribute>
		<attribute   name="DIMENSION" value = "null"></attribute>
		<attribute   name="DEFN" value = "null"></attribute>
		<attribute   name="REF" value = "null"></attribute>
	</unit>
	<unit>
		<attribute  name="UNIT" value="dpm/cc Kr"></attribute>
		<attribute  name="NAME" value="Disintegrations per minute/cubic centimiter of Krypton"></attribute>
		<attribute  name="DIMENSION" value="Unknown"></attribute>
		<attribute   name="DEFN" value = "null"></attribute>
		<attribute   name="REF" value = "null"></attribute>
	</unit>
	<unit>
		<attribute  name="UNIT" value="f"></attribute>
		<attribute  name="NAME" value="Feet"></attribute>
		<attribute  name="DIMENSION" value="Unknown"></attribute>
		<attribute   name="DEFN" value = "null"></attribute>
		<attribute   name="REF" value = "null"></attribute>
	</unit>
	<unit>
		<attribute  name="UNIT" value="f3/s"></attribute>
		<attribute  name="NAME" value="Feet cubed/second"></attribute>
		<attribute  name="DIMENSION" value="Unknown"></attribute>
		<attribute   name="DEFN" value = "null"></attribute>
		<attribute   name="REF" value = "null"></attribute>
	</unit>
	<unit>
		<attribute  name="UNIT" value="FTU"></attribute>
		<attribute  name="NAME" value="Formazine Turbidity Units"></attribute>
		<attribute  name="DIMENSION" value="Unknown"></attribute>
		<attribute   name="DEFN" value = "null"></attribute>
		<attribute   name="REF" value = "null"></attribute>
	</unit>
	<unit>
		<attribute  name="UNIT" value="g"></attribute>
		<attribute  name="NAME" value="Gram"></attribute>
		<attribute  name="DIMENSION" value="M"></attribute>
		<attribute   name="DEFN" value = "null"></attribute>
		<attribute   name="REF" value = "null"></attribute>
	</unit>
	<unit>
		<attribute  name="UNIT" value="g/kg"></attribute>
		<attribute  name="NAME" value="Gram/kilogram"></attribute>
		<attribute  name="DIMENSION" value="M/M"></attribute>
		<attribute   name="DEFN" value = "null"></attribute>
		<attribute   name="REF" value = "null"></attribute>
	</unit>
	<unit>
		<attribute  name="UNIT" value="g/l"></attribute>
		<attribute  name="NAME" value="Gram/litre"></attribute>
		<attribute  name="DIMENSION" value="M/L3"></attribute>
		<attribute   name="DEFN" value = "null"></attribute>
		<attribute   name="REF" value = "null"></attribute>
	</unit>
	<unit>
		<attribute  name="UNIT" value="Hazen"></attribute>
		<attribute  name="NAME" value="Hazen"></attribute>
		<attribute  name="DIMENSION" value="Unknown"></attribute>
		<attribute   name="DEFN" value = "null"></attribute>
		<attribute   name="REF" value = "null"></attribute>
	</unit>
	<unit>
		<attribute  name="UNIT" value="h"></attribute>
		<attribute  name="NAME" value="Hour"></attribute>
		<attribute  name="DIMENSION" value="T"></attribute>
		<attribute   name="DEFN" value = "null"></attribute>
		<attribute   name="REF" value = "null"></attribute>
	</unit>
	<unit>
		<attribute  name="UNIT" value="Inch"></attribute>
		<attribute  name="NAME" value="Inch"></attribute>
		<attribute  name="DIMENSION" value="Unknown"></attribute>
		<attribute   name="DEFN" value = "null"></attribute>
		<attribute   name="REF" value = "null"></attribute>
	</unit>
	<unit>
		<attribute  name="UNIT" value="kg"></attribute>
		<attribute  name="NAME" value="Kilogram"></attribute>
		<attribute  name="DIMENSION" value="M"></attribute>
		<attribute   name="DEFN" value = "null"></attribute>
		<attribute   name="REF" value = "null"></attribute>
	</unit>
	<unit>
		<attribute  name="UNIT" value="kg/d"></attribute>
		<attribute  name="NAME" value="Kilogram/day"></attribute>
		<attribute  name="DIMENSION" value="M/T"></attribute>
		<attribute   name="DEFN" value = "null"></attribute>
		<attribute   name="REF" value = "null"></attribute>
	</unit>
	<unit>
		<attribute  name="UNIT" value="kg/ha"></attribute>
		<attribute  name="NAME" value="Kilogram/ha"></attribute>
		<attribute  name="DIMENSION" value="M/L2"></attribute>
		<attribute   name="DEFN" value = "null"></attribute>
		<attribute   name="REF" value = "null"></attribute>
	</unit>	
	<unit>
		<attribute  name="UNIT" value="kg/m2"></attribute>
		<attribute  name="NAME" value="Kilogram/meter squared"></attribute>
		<attribute  name="DIMENSION" value="M/L2"></attribute>
		<attribute   name="DEFN" value = "null"></attribute>
		<attribute   name="REF" value = "null"></attribute>
	</unit>
	<unit>
                <attribute  name="UNIT" value="kg/m3 P"></attribute>
                <attribute  name="NAME" value="kilogram/m3 P"></attribute>
                <attribute  name="DIMENSION" value="unknown"></attribute>
                <attribute  name="DEFN" value = "null"></attribute>
                <attribute  name="REF" value = "null"></attribute>
        </unit>
        <unit>
		<attribute  name="UNIT" value="km"></attribute>
		<attribute  name="NAME" value="Kilometer"></attribute>
		<attribute  name="DIMENSION" value="L"></attribute>
		<attribute   name="DEFN" value = "null"></attribute>
		<attribute   name="REF" value = "null"></attribute>
	</unit>
	<unit>
		<attribute  name="UNIT" value="km2"></attribute>
		<attribute  name="NAME" value="Kilometer squared"></attribute>
		<attribute  name="DIMENSION" value="L2"></attribute>
		<attribute   name="DEFN" value = "null"></attribute>
		<attribute   name="REF" value = "null"></attribute>
	</unit>
	<unit>
		<attribute  name="UNIT" value="l"></attribute>
		<attribute  name="NAME" value="Litre"></attribute>
		<attribute  name="DIMENSION" value="L3"></attribute>
		<attribute   name="DEFN" value = "null"></attribute>
		<attribute   name="REF" value = "null"></attribute>
	</unit>
	<unit>
		<attribute  name="UNIT" value="l/s"></attribute>
		<attribute  name="NAME" value="Litre/second"></attribute>
		<attribute  name="DIMENSION" value="L3/T"></attribute>
		<attribute   name="DEFN" value = "null"></attribute>
		<attribute   name="REF" value = "null"></attribute>
	</unit>
	<unit>
		<attribute  name="UNIT" value="MW"></attribute>
		<attribute  name="NAME" value="Mega watt"></attribute>
		<attribute  name="DIMENSION" value="Unknown"></attribute>
		<attribute   name="DEFN" value = "null"></attribute>
		<attribute   name="REF" value = "null"></attribute>
	</unit>
	<unit>
		<attribute  name="UNIT" value="m"></attribute>
		<attribute  name="NAME" value="Meter"></attribute>
		<attribute  name="DIMENSION" value="L"></attribute>
		<attribute   name="DEFN" value = "null"></attribute>
		<attribute   name="REF" value = "null"></attribute>
	</unit>
	<unit>
		<attribute  name="UNIT" value="m3"></attribute>
		<attribute  name="NAME" value="Meter cubed"></attribute>
		<attribute  name="DIMENSION" value="L3"></attribute>
		<attribute   name="DEFN" value = "null"></attribute>
		<attribute   name="REF" value = "null"></attribute>
	</unit>
	<unit>
		<attribute  name="UNIT" value="m3/a"></attribute>
		<attribute  name="NAME" value="Meter cubed/annum"></attribute>
		<attribute  name="DIMENSION" value="L3/T"></attribute>
		<attribute   name="DEFN" value = "null"></attribute>
		<attribute   name="REF" value = "null"></attribute>
	</unit>
	<unit>
		<attribute  name="UNIT" value="m3/d"></attribute>
		<attribute  name="NAME" value="Meter cubed/day"></attribute>
		<attribute  name="DIMENSION" value="L3/T"></attribute>
		<attribute   name="DEFN" value = "null"></attribute>
		<attribute   name="REF" value = "null"></attribute>
	</unit>
	<unit>
		<attribute  name="UNIT" value="m3/h"></attribute>
		<attribute  name="NAME" value="Meter cubed/hour"></attribute>
		<attribute  name="DIMENSION" value="L3/T"></attribute>
		<attribute   name="DEFN" value = "null"></attribute>
		<attribute   name="REF" value = "null"></attribute>
	</unit>
	<unit>
		<attribute  name="UNIT" value="m3/s"></attribute>
		<attribute  name="NAME" value="Meter cubed/second"></attribute>
		<attribute  name="DIMENSION" value="L3/T"></attribute>
		<attribute   name="DEFN" value = "null"></attribute>
		<attribute   name="REF" value = "null"></attribute>
	</unit>
	<unit>
		<attribute  name="UNIT" value="m2"></attribute>
		<attribute  name="NAME" value="Meter squared"></attribute>
		<attribute  name="DIMENSION" value="L2"></attribute>
		<attribute   name="DEFN" value = "null"></attribute>
		<attribute   name="REF" value = "null"></attribute>
	</unit>
	<unit>
		<attribute  name="UNIT" value="m2/d"></attribute>
		<attribute  name="NAME" value="Meter squared/day"></attribute>
		<attribute  name="DIMENSION" value="L2/T"></attribute>
		<attribute   name="DEFN" value = "null"></attribute>
		<attribute   name="REF" value = "null"></attribute>
	</unit>
	<unit>
		<attribute  name="UNIT" value="m/d"></attribute>
		<attribute  name="NAME" value="Meter/day"></attribute>
		<attribute  name="DIMENSION" value="L/T"></attribute>
		<attribute   name="DEFN" value = "null"></attribute>
		<attribute   name="REF" value = "null"></attribute>
	</unit>
	<unit>
		<attribute  name="UNIT" value="m/s"></attribute>
		<attribute  name="NAME" value="Meter/second"></attribute>
		<attribute  name="DIMENSION" value="L/T"></attribute>
		<attribute   name="DEFN" value = "null"></attribute>
		<attribute   name="REF" value = "null"></attribute>
	</unit>
	<unit>
		<attribute  name="UNIT" value="uS/cm"></attribute>
		<attribute  name="NAME" value="MicroSiemens/centimeter"></attribute>
		<attribute  name="DIMENSION" value="Unknown"></attribute>
		<attribute   name="DEFN" value = "null"></attribute>
		<attribute   name="REF" value = "null"></attribute>
	</unit>
	<unit>
		<attribute  name="UNIT" value="ug/kg"></attribute>
		<attribute  name="NAME" value="Microgram/kilogram"></attribute>
		<attribute  name="DIMENSION" value="M/M"></attribute>
		<attribute   name="DEFN" value = "null"></attribute>
		<attribute   name="REF" value = "null"></attribute>
	</unit>
	<unit>
		<attribute  name="UNIT" value="ug/l"></attribute>
		<attribute  name="NAME" value="Microgram/litre"></attribute>
		<attribute  name="DIMENSION" value="M/L3"></attribute>
		<attribute   name="DEFN" value = "null"></attribute>
		<attribute   name="REF" value = "null"></attribute>
	</unit>
	<unit>
		<attribute  name="UNIT" value="mBq/l"></attribute>
		<attribute  name="NAME" value="MilliBecquerel/litre"></attribute>
		<attribute  name="DIMENSION" value="Unknown"></attribute>
		<attribute   name="DEFN" value = "null"></attribute>
		<attribute   name="REF" value = "null"></attribute>
	</unit>
	<unit>
		<attribute  name="UNIT" value="mS/m"></attribute>
		<attribute  name="NAME" value="MilliSiemens/meter"></attribute>
		<attribute  name="DIMENSION" value="Unknown"></attribute>
		<attribute   name="DEFN" value = "null"></attribute>
		<attribute   name="REF" value = "null"></attribute>
	</unit>
	<unit>
		<attribute  name="UNIT" value="mg/g"></attribute>
		<attribute  name="NAME" value="Milligram/gram"></attribute>
		<attribute  name="DIMENSION" value="M/M"></attribute>
		<attribute   name="DEFN" value = "null"></attribute>
		<attribute   name="REF" value = "null"></attribute>
	</unit>
	<unit>
		<attribute  name="UNIT" value="mg/kg"></attribute>
		<attribute  name="NAME" value="Milligram/kilogram"></attribute>
		<attribute  name="DIMENSION" value="M/M"></attribute>
		<attribute   name="DEFN" value = "null"></attribute>
		<attribute   name="REF" value = "null"></attribute>
	</unit>
	<unit>
		<attribute  name="UNIT" value="mg/l"></attribute>
		<attribute  name="NAME" value="Milligram/litre"></attribute>
		<attribute  name="DIMENSION" value="M/L3"></attribute>
		<attribute   name="DEFN" value = "null"></attribute>
		<attribute   name="REF" value = "null"></attribute>
	</unit>
	<unit>
		<attribute  name="UNIT" value="mg/m3"></attribute>
		<attribute  name="NAME" value="Milligram/meter cubed"></attribute>
		<attribute  name="DIMENSION" value="M/L3"></attribute>
		<attribute   name="DEFN" value = "null"></attribute>
		<attribute   name="REF" value = "null"></attribute>
	</unit>
	<unit>
		<attribute  name="UNIT" value="mm"></attribute>
		<attribute  name="NAME" value="Millimeter"></attribute>
		<attribute  name="DIMENSION" value="L"></attribute>
		<attribute   name="DEFN" value = "null"></attribute>
		<attribute   name="REF" value = "null"></attribute>
	</unit>
	<unit>
		<attribute  name="UNIT" value="mm/s"></attribute>
		<attribute  name="NAME" value="Millimeter/second"></attribute>
		<attribute  name="DIMENSION" value="L/T"></attribute>
		<attribute   name="DEFN" value = "null"></attribute>
		<attribute   name="REF" value = "null"></attribute>
	</unit>
	<unit>
		<attribute  name="UNIT" value="mm/h"></attribute>
		<attribute  name="NAME" value="Millimeter/hour"></attribute>
		<attribute  name="DIMENSION" value="L/T"></attribute>
		<attribute   name="DEFN" value = "null"></attribute>
		<attribute   name="REF" value = "null"></attribute>
	</unit>
	<unit>
		<attribute  name="UNIT" value="mm/day"></attribute>
		<attribute  name="NAME" value="Millimeter/day"></attribute>
		<attribute  name="DIMENSION" value="L/T"></attribute>
		<attribute   name="DEFN" value = "null"></attribute>
		<attribute   name="REF" value = "null"></attribute>
	</unit>
	<unit>
		<attribute  name="UNIT" value="mV"></attribute>
		<attribute  name="NAME" value="Millivolt"></attribute>
		<attribute  name="DIMENSION" value="Unknown"></attribute>
		<attribute   name="DEFN" value = "null"></attribute>
		<attribute   name="REF" value = "null"></attribute>
	</unit>
	<unit>
		<attribute  name="UNIT" value="n"></attribute>
		<attribute  name="NAME" value="Minute"></attribute>
		<attribute  name="DIMENSION" value="T"></attribute>
		<attribute   name="DEFN" value = "null"></attribute>
		<attribute   name="REF" value = "null"></attribute>
	</unit>
	<unit>
		<attribute  name="UNIT" value="ng/kg"></attribute>
		<attribute  name="NAME" value="Nanogram/kilogram"></attribute>
		<attribute  name="DIMENSION" value="M/M"></attribute>
		<attribute   name="DEFN" value = "null"></attribute>
		<attribute   name="REF" value = "null"></attribute>
	</unit>
	<unit>
		<attribute  name="UNIT" value="ng/l"></attribute>
		<attribute  name="NAME" value="Nanogram/litre"></attribute>
		<attribute  name="DIMENSION" value="M/L3"></attribute>
		<attribute   name="DEFN" value = "null"></attribute>
		<attribute   name="REF" value = "null"></attribute>
	</unit>
	<unit>
		<attribute  name="UNIT" value="NTU"></attribute>
		<attribute  name="NAME" value="Nephelometric Turbidity Units"></attribute>
		<attribute  name="DIMENSION" value="Unknown"></attribute>
		<attribute   name="DEFN" value = "null"></attribute>
		<attribute   name="REF" value = "null"></attribute>
	</unit>
	<unit>
		<attribute  name="UNIT" value="None"></attribute>
		<attribute  name="NAME" value="None"></attribute>
		<attribute  name="DIMENSION" value="None"></attribute>
		<attribute   name="DEFN" value = "null"></attribute>
		<attribute   name="REF" value = "null"></attribute>
	</unit>
	<unit>
		<attribute  name="UNIT" value="No"></attribute>
		<attribute  name="NAME" value="Number"></attribute>
		<attribute  name="DIMENSION" value="None"></attribute>
		<attribute   name="DEFN" value = "null"></attribute>
		<attribute   name="REF" value = "null"></attribute>
	</unit>
	<unit>
		<attribute  name="UNIT" value="No/ha"></attribute>
		<attribute  name="NAME" value="Number/ha"></attribute>
		<attribute  name="DIMENSION" value="1/L2"></attribute>
		<attribute   name="DEFN" value = "null"></attribute>
		<attribute   name="REF" value = "null"></attribute>
	</unit>
	<unit>
		<attribute  name="UNIT" value="No/km2"></attribute>
		<attribute  name="NAME" value="Number/km2"></attribute>
		<attribute  name="DIMENSION" value="1/L2"></attribute>
		<attribute   name="DEFN" value = "null"></attribute>
		<attribute   name="REF" value = "null"></attribute>
	</unit>
	<unit>
		<attribute  name="UNIT" value="No/l"></attribute>
		<attribute  name="NAME" value="Number/litre"></attribute>
		<attribute  name="DIMENSION" value="1/L3"></attribute>
		<attribute   name="DEFN" value = "null"></attribute>
		<attribute   name="REF" value = "null"></attribute>
	</unit>
	<unit>
		<attribute  name="UNIT" value="%"></attribute>
		<attribute  name="NAME" value="Percent"></attribute>
		<attribute  name="DIMENSION" value="None"></attribute>
		<attribute   name="DEFN" value = "null"></attribute>
		<attribute   name="REF" value = "null"></attribute>
	</unit>
	<unit>
		<attribute  name="UNIT" value="% satn"></attribute>
		<attribute  name="NAME" value="Percent Saturations"></attribute>
		<attribute  name="DIMENSION" value="None"></attribute>
		<attribute   name="DEFN" value = "null"></attribute>
		<attribute   name="REF" value = "null"></attribute>
	</unit>
	<unit>
		<attribute  name="UNIT" value="pg/kg"></attribute>
		<attribute  name="NAME" value="Picogram/kilogram"></attribute>
		<attribute  name="DIMENSION" value="M/M"></attribute>
		<attribute   name="DEFN" value = "null"></attribute>
		<attribute   name="REF" value = "null"></attribute>
	</unit>
	<unit>
		<attribute  name="UNIT" value="PtCo"></attribute>
		<attribute  name="NAME" value="Platinum cobalt units"></attribute>
		<attribute  name="DIMENSION" value="Unknown"></attribute>
		<attribute   name="DEFN" value = "null"></attribute>
		<attribute   name="REF" value = "null"></attribute>
	</unit>
	<unit>
		<attribute  name="UNIT" value="s"></attribute>
		<attribute  name="NAME" value="Second"></attribute>
		<attribute  name="DIMENSION" value="T"></attribute>
		<attribute   name="DEFN" value = "null"></attribute>
		<attribute   name="REF" value = "null"></attribute>
	</unit>
	<unit>
		<attribute  name="UNIT" value="tons"></attribute>
		<attribute  name="NAME" value="Tons"></attribute>
		<attribute  name="DIMENSION" value="M"></attribute>
		<attribute   name="DEFN" value = "null"></attribute>
		<attribute   name="REF" value = "null"></attribute>
	</unit>
	<unit>
		<attribute  name="UNIT" value="TU"></attribute>
		<attribute  name="NAME" value="Tritium units"></attribute>
		<attribute  name="DIMENSION" value="Unknown"></attribute>
		<attribute   name="DEFN" value = "null"></attribute>
		<attribute   name="REF" value = "null"></attribute>
	</unit>
	<unit>
		<attribute  name="UNIT" value="Unknown"></attribute>
		<attribute  name="NAME" value="Unknown"></attribute>
		<attribute  name="DIMENSION" value="Unknown"></attribute>
		<attribute   name="DEFN" value = "null"></attribute>
		<attribute   name="REF" value = "null"></attribute>
	</unit>
	<unit>
		<attribute  name="UNIT" value="W/m2"></attribute>
		<attribute  name="NAME" value="Watt/meter sqared"></attribute>
		<attribute  name="DIMENSION" value="ML2/T3"></attribute>
		<attribute   name="DEFN" value = "null"></attribute>
		<attribute   name="REF" value = "null"></attribute>
	</unit>
	<unit>
		<attribute  name="UNIT" value="ha"></attribute>
		<attribute  name="NAME" value="ha"></attribute>
		<attribute  name="DIMENSION" value="L2"></attribute>
		<attribute   name="DEFN" value = "null"></attribute>
		<attribute   name="REF" value = "null"></attribute>
	</unit>
	<unit>
		<attribute  name="UNIT" value="km3"></attribute>
		<attribute  name="NAME" value="kilometer cubed"></attribute>
		<attribute  name="DIMENSION" value="L3"></attribute>
		<attribute   name="DEFN" value = "null"></attribute>
		<attribute   name="REF" value = "null"></attribute>
	</unit>
		<unit>
		<attribute  name="UNIT" value="pH units"></attribute>
		<attribute  name="NAME" value="pH units"></attribute>
		<attribute  name="DIMENSION" value="Unknown"></attribute>
		<attribute   name="DEFN" value = "null"></attribute>
		<attribute   name="REF" value = "null"></attribute>
	</unit>
</units-resultset>
