<?xml version="1.0" encoding="windows-1252" ?>
<units>
	<time_systems>
		<system>
			<name>Alaska Standard Time (AST)</name>
			<gmt_offset>-9</gmt_offset>
		</system>
		<system>
			<name>Central Standard Time (CST)</name>
			<gmt_offset>-6</gmt_offset>
		</system>
		<system>
			<name>Coordinated Universal Time (UTC)</name>
			<gmt_offset>-0</gmt_offset>
		</system>
		<system>
			<name>Eastern Standard Time (EST)</name>
			<gmt_offset>-5</gmt_offset>
		</system>
		<system>
			<name>Mountain Standard Time (MST)</name>
			<gmt_offset>-7</gmt_offset>
		</system>
		<system>
			<name>Pacific Standard Time (PST)</name>
			<gmt_offset>-8</gmt_offset>
		</system>
		<system>
			<name>UTC - 24 hours</name>
			<gmt_offset>-24</gmt_offset>
		</system>
		<system>
			<name>UTC - 23 hours</name>
			<gmt_offset>-23</gmt_offset>
		</system>
		<system>
			<name>UTC - 22 hours</name>
			<gmt_offset>-22</gmt_offset>
		</system>
		<system>
			<name>UTC - 21 hours</name>
			<gmt_offset>-21</gmt_offset>
		</system>
		<system>
			<name>UTC - 20 hours</name>
			<gmt_offset>-20</gmt_offset>
		</system>
		<system>
			<name>UTC - 19 hours</name>
			<gmt_offset>-19</gmt_offset>
		</system>
		<system>
			<name>UTC - 18 hours</name>
			<gmt_offset>-18</gmt_offset>
		</system>
		<system>
			<name>UTC - 17 hours</name>
			<gmt_offset>-17</gmt_offset>
		</system>
		<system>
			<name>UTC - 16 hours</name>
			<gmt_offset>-16</gmt_offset>
		</system>
		<system>
			<name>UTC - 15 hours</name>
			<gmt_offset>-15</gmt_offset>
		</system>
		<system>
			<name>UTC - 14 hours</name>
			<gmt_offset>-14</gmt_offset>
		</system>
		<system>
			<name>UTC - 13 hours</name>
			<gmt_offset>-13</gmt_offset>
		</system>
		<system>
			<name>UTC - 12 hours</name>
			<gmt_offset>-12</gmt_offset>
		</system>
		<system>
			<name>UTC - 11 hours</name>
			<gmt_offset>-11</gmt_offset>
		</system>
		<system>
			<name>UTC - 10 hours</name>
			<gmt_offset>-10</gmt_offset>
		</system>
		<system>
			<name>UTC - 9 hours</name>
			<gmt_offset>-9</gmt_offset>
		</system>
		<system>
			<name>UTC - 8 hours</name>
			<gmt_offset>-8</gmt_offset>
		</system>
		<system>
			<name>UTC - 7 hours</name>
			<gmt_offset>-7</gmt_offset>
		</system>
		<system>
			<name>UTC - 6 hours</name>
			<gmt_offset>-6</gmt_offset>
		</system>
		<system>
			<name>UTC - 5 hours</name>
			<gmt_offset>-5</gmt_offset>
		</system>
		<system>
			<name>UTC - 4 hours</name>
			<gmt_offset>-4</gmt_offset>
		</system>
		<system>
			<name>UTC - 3 hours</name>
			<gmt_offset>-3</gmt_offset>
		</system>
		<system>
			<name>UTC - 2 hours</name>
			<gmt_offset>-2</gmt_offset>
		</system>
		<system>
			<name>UTC - 1 hours</name>
			<gmt_offset>-1</gmt_offset>
		</system>
		<system>
			<name>UTC + 1 hours</name>
			<gmt_offset>1</gmt_offset>
		</system>
		<system>
			<name>UTC + 2 hours</name>
			<gmt_offset>2</gmt_offset>
		</system>
		<system>
			<name>UTC + 3 hours</name>
			<gmt_offset>3</gmt_offset>
		</system>
		<system>
			<name>UTC + 4 hours</name>
			<gmt_offset>4</gmt_offset>
		</system>
		<system>
			<name>UTC + 5 hours</name>
			<gmt_offset>5</gmt_offset>
		</system>
		<system>
			<name>UTC + 6 hours</name>
			<gmt_offset>6</gmt_offset>
		</system>
		<system>
			<name>UTC + 7 hours</name>
			<gmt_offset>7</gmt_offset>
		</system>
		<system>
			<name>UTC + 8 hours</name>
			<gmt_offset>8</gmt_offset>
		</system>
		<system>
			<name>UTC + 9 hours</name>
			<gmt_offset>9</gmt_offset>
		</system>
		<system>
			<name>UTC + 10 hours</name>
			<gmt_offset>10</gmt_offset>
		</system>
		<system>
			<name>UTC + 11 hours</name>
			<gmt_offset>11</gmt_offset>
		</system>
		<system>
			<name>UTC + 12 hours</name>
			<gmt_offset>12</gmt_offset>
		</system>
		<system>
			<name>UTC + 13 hours</name>
			<gmt_offset>13</gmt_offset>
		</system>
		<system>
			<name>UTC + 14 hours</name>
			<gmt_offset>14</gmt_offset>
		</system>
		<system>
			<name>UTC + 15 hours</name>
			<gmt_offset>15</gmt_offset>
		</system>
		<system>
			<name>UTC + 16 hours</name>
			<gmt_offset>16</gmt_offset>
		</system>
		<system>
			<name>UTC + 17 hours</name>
			<gmt_offset>17</gmt_offset>
		</system>
		<system>
			<name>UTC + 18 hours</name>
			<gmt_offset>18</gmt_offset>
		</system>
		<system>
			<name>UTC + 19 hours</name>
			<gmt_offset>19</gmt_offset>
		</system>
		<system>
			<name>UTC + 20 hours</name>
			<gmt_offset>20</gmt_offset>
		</system>
		<system>
			<name>UTC + 21 hours</name>
			<gmt_offset>21</gmt_offset>
		</system>
		<system>
			<name>UTC + 22 hours</name>
			<gmt_offset>22</gmt_offset>
		</system>
		<system>
			<name>UTC + 23 hours</name>
			<gmt_offset>23</gmt_offset>
		</system>
		<system>
			<name>UTC + 24 hours</name>
			<gmt_offset>24</gmt_offset>
		</system>
	</time_systems>
</units>