<?xml version="1.0" standalone="yes"?><results>
<!--Result file containing the results for a single metric by lead period.
Some metrics, such as reliability diagrams, have results for specific thresholds 
(e.g. probability thresholds).  In that case, the results are stored by lead period 
and then by threshold value.  The actual data associated with a result always appears 
within a 'values' tag.  A metric result that comprises a single value will appear as a 
single value in this tag.  A metric result that comprises a 1D matrix will appear as a 
row of values separated by commas in the input order.  A metric result that comprises a 
2D matrix will appear as a sequence of rows, each with a 'values' tag, which are written 
in the input order.  For example, a diagram metric with an x and y axis will comprise 
two rows of data (i.e. two rows within two separate 'values' tags).  The default input 
order would be data for the x axis followed by data for the y axis.  Data that refer to 
cumulative probabilities are, by default, always defined in increasing size of probability.--><meta_data>
	<thresholds_type>true</thresholds_type>
	<original_file_id>01608500_CAL.Streamflow.ICK_INF_ONE_OBS_ONE_MEAN_1D_MEAN_INDEP.Brier_skill_score.xml</original_file_id>
</meta_data><result>
	<lead_hour>0.0</lead_hour>
	<threshold_data>
		<threshold>
			<threshold_value>GT 0.03 (Pr=0.0)</threshold_value>
			<data>
				<values>0.92314, 0.04474, 0.00346, 0.03558, 0.01176, 0.00654, 0.07164, 0.06573, 1.7689, 2.0E-4, 5.4E-4, 0.0, 3.0E-4, 0.95383, -0.24448, 0.90519, -0.36913, -0.91917</values>
				<sampling_intervals>
					<main_interval>
						<bounds>0.05, 0.95</bounds>
						<lower_bound>
							<values>0.86253, 0.0041, 0.00214, 0.02891, 0.00933, 0.0053, 0.03136, 0.00969, 0.44575, 2.0E-5, 4.0E-4, 0.0, 3.0E-4, 0.91682, -0.65549, 0.74051, -0.38203, -0.96404</values>
						</lower_bound>
						<upper_bound>
							<values>0.97057, 0.08012, 0.25232, 0.33392, 0.04884, 0.12914, 0.18224, 0.11181, 1.7689, 6.0E-4, 0.00177, 6.5E-4, 0.00432, 0.99528, 33.30365, 0.93472, 3.27096, -0.77222</values>
						</upper_bound>
					</main_interval>
					<sample_size>
						<values>1000.0, 1000.0, 1000.0, 1000.0, 1000.0, 1000.0, 1000.0, 1000.0, 1000.0, 1000.0, 1000.0, 1000.0, 1000.0, 1000.0, 1000.0, 1000.0, 1000.0, 1000.0</values>
					</sample_size>
				</sampling_intervals>
			</data>
		</threshold>
		<threshold>
			<threshold_value>GT 0.05981 (Pr=0.025)</threshold_value>
			<data>
				<values>0.67544, 0.22923, 0.56011, 0.65544, 0.06327, 0.31887, 0.58016, 0.32459, 0.32448, 0.00924, 0.00264, 0.00496, 0.01476, 0.52782, 2.9749, 0.8207, 2.7024, -0.20878</values>
				<sampling_intervals>
					<main_interval>
						<bounds>0.05, 0.95</bounds>
						<lower_bound>
							<values>0.64291, 0.09743, 0.44679, 0.52796, 0.03303, 0.19328, 0.35081, 0.10047, 0.14317, 0.00182, 0.00148, 0.00249, 0.00921, 0.32888, 1.21074, 0.57339, 1.12626, -0.51753</values>
						</lower_bound>
						<upper_bound>
							<values>0.80594, 0.24999, 0.9948, 1.11778, 0.18548, 0.55198, 0.74174, 0.35172, 0.71335, 0.01096, 0.01144, 0.02233, 0.03446, 0.75576, 4.93915, 0.91299, 3.95286, 0.05981</values>
						</upper_bound>
					</main_interval>
					<sample_size>
						<values>1000.0, 1000.0, 1000.0, 1000.0, 1000.0, 1000.0, 1000.0, 1000.0, 1000.0, 1000.0, 1000.0, 1000.0, 1000.0, 1000.0, 1000.0, 1000.0, 1000.0, 1000.0</values>
					</sample_size>
				</sampling_intervals>
			</data>
		</threshold>
		<threshold>
			<threshold_value>GT 0.07559 (Pr=0.05)</threshold_value>
			<data>
				<values>0.74889, 0.10172, 1.02875, 1.17815, 0.02811, 0.85792, 1.08093, 0.33019, 0.13785, 0.01107, 0.00193, 0.05206, 0.07457, 0.55194, 1.53914, 0.9381, 3.35234, 0.45471</values>
				<sampling_intervals>
					<main_interval>
						<bounds>0.05, 0.95</bounds>
						<lower_bound>
							<values>0.6316, 0.05658, 0.80554, 0.93549, 0.019, 0.65878, 0.84469, 0.1414, 0.07454, 0.0037, 7.0E-4, 0.02761, 0.05262, 0.13712, 1.02499, 0.85414, 2.40505, 0.17049</values>
						</lower_bound>
						<upper_bound>
							<values>0.80655, 0.23125, 1.31339, 1.46073, 0.07308, 1.03018, 1.27988, 0.52967, 0.32036, 0.02005, 0.00725, 0.09808, 0.09995, 0.73808, 2.28368, 0.95664, 4.32698, 0.7388</values>
						</upper_bound>
					</main_interval>
					<sample_size>
						<values>1000.0, 1000.0, 1000.0, 1000.0, 1000.0, 1000.0, 1000.0, 1000.0, 1000.0, 1000.0, 1000.0, 1000.0, 1000.0, 1000.0, 1000.0, 1000.0, 1000.0, 1000.0</values>
					</sample_size>
				</sampling_intervals>
			</data>
		</threshold>
		<threshold>
			<threshold_value>GT 0.08535 (Pr=0.075)</threshold_value>
			<data>
				<values>0.75622, 0.04818, 1.25143, 1.44702, 0.03636, 1.03173, 1.23915, 0.31786, 0.17814, 0.01319, 0.00338, 0.12417, 0.11001, 0.56232, 1.24626, 0.93249, 3.49384, 0.79337</values>
				<sampling_intervals>
					<main_interval>
						<bounds>0.05, 0.95</bounds>
						<lower_bound>
							<values>0.66344, 0.04853, 1.07123, 1.2508, 0.02337, 0.83139, 1.02756, 0.17484, 0.08602, 0.00536, 0.00114, 0.07338, 0.08488, -0.28794, 0.92107, 0.84595, 2.65518, 0.52732</values>
						</lower_bound>
						<upper_bound>
							<values>0.78261, 0.16617, 1.47766, 1.65885, 0.08669, 1.20439, 1.43558, 0.55197, 0.34343, 0.02712, 0.01052, 0.20851, 0.1394, 0.60889, 1.64017, 0.95463, 4.21772, 1.07036</values>
						</upper_bound>
					</main_interval>
					<sample_size>
						<values>1000.0, 1000.0, 1000.0, 1000.0, 1000.0, 1000.0, 1000.0, 1000.0, 1000.0, 1000.0, 1000.0, 1000.0, 1000.0, 1000.0, 1000.0, 1000.0, 1000.0, 1000.0</values>
					</sample_size>
				</sampling_intervals>
			</data>
		</threshold>
		<threshold>
			<threshold_value>GT 0.09441 (Pr=0.1)</threshold_value>
			<data>
				<values>0.73231, 0.04581, 1.4206, 1.64248, 0.05267, 1.10824, 1.32326, 0.3782, 0.20354, 0.01758, 0.00633, 0.24195, 0.14045, 0.11056, 1.04702, 0.91314, 3.37075, 1.0446</values>
				<sampling_intervals>
					<main_interval>
						<bounds>0.05, 0.95</bounds>
						<lower_bound>
							<values>0.66637, 0.05082, 1.24164, 1.448, 0.02761, 0.93838, 1.15333, 0.22662, 0.09575, 0.0087, 0.00174, 0.14657, 0.11453, -1.41775, 0.86587, 0.85512, 2.84759, 0.83948</values>
						</lower_bound>
						<upper_bound>
							<values>0.77456, 0.12204, 1.59843, 1.78519, 0.09051, 1.30664, 1.55103, 0.6391, 0.32632, 0.03589, 0.0126, 0.35052, 0.17341, 0.28552, 1.38009, 0.95216, 4.24464, 1.34189</values>
						</upper_bound>
					</main_interval>
					<sample_size>
						<values>1000.0, 1000.0, 1000.0, 1000.0, 1000.0, 1000.0, 1000.0, 1000.0, 1000.0, 1000.0, 1000.0, 1000.0, 1000.0, 1000.0, 1000.0, 1000.0, 1000.0, 1000.0</values>
					</sample_size>
				</sampling_intervals>
			</data>
		</threshold>
		<threshold>
			<threshold_value>GT 0.10466 (Pr=0.125)</threshold_value>
			<data>
				<values>0.77766, 0.03145, 1.52417, 1.71506, 0.03751, 1.24629, 1.43112, 0.39437, 0.14697, 0.01765, 0.00521, 0.41727, 0.18282, -0.13261, 1.05184, 0.94229, 3.89989, 1.3681</values>
				<sampling_intervals>
					<main_interval>
						<bounds>0.05, 0.95</bounds>
						<lower_bound>
							<values>0.68568, 0.03994, 1.38753, 1.58954, 0.02346, 1.0881, 1.28029, 0.26322, 0.08456, 0.00993, 0.00217, 0.27311, 0.15059, -1.76594, 0.86129, 0.9057, 3.25662, 1.13149</values>
						</lower_bound>
						<upper_bound>
							<values>0.80006, 0.09474, 1.69039, 1.85159, 0.06208, 1.42163, 1.62307, 0.72048, 0.22649, 0.04092, 0.01012, 0.57492, 0.21458, 0.11789, 1.25657, 0.96322, 4.55559, 1.62516</values>
						</upper_bound>
					</main_interval>
					<sample_size>
						<values>1000.0, 1000.0, 1000.0, 1000.0, 1000.0, 1000.0, 1000.0, 1000.0, 1000.0, 1000.0, 1000.0, 1000.0, 1000.0, 1000.0, 1000.0, 1000.0, 1000.0, 1000.0</values>
					</sample_size>
				</sampling_intervals>
			</data>
		</threshold>
		<threshold>
			<threshold_value>GT 0.11658 (Pr=0.15)</threshold_value>
			<data>
				<values>0.79113, 0.03004, 1.61327, 1.7921, 0.02569, 1.39299, 1.57617, 0.48744, 0.10616, 0.02106, 0.00356, 0.60814, 0.22421, 0.21784, 0.94252, 0.96168, 4.07108, 1.60844</values>
				<sampling_intervals>
					<main_interval>
						<bounds>0.05, 0.95</bounds>
						<lower_bound>
							<values>0.75365, 0.0354, 1.49925, 1.67943, 0.02108, 1.22524, 1.40468, 0.27553, 0.08, 0.00966, 0.00237, 0.44345, 0.19262, -0.93996, 0.75794, 0.9293, 3.19917, 1.32301</values>
						</lower_bound>
						<upper_bound>
							<values>0.8088, 0.06366, 1.79319, 1.95641, 0.04758, 1.52529, 1.70586, 0.62772, 0.20501, 0.03163, 0.00891, 0.83624, 0.25826, 0.39357, 1.11687, 0.96851, 4.52262, 1.79022</values>
						</upper_bound>
					</main_interval>
					<sample_size>
						<values>1000.0, 1000.0, 1000.0, 1000.0, 1000.0, 1000.0, 1000.0, 1000.0, 1000.0, 1000.0, 1000.0, 1000.0, 1000.0, 1000.0, 1000.0, 1000.0, 1000.0, 1000.0</values>
					</sample_size>
				</sampling_intervals>
			</data>
		</threshold>
		<threshold>
			<threshold_value>GT 0.12911 (Pr=0.175)</threshold_value>
			<data>
				<values>0.80235, 0.03289, 1.71005, 1.8748, 0.02248, 1.49239, 1.66755, 0.50374, 0.10044, 0.02395, 0.00324, 0.82035, 0.26051, 0.42772, 0.83427, 0.9671, 3.90693, 1.68637</values>
				<sampling_intervals>
					<main_interval>
						<bounds>0.05, 0.95</bounds>
						<lower_bound>
							<values>0.76793, 0.03412, 1.59009, 1.75623, 0.01978, 1.31172, 1.49193, 0.18832, 0.0874, 0.00796, 0.00283, 0.46849, 0.22859, -0.28878, 0.68363, 0.9325, 2.42314, 0.81619</values>
						</lower_bound>
						<upper_bound>
							<values>0.82413, 0.07526, 1.89344, 2.03725, 0.04514, 1.61407, 1.77665, 0.5764, 0.21321, 0.0276, 0.00957, 1.11457, 0.36761, 0.55538, 0.97814, 0.97015, 4.28626, 1.81598</values>
						</upper_bound>
					</main_interval>
					<sample_size>
						<values>1000.0, 1000.0, 1000.0, 1000.0, 1000.0, 1000.0, 1000.0, 1000.0, 1000.0, 1000.0, 1000.0, 1000.0, 1000.0, 1000.0, 1000.0, 1000.0, 1000.0, 1000.0</values>
					</sample_size>
				</sampling_intervals>
			</data>
		</threshold>
		<threshold>
			<threshold_value>GT 0.1457 (Pr=0.2)</threshold_value>
			<data>
				<values>0.81875, 0.03119, 1.80207, 1.95213, 0.02205, 1.56016, 1.71936, 0.24323, 0.14256, 0.01158, 0.00514, 0.62837, 0.39221, 0.07977, 0.82762, 0.95974, 2.61253, 0.94461</values>
				<sampling_intervals>
					<main_interval>
						<bounds>0.05, 0.95</bounds>
						<lower_bound>
							<values>0.78206, 0.03213, 1.66059, 1.81535, 0.01781, 1.38156, 1.55361, 0.18279, 0.09292, 0.00749, 0.00321, 0.47854, 0.27161, -0.67888, 0.67788, 0.93844, 2.26805, 0.80284</values>
						</lower_bound>
						<upper_bound>
							<values>0.83481, 0.06029, 1.92924, 2.07449, 0.0369, 1.67822, 1.83813, 0.51703, 0.21536, 0.02411, 0.00953, 1.27864, 0.44156, 0.63592, 0.93262, 0.97043, 3.86809, 1.75744</values>
						</upper_bound>
					</main_interval>
					<sample_size>
						<values>1000.0, 1000.0, 1000.0, 1000.0, 1000.0, 1000.0, 1000.0, 1000.0, 1000.0, 1000.0, 1000.0, 1000.0, 1000.0, 1000.0, 1000.0, 1000.0, 1000.0, 1000.0</values>
					</sample_size>
				</sampling_intervals>
			</data>
		</threshold>
		<threshold>
			<threshold_value>GT 0.16128 (Pr=0.225)</threshold_value>
			<data>
				<values>0.79631, 0.02808, 1.81255, 1.98815, 0.02734, 1.55024, 1.72659, 0.21352, 0.19756, 0.00929, 0.00823, 0.69977, 0.43592, 0.05971, 0.78047, 0.9496, 2.4172, 0.89472</values>
				<sampling_intervals>
					<main_interval>
						<bounds>0.05, 0.95</bounds>
						<lower_bound>
							<values>0.77647, 0.02973, 1.6854, 1.85314, 0.0175, 1.42919, 1.60806, 0.18986, 0.10118, 0.00811, 0.0035, 0.54493, 0.37982, -0.69046, 0.68972, 0.93915, 2.17654, 0.8059</values>
						</lower_bound>
						<upper_bound>
							<values>0.82869, 0.04763, 1.962, 2.11432, 0.03283, 1.71728, 1.88542, 0.35009, 0.23376, 0.01902, 0.01021, 0.91284, 0.48563, 0.31886, 0.91151, 0.96864, 2.93609, 1.08002</values>
						</upper_bound>
					</main_interval>
					<sample_size>
						<values>1000.0, 1000.0, 1000.0, 1000.0, 1000.0, 1000.0, 1000.0, 1000.0, 1000.0, 1000.0, 1000.0, 1000.0, 1000.0, 1000.0, 1000.0, 1000.0, 1000.0, 1000.0</values>
					</sample_size>
				</sampling_intervals>
			</data>
		</threshold>
		<threshold>
			<threshold_value>GT 0.17797 (Pr=0.25)</threshold_value>
			<data>
				<values>0.7995, 0.02726, 1.84703, 2.02026, 0.02311, 1.61264, 1.79003, 0.27348, 0.15616, 0.01471, 0.00607, 0.77552, 0.47111, 0.03837, 0.7614, 0.95727, 2.42617, 0.92508</values>
				<sampling_intervals>
					<main_interval>
						<bounds>0.05, 0.95</bounds>
						<lower_bound>
							<values>0.77094, 0.02797, 1.71907, 1.89128, 0.01859, 1.45175, 1.63908, 0.19445, 0.11839, 0.00904, 0.00433, 0.62479, 0.42032, -0.85135, 0.66743, 0.93924, 2.11158, 0.80556</values>
						</lower_bound>
						<upper_bound>
							<values>0.82231, 0.04861, 2.00255, 2.1629, 0.03289, 1.75303, 1.92343, 0.32504, 0.23135, 0.01793, 0.01093, 0.96677, 0.52414, 0.22335, 0.8713, 0.96569, 2.70487, 1.01709</values>
						</upper_bound>
					</main_interval>
					<sample_size>
						<values>1000.0, 1000.0, 1000.0, 1000.0, 1000.0, 1000.0, 1000.0, 1000.0, 1000.0, 1000.0, 1000.0, 1000.0, 1000.0, 1000.0, 1000.0, 1000.0, 1000.0, 1000.0</values>
					</sample_size>
				</sampling_intervals>
			</data>
		</threshold>
		<threshold>
			<threshold_value>GT 0.19611 (Pr=0.275)</threshold_value>
			<data>
				<values>0.8009, 0.02757, 1.89412, 2.06566, 0.0239, 1.64561, 1.8208, 0.27696, 0.15418, 0.0149, 0.00694, 0.88087, 0.50815, -0.011, 0.73308, 0.95551, 2.3096, 0.89681</values>
				<sampling_intervals>
					<main_interval>
						<bounds>0.05, 0.95</bounds>
						<lower_bound>
							<values>0.77645, 0.02443, 1.76032, 1.93211, 0.01824, 1.50035, 1.67852, 0.20994, 0.11657, 0.00995, 0.00463, 0.71498, 0.45581, -0.87536, 0.64733, 0.94216, 2.05907, 0.80657</values>
						</lower_bound>
						<upper_bound>
							<values>0.82446, 0.04703, 2.04622, 2.20244, 0.03191, 1.80193, 1.96805, 0.32842, 0.21351, 0.01903, 0.01079, 1.05959, 0.57863, 0.27536, 0.8405, 0.96534, 2.58958, 0.98662</values>
						</upper_bound>
					</main_interval>
					<sample_size>
						<values>1000.0, 1000.0, 1000.0, 1000.0, 1000.0, 1000.0, 1000.0, 1000.0, 1000.0, 1000.0, 1000.0, 1000.0, 1000.0, 1000.0, 1000.0, 1000.0, 1000.0, 1000.0</values>
					</sample_size>
				</sampling_intervals>
			</data>
		</threshold>
		<threshold>
			<threshold_value>GT 0.21822 (Pr=0.3)</threshold_value>
			<data>
				<values>0.80736, 0.02509, 1.94534, 2.11289, 0.01926, 1.73424, 1.90762, 0.30969, 0.12337, 0.01683, 0.00483, 0.96201, 0.56923, 0.09936, 0.70533, 0.96349, 2.26657, 0.90088</values>
				<sampling_intervals>
					<main_interval>
						<bounds>0.05, 0.95</bounds>
						<lower_bound>
							<values>0.7811, 0.02275, 1.80511, 1.97335, 0.0171, 1.55955, 1.73501, 0.22812, 0.10991, 0.01086, 0.00432, 0.78729, 0.49876, -0.65966, 0.61227, 0.94885, 1.9527, 0.78969</values>
						</lower_bound>
						<upper_bound>
							<values>0.8264, 0.04273, 2.1076, 2.26427, 0.0273, 1.86944, 2.04376, 0.34066, 0.18765, 0.01945, 0.0094, 1.14374, 0.64015, 0.31975, 0.8109, 0.96733, 2.51789, 0.95943</values>
						</upper_bound>
					</main_interval>
					<sample_size>
						<values>1000.0, 1000.0, 1000.0, 1000.0, 1000.0, 1000.0, 1000.0, 1000.0, 1000.0, 1000.0, 1000.0, 1000.0, 1000.0, 1000.0, 1000.0, 1000.0, 1000.0, 1000.0</values>
					</sample_size>
				</sampling_intervals>
			</data>
		</threshold>
		<threshold>
			<threshold_value>GT 0.24374 (Pr=0.325)</threshold_value>
			<data>
				<values>0.79735, 0.02067, 1.98902, 2.17101, 0.02138, 1.76307, 1.94435, 0.28573, 0.15118, 0.01541, 0.0066, 1.0041, 0.62217, 0.29635, 0.65699, 0.95854, 2.07795, 0.83911</values>
				<sampling_intervals>
					<main_interval>
						<bounds>0.05, 0.95</bounds>
						<lower_bound>
							<values>0.76893, 0.02373, 1.84141, 2.01135, 0.01739, 1.60102, 1.7798, 0.24289, 0.11091, 0.01218, 0.00444, 0.83315, 0.54424, -0.48347, 0.5812, 0.94832, 1.86255, 0.77394</values>
						</lower_bound>
						<upper_bound>
							<values>0.82313, 0.04014, 2.14743, 2.3151, 0.02654, 1.91336, 2.09284, 0.35256, 0.19156, 0.02071, 0.00909, 1.21462, 0.68708, 0.33595, 0.76904, 0.96683, 2.40117, 0.93561</values>
						</upper_bound>
					</main_interval>
					<sample_size>
						<values>1000.0, 1000.0, 1000.0, 1000.0, 1000.0, 1000.0, 1000.0, 1000.0, 1000.0, 1000.0, 1000.0, 1000.0, 1000.0, 1000.0, 1000.0, 1000.0, 1000.0, 1000.0</values>
					</sample_size>
				</sampling_intervals>
			</data>
		</threshold>
		<threshold>
			<threshold_value>GT 0.26961 (Pr=0.35)</threshold_value>
			<data>
				<values>0.79691, 0.02785, 2.02826, 2.2035, 0.02062, 1.80611, 1.98858, 0.32267, 0.1285, 0.0193, 0.00519, 1.0565, 0.65895, 0.1231, 0.64197, 0.95968, 2.03543, 0.83496</values>
				<sampling_intervals>
					<main_interval>
						<bounds>0.05, 0.95</bounds>
						<lower_bound>
							<values>0.76242, 0.02453, 1.86328, 2.04677, 0.01804, 1.62276, 1.81165, 0.25046, 0.11764, 0.0134, 0.00479, 0.86446, 0.58411, -0.37645, 0.56043, 0.94432, 1.80154, 0.74967</values>
						</lower_bound>
						<upper_bound>
							<values>0.8156, 0.04055, 2.15374, 2.33899, 0.02819, 1.91842, 2.10722, 0.35727, 0.20351, 0.02143, 0.00993, 1.25693, 0.7151, 0.3473, 0.74071, 0.96496, 2.27694, 0.89369</values>
						</upper_bound>
					</main_interval>
					<sample_size>
						<values>1000.0, 1000.0, 1000.0, 1000.0, 1000.0, 1000.0, 1000.0, 1000.0, 1000.0, 1000.0, 1000.0, 1000.0, 1000.0, 1000.0, 1000.0, 1000.0, 1000.0, 1000.0</values>
					</sample_size>
				</sampling_intervals>
			</data>
		</threshold>
		<threshold>
			<threshold_value>GT 0.29544 (Pr=0.375)</threshold_value>
			<data>
				<values>0.78088, 0.02399, 1.99362, 2.18874, 0.02437, 1.75293, 1.94768, 0.29936, 0.16825, 0.01822, 0.00795, 1.05312, 0.66765, 0.25303, 0.63296, 0.95201, 1.96139, 0.79668</values>
				<sampling_intervals>
					<main_interval>
						<bounds>0.05, 0.95</bounds>
						<lower_bound>
							<values>0.75299, 0.02471, 1.86029, 2.05292, 0.01952, 1.60804, 1.80736, 0.26026, 0.12875, 0.01461, 0.00555, 0.88839, 0.60507, -0.31091, 0.5516, 0.94038, 1.75089, 0.73874</values>
						</lower_bound>
						<upper_bound>
							<values>0.80702, 0.04079, 2.1617, 2.34524, 0.03036, 1.91843, 2.10592, 0.35823, 0.20716, 0.02328, 0.01104, 1.28505, 0.73075, 0.38737, 0.72221, 0.96182, 2.20063, 0.8696</values>
						</upper_bound>
					</main_interval>
					<sample_size>
						<values>1000.0, 1000.0, 1000.0, 1000.0, 1000.0, 1000.0, 1000.0, 1000.0, 1000.0, 1000.0, 1000.0, 1000.0, 1000.0, 1000.0, 1000.0, 1000.0, 1000.0, 1000.0</values>
					</sample_size>
				</sampling_intervals>
			</data>
		</threshold>
		<threshold>
			<threshold_value>GT 0.324 (Pr=0.4)</threshold_value>
			<data>
				<values>0.76716, 0.02821, 2.00316, 2.20778, 0.02696, 1.74789, 1.95377, 0.31835, 0.17937, 0.01977, 0.00926, 1.08745, 0.67998, 0.26207, 0.60765, 0.94686, 1.89321, 0.78138</values>
				<sampling_intervals>
					<main_interval>
						<bounds>0.05, 0.95</bounds>
						<lower_bound>
							<values>0.73743, 0.02515, 1.85555, 2.05748, 0.02175, 1.59586, 1.80091, 0.27554, 0.13978, 0.01596, 0.00648, 0.90503, 0.61584, -0.16208, 0.53182, 0.93602, 1.71758, 0.72791</values>
						</lower_bound>
						<upper_bound>
							<values>0.79674, 0.04176, 2.16274, 2.35696, 0.03245, 1.90647, 2.10287, 0.37106, 0.21432, 0.02464, 0.01187, 1.28242, 0.75175, 0.40791, 0.71021, 0.95709, 2.13559, 0.84173</values>
						</upper_bound>
					</main_interval>
					<sample_size>
						<values>1000.0, 1000.0, 1000.0, 1000.0, 1000.0, 1000.0, 1000.0, 1000.0, 1000.0, 1000.0, 1000.0, 1000.0, 1000.0, 1000.0, 1000.0, 1000.0, 1000.0, 1000.0</values>
					</sample_size>
				</sampling_intervals>
			</data>
		</threshold>
		<threshold>
			<threshold_value>GT 0.35517 (Pr=0.425)</threshold_value>
			<data>
				<values>0.74951, 0.02582, 1.98498, 2.20965, 0.02975, 1.72877, 1.94951, 0.34619, 0.18854, 0.02269, 0.00995, 1.07229, 0.69408, 0.36011, 0.58799, 0.94113, 1.84213, 0.76756</values>
				<sampling_intervals>
					<main_interval>
						<bounds>0.05, 0.95</bounds>
						<lower_bound>
							<values>0.72642, 0.0257, 1.8368, 2.05581, 0.02396, 1.57651, 1.79445, 0.29526, 0.14477, 0.0181, 0.0073, 0.91224, 0.6207, -0.12122, 0.52172, 0.9324, 1.67882, 0.72286</values>
						</lower_bound>
						<upper_bound>
							<values>0.78557, 0.04269, 2.14124, 2.35071, 0.03429, 1.88052, 2.08951, 0.39325, 0.22621, 0.02633, 0.01301, 1.27618, 0.76235, 0.41987, 0.69117, 0.95296, 2.08812, 0.82341</values>
						</upper_bound>
					</main_interval>
					<sample_size>
						<values>1000.0, 1000.0, 1000.0, 1000.0, 1000.0, 1000.0, 1000.0, 1000.0, 1000.0, 1000.0, 1000.0, 1000.0, 1000.0, 1000.0, 1000.0, 1000.0, 1000.0, 1000.0</values>
					</sample_size>
				</sampling_intervals>
			</data>
		</threshold>
		<threshold>
			<threshold_value>GT 0.38528 (Pr=0.45)</threshold_value>
			<data>
				<values>0.74628, 0.0319, 1.97244, 2.19426, 0.03015, 1.71151, 1.93508, 0.34586, 0.19389, 0.02237, 0.01048, 1.07371, 0.69711, 0.19231, 0.59873, 0.94042, 1.84426, 0.76598</values>
				<sampling_intervals>
					<main_interval>
						<bounds>0.05, 0.95</bounds>
						<lower_bound>
							<values>0.7238, 0.02511, 1.82346, 2.0494, 0.02595, 1.56377, 1.78598, 0.29726, 0.15556, 0.01891, 0.0080, 0.9263, 0.6247, -0.17876, 0.52719, 0.93141, 1.66671, 0.7174</values>
						</lower_bound>
						<upper_bound>
							<values>0.77191, 0.0423, 2.11956, 2.3352, 0.03499, 1.85063, 2.07135, 0.39894, 0.2361, 0.0265, 0.01375, 1.27241, 0.76256, 0.40283, 0.69101, 0.9482, 2.0537, 0.81434</values>
						</upper_bound>
					</main_interval>
					<sample_size>
						<values>1000.0, 1000.0, 1000.0, 1000.0, 1000.0, 1000.0, 1000.0, 1000.0, 1000.0, 1000.0, 1000.0, 1000.0, 1000.0, 1000.0, 1000.0, 1000.0, 1000.0, 1000.0</values>
					</sample_size>
				</sampling_intervals>
			</data>
		</threshold>
		<threshold>
			<threshold_value>GT 0.41665 (Pr=0.475)</threshold_value>
			<data>
				<values>0.7439, 0.0237, 1.94351, 2.17591, 0.03102, 1.68929, 1.91437, 0.34439, 0.19833, 0.0234, 0.01055, 1.06366, 0.69608, 0.29898, 0.60658, 0.9388, 1.84405, 0.761</values>
				<sampling_intervals>
					<main_interval>
						<bounds>0.05, 0.95</bounds>
						<lower_bound>
							<values>0.71942, 0.02393, 1.81468, 2.03837, 0.02717, 1.55347, 1.77314, 0.29795, 0.16931, 0.01938, 0.00885, 0.93851, 0.6237, -0.15575, 0.52948, 0.92955, 1.65773, 0.71285</values>
						</lower_bound>
						<upper_bound>
							<values>0.76547, 0.04124, 2.10176, 2.32482, 0.03606, 1.83168, 2.05267, 0.39561, 0.23934, 0.02676, 0.01444, 1.25663, 0.76017, 0.40921, 0.69165, 0.94621, 2.03529, 0.80794</values>
						</upper_bound>
					</main_interval>
					<sample_size>
						<values>1000.0, 1000.0, 1000.0, 1000.0, 1000.0, 1000.0, 1000.0, 1000.0, 1000.0, 1000.0, 1000.0, 1000.0, 1000.0, 1000.0, 1000.0, 1000.0, 1000.0, 1000.0</values>
					</sample_size>
				</sampling_intervals>
			</data>
		</threshold>
		<threshold>
			<threshold_value>GT 0.44771 (Pr=0.5)</threshold_value>
			<data>
				<values>0.74204, 0.01944, 1.94824, 2.18675, 0.03253, 1.68796, 1.91339, 0.36475, 0.19185, 0.02531, 0.01072, 1.10351, 0.68311, 0.47299, 0.59216, 0.93635, 1.80818, 0.75529</values>
				<sampling_intervals>
					<main_interval>
						<bounds>0.05, 0.95</bounds>
						<lower_bound>
							<values>0.71066, 0.02388, 1.81249, 2.04533, 0.02814, 1.54716, 1.77637, 0.31093, 0.1729, 0.02011, 0.00923, 0.96027, 0.61617, -0.07509, 0.52396, 0.92569, 1.62951, 0.70615</values>
						</lower_bound>
						<upper_bound>
							<values>0.76241, 0.03889, 2.09599, 2.33046, 0.03836, 1.81867, 2.05438, 0.39763, 0.2447, 0.02757, 0.01509, 1.26256, 0.74673, 0.43292, 0.68691, 0.94429, 1.99812, 0.79985</values>
						</upper_bound>
					</main_interval>
					<sample_size>
						<values>1000.0, 1000.0, 1000.0, 1000.0, 1000.0, 1000.0, 1000.0, 1000.0, 1000.0, 1000.0, 1000.0, 1000.0, 1000.0, 1000.0, 1000.0, 1000.0, 1000.0, 1000.0</values>
					</sample_size>
				</sampling_intervals>
			</data>
		</threshold>
		<threshold>
			<threshold_value>GT 0.48348 (Pr=0.525)</threshold_value>
			<data>
				<values>0.72122, 0.02709, 1.94566, 2.19736, 0.03544, 1.67475, 1.9181, 0.36505, 0.22806, 0.02461, 0.01357, 1.12846, 0.66348, 0.34668, 0.57058, 0.93101, 1.73492, 0.74575</values>
				<sampling_intervals>
					<main_interval>
						<bounds>0.05, 0.95</bounds>
						<lower_bound>
							<values>0.70278, 0.02458, 1.81209, 2.05418, 0.02977, 1.53858, 1.77588, 0.32959, 0.17956, 0.02155, 0.00992, 0.97138, 0.60008, -0.05883, 0.51243, 0.92194, 1.59754, 0.69983</values>
						</lower_bound>
						<upper_bound>
							<values>0.75424, 0.04033, 2.09481, 2.32975, 0.04041, 1.81551, 2.05047, 0.41033, 0.25017, 0.02921, 0.01572, 1.27947, 0.73412, 0.47463, 0.66662, 0.94144, 1.95279, 0.79454</values>
						</upper_bound>
					</main_interval>
					<sample_size>
						<values>1000.0, 1000.0, 1000.0, 1000.0, 1000.0, 1000.0, 1000.0, 1000.0, 1000.0, 1000.0, 1000.0, 1000.0, 1000.0, 1000.0, 1000.0, 1000.0, 1000.0, 1000.0</values>
					</sample_size>
				</sampling_intervals>
			</data>
		</threshold>
		<threshold>
			<threshold_value>GT 0.52245 (Pr=0.55)</threshold_value>
			<data>
				<values>0.71196, 0.02779, 1.915, 2.17525, 0.03754, 1.64126, 1.89176, 0.37541, 0.2379, 0.02551, 0.01462, 1.11453, 0.63963, 0.39697, 0.56795, 0.92738, 1.72025, 0.74136</values>
				<sampling_intervals>
					<main_interval>
						<bounds>0.05, 0.95</bounds>
						<lower_bound>
							<values>0.69891, 0.02216, 1.7884, 2.0388, 0.03213, 1.50624, 1.74805, 0.34807, 0.18887, 0.02306, 0.01054, 0.95372, 0.58225, 0.05981, 0.50955, 0.91838, 1.58213, 0.69435</values>
						</lower_bound>
						<upper_bound>
							<values>0.74404, 0.04101, 2.06896, 2.31329, 0.04255, 1.78628, 2.02608, 0.42951, 0.24465, 0.03205, 0.01563, 1.28435, 0.71189, 0.55751, 0.65905, 0.93783, 1.91792, 0.78713</values>
						</upper_bound>
					</main_interval>
					<sample_size>
						<values>1000.0, 1000.0, 1000.0, 1000.0, 1000.0, 1000.0, 1000.0, 1000.0, 1000.0, 1000.0, 1000.0, 1000.0, 1000.0, 1000.0, 1000.0, 1000.0, 1000.0, 1000.0</values>
					</sample_size>
				</sampling_intervals>
			</data>
		</threshold>
		<threshold>
			<threshold_value>GT 0.56662 (Pr=0.575)</threshold_value>
			<data>
				<values>0.71861, 0.02179, 1.86086, 2.12047, 0.0392, 1.58548, 1.82766, 0.41566, 0.20279, 0.03035, 0.01182, 1.0514, 0.61549, 0.56784, 0.58929, 0.92443, 1.75293, 0.7288</values>
				<sampling_intervals>
					<main_interval>
						<bounds>0.05, 0.95</bounds>
						<lower_bound>
							<values>0.68999, 0.02132, 1.73749, 1.99803, 0.03387, 1.45651, 1.70093, 0.36748, 0.18641, 0.02455, 0.01046, 0.92487, 0.55731, 0.21641, 0.51831, 0.91203, 1.58238, 0.68247</values>
						</lower_bound>
						<upper_bound>
							<values>0.73796, 0.03709, 2.02245, 2.26984, 0.0458, 1.73715, 1.98153, 0.45605, 0.23945, 0.0345, 0.01528, 1.2428, 0.68224, 0.61867, 0.66709, 0.93417, 1.91236, 0.77568</values>
						</upper_bound>
					</main_interval>
					<sample_size>
						<values>1000.0, 1000.0, 1000.0, 1000.0, 1000.0, 1000.0, 1000.0, 1000.0, 1000.0, 1000.0, 1000.0, 1000.0, 1000.0, 1000.0, 1000.0, 1000.0, 1000.0, 1000.0</values>
					</sample_size>
				</sampling_intervals>
			</data>
		</threshold>
		<threshold>
			<threshold_value>GT 0.60792 (Pr=0.6)</threshold_value>
			<data>
				<values>0.70735, 0.01987, 1.80093, 2.07372, 0.04268, 1.524, 1.77397, 0.44411, 0.20548, 0.03274, 0.01232, 1.0052, 0.57853, 0.62462, 0.59848, 0.91783, 1.7358, 0.70969</values>
				<sampling_intervals>
					<main_interval>
						<bounds>0.05, 0.95</bounds>
						<lower_bound>
							<values>0.67759, 0.02118, 1.69671, 1.96311, 0.03631, 1.41498, 1.66749, 0.39353, 0.18679, 0.02699, 0.01052, 0.89686, 0.52312, 0.28158, 0.52531, 0.9063, 1.57115, 0.66233</values>
						</lower_bound>
						<upper_bound>
							<values>0.73169, 0.03567, 1.95068, 2.21421, 0.04877, 1.6663, 1.91681, 0.48442, 0.24447, 0.03637, 0.01602, 1.17046, 0.64141, 0.6551, 0.67289, 0.93057, 1.89672, 0.76017</values>
						</upper_bound>
					</main_interval>
					<sample_size>
						<values>1000.0, 1000.0, 1000.0, 1000.0, 1000.0, 1000.0, 1000.0, 1000.0, 1000.0, 1000.0, 1000.0, 1000.0, 1000.0, 1000.0, 1000.0, 1000.0, 1000.0, 1000.0</values>
					</sample_size>
				</sampling_intervals>
			</data>
		</threshold>
		<threshold>
			<threshold_value>GT 0.65126 (Pr=0.625)</threshold_value>
			<data>
				<values>0.69378, 0.01962, 1.75591, 2.04251, 0.04502, 1.48166, 1.74286, 0.45998, 0.22265, 0.03224, 0.01427, 0.98708, 0.53649, 0.67628, 0.59178, 0.91326, 1.68239, 0.68667</values>
				<sampling_intervals>
					<main_interval>
						<bounds>0.05, 0.95</bounds>
						<lower_bound>
							<values>0.67981, 0.02192, 1.65417, 1.92542, 0.039, 1.37474, 1.62377, 0.42109, 0.18271, 0.02881, 0.01086, 0.87908, 0.48503, 0.33575, 0.53346, 0.90493, 1.54718, 0.64111</values>
						</lower_bound>
						<upper_bound>
							<values>0.72495, 0.03598, 1.90108, 2.17311, 0.04939, 1.61155, 1.86651, 0.51107, 0.23622, 0.0374, 0.0155, 1.12619, 0.60122, 0.67829, 0.68388, 0.92516, 1.86006, 0.7363</values>
						</upper_bound>
					</main_interval>
					<sample_size>
						<values>1000.0, 1000.0, 1000.0, 1000.0, 1000.0, 1000.0, 1000.0, 1000.0, 1000.0, 1000.0, 1000.0, 1000.0, 1000.0, 1000.0, 1000.0, 1000.0, 1000.0, 1000.0</values>
					</sample_size>
				</sampling_intervals>
			</data>
		</threshold>
		<threshold>
			<threshold_value>GT 0.69805 (Pr=0.65)</threshold_value>
			<data>
				<values>0.71301, 0.02363, 1.72897, 1.99233, 0.04405, 1.44636, 1.68929, 0.49009, 0.18261, 0.03382, 0.01129, 0.97294, 0.50003, 0.66155, 0.62778, 0.91507, 1.69253, 0.65866</values>
				<sampling_intervals>
					<main_interval>
						<bounds>0.05, 0.95</bounds>
						<lower_bound>
							<values>0.68548, 0.02275, 1.6134, 1.87857, 0.04007, 1.33673, 1.57612, 0.44272, 0.17335, 0.02949, 0.01038, 0.85473, 0.44882, 0.36068, 0.54664, 0.90367, 1.53501, 0.61582</values>
						</lower_bound>
						<upper_bound>
							<values>0.72585, 0.03897, 1.87406, 2.14064, 0.05001, 1.57645, 1.82986, 0.52995, 0.22123, 0.03766, 0.01452, 1.09094, 0.57131, 0.71131, 0.70513, 0.92271, 1.8491, 0.71337</values>
						</upper_bound>
					</main_interval>
					<sample_size>
						<values>1000.0, 1000.0, 1000.0, 1000.0, 1000.0, 1000.0, 1000.0, 1000.0, 1000.0, 1000.0, 1000.0, 1000.0, 1000.0, 1000.0, 1000.0, 1000.0, 1000.0, 1000.0</values>
					</sample_size>
				</sampling_intervals>
			</data>
		</threshold>
		<threshold>
			<threshold_value>GT 0.75731 (Pr=0.675)</threshold_value>
			<data>
				<values>0.70727, 0.0236, 1.71973, 1.98887, 0.04666, 1.42891, 1.67498, 0.50123, 0.18364, 0.03402, 0.01133, 0.91747, 0.48003, 0.68436, 0.61684, 0.90964, 1.64053, 0.63454</values>
				<sampling_intervals>
					<main_interval>
						<bounds>0.05, 0.95</bounds>
						<lower_bound>
							<values>0.68043, 0.02347, 1.59204, 1.85032, 0.04088, 1.31291, 1.55393, 0.45606, 0.16939, 0.02927, 0.01015, 0.81654, 0.4202, 0.35792, 0.54231, 0.89949, 1.48382, 0.58804</values>
						</lower_bound>
						<upper_bound>
							<values>0.72773, 0.04649, 1.8534, 2.1179, 0.05178, 1.54586, 1.80054, 0.53978, 0.22038, 0.03684, 0.01464, 1.04526, 0.53979, 0.72726, 0.71089, 0.92101, 1.80815, 0.68561</values>
						</upper_bound>
					</main_interval>
					<sample_size>
						<values>1000.0, 1000.0, 1000.0, 1000.0, 1000.0, 1000.0, 1000.0, 1000.0, 1000.0, 1000.0, 1000.0, 1000.0, 1000.0, 1000.0, 1000.0, 1000.0, 1000.0, 1000.0</values>
					</sample_size>
				</sampling_intervals>
			</data>
		</threshold>
		<threshold>
			<threshold_value>GT 0.82365 (Pr=0.7)</threshold_value>
			<data>
				<values>0.69951, 0.01713, 1.67596, 1.95932, 0.04815, 1.39414, 1.64648, 0.50163, 0.1972, 0.03229, 0.01255, 0.8662, 0.44479, 0.79816, 0.60504, 0.90622, 1.58551, 0.60518</values>
				<sampling_intervals>
					<main_interval>
						<bounds>0.05, 0.95</bounds>
						<lower_bound>
							<values>0.67876, 0.02309, 1.56176, 1.82598, 0.04297, 1.27639, 1.5204, 0.46514, 0.17476, 0.02906, 0.01052, 0.76176, 0.38977, 0.46478, 0.54315, 0.89282, 1.43519, 0.55013</values>
						</lower_bound>
						<upper_bound>
							<values>0.7198, 0.04393, 1.82489, 2.08952, 0.05481, 1.51308, 1.76693, 0.55183, 0.21847, 0.03709, 0.01461, 0.98833, 0.50803, 0.74548, 0.70714, 0.91628, 1.74277, 0.65175</values>
						</upper_bound>
					</main_interval>
					<sample_size>
						<values>1000.0, 1000.0, 1000.0, 1000.0, 1000.0, 1000.0, 1000.0, 1000.0, 1000.0, 1000.0, 1000.0, 1000.0, 1000.0, 1000.0, 1000.0, 1000.0, 1000.0, 1000.0</values>
					</sample_size>
				</sampling_intervals>
			</data>
		</threshold>
		<threshold>
			<threshold_value>GT 0.90414 (Pr=0.725)</threshold_value>
			<data>
				<values>0.69858, 0.01599, 1.64515, 1.93058, 0.05278, 1.34714, 1.59578, 0.52838, 0.18385, 0.03422, 0.01157, 0.78963, 0.40905, 0.82953, 0.60602, 0.89623, 1.51245, 0.55296</values>
				<sampling_intervals>
					<main_interval>
						<bounds>0.05, 0.95</bounds>
						<lower_bound>
							<values>0.6724, 0.02308, 1.52539, 1.79609, 0.0451, 1.23001, 1.47549, 0.48219, 0.16901, 0.0289, 0.01014, 0.69813, 0.35623, 0.53513, 0.5376, 0.88029, 1.37527, 0.50461</values>
						</lower_bound>
						<upper_bound>
							<values>0.718, 0.03947, 1.79793, 2.07687, 0.06106, 1.47173, 1.72875, 0.58132, 0.20996, 0.03946, 0.01382, 0.91602, 0.46815, 0.78056, 0.70845, 0.91127, 1.68178, 0.60962</values>
						</upper_bound>
					</main_interval>
					<sample_size>
						<values>1000.0, 1000.0, 1000.0, 1000.0, 1000.0, 1000.0, 1000.0, 1000.0, 1000.0, 1000.0, 1000.0, 1000.0, 1000.0, 1000.0, 1000.0, 1000.0, 1000.0, 1000.0</values>
					</sample_size>
				</sampling_intervals>
			</data>
		</threshold>
		<threshold>
			<threshold_value>GT 0.98992 (Pr=0.75)</threshold_value>
			<data>
				<values>0.6896, 0.02032, 1.59964, 1.88973, 0.05869, 1.28562, 1.53733, 0.57561, 0.17416, 0.03647, 0.01089, 0.71455, 0.36708, 0.80537, 0.60911, 0.8836, 1.44203, 0.50389</values>
				<sampling_intervals>
					<main_interval>
						<bounds>0.05, 0.95</bounds>
						<lower_bound>
							<values>0.66146, 0.02362, 1.48364, 1.75865, 0.05011, 1.18009, 1.42708, 0.51911, 0.16433, 0.03067, 0.00966, 0.62053, 0.31979, 0.55229, 0.53592, 0.86611, 1.32013, 0.46108</values>
						</lower_bound>
						<upper_bound>
							<values>0.71183, 0.03932, 1.75058, 2.04015, 0.06793, 1.41596, 1.67213, 0.60921, 0.20356, 0.04053, 0.01375, 0.82334, 0.42799, 0.80007, 0.70421, 0.90131, 1.60815, 0.56063</values>
						</upper_bound>
					</main_interval>
					<sample_size>
						<values>1000.0, 1000.0, 1000.0, 1000.0, 1000.0, 1000.0, 1000.0, 1000.0, 1000.0, 1000.0, 1000.0, 1000.0, 1000.0, 1000.0, 1000.0, 1000.0, 1000.0, 1000.0</values>
					</sample_size>
				</sampling_intervals>
			</data>
		</threshold>
		<threshold>
			<threshold_value>GT 1.02632 (Pr=0.76)</threshold_value>
			<data>
				<values>0.68533, 0.02142, 1.57543, 1.86868, 0.06049, 1.25986, 1.51403, 0.5703, 0.17951, 0.03572, 0.01105, 0.66902, 0.35375, 0.79297, 0.62055, 0.87978, 1.44202, 0.49504</values>
				<sampling_intervals>
					<main_interval>
						<bounds>0.05, 0.95</bounds>
						<lower_bound>
							<values>0.65529, 0.024, 1.46863, 1.74569, 0.05201, 1.15575, 1.40674, 0.53092, 0.16276, 0.03088, 0.00956, 0.59102, 0.30757, 0.56732, 0.531, 0.85775, 1.28669, 0.44615</values>
						</lower_bound>
						<upper_bound>
							<values>0.70891, 0.04006, 1.74116, 2.03626, 0.07187, 1.3933, 1.65905, 0.62401, 0.20304, 0.04129, 0.01373, 0.78448, 0.41297, 0.8048, 0.70844, 0.89655, 1.57827, 0.54247</values>
						</upper_bound>
					</main_interval>
					<sample_size>
						<values>1000.0, 1000.0, 1000.0, 1000.0, 1000.0, 1000.0, 1000.0, 1000.0, 1000.0, 1000.0, 1000.0, 1000.0, 1000.0, 1000.0, 1000.0, 1000.0, 1000.0, 1000.0</values>
					</sample_size>
				</sampling_intervals>
			</data>
		</threshold>
		<threshold>
			<threshold_value>GT 1.06649 (Pr=0.77)</threshold_value>
			<data>
				<values>0.68253, 0.02224, 1.57011, 1.86534, 0.063, 1.24519, 1.49965, 0.57836, 0.18057, 0.03573, 0.01164, 0.64414, 0.33801, 0.7964, 0.61105, 0.87469, 1.40055, 0.4761</values>
				<sampling_intervals>
					<main_interval>
						<bounds>0.05, 0.95</bounds>
						<lower_bound>
							<values>0.64242, 0.02445, 1.45395, 1.73168, 0.0539, 1.13782, 1.38799, 0.53917, 0.16481, 0.03114, 0.00978, 0.55921, 0.29122, 0.57211, 0.51264, 0.84606, 1.23634, 0.42746</values>
						</lower_bound>
						<upper_bound>
							<values>0.70622, 0.0403, 1.73643, 2.04307, 0.07819, 1.37707, 1.64554, 0.64257, 0.20437, 0.04282, 0.01386, 0.74675, 0.39754, 0.80498, 0.7089, 0.89256, 1.54734, 0.52568</values>
						</upper_bound>
					</main_interval>
					<sample_size>
						<values>1000.0, 1000.0, 1000.0, 1000.0, 1000.0, 1000.0, 1000.0, 1000.0, 1000.0, 1000.0, 1000.0, 1000.0, 1000.0, 1000.0, 1000.0, 1000.0, 1000.0, 1000.0</values>
					</sample_size>
				</sampling_intervals>
			</data>
		</threshold>
		<threshold>
			<threshold_value>GT 1.11411 (Pr=0.78)</threshold_value>
			<data>
				<values>0.67081, 0.02332, 1.57924, 1.88512, 0.06783, 1.2406, 1.50196, 0.6008, 0.18355, 0.03675, 0.01176, 0.6122, 0.32827, 0.79191, 0.58372, 0.8651, 1.33784, 0.46133</values>
				<sampling_intervals>
					<main_interval>
						<bounds>0.05, 0.95</bounds>
						<lower_bound>
							<values>0.62944, 0.02398, 1.4385, 1.71865, 0.05625, 1.11984, 1.36974, 0.55263, 0.16623, 0.03141, 0.00987, 0.52988, 0.27854, 0.57438, 0.49854, 0.83146, 1.18203, 0.40877</values>
						</lower_bound>
						<upper_bound>
							<values>0.70088, 0.04103, 1.73089, 2.04457, 0.08501, 1.35583, 1.62851, 0.6691, 0.20559, 0.04465, 0.01407, 0.70365, 0.38278, 0.81539, 0.70609, 0.88802, 1.51621, 0.50594</values>
						</upper_bound>
					</main_interval>
					<sample_size>
						<values>1000.0, 1000.0, 1000.0, 1000.0, 1000.0, 1000.0, 1000.0, 1000.0, 1000.0, 1000.0, 1000.0, 1000.0, 1000.0, 1000.0, 1000.0, 1000.0, 1000.0, 1000.0</values>
					</sample_size>
				</sampling_intervals>
			</data>
		</threshold>
		<threshold>
			<threshold_value>GT 1.16262 (Pr=0.79)</threshold_value>
			<data>
				<values>0.65457, 0.02132, 1.55336, 1.87747, 0.07374, 1.20969, 1.48138, 0.6299, 0.19292, 0.03825, 0.01247, 0.57577, 0.30866, 0.81695, 0.56286, 0.85331, 1.28149, 0.44167</values>
				<sampling_intervals>
					<main_interval>
						<bounds>0.05, 0.95</bounds>
						<lower_bound>
							<values>0.61798, 0.02458, 1.42825, 1.72413, 0.05968, 1.10081, 1.35757, 0.56932, 0.16741, 0.03199, 0.01011, 0.49563, 0.26562, 0.58802, 0.48233, 0.82219, 1.13752, 0.39158</values>
						</lower_bound>
						<upper_bound>
							<values>0.69456, 0.04154, 1.71916, 2.04825, 0.0897, 1.33861, 1.61555, 0.6931, 0.21006, 0.04544, 0.01439, 0.66935, 0.36815, 0.80918, 0.68842, 0.88073, 1.47128, 0.48722</values>
						</upper_bound>
					</main_interval>
					<sample_size>
						<values>1000.0, 1000.0, 1000.0, 1000.0, 1000.0, 1000.0, 1000.0, 1000.0, 1000.0, 1000.0, 1000.0, 1000.0, 1000.0, 1000.0, 1000.0, 1000.0, 1000.0, 1000.0</values>
					</sample_size>
				</sampling_intervals>
			</data>
		</threshold>
		<threshold>
			<threshold_value>GT 1.21748 (Pr=0.8)</threshold_value>
			<data>
				<values>0.64229, 0.0202, 1.55246, 1.88996, 0.08216, 1.18821, 1.46376, 0.66733, 0.18392, 0.04062, 0.01199, 0.53141, 0.29827, 0.8251, 0.54401, 0.83563, 1.21519, 0.41215</values>
				<sampling_intervals>
					<main_interval>
						<bounds>0.05, 0.95</bounds>
						<lower_bound>
							<values>0.61528, 0.02515, 1.42614, 1.72403, 0.06375, 1.08134, 1.34301, 0.59338, 0.16868, 0.03314, 0.01022, 0.46407, 0.25332, 0.59205, 0.48073, 0.8173, 1.12069, 0.37482</values>
						</lower_bound>
						<upper_bound>
							<values>0.68455, 0.04147, 1.70556, 2.0352, 0.09203, 1.31164, 1.59482, 0.7071, 0.21322, 0.04476, 0.01455, 0.62487, 0.35196, 0.81249, 0.67199, 0.87215, 1.41395, 0.46972</values>
						</upper_bound>
					</main_interval>
					<sample_size>
						<values>1000.0, 1000.0, 1000.0, 1000.0, 1000.0, 1000.0, 1000.0, 1000.0, 1000.0, 1000.0, 1000.0, 1000.0, 1000.0, 1000.0, 1000.0, 1000.0, 1000.0, 1000.0</values>
					</sample_size>
				</sampling_intervals>
			</data>
		</threshold>
		<threshold>
			<threshold_value>GT 1.26656 (Pr=0.81)</threshold_value>
			<data>
				<values>0.63774, 0.02055, 1.5423, 1.88401, 0.08412, 1.17558, 1.45373, 0.66085, 0.19123, 0.03917, 0.01225, 0.49977, 0.28627, 0.82601, 0.53903, 0.83158, 1.20029, 0.40479</values>
				<sampling_intervals>
					<main_interval>
						<bounds>0.05, 0.95</bounds>
						<lower_bound>
							<values>0.61281, 0.02599, 1.41513, 1.72307, 0.07061, 1.06144, 1.33022, 0.60487, 0.17081, 0.03377, 0.01033, 0.42777, 0.24081, 0.58547, 0.48336, 0.81113, 1.11142, 0.36235</values>
						</lower_bound>
						<upper_bound>
							<values>0.67243, 0.04222, 1.68993, 2.01452, 0.09602, 1.28552, 1.56888, 0.70742, 0.21393, 0.04364, 0.01474, 0.58105, 0.3349, 0.80974, 0.65414, 0.85904, 1.36298, 0.4639</values>
						</upper_bound>
					</main_interval>
					<sample_size>
						<values>1000.0, 1000.0, 1000.0, 1000.0, 1000.0, 1000.0, 1000.0, 1000.0, 1000.0, 1000.0, 1000.0, 1000.0, 1000.0, 1000.0, 1000.0, 1000.0, 1000.0, 1000.0</values>
					</sample_size>
				</sampling_intervals>
			</data>
		</threshold>
		<threshold>
			<threshold_value>GT 1.32925 (Pr=0.82)</threshold_value>
			<data>
				<values>0.64105, 0.02261, 1.52637, 1.86272, 0.08678, 1.14864, 1.42082, 0.65302, 0.18715, 0.03788, 0.01235, 0.46127, 0.26949, 0.81204, 0.55275, 0.82725, 1.21374, 0.39774</values>
				<sampling_intervals>
					<main_interval>
						<bounds>0.05, 0.95</bounds>
						<lower_bound>
							<values>0.60637, 0.02699, 1.40219, 1.71822, 0.07524, 1.03995, 1.30954, 0.61013, 0.17191, 0.03358, 0.01058, 0.39369, 0.22835, 0.59431, 0.48715, 0.8023, 1.11551, 0.34959</values>
						</lower_bound>
						<upper_bound>
							<values>0.66457, 0.04346, 1.66049, 1.99104, 0.10208, 1.25381, 1.53473, 0.70243, 0.21825, 0.04315, 0.01465, 0.53671, 0.31705, 0.80523, 0.64956, 0.8499, 1.35128, 0.46401</values>
						</upper_bound>
					</main_interval>
					<sample_size>
						<values>1000.0, 1000.0, 1000.0, 1000.0, 1000.0, 1000.0, 1000.0, 1000.0, 1000.0, 1000.0, 1000.0, 1000.0, 1000.0, 1000.0, 1000.0, 1000.0, 1000.0, 1000.0</values>
					</sample_size>
				</sampling_intervals>
			</data>
		</threshold>
		<threshold>
			<threshold_value>GT 1.40137 (Pr=0.83)</threshold_value>
			<data>
				<values>0.63155, 0.01988, 1.4924, 1.84097, 0.09274, 1.11083, 1.38653, 0.64957, 0.194, 0.03716, 0.01239, 0.41, 0.25442, 0.83411, 0.55331, 0.81943, 1.26075, 0.4181</values>
				<sampling_intervals>
					<main_interval>
						<bounds>0.05, 0.95</bounds>
						<lower_bound>
							<values>0.59666, 0.02788, 1.38108, 1.70326, 0.07842, 1.01148, 1.28227, 0.61385, 0.17271, 0.03282, 0.01054, 0.36091, 0.21472, 0.60107, 0.48375, 0.79021, 1.12485, 0.35059</values>
						</lower_bound>
						<upper_bound>
							<values>0.6597, 0.04422, 1.63088, 1.97413, 0.10906, 1.21438, 1.49983, 0.70311, 0.22453, 0.04296, 0.01508, 0.48757, 0.29833, 0.79414, 0.65575, 0.84402, 1.3543, 0.45855</values>
						</upper_bound>
					</main_interval>
					<sample_size>
						<values>1000.0, 1000.0, 1000.0, 1000.0, 1000.0, 1000.0, 1000.0, 1000.0, 1000.0, 1000.0, 1000.0, 1000.0, 1000.0, 1000.0, 1000.0, 1000.0, 1000.0, 1000.0</values>
					</sample_size>
				</sampling_intervals>
			</data>
		</threshold>
		<threshold>
			<threshold_value>GT 1.46583 (Pr=0.84)</threshold_value>
			<data>
				<values>0.62321, 0.02293, 1.45456, 1.80842, 0.09705, 1.07042, 1.35017, 0.66095, 0.20424, 0.0372, 0.01287, 0.38198, 0.23195, 0.81831, 0.55628, 0.81134, 1.23665, 0.40033</values>
				<sampling_intervals>
					<main_interval>
						<bounds>0.05, 0.95</bounds>
						<lower_bound>
							<values>0.57856, 0.02878, 1.36047, 1.68851, 0.08324, 0.98189, 1.24964, 0.62125, 0.17525, 0.03253, 0.01053, 0.3302, 0.20021, 0.59404, 0.46653, 0.77353, 1.11114, 0.34682</values>
						</lower_bound>
						<upper_bound>
							<values>0.65425, 0.04742, 1.61436, 1.97237, 0.11903, 1.18153, 1.46993, 0.71311, 0.23536, 0.04365, 0.01562, 0.44308, 0.27817, 0.79486, 0.66104, 0.83688, 1.35794, 0.4539</values>
						</upper_bound>
					</main_interval>
					<sample_size>
						<values>1000.0, 1000.0, 1000.0, 1000.0, 1000.0, 1000.0, 1000.0, 1000.0, 1000.0, 1000.0, 1000.0, 1000.0, 1000.0, 1000.0, 1000.0, 1000.0, 1000.0, 1000.0</values>
					</sample_size>
				</sampling_intervals>
			</data>
		</threshold>
		<threshold>
			<threshold_value>GT 1.54353 (Pr=0.85)</threshold_value>
			<data>
				<values>0.60737, 0.0226, 1.45882, 1.82885, 0.10558, 1.05821, 1.34526, 0.67976, 0.21346, 0.03749, 0.01353, 0.35197, 0.21963, 0.82914, 0.51783, 0.79675, 1.18551, 0.39441</values>
				<sampling_intervals>
					<main_interval>
						<bounds>0.05, 0.95</bounds>
						<lower_bound>
							<values>0.56419, 0.03008, 1.34243, 1.67831, 0.08785, 0.95167, 1.22626, 0.63399, 0.18028, 0.03275, 0.01058, 0.29839, 0.18679, 0.5889, 0.44761, 0.75951, 1.08131, 0.33685</values>
						</lower_bound>
						<upper_bound>
							<values>0.64657, 0.04891, 1.59457, 1.96212, 0.127, 1.15004, 1.44381, 0.72949, 0.24088, 0.0434, 0.01615, 0.40317, 0.26217, 0.79034, 0.64698, 0.82758, 1.33748, 0.45263</values>
						</upper_bound>
					</main_interval>
					<sample_size>
						<values>1000.0, 1000.0, 1000.0, 1000.0, 1000.0, 1000.0, 1000.0, 1000.0, 1000.0, 1000.0, 1000.0, 1000.0, 1000.0, 1000.0, 1000.0, 1000.0, 1000.0, 1000.0</values>
					</sample_size>
				</sampling_intervals>
			</data>
		</threshold>
		<threshold>
			<threshold_value>GT 1.63245 (Pr=0.86)</threshold_value>
			<data>
				<values>0.58718, 0.02256, 1.42738, 1.81764, 0.115, 1.02094, 1.31876, 0.69499, 0.22629, 0.03714, 0.01389, 0.30958, 0.20466, 0.83151, 0.50006, 0.78046, 1.17015, 0.39314</values>
				<sampling_intervals>
					<main_interval>
						<bounds>0.05, 0.95</bounds>
						<lower_bound>
							<values>0.56164, 0.03187, 1.32565, 1.67738, 0.09606, 0.92482, 1.20876, 0.64954, 0.19053, 0.0325, 0.01101, 0.26867, 0.17262, 0.58837, 0.44434, 0.75142, 1.0646, 0.33226</values>
						</lower_bound>
						<upper_bound>
							<values>0.63129, 0.05086, 1.57169, 1.95332, 0.13134, 1.12223, 1.42042, 0.73713, 0.24234, 0.042, 0.01638, 0.36469, 0.24341, 0.78614, 0.62647, 0.81467, 1.30766, 0.44506</values>
						</upper_bound>
					</main_interval>
					<sample_size>
						<values>1000.0, 1000.0, 1000.0, 1000.0, 1000.0, 1000.0, 1000.0, 1000.0, 1000.0, 1000.0, 1000.0, 1000.0, 1000.0, 1000.0, 1000.0, 1000.0, 1000.0, 1000.0</values>
					</sample_size>
				</sampling_intervals>
			</data>
		</threshold>
		<threshold>
			<threshold_value>GT 1.71972 (Pr=0.87)</threshold_value>
			<data>
				<values>0.59265, 0.02775, 1.41033, 1.78992, 0.11884, 0.98869, 1.2772, 0.69121, 0.2176, 0.03572, 0.01386, 0.28086, 0.18774, 0.79897, 0.51981, 0.77407, 1.17221, 0.37457</values>
				<sampling_intervals>
					<main_interval>
						<bounds>0.05, 0.95</bounds>
						<lower_bound>
							<values>0.5595, 0.03347, 1.30739, 1.66908, 0.10443, 0.89676, 1.18005, 0.64905, 0.19926, 0.03168, 0.01125, 0.23923, 0.15793, 0.56706, 0.4545, 0.74422, 1.06335, 0.3183</values>
						</lower_bound>
						<upper_bound>
							<values>0.61897, 0.05551, 1.53905, 1.91885, 0.13646, 1.07951, 1.38157, 0.73953, 0.24264, 0.0403, 0.01675, 0.32541, 0.22426, 0.77979, 0.61615, 0.8013, 1.29808, 0.44276</values>
						</upper_bound>
					</main_interval>
					<sample_size>
						<values>1000.0, 1000.0, 1000.0, 1000.0, 1000.0, 1000.0, 1000.0, 1000.0, 1000.0, 1000.0, 1000.0, 1000.0, 1000.0, 1000.0, 1000.0, 1000.0, 1000.0, 1000.0</values>
					</sample_size>
				</sampling_intervals>
			</data>
		</threshold>
		<threshold>
			<threshold_value>GT 1.81883 (Pr=0.88)</threshold_value>
			<data>
				<values>0.58718, 0.03181, 1.38114, 1.76214, 0.12321, 0.95538, 1.24499, 0.69503, 0.21948, 0.03389, 0.01396, 0.25006, 0.17132, 0.78246, 0.52044, 0.76742, 1.18306, 0.37131</values>
				<sampling_intervals>
					<main_interval>
						<bounds>0.05, 0.95</bounds>
						<lower_bound>
							<values>0.55446, 0.03437, 1.27555, 1.63872, 0.10843, 0.86541, 1.151, 0.6539, 0.19993, 0.02985, 0.01143, 0.21219, 0.14278, 0.57841, 0.45773, 0.73585, 1.06862, 0.30839</values>
						</lower_bound>
						<upper_bound>
							<values>0.61397, 0.05738, 1.50588, 1.88329, 0.14122, 1.04076, 1.33987, 0.74126, 0.24357, 0.03822, 0.0165, 0.28829, 0.20492, 0.77735, 0.62227, 0.79407, 1.31828, 0.43867</values>
						</upper_bound>
					</main_interval>
					<sample_size>
						<values>1000.0, 1000.0, 1000.0, 1000.0, 1000.0, 1000.0, 1000.0, 1000.0, 1000.0, 1000.0, 1000.0, 1000.0, 1000.0, 1000.0, 1000.0, 1000.0, 1000.0, 1000.0</values>
					</sample_size>
				</sampling_intervals>
			</data>
		</threshold>
		<threshold>
			<threshold_value>GT 1.94355 (Pr=0.89)</threshold_value>
			<data>
				<values>0.57921, 0.02552, 1.3383, 1.73358, 0.12933, 0.91765, 1.2091, 0.69481, 0.22441, 0.0318, 0.01378, 0.21578, 0.15466, 0.82759, 0.51809, 0.75782, 1.20986, 0.37211</values>
				<sampling_intervals>
					<main_interval>
						<bounds>0.05, 0.95</bounds>
						<lower_bound>
							<values>0.55231, 0.03652, 1.25224, 1.62108, 0.11343, 0.83757, 1.12241, 0.65423, 0.20204, 0.02817, 0.01147, 0.18753, 0.13008, 0.58614, 0.45816, 0.7278, 1.07045, 0.30053</values>
						</lower_bound>
						<upper_bound>
							<values>0.60742, 0.0581, 1.4865, 1.86558, 0.14497, 1.01558, 1.31237, 0.74611, 0.24325, 0.03595, 0.01644, 0.25441, 0.1876, 0.77608, 0.62134, 0.78651, 1.32305, 0.43627</values>
						</upper_bound>
					</main_interval>
					<sample_size>
						<values>1000.0, 1000.0, 1000.0, 1000.0, 1000.0, 1000.0, 1000.0, 1000.0, 1000.0, 1000.0, 1000.0, 1000.0, 1000.0, 1000.0, 1000.0, 1000.0, 1000.0, 1000.0</values>
					</sample_size>
				</sampling_intervals>
			</data>
		</threshold>
		<threshold>
			<threshold_value>GT 2.07191 (Pr=0.9)</threshold_value>
			<data>
				<values>0.57631, 0.03109, 1.34466, 1.73725, 0.13336, 0.90935, 1.19968, 0.68798, 0.22294, 0.02892, 0.0138, 0.18986, 0.14421, 0.79851, 0.50818, 0.75072, 1.20647, 0.36772</values>
				<sampling_intervals>
					<main_interval>
						<bounds>0.05, 0.95</bounds>
						<lower_bound>
							<values>0.54775, 0.03878, 1.23866, 1.60791, 0.11719, 0.8169, 1.09981, 0.64611, 0.20058, 0.02577, 0.0113, 0.1656, 0.11722, 0.5988, 0.44448, 0.7204, 1.05561, 0.28729</values>
						</lower_bound>
						<upper_bound>
							<values>0.60368, 0.05943, 1.48391, 1.86146, 0.14841, 1.00731, 1.30385, 0.74289, 0.25601, 0.03321, 0.01635, 0.22612, 0.1737, 0.77168, 0.61501, 0.78066, 1.33025, 0.43355</values>
						</upper_bound>
					</main_interval>
					<sample_size>
						<values>1000.0, 1000.0, 1000.0, 1000.0, 1000.0, 1000.0, 1000.0, 1000.0, 1000.0, 1000.0, 1000.0, 1000.0, 1000.0, 1000.0, 1000.0, 1000.0, 1000.0, 1000.0</values>
					</sample_size>
				</sampling_intervals>
			</data>
		</threshold>
		<threshold>
			<threshold_value>GT 2.21094 (Pr=0.91)</threshold_value>
			<data>
				<values>0.56842, 0.02805, 1.33695, 1.74048, 0.13387, 0.90977, 1.20747, 0.6768, 0.24427, 0.02607, 0.01383, 0.17227, 0.13158, 0.83095, 0.47497, 0.74604, 1.16051, 0.35072</values>
				<sampling_intervals>
					<main_interval>
						<bounds>0.05, 0.95</bounds>
						<lower_bound>
							<values>0.54347, 0.04114, 1.22984, 1.60522, 0.1189, 0.80765, 1.09043, 0.62015, 0.20528, 0.02312, 0.01124, 0.1475, 0.10683, 0.5885, 0.42419, 0.71377, 1.01189, 0.27188</values>
						</lower_bound>
						<upper_bound>
							<values>0.60093, 0.06509, 1.47987, 1.86535, 0.15097, 0.99965, 1.29984, 0.73556, 0.27818, 0.02997, 0.01679, 0.20285, 0.15843, 0.77198, 0.60059, 0.77533, 1.32437, 0.41901</values>
						</upper_bound>
					</main_interval>
					<sample_size>
						<values>1000.0, 1000.0, 1000.0, 1000.0, 1000.0, 1000.0, 1000.0, 1000.0, 1000.0, 1000.0, 1000.0, 1000.0, 1000.0, 1000.0, 1000.0, 1000.0, 1000.0, 1000.0</values>
					</sample_size>
				</sampling_intervals>
			</data>
		</threshold>
		<threshold>
			<threshold_value>GT 2.3951 (Pr=0.92)</threshold_value>
			<data>
				<values>0.56357, 0.03338, 1.33459, 1.73763, 0.14261, 0.88517, 1.17899, 0.64262, 0.26625, 0.0238, 0.0145, 0.1446, 0.11934, 0.80374, 0.47024, 0.72819, 1.13544, 0.32492</values>
				<sampling_intervals>
					<main_interval>
						<bounds>0.05, 0.95</bounds>
						<lower_bound>
							<values>0.52948, 0.046, 1.22688, 1.60065, 0.12176, 0.7892, 1.07783, 0.59694, 0.22518, 0.02076, 0.01144, 0.12367, 0.09603, 0.54093, 0.42544, 0.69504, 0.99918, 0.25067</values>
						</lower_bound>
						<upper_bound>
							<values>0.59402, 0.07076, 1.46397, 1.85444, 0.15997, 0.97694, 1.28, 0.7056, 0.3081, 0.02709, 0.01892, 0.17204, 0.14265, 0.75673, 0.59581, 0.76685, 1.30649, 0.40453</values>
						</upper_bound>
					</main_interval>
					<sample_size>
						<values>1000.0, 1000.0, 1000.0, 1000.0, 1000.0, 1000.0, 1000.0, 1000.0, 1000.0, 1000.0, 1000.0, 1000.0, 1000.0, 1000.0, 1000.0, 1000.0, 1000.0, 1000.0</values>
					</sample_size>
				</sampling_intervals>
			</data>
		</threshold>
		<threshold>
			<threshold_value>GT 2.57971 (Pr=0.93)</threshold_value>
			<data>
				<values>0.54771, 0.04182, 1.31445, 1.72492, 0.15032, 0.85692, 1.15889, 0.63854, 0.2899, 0.0215, 0.01647, 0.12152, 0.10595, 0.75797, 0.46421, 0.71147, 1.11997, 0.31211</values>
				<sampling_intervals>
					<main_interval>
						<bounds>0.05, 0.95</bounds>
						<lower_bound>
							<values>0.5252, 0.05068, 1.20888, 1.58095, 0.1289, 0.76588, 1.05215, 0.56997, 0.24878, 0.01781, 0.01242, 0.10197, 0.08452, 0.52403, 0.42742, 0.68664, 0.99339, 0.23602</values>
						</lower_bound>
						<upper_bound>
							<values>0.58562, 0.075, 1.43636, 1.83011, 0.16307, 0.94958, 1.26033, 0.68274, 0.33438, 0.02369, 0.02062, 0.14286, 0.12742, 0.73188, 0.60474, 0.75205, 1.33269, 0.4017</values>
						</upper_bound>
					</main_interval>
					<sample_size>
						<values>1000.0, 1000.0, 1000.0, 1000.0, 1000.0, 1000.0, 1000.0, 1000.0, 1000.0, 1000.0, 1000.0, 1000.0, 1000.0, 1000.0, 1000.0, 1000.0, 1000.0, 1000.0</values>
					</sample_size>
				</sampling_intervals>
			</data>
		</threshold>
		<threshold>
			<threshold_value>GT 2.85757 (Pr=0.94)</threshold_value>
			<data>
				<values>0.54322, 0.05311, 1.27723, 1.68089, 0.15066, 0.82508, 1.13119, 0.59513, 0.32179, 0.01731, 0.0172, 0.09491, 0.0926, 0.68098, 0.50726, 0.71415, 1.23825, 0.34418</values>
				<sampling_intervals>
					<main_interval>
						<bounds>0.05, 0.95</bounds>
						<lower_bound>
							<values>0.51212, 0.0537, 1.17976, 1.55519, 0.13171, 0.73355, 1.02858, 0.52928, 0.27208, 0.01483, 0.01384, 0.07751, 0.07345, 0.40448, 0.44152, 0.67897, 1.04913, 0.24444</values>
						</lower_bound>
						<upper_bound>
							<values>0.57878, 0.08661, 1.40226, 1.79892, 0.171, 0.91896, 1.23372, 0.65138, 0.394, 0.01976, 0.02204, 0.11485, 0.116, 0.70816, 0.6266, 0.7474, 1.45049, 0.43194</values>
						</upper_bound>
					</main_interval>
					<sample_size>
						<values>1000.0, 1000.0, 1000.0, 1000.0, 1000.0, 1000.0, 1000.0, 1000.0, 1000.0, 1000.0, 1000.0, 1000.0, 1000.0, 1000.0, 1000.0, 1000.0, 1000.0, 1000.0</values>
					</sample_size>
				</sampling_intervals>
			</data>
		</threshold>
		<threshold>
			<threshold_value>GT 3.2471 (Pr=0.95)</threshold_value>
			<data>
				<values>0.51426, 0.06794, 1.23868, 1.65648, 0.16617, 0.77343, 1.093, 0.53826, 0.4186, 0.01404, 0.02048, 0.06581, 0.08414, 0.51837, 0.55313, 0.68842, 1.3396, 0.37093</values>
				<sampling_intervals>
					<main_interval>
						<bounds>0.05, 0.95</bounds>
						<lower_bound>
							<values>0.46118, 0.06607, 1.13703, 1.53132, 0.14283, 0.68233, 0.98436, 0.48384, 0.31176, 0.01221, 0.01443, 0.05331, 0.065, 0.0586, 0.46941, 0.64882, 1.13659, 0.27566</values>
						</lower_bound>
						<upper_bound>
							<values>0.56076, 0.10072, 1.37311, 1.78645, 0.19271, 0.86734, 1.20681, 0.60045, 0.56294, 0.01611, 0.02984, 0.08153, 0.10988, 0.64046, 0.67309, 0.72549, 1.56501, 0.49199</values>
						</upper_bound>
					</main_interval>
					<sample_size>
						<values>1000.0, 1000.0, 1000.0, 1000.0, 1000.0, 1000.0, 1000.0, 1000.0, 1000.0, 1000.0, 1000.0, 1000.0, 1000.0, 1000.0, 1000.0, 1000.0, 1000.0, 1000.0</values>
					</sample_size>
				</sampling_intervals>
			</data>
		</threshold>
		<threshold>
			<threshold_value>GT 3.70408 (Pr=0.96)</threshold_value>
			<data>
				<values>0.38555, 0.05075, 1.25584, 1.81954, 0.20671, 0.80057, 1.20831, 0.51014, 0.85033, 0.01125, 0.03906, 0.0445, 0.10063, -0.68122, 0.47793, 0.63809, 1.27532, 0.54775</values>
				<sampling_intervals>
					<main_interval>
						<bounds>0.05, 0.95</bounds>
						<lower_bound>
							<values>0.32482, 0.08223, 1.15515, 1.59197, 0.16903, 0.68076, 1.01046, 0.47039, 0.47454, 0.00973, 0.02054, 0.03645, 0.06469, -4.40565, 0.43926, 0.60379, 1.09988, 0.35228</values>
						</lower_bound>
						<upper_bound>
							<values>0.50341, 0.13393, 1.41622, 1.92211, 0.23009, 0.8955, 1.33513, 0.55304, 1.06702, 0.01284, 0.05067, 0.05505, 0.12391, 0.36222, 0.65681, 0.68602, 1.58016, 0.69651</values>
						</upper_bound>
					</main_interval>
					<sample_size>
						<values>1000.0, 1000.0, 1000.0, 1000.0, 1000.0, 1000.0, 1000.0, 1000.0, 1000.0, 1000.0, 1000.0, 1000.0, 1000.0, 1000.0, 1000.0, 1000.0, 1000.0, 1000.0</values>
					</sample_size>
				</sampling_intervals>
			</data>
		</threshold>
		<threshold>
			<threshold_value>GT 4.30765 (Pr=0.97)</threshold_value>
			<data>
				<values>0.29109, 0.08264, 1.16778, 1.79405, 0.22292, 0.75466, 1.24065, 0.49459, 1.34877, 0.0084, 0.05367, 0.02943, 0.08785, -3.19418, 0.43505, 0.63811, 1.44961, 0.79262</values>
				<sampling_intervals>
					<main_interval>
						<bounds>0.05, 0.95</bounds>
						<lower_bound>
							<values>0.25359, 0.11057, 1.09472, 1.66631, 0.19257, 0.63404, 1.08504, 0.43921, 1.0197, 0.00708, 0.03854, 0.02339, 0.06489, -11.73699, 0.42553, 0.59383, 1.19766, 0.60298</values>
						</lower_bound>
						<upper_bound>
							<values>0.3518, 0.18633, 1.36451, 1.89831, 0.25088, 0.87025, 1.37308, 0.54375, 1.69428, 0.00984, 0.07165, 0.03707, 0.11368, -1.50229, 0.62021, 0.68068, 1.79303, 0.98612</values>
						</upper_bound>
					</main_interval>
					<sample_size>
						<values>1000.0, 1000.0, 1000.0, 1000.0, 1000.0, 1000.0, 1000.0, 1000.0, 1000.0, 1000.0, 1000.0, 1000.0, 1000.0, 1000.0, 1000.0, 1000.0, 1000.0, 1000.0</values>
					</sample_size>
				</sampling_intervals>
			</data>
		</threshold>
		<threshold>
			<threshold_value>GT 5.3834 (Pr=0.98)</threshold_value>
			<data>
				<values>0.21458, 0.12142, 0.96471, 1.62871, 0.2699, 0.57551, 1.09104, 0.50915, 1.97887, 0.00633, 0.07217, 0.01394, 0.06024, -6.19543, 0.49431, 0.60171, 1.78608, 1.06275</values>
				<sampling_intervals>
					<main_interval>
						<bounds>0.05, 0.95</bounds>
						<lower_bound>
							<values>0.13846, 0.15298, 0.91908, 1.52596, 0.2305, 0.46968, 0.944, 0.45944, 1.72138, 0.00535, 0.05771, 0.01078, 0.0478, -18.77742, 0.45611, 0.55438, 1.44816, 0.89881</values>
						</lower_bound>
						<upper_bound>
							<values>0.2925, 0.24983, 1.19267, 1.76405, 0.31063, 0.70671, 1.27381, 0.55457, 2.34472, 0.00739, 0.09031, 0.01858, 0.08374, -3.43125, 0.74665, 0.65205, 2.23663, 1.29001</values>
						</upper_bound>
					</main_interval>
					<sample_size>
						<values>1000.0, 1000.0, 1000.0, 1000.0, 1000.0, 1000.0, 1000.0, 1000.0, 1000.0, 1000.0, 1000.0, 1000.0, 1000.0, 1000.0, 1000.0, 1000.0, 1000.0, 1000.0</values>
					</sample_size>
				</sampling_intervals>
			</data>
		</threshold>
		<threshold>
			<threshold_value>GT 7.4206 (Pr=0.99)</threshold_value>
			<data>
				<values>0.07236, 0.26041, 0.92241, 1.58964, 0.29882, 0.51322, 1.14204, 0.53303, 3.32159, 0.00337, 0.07514, 0.00594, 0.03604, -4.77796, 0.45329, 0.61301, 2.49398, 2.04776</values>
				<sampling_intervals>
					<main_interval>
						<bounds>0.05, 0.95</bounds>
						<lower_bound>
							<values>-0.01475, 0.25885, 0.8525, 1.47417, 0.24757, 0.39275, 0.93368, 0.46849, 2.69563, 0.00268, 0.06281, 0.00429, 0.02443, -9.8863, 0.36879, 0.5337, 1.86101, 1.58123</values>
						</lower_bound>
						<upper_bound>
							<values>0.16796, 0.42058, 1.19407, 1.73936, 0.36459, 0.65713, 1.34065, 0.60192, 3.94344, 0.00426, 0.09306, 0.00827, 0.05357, -2.04027, 0.73878, 0.67623, 3.26032, 2.56177</values>
						</upper_bound>
					</main_interval>
					<sample_size>
						<values>1000.0, 1000.0, 1000.0, 1000.0, 1000.0, 1000.0, 1000.0, 1000.0, 1000.0, 1000.0, 1000.0, 1000.0, 1000.0, 1000.0, 1000.0, 1000.0, 1000.0, 1000.0</values>
					</sample_size>
				</sampling_intervals>
			</data>
		</threshold>
		<threshold>
			<threshold_value>GT 9.17801 (Pr=0.99406)</threshold_value>
			<data>
				<values>0.09351, 0.31667, 0.82919, 1.41901, 0.35561, 0.355, 0.90588, 0.55471, 3.27717, 0.00253, 0.04982, 0.00256, 0.01723, -8.2897, 0.83006, 0.55835, 3.08575, 2.21583</values>
				<sampling_intervals>
					<main_interval>
						<bounds>0.05, 0.95</bounds>
						<lower_bound>
							<values>-0.03992, 0.32681, 0.77778, 1.32089, 0.27575, 0.26732, 0.75085, 0.48134, 2.68272, 0.00183, 0.03912, 0.00174, 0.01045, -30.45279, 0.63, 0.47762, 2.19041, 1.72129</values>
						</lower_bound>
						<upper_bound>
							<values>0.16989, 0.5365, 1.13407, 1.58686, 0.42609, 0.51704, 1.1848, 0.63189, 3.99372, 0.00306, 0.06768, 0.00392, 0.0265, -3.75921, 1.46202, 0.64333, 3.87574, 2.65285</values>
						</upper_bound>
					</main_interval>
					<sample_size>
						<values>1000.0, 1000.0, 1000.0, 1000.0, 1000.0, 1000.0, 1000.0, 1000.0, 1000.0, 1000.0, 1000.0, 1000.0, 1000.0, 1000.0, 1000.0, 1000.0, 1000.0, 1000.0</values>
					</sample_size>
				</sampling_intervals>
			</data>
		</threshold>
		<threshold>
			<threshold_value>GT 9.76595 (Pr=0.995)</threshold_value>
			<data>
				<values>0.03905, 0.36145, 0.80748, 1.40698, 0.36273, 0.34241, 0.94063, 0.57803, 3.31471, 0.00208, 0.04715, 0.00199, 0.01222, -16.18678, 0.88659, 0.54057, 2.85085, 2.14167</values>
				<sampling_intervals>
					<main_interval>
						<bounds>0.05, 0.95</bounds>
						<lower_bound>
							<values>-0.06152, 0.32508, 0.74327, 1.28847, 0.29045, 0.23999, 0.70339, 0.497, 2.56673, 0.00163, 0.03375, 0.00129, 0.00791, -32.77816, 0.60823, 0.43932, 2.0523, 1.63259</values>
						</lower_bound>
						<upper_bound>
							<values>0.17111, 0.56425, 1.10801, 1.56127, 0.45781, 0.47038, 1.13045, 0.6668, 4.16289, 0.00277, 0.06196, 0.00299, 0.02172, -3.22056, 1.54924, 0.62737, 3.98208, 2.6736</values>
						</upper_bound>
					</main_interval>
					<sample_size>
						<values>1000.0, 1000.0, 1000.0, 1000.0, 1000.0, 1000.0, 1000.0, 1000.0, 1000.0, 1000.0, 1000.0, 1000.0, 1000.0, 1000.0, 1000.0, 1000.0, 1000.0, 1000.0</values>
					</sample_size>
				</sampling_intervals>
			</data>
		</threshold>
		<threshold>
			<threshold_value>GT 13.23801 (Pr=0.99755)</threshold_value>
			<data>
				<values>0.13477, 0.37528, 0.90896, 1.39891, 0.42151, 0.28501, 0.72873, 0.59931, 3.33686, 0.00116, 0.02941, 7.9E-4, 0.00735, -6.84462, 1.03462, 0.49962, 3.04553, 2.19505</values>
				<sampling_intervals>
					<main_interval>
						<bounds>0.05, 0.95</bounds>
						<lower_bound>
							<values>-0.09012, 0.36457, 0.6879, 1.19951, 0.31586, 0.1315, 0.4833, 0.5047, 2.57504, 8.6E-4, 0.01902, 3.4E-4, 0.00263, -40.8743, 0.57581, 0.29738, 1.58502, 1.49597</values>
						</lower_bound>
						<upper_bound>
							<values>0.20014, 0.63415, 1.19229, 1.56763, 0.59908, 0.40876, 0.9927, 0.76318, 4.69531, 0.00174, 0.0427, 0.00123, 0.01417, -1.65387, 2.43627, 0.61994, 5.37301, 3.17024</values>
						</upper_bound>
					</main_interval>
					<sample_size>
						<values>1000.0, 1000.0, 1000.0, 1000.0, 1000.0, 1000.0, 1000.0, 1000.0, 1000.0, 1000.0, 1000.0, 1000.0, 1000.0, 1000.0, 1000.0, 1000.0, 1000.0, 1000.0</values>
					</sample_size>
				</sampling_intervals>
			</data>
		</threshold>
		<threshold>
			<threshold_value>GT 17.97252 (Pr=0.999)</threshold_value>
			<data>
				<values>0.16702, 0.36135, 0.73271, 1.20434, 0.54555, 0.12876, 0.41619, 0.70783, 1.93558, 6.5E-4, 0.00863, 1.5E-4, 0.00134, -6.77078, 1.92101, 0.36926, 3.58432, 1.55097</values>
				<sampling_intervals>
					<main_interval>
						<bounds>0.05, 0.95</bounds>
						<lower_bound>
							<values>-0.03307, 0.29268, 0.54585, 1.02146, 0.3995, 0.05244, 0.26682, 0.57148, 1.17711, 4.1E-4, 0.00489, 6.0E-5, 3.6E-4, -31.79671, 0.65904, 0.19781, 1.57407, 0.76803</values>
						</lower_bound>
						<upper_bound>
							<values>0.30259, 0.63611, 1.07473, 1.38885, 0.69185, 0.24252, 0.65789, 0.85131, 3.43832, 9.4E-4, 0.01818, 3.3E-4, 0.00405, -1.05953, 6.0951, 0.51499, 8.08766, 2.68797</values>
						</upper_bound>
					</main_interval>
					<sample_size>
						<values>1000.0, 1000.0, 1000.0, 1000.0, 1000.0, 1000.0, 1000.0, 1000.0, 1000.0, 1000.0, 1000.0, 1000.0, 1000.0, 1000.0, 1000.0, 1000.0, 1000.0, 1000.0</values>
					</sample_size>
				</sampling_intervals>
			</data>
		</threshold>
		<threshold>
			<threshold_value>GT 19.31745 (Pr=0.99928)</threshold_value>
			<data>
				<values>0.20339, 0.33051, 0.70807, 1.17417, 0.52669, 0.12809, 0.398, 0.71283, 1.33665, 4.6E-4, 0.00583, 1.1E-4, 7.2E-4, -7.55627, 2.32748, 0.36918, 3.43609, 1.05222</values>
				<sampling_intervals>
					<main_interval>
						<bounds>0.05, 0.95</bounds>
						<lower_bound>
							<values>0.00913, 0.27201, 0.52531, 0.98096, 0.37699, 0.04536, 0.2208, 0.55775, 0.67865, 2.8E-4, 0.00275, 4.0E-5, 2.1E-4, -26.41149, 0.61144, 0.18195, 1.42658, 0.35576</values>
						</lower_bound>
						<upper_bound>
							<values>0.35123, 0.64452, 1.20015, 1.45954, 0.70348, 0.28612, 0.66451, 0.86237, 2.72795, 7.3E-4, 0.01329, 2.9E-4, 0.00285, -0.71775, 7.50569, 0.52484, 10.27066, 2.3162</values>
						</upper_bound>
					</main_interval>
					<sample_size>
						<values>1000.0, 1000.0, 1000.0, 1000.0, 1000.0, 1000.0, 1000.0, 1000.0, 1000.0, 1000.0, 1000.0, 1000.0, 1000.0, 1000.0, 1000.0, 1000.0, 1000.0, 1000.0</values>
					</sample_size>
				</sampling_intervals>
			</data>
		</threshold>
		<threshold>
			<threshold_value>GT 44.15669 (Pr=0.9998)</threshold_value>
			<data>
				<values>0.42083, 0.57917, 0.99977, 0.99977, 0.56751, 0.06082, 0.07247, 0.56967, -999.0, 1.3E-4, -999.0, 1.0E-5, -999.0, -2537.4875, -999.0, 0.43249, -999.0, -999.0</values>
				<sampling_intervals>
					<main_interval>
						<bounds>0.05, 0.95</bounds>
						<lower_bound>
							<values>0.04379, 0.13534, 0.24175, 0.80979, 0.43983, 0.00265, 0.02544, 0.51473, 0.35343, 8.0E-5, 1.7E-4, 0.0, 0.0, -4857.22678, 0.0, 0.02643, -0.68982, -0.36139</values>
						</lower_bound>
						<upper_bound>
							<values>0.4636, 0.75475, 1.55532, 1.5803, 0.81452, 0.27434, 0.39337, 0.97255, 4.42715, 2.9E-4, 0.00505, 8.0E-5, 0.00651, 0.36437, 1.620039006269E7, 0.50999, 1.5044003616E8, 12.585</values>
						</upper_bound>
					</main_interval>
					<sample_size>
						<values>1000.0, 1000.0, 1000.0, 1000.0, 1000.0, 1000.0, 1000.0, 1000.0, 395.0, 1000.0, 395.0, 1000.0, 395.0, 1000.0, 480.0, 1000.0, 480.0, 480.0</values>
					</sample_size>
				</sampling_intervals>
			</data>
		</threshold>
	</threshold_data>
</result></results>