<?xml version="1.0" standalone="yes"?><results>
<!--Result file containing the results for a single metric by lead period.
Some metrics, such as reliability diagrams, have results for specific thresholds 
(e.g. probability thresholds).  In that case, the results are stored by lead period 
and then by threshold value.  The actual data associated with a result always appears 
within a 'values' tag.  A metric result that comprises a single value will appear as a 
single value in this tag.  A metric result that comprises a 1D matrix will appear as a 
row of values separated by commas in the input order.  A metric result that comprises a 
2D matrix will appear as a sequence of rows, each with a 'values' tag, which are written 
in the input order.  For example, a diagram metric with an x and y axis will comprise 
two rows of data (i.e. two rows within two separate 'values' tags).  The default input 
order would be data for the x axis followed by data for the y axis.  Data that refer to 
cumulative probabilities are, by default, always defined in increasing size of probability.--><meta_data>
	<thresholds_type>true</thresholds_type>
	<original_file_id>01608500_CAL.Streamflow.ICK_INF_ONE_OBS_ONE_MEAN_1D_MEAN_RAW.Brier_skill_score.xml</original_file_id>
</meta_data><result>
	<lead_hour>0.0</lead_hour>
	<threshold_data>
		<threshold>
			<threshold_value>GT 0.03 (Pr=0.0)</threshold_value>
			<data>
				<values>-27.10549, 27.23426, 0.12877, 1.0, 3.48734, 0.29131, 24.90946, 91785.80314, 0.18379, 10856.47735, 6.0E-5, 0.29122, 9.0E-5, -999.0, -999.0, -999.0, -999.0, -999.0</values>
				<sampling_intervals>
					<main_interval>
						<bounds>0.05, 0.95</bounds>
						<lower_bound>
							<values>-34.16886, 2.06649, 0.02385, 1.0, 0.75251, 0.09042, 2.30314, 593.79573, 0.18376, 85.79252, 5.0E-5, 0.09018, 9.0E-5, -999.0, -999.0, -999.0, -999.0, -999.0</values>
						</lower_bound>
						<upper_bound>
							<values>-1.96086, 34.18957, 0.3944, 1.0, 4.83584, 0.29728, 30.67858, 117085.19834, 0.44652, 15855.6266, 0.00173, 0.29711, 5.4E-4, -999.0, -999.0, -999.0, -999.0, -999.0</values>
						</upper_bound>
					</main_interval>
					<sample_size>
						<values>1000.0, 1000.0, 1000.0, 1000.0, 1000.0, 1000.0, 1000.0, 1000.0, 1000.0, 1000.0, 1000.0, 1000.0, 1000.0, -999.0, -999.0, -999.0, -999.0, -999.0</values>
					</sample_size>
				</sampling_intervals>
			</data>
		</threshold>
		<threshold>
			<threshold_value>GT 0.05981 (Pr=0.025)</threshold_value>
			<data>
				<values>-0.52569, 0.74067, 0.21499, 1.0, 0.5384, 0.1314, 1.11869, 96.86434, 0.38843, 15.52631, 0.00421, 0.12985, 0.00155, -999.0, -999.0, -999.0, -999.0, -999.0</values>
				<sampling_intervals>
					<main_interval>
						<bounds>0.05, 0.95</bounds>
						<lower_bound>
							<values>-0.9435, 0.24084, 0.14039, 1.0, 0.41461, 0.10251, 0.58702, 18.09587, 0.32831, 3.07149, 0.00315, 0.101, 0.00113, -999.0, -999.0, -999.0, -999.0, -999.0</values>
						</lower_bound>
						<upper_bound>
							<values>0.11332, 1.09409, 0.38729, 1.0, 0.62416, 0.17094, 1.43945, 166.0627, 0.44615, 27.25848, 0.01035, 0.16882, 0.00396, -999.0, -999.0, -999.0, -999.0, -999.0</values>
						</upper_bound>
					</main_interval>
					<sample_size>
						<values>1000.0, 1000.0, 1000.0, 1000.0, 1000.0, 1000.0, 1000.0, 1000.0, 1000.0, 1000.0, 1000.0, 1000.0, 1000.0, -999.0, -999.0, -999.0, -999.0, -999.0</values>
					</sample_size>
				</sampling_intervals>
			</data>
		</threshold>
		<threshold>
			<threshold_value>GT 0.07559 (Pr=0.05)</threshold_value>
			<data>
				<values>0.15121, 0.19268, 0.34389, 1.0, 0.3854, 0.16731, 0.6307, 13.46733, 0.36243, 2.3422, 0.01138, 0.1611, 0.00621, -999.0, -999.0, -999.0, -999.0, -999.0</values>
				<sampling_intervals>
					<main_interval>
						<bounds>0.05, 0.95</bounds>
						<lower_bound>
							<values>-0.07191, 0.10251, 0.26255, 1.0, 0.33816, 0.13278, 0.4933, 6.64914, 0.31519, 1.14918, 0.00741, 0.12749, 0.00417, -999.0, -999.0, -999.0, -999.0, -999.0</values>
						</lower_bound>
						<upper_bound>
							<values>0.30422, 0.35775, 0.43253, 1.0, 0.44723, 0.19952, 0.81688, 26.70876, 0.41396, 4.73962, 0.01727, 0.19289, 0.00925, -999.0, -999.0, -999.0, -999.0, -999.0</values>
						</upper_bound>
					</main_interval>
					<sample_size>
						<values>1000.0, 1000.0, 1000.0, 1000.0, 1000.0, 1000.0, 1000.0, 1000.0, 1000.0, 1000.0, 1000.0, 1000.0, 1000.0, -999.0, -999.0, -999.0, -999.0, -999.0</values>
					</sample_size>
				</sampling_intervals>
			</data>
		</threshold>
		<threshold>
			<threshold_value>GT 0.08535 (Pr=0.075)</threshold_value>
			<data>
				<values>0.30893, 0.07608, 0.38501, 1.0, 0.37223, 0.15866, 0.47751, 5.39667, 0.38988, 0.94204, 0.01997, 0.14912, 0.00954, -999.0, -999.0, -999.0, -999.0, -999.0</values>
				<sampling_intervals>
					<main_interval>
						<bounds>0.05, 0.95</bounds>
						<lower_bound>
							<values>0.20264, 0.03906, 0.32132, 1.0, 0.33519, 0.13315, 0.40546, 3.05246, 0.34946, 0.50569, 0.01403, 0.12462, 0.00701, -999.0, -999.0, -999.0, -999.0, -999.0</values>
						</lower_bound>
						<upper_bound>
							<values>0.39384, 0.14354, 0.45533, 1.0, 0.41529, 0.18363, 0.56659, 9.18834, 0.43295, 1.66055, 0.02847, 0.17314, 0.01322, -999.0, -999.0, -999.0, -999.0, -999.0</values>
						</upper_bound>
					</main_interval>
					<sample_size>
						<values>1000.0, 1000.0, 1000.0, 1000.0, 1000.0, 1000.0, 1000.0, 1000.0, 1000.0, 1000.0, 1000.0, 1000.0, 1000.0, -999.0, -999.0, -999.0, -999.0, -999.0</values>
					</sample_size>
				</sampling_intervals>
			</data>
		</threshold>
		<threshold>
			<threshold_value>GT 0.09441 (Pr=0.1)</threshold_value>
			<data>
				<values>0.39116, 0.03136, 0.42252, 1.0, 0.36917, 0.15438, 0.39404, 2.54355, 0.42235, 0.43023, 0.03159, 0.1408, 0.01357, -999.0, -999.0, -999.0, -999.0, -999.0</values>
				<sampling_intervals>
					<main_interval>
						<bounds>0.05, 0.95</bounds>
						<lower_bound>
							<values>0.30595, 0.01875, 0.36087, 1.0, 0.33652, 0.13257, 0.35418, 1.7467, 0.37738, 0.28008, 0.02207, 0.12042, 0.00991, -999.0, -999.0, -999.0, -999.0, -999.0</values>
						</lower_bound>
						<upper_bound>
							<values>0.43909, 0.06919, 0.47243, 1.0, 0.40729, 0.17784, 0.46206, 4.65926, 0.4599, 0.83866, 0.04052, 0.16363, 0.01695, -999.0, -999.0, -999.0, -999.0, -999.0</values>
						</upper_bound>
					</main_interval>
					<sample_size>
						<values>1000.0, 1000.0, 1000.0, 1000.0, 1000.0, 1000.0, 1000.0, 1000.0, 1000.0, 1000.0, 1000.0, 1000.0, 1000.0, -999.0, -999.0, -999.0, -999.0, -999.0</values>
					</sample_size>
				</sampling_intervals>
			</data>
		</threshold>
		<threshold>
			<threshold_value>GT 0.10466 (Pr=0.125)</threshold_value>
			<data>
				<values>0.41693, 0.01619, 0.43312, 1.0, 0.37901, 0.1483, 0.35237, 1.5407, 0.45827, 0.24992, 0.04515, 0.13121, 0.0171, -999.0, -999.0, -999.0, -999.0, -999.0</values>
				<sampling_intervals>
					<main_interval>
						<bounds>0.05, 0.95</bounds>
						<lower_bound>
							<values>0.36404, 0.01258, 0.38958, 1.0, 0.34431, 0.13146, 0.32373, 1.11048, 0.41075, 0.16821, 0.0331, 0.11598, 0.01341, -999.0, -999.0, -999.0, -999.0, -999.0</values>
						</lower_bound>
						<upper_bound>
							<values>0.46096, 0.0343, 0.48717, 1.0, 0.40719, 0.17145, 0.39669, 2.439, 0.49523, 0.42805, 0.05586, 0.15228, 0.02082, -999.0, -999.0, -999.0, -999.0, -999.0</values>
						</upper_bound>
					</main_interval>
					<sample_size>
						<values>1000.0, 1000.0, 1000.0, 1000.0, 1000.0, 1000.0, 1000.0, 1000.0, 1000.0, 1000.0, 1000.0, 1000.0, 1000.0, -999.0, -999.0, -999.0, -999.0, -999.0</values>
					</sample_size>
				</sampling_intervals>
			</data>
		</threshold>
		<threshold>
			<threshold_value>GT 0.11658 (Pr=0.15)</threshold_value>
			<data>
				<values>0.44199, 0.02143, 0.46342, 1.0, 0.37411, 0.15328, 0.33718, 1.10415, 0.47194, 0.17667, 0.05457, 0.13241, 0.02087, -999.0, -999.0, -999.0, -999.0, -999.0</values>
				<sampling_intervals>
					<main_interval>
						<bounds>0.05, 0.95</bounds>
						<lower_bound>
							<values>0.40221, 0.01472, 0.41857, 1.0, 0.34088, 0.13479, 0.3102, 0.77847, 0.43226, 0.11515, 0.04416, 0.11586, 0.01748, -999.0, -999.0, -999.0, -999.0, -999.0</values>
						</lower_bound>
						<upper_bound>
							<values>0.48578, 0.03801, 0.52027, 1.0, 0.4043, 0.17629, 0.36651, 1.51527, 0.51528, 0.25936, 0.06968, 0.15186, 0.02617, -999.0, -999.0, -999.0, -999.0, -999.0</values>
						</upper_bound>
					</main_interval>
					<sample_size>
						<values>1000.0, 1000.0, 1000.0, 1000.0, 1000.0, 1000.0, 1000.0, 1000.0, 1000.0, 1000.0, 1000.0, 1000.0, 1000.0, -999.0, -999.0, -999.0, -999.0, -999.0</values>
					</sample_size>
				</sampling_intervals>
			</data>
		</threshold>
		<threshold>
			<threshold_value>GT 0.12911 (Pr=0.175)</threshold_value>
			<data>
				<values>0.46661, 0.03066, 0.49727, 1.0, 0.36451, 0.16222, 0.3311, 0.81782, 0.48034, 0.12971, 0.06348, 0.13672, 0.0255, -999.0, -999.0, -999.0, -999.0, -999.0</values>
				<sampling_intervals>
					<main_interval>
						<bounds>0.05, 0.95</bounds>
						<lower_bound>
							<values>0.42936, 0.01975, 0.45408, 1.0, 0.27377, 0.14358, 0.30757, 0.56394, 0.35814, 0.08354, 0.04117, 0.12072, 0.02254, -999.0, -999.0, -999.0, -999.0, -999.0</values>
						</lower_bound>
						<upper_bound>
							<values>0.50666, 0.0491, 0.54886, 1.0, 0.39407, 0.22933, 0.47702, 1.39904, 0.52629, 0.3376, 0.08058, 0.19199, 0.03879, -999.0, -999.0, -999.0, -999.0, -999.0</values>
						</upper_bound>
					</main_interval>
					<sample_size>
						<values>1000.0, 1000.0, 1000.0, 1000.0, 1000.0, 1000.0, 1000.0, 1000.0, 1000.0, 1000.0, 1000.0, 1000.0, 1000.0, -999.0, -999.0, -999.0, -999.0, -999.0</values>
					</sample_size>
				</sampling_intervals>
			</data>
		</threshold>
		<threshold>
			<threshold_value>GT 0.1457 (Pr=0.2)</threshold_value>
			<data>
				<values>0.48774, 0.01736, 0.5051, 1.0, 0.28057, 0.22123, 0.45293, 1.02842, 0.39007, 0.23879, 0.05304, 0.17888, 0.04235, -999.0, -999.0, -999.0, -999.0, -999.0</values>
				<sampling_intervals>
					<main_interval>
						<bounds>0.05, 0.95</bounds>
						<lower_bound>
							<values>0.44945, 0.01444, 0.47548, 1.0, 0.25795, 0.1568, 0.31257, 0.48338, 0.35035, 0.07339, 0.04293, 0.12733, 0.02845, -999.0, -999.0, -999.0, -999.0, -999.0</values>
						</lower_bound>
						<upper_bound>
							<values>0.51718, 0.05475, 0.55296, 1.0, 0.37962, 0.24294, 0.48417, 1.32325, 0.53069, 0.32976, 0.09016, 0.19732, 0.0487, -999.0, -999.0, -999.0, -999.0, -999.0</values>
						</upper_bound>
					</main_interval>
					<sample_size>
						<values>1000.0, 1000.0, 1000.0, 1000.0, 1000.0, 1000.0, 1000.0, 1000.0, 1000.0, 1000.0, 1000.0, 1000.0, 1000.0, -999.0, -999.0, -999.0, -999.0, -999.0</values>
					</sample_size>
				</sampling_intervals>
			</data>
		</threshold>
		<threshold>
			<threshold_value>GT 0.16128 (Pr=0.225)</threshold_value>
			<data>
				<values>0.49702, 0.01502, 0.51204, 1.0, 0.27282, 0.22818, 0.45835, 0.86582, 0.39886, 0.21139, 0.06088, 0.1773, 0.05088, -999.0, -999.0, -999.0, -999.0, -999.0</values>
				<sampling_intervals>
					<main_interval>
						<bounds>0.05, 0.95</bounds>
						<lower_bound>
							<values>0.46101, 0.01244, 0.47844, 1.0, 0.25116, 0.20199, 0.4269, 0.676, 0.36007, 0.1536, 0.04854, 0.15739, 0.04158, -999.0, -999.0, -999.0, -999.0, -999.0</values>
						</lower_bound>
						<upper_bound>
							<values>0.52591, 0.02538, 0.54694, 1.0, 0.30318, 0.24911, 0.48465, 1.13026, 0.44384, 0.28683, 0.0745, 0.196, 0.05613, -999.0, -999.0, -999.0, -999.0, -999.0</values>
						</upper_bound>
					</main_interval>
					<sample_size>
						<values>1000.0, 1000.0, 1000.0, 1000.0, 1000.0, 1000.0, 1000.0, 1000.0, 1000.0, 1000.0, 1000.0, 1000.0, 1000.0, -999.0, -999.0, -999.0, -999.0, -999.0</values>
					</sample_size>
				</sampling_intervals>
			</data>
		</threshold>
		<threshold>
			<threshold_value>GT 0.17797 (Pr=0.25)</threshold_value>
			<data>
				<values>0.50501, 0.01403, 0.51905, 1.0, 0.26771, 0.23298, 0.46026, 0.78357, 0.40449, 0.19065, 0.0652, 0.17736, 0.05562, -999.0, -999.0, -999.0, -999.0, -999.0</values>
				<sampling_intervals>
					<main_interval>
						<bounds>0.05, 0.95</bounds>
						<lower_bound>
							<values>0.47147, 0.01087, 0.48583, 1.0, 0.2435, 0.21065, 0.435, 0.60685, 0.36955, 0.14133, 0.0545, 0.1584, 0.04856, -999.0, -999.0, -999.0, -999.0, -999.0</values>
						</lower_bound>
						<upper_bound>
							<values>0.53388, 0.02066, 0.55116, 1.0, 0.29367, 0.25682, 0.48585, 0.95411, 0.44803, 0.24298, 0.08079, 0.19546, 0.06446, -999.0, -999.0, -999.0, -999.0, -999.0</values>
						</upper_bound>
					</main_interval>
					<sample_size>
						<values>1000.0, 1000.0, 1000.0, 1000.0, 1000.0, 1000.0, 1000.0, 1000.0, 1000.0, 1000.0, 1000.0, 1000.0, 1000.0, -999.0, -999.0, -999.0, -999.0, -999.0</values>
					</sample_size>
				</sampling_intervals>
			</data>
		</threshold>
		<threshold>
			<threshold_value>GT 0.19611 (Pr=0.275)</threshold_value>
			<data>
				<values>0.51589, 0.0132, 0.52909, 1.0, 0.26011, 0.24071, 0.46471, 0.6627, 0.41897, 0.1601, 0.07357, 0.17638, 0.06433, -999.0, -999.0, -999.0, -999.0, -999.0</values>
				<sampling_intervals>
					<main_interval>
						<bounds>0.05, 0.95</bounds>
						<lower_bound>
							<values>0.48191, 0.01031, 0.49545, 1.0, 0.23467, 0.21771, 0.44056, 0.53522, 0.37158, 0.1245, 0.05941, 0.15805, 0.05567, -999.0, -999.0, -999.0, -999.0, -999.0</values>
						</lower_bound>
						<upper_bound>
							<values>0.54397, 0.02005, 0.56189, 1.0, 0.28557, 0.26613, 0.49388, 0.82836, 0.46503, 0.21033, 0.08953, 0.19577, 0.07385, -999.0, -999.0, -999.0, -999.0, -999.0</values>
						</upper_bound>
					</main_interval>
					<sample_size>
						<values>1000.0, 1000.0, 1000.0, 1000.0, 1000.0, 1000.0, 1000.0, 1000.0, 1000.0, 1000.0, 1000.0, 1000.0, 1000.0, -999.0, -999.0, -999.0, -999.0, -999.0</values>
					</sample_size>
				</sampling_intervals>
			</data>
		</threshold>
		<threshold>
			<threshold_value>GT 0.21822 (Pr=0.3)</threshold_value>
			<data>
				<values>0.52671, 0.01318, 0.5399, 1.0, 0.24959, 0.25127, 0.47496, 0.60514, 0.41923, 0.14554, 0.07786, 0.17821, 0.07306, -999.0, -999.0, -999.0, -999.0, -999.0</values>
				<sampling_intervals>
					<main_interval>
						<bounds>0.05, 0.95</bounds>
						<lower_bound>
							<values>0.49339, 0.01046, 0.50591, 1.0, 0.22639, 0.22525, 0.44818, 0.48783, 0.36958, 0.11148, 0.06352, 0.15781, 0.06384, -999.0, -999.0, -999.0, -999.0, -999.0</values>
						</lower_bound>
						<upper_bound>
							<values>0.55628, 0.01985, 0.57231, 1.0, 0.27805, 0.27615, 0.5011, 0.74059, 0.47662, 0.18809, 0.09781, 0.19666, 0.08339, -999.0, -999.0, -999.0, -999.0, -999.0</values>
						</upper_bound>
					</main_interval>
					<sample_size>
						<values>1000.0, 1000.0, 1000.0, 1000.0, 1000.0, 1000.0, 1000.0, 1000.0, 1000.0, 1000.0, 1000.0, 1000.0, 1000.0, -999.0, -999.0, -999.0, -999.0, -999.0</values>
					</sample_size>
				</sampling_intervals>
			</data>
		</threshold>
		<threshold>
			<threshold_value>GT 0.24374 (Pr=0.325)</threshold_value>
			<data>
				<values>0.53938, 0.01353, 0.55292, 1.0, 0.23749, 0.26384, 0.48697, 0.54934, 0.41871, 0.13227, 0.08266, 0.17921, 0.08464, -999.0, -999.0, -999.0, -999.0, -999.0</values>
				<sampling_intervals>
					<main_interval>
						<bounds>0.05, 0.95</bounds>
						<lower_bound>
							<values>0.50256, 0.01115, 0.51661, 1.0, 0.21867, 0.23592, 0.45861, 0.44626, 0.37469, 0.10118, 0.06785, 0.15843, 0.07313, -999.0, -999.0, -999.0, -999.0, -999.0</values>
						</lower_bound>
						<upper_bound>
							<values>0.56615, 0.02013, 0.5835, 1.0, 0.26824, 0.28533, 0.5054, 0.67529, 0.48304, 0.17303, 0.10374, 0.19498, 0.0941, -999.0, -999.0, -999.0, -999.0, -999.0</values>
						</upper_bound>
					</main_interval>
					<sample_size>
						<values>1000.0, 1000.0, 1000.0, 1000.0, 1000.0, 1000.0, 1000.0, 1000.0, 1000.0, 1000.0, 1000.0, 1000.0, 1000.0, -999.0, -999.0, -999.0, -999.0, -999.0</values>
					</sample_size>
				</sampling_intervals>
			</data>
		</threshold>
		<threshold>
			<threshold_value>GT 0.26961 (Pr=0.35)</threshold_value>
			<data>
				<values>0.54618, 0.01442, 0.56059, 1.0, 0.23204, 0.27003, 0.49182, 0.51131, 0.42408, 0.12205, 0.08737, 0.17797, 0.09206, -999.0, -999.0, -999.0, -999.0, -999.0</values>
				<sampling_intervals>
					<main_interval>
						<bounds>0.05, 0.95</bounds>
						<lower_bound>
							<values>0.5113, 0.01157, 0.52487, 1.0, 0.21447, 0.24356, 0.46905, 0.41432, 0.38445, 0.09379, 0.07395, 0.15788, 0.08155, -999.0, -999.0, -999.0, -999.0, -999.0</values>
						</lower_bound>
						<upper_bound>
							<values>0.57079, 0.02052, 0.58925, 1.0, 0.25874, 0.29054, 0.50942, 0.62008, 0.48945, 0.15765, 0.11061, 0.19181, 0.1028, -999.0, -999.0, -999.0, -999.0, -999.0</values>
						</upper_bound>
					</main_interval>
					<sample_size>
						<values>1000.0, 1000.0, 1000.0, 1000.0, 1000.0, 1000.0, 1000.0, 1000.0, 1000.0, 1000.0, 1000.0, 1000.0, 1000.0, -999.0, -999.0, -999.0, -999.0, -999.0</values>
					</sample_size>
				</sampling_intervals>
			</data>
		</threshold>
		<threshold>
			<threshold_value>GT 0.29544 (Pr=0.375)</threshold_value>
			<data>
				<values>0.54312, 0.01467, 0.55779, 1.0, 0.23204, 0.27044, 0.49528, 0.47912, 0.44383, 0.11456, 0.09676, 0.17038, 0.10006, -999.0, -999.0, -999.0, -999.0, -999.0</values>
				<sampling_intervals>
					<main_interval>
						<bounds>0.05, 0.95</bounds>
						<lower_bound>
							<values>0.51464, 0.01196, 0.52858, 1.0, 0.21236, 0.24895, 0.47556, 0.39052, 0.39941, 0.08695, 0.08044, 0.15386, 0.08917, -999.0, -999.0, -999.0, -999.0, -999.0</values>
						</lower_bound>
						<upper_bound>
							<values>0.5725, 0.02212, 0.59224, 1.0, 0.25414, 0.29244, 0.5112, 0.57611, 0.50167, 0.14585, 0.11817, 0.18664, 0.111, -999.0, -999.0, -999.0, -999.0, -999.0</values>
						</upper_bound>
					</main_interval>
					<sample_size>
						<values>1000.0, 1000.0, 1000.0, 1000.0, 1000.0, 1000.0, 1000.0, 1000.0, 1000.0, 1000.0, 1000.0, 1000.0, 1000.0, -999.0, -999.0, -999.0, -999.0, -999.0</values>
					</sample_size>
				</sampling_intervals>
			</data>
		</threshold>
		<threshold>
			<threshold_value>GT 0.324 (Pr=0.4)</threshold_value>
			<data>
				<values>0.54706, 0.01732, 0.56437, 1.0, 0.22981, 0.27364, 0.49677, 0.43912, 0.46204, 0.10477, 0.10584, 0.16505, 0.10859, -999.0, -999.0, -999.0, -999.0, -999.0</values>
				<sampling_intervals>
					<main_interval>
						<bounds>0.05, 0.95</bounds>
						<lower_bound>
							<values>0.51541, 0.01339, 0.53095, 1.0, 0.21167, 0.25062, 0.47975, 0.36932, 0.40988, 0.08221, 0.08837, 0.14867, 0.09625, -999.0, -999.0, -999.0, -999.0, -999.0</values>
						</lower_bound>
						<upper_bound>
							<values>0.57324, 0.02326, 0.59452, 1.0, 0.25218, 0.29426, 0.51311, 0.53711, 0.51821, 0.13479, 0.12697, 0.17956, 0.11944, -999.0, -999.0, -999.0, -999.0, -999.0</values>
						</upper_bound>
					</main_interval>
					<sample_size>
						<values>1000.0, 1000.0, 1000.0, 1000.0, 1000.0, 1000.0, 1000.0, 1000.0, 1000.0, 1000.0, 1000.0, 1000.0, 1000.0, -999.0, -999.0, -999.0, -999.0, -999.0</values>
					</sample_size>
				</sampling_intervals>
			</data>
		</threshold>
		<threshold>
			<threshold_value>GT 0.35517 (Pr=0.425)</threshold_value>
			<data>
				<values>0.54744, 0.01826, 0.5657, 1.0, 0.22869, 0.27528, 0.49915, 0.4226, 0.47432, 0.09918, 0.1138, 0.15944, 0.11583, -999.0, -999.0, -999.0, -999.0, -999.0</values>
				<sampling_intervals>
					<main_interval>
						<bounds>0.05, 0.95</bounds>
						<lower_bound>
							<values>0.5155, 0.01458, 0.53245, 1.0, 0.21078, 0.25235, 0.4823, 0.34869, 0.42417, 0.07667, 0.09713, 0.14348, 0.10308, -999.0, -999.0, -999.0, -999.0, -999.0</values>
						</lower_bound>
						<upper_bound>
							<values>0.57434, 0.0236, 0.59546, 1.0, 0.25146, 0.29678, 0.5137, 0.50368, 0.54341, 0.12501, 0.13961, 0.17369, 0.12741, -999.0, -999.0, -999.0, -999.0, -999.0</values>
						</upper_bound>
					</main_interval>
					<sample_size>
						<values>1000.0, 1000.0, 1000.0, 1000.0, 1000.0, 1000.0, 1000.0, 1000.0, 1000.0, 1000.0, 1000.0, 1000.0, 1000.0, -999.0, -999.0, -999.0, -999.0, -999.0</values>
					</sample_size>
				</sampling_intervals>
			</data>
		</threshold>
		<threshold>
			<threshold_value>GT 0.38528 (Pr=0.45)</threshold_value>
			<data>
				<values>0.54427, 0.018, 0.56226, 1.0, 0.2306, 0.27423, 0.49937, 0.40325, 0.4978, 0.09254, 0.12538, 0.15223, 0.12201, -999.0, -999.0, -999.0, -999.0, -999.0</values>
				<sampling_intervals>
					<main_interval>
						<bounds>0.05, 0.95</bounds>
						<lower_bound>
							<values>0.51238, 0.01382, 0.52951, 1.0, 0.21187, 0.25203, 0.4835, 0.33598, 0.44408, 0.07217, 0.10769, 0.13784, 0.1094, -999.0, -999.0, -999.0, -999.0, -999.0</values>
						</lower_bound>
						<upper_bound>
							<values>0.57323, 0.02315, 0.59252, 1.0, 0.25195, 0.29609, 0.51424, 0.47421, 0.56608, 0.11554, 0.15067, 0.16547, 0.1339, -999.0, -999.0, -999.0, -999.0, -999.0</values>
						</upper_bound>
					</main_interval>
					<sample_size>
						<values>1000.0, 1000.0, 1000.0, 1000.0, 1000.0, 1000.0, 1000.0, 1000.0, 1000.0, 1000.0, 1000.0, 1000.0, 1000.0, -999.0, -999.0, -999.0, -999.0, -999.0</values>
					</sample_size>
				</sampling_intervals>
			</data>
		</threshold>
		<threshold>
			<threshold_value>GT 0.41665 (Pr=0.475)</threshold_value>
			<data>
				<values>0.54042, 0.01554, 0.55596, 1.0, 0.23295, 0.27298, 0.4996, 0.38729, 0.52352, 0.08617, 0.13864, 0.14484, 0.12813, -999.0, -999.0, -999.0, -999.0, -999.0</values>
				<sampling_intervals>
					<main_interval>
						<bounds>0.05, 0.95</bounds>
						<lower_bound>
							<values>0.51097, 0.01312, 0.52658, 1.0, 0.21408, 0.25202, 0.48368, 0.31995, 0.4693, 0.0669, 0.11916, 0.13156, 0.11568, -999.0, -999.0, -999.0, -999.0, -999.0</values>
						</lower_bound>
						<upper_bound>
							<values>0.57081, 0.02278, 0.58967, 1.0, 0.25383, 0.29546, 0.51375, 0.44152, 0.59738, 0.10393, 0.16697, 0.15769, 0.14104, -999.0, -999.0, -999.0, -999.0, -999.0</values>
						</upper_bound>
					</main_interval>
					<sample_size>
						<values>1000.0, 1000.0, 1000.0, 1000.0, 1000.0, 1000.0, 1000.0, 1000.0, 1000.0, 1000.0, 1000.0, 1000.0, 1000.0, -999.0, -999.0, -999.0, -999.0, -999.0</values>
					</sample_size>
				</sampling_intervals>
			</data>
		</threshold>
		<threshold>
			<threshold_value>GT 0.44771 (Pr=0.5)</threshold_value>
			<data>
				<values>0.5427, 0.01687, 0.55957, 1.0, 0.23369, 0.27488, 0.49849, 0.35414, 0.5579, 0.07649, 0.15515, 0.13916, 0.13571, -999.0, -999.0, -999.0, -999.0, -999.0</values>
				<sampling_intervals>
					<main_interval>
						<bounds>0.05, 0.95</bounds>
						<lower_bound>
							<values>0.51133, 0.01355, 0.52848, 1.0, 0.21481, 0.25319, 0.4842, 0.30138, 0.49812, 0.06062, 0.13346, 0.12574, 0.12301, -999.0, -999.0, -999.0, -999.0, -999.0</values>
						</lower_bound>
						<upper_bound>
							<values>0.57096, 0.02304, 0.59099, 1.0, 0.25434, 0.29703, 0.51425, 0.4072, 0.63446, 0.09287, 0.18554, 0.15112, 0.1495, -999.0, -999.0, -999.0, -999.0, -999.0</values>
						</upper_bound>
					</main_interval>
					<sample_size>
						<values>1000.0, 1000.0, 1000.0, 1000.0, 1000.0, 1000.0, 1000.0, 1000.0, 1000.0, 1000.0, 1000.0, 1000.0, 1000.0, -999.0, -999.0, -999.0, -999.0, -999.0</values>
					</sample_size>
				</sampling_intervals>
			</data>
		</threshold>
		<threshold>
			<threshold_value>GT 0.48348 (Pr=0.525)</threshold_value>
			<data>
				<values>0.54491, 0.01887, 0.56378, 1.0, 0.23375, 0.27868, 0.50002, 0.32232, 0.60054, 0.06621, 0.17661, 0.13299, 0.14569, -999.0, -999.0, -999.0, -999.0, -999.0</values>
				<sampling_intervals>
					<main_interval>
						<bounds>0.05, 0.95</bounds>
						<lower_bound>
							<values>0.51322, 0.01476, 0.53113, 1.0, 0.21654, 0.25576, 0.48339, 0.28116, 0.52774, 0.05483, 0.14809, 0.12043, 0.13069, -999.0, -999.0, -999.0, -999.0, -999.0</values>
						</lower_bound>
						<upper_bound>
							<values>0.57107, 0.02498, 0.59225, 1.0, 0.25428, 0.29802, 0.51483, 0.37811, 0.67801, 0.08336, 0.20704, 0.1444, 0.15724, -999.0, -999.0, -999.0, -999.0, -999.0</values>
						</upper_bound>
					</main_interval>
					<sample_size>
						<values>1000.0, 1000.0, 1000.0, 1000.0, 1000.0, 1000.0, 1000.0, 1000.0, 1000.0, 1000.0, 1000.0, 1000.0, 1000.0, -999.0, -999.0, -999.0, -999.0, -999.0</values>
					</sample_size>
				</sampling_intervals>
			</data>
		</threshold>
		<threshold>
			<threshold_value>GT 0.52245 (Pr=0.55)</threshold_value>
			<data>
				<values>0.54028, 0.02119, 0.56147, 1.0, 0.23766, 0.27737, 0.49943, 0.30541, 0.64745, 0.06095, 0.19893, 0.12513, 0.15224, -999.0, -999.0, -999.0, -999.0, -999.0</values>
				<sampling_intervals>
					<main_interval>
						<bounds>0.05, 0.95</bounds>
						<lower_bound>
							<values>0.50988, 0.01665, 0.53136, 1.0, 0.21933, 0.25468, 0.48309, 0.26897, 0.56538, 0.05045, 0.16628, 0.11407, 0.13711, -999.0, -999.0, -999.0, -999.0, -999.0</values>
						</lower_bound>
						<upper_bound>
							<values>0.56725, 0.0279, 0.59038, 1.0, 0.25834, 0.29798, 0.51523, 0.35797, 0.7266, 0.07603, 0.23159, 0.13682, 0.16488, -999.0, -999.0, -999.0, -999.0, -999.0</values>
						</upper_bound>
					</main_interval>
					<sample_size>
						<values>1000.0, 1000.0, 1000.0, 1000.0, 1000.0, 1000.0, 1000.0, 1000.0, 1000.0, 1000.0, 1000.0, 1000.0, 1000.0, -999.0, -999.0, -999.0, -999.0, -999.0</values>
					</sample_size>
				</sampling_intervals>
			</data>
		</threshold>
		<threshold>
			<threshold_value>GT 0.56662 (Pr=0.575)</threshold_value>
			<data>
				<values>0.52841, 0.02377, 0.55218, 1.0, 0.24463, 0.2716, 0.49856, 0.3046, 0.69448, 0.05916, 0.22112, 0.11633, 0.15527, -999.0, -999.0, -999.0, -999.0, -999.0</values>
				<sampling_intervals>
					<main_interval>
						<bounds>0.05, 0.95</bounds>
						<lower_bound>
							<values>0.49991, 0.0186, 0.52385, 1.0, 0.2244, 0.25237, 0.484, 0.26112, 0.61168, 0.04755, 0.18748, 0.10567, 0.14188, -999.0, -999.0, -999.0, -999.0, -999.0</values>
						</lower_bound>
						<upper_bound>
							<values>0.56007, 0.03132, 0.58498, 1.0, 0.26492, 0.29529, 0.51515, 0.34411, 0.78398, 0.07075, 0.26044, 0.12816, 0.17077, -999.0, -999.0, -999.0, -999.0, -999.0</values>
						</upper_bound>
					</main_interval>
					<sample_size>
						<values>1000.0, 1000.0, 1000.0, 1000.0, 1000.0, 1000.0, 1000.0, 1000.0, 1000.0, 1000.0, 1000.0, 1000.0, 1000.0, -999.0, -999.0, -999.0, -999.0, -999.0</values>
					</sample_size>
				</sampling_intervals>
			</data>
		</threshold>
		<threshold>
			<threshold_value>GT 0.60792 (Pr=0.6)</threshold_value>
			<data>
				<values>0.51777, 0.02553, 0.5433, 1.0, 0.2505, 0.26863, 0.50035, 0.29597, 0.75606, 0.05532, 0.24871, 0.10875, 0.15988, -999.0, -999.0, -999.0, -999.0, -999.0</values>
				<sampling_intervals>
					<main_interval>
						<bounds>0.05, 0.95</bounds>
						<lower_bound>
							<values>0.49123, 0.02072, 0.51786, 1.0, 0.22971, 0.25049, 0.48594, 0.25627, 0.67151, 0.04512, 0.21387, 0.09889, 0.14789, -999.0, -999.0, -999.0, -999.0, -999.0</values>
						</lower_bound>
						<upper_bound>
							<values>0.55, 0.0344, 0.57634, 1.0, 0.2687, 0.29136, 0.51752, 0.32833, 0.85416, 0.0643, 0.29368, 0.1197, 0.1756, -999.0, -999.0, -999.0, -999.0, -999.0</values>
						</upper_bound>
					</main_interval>
					<sample_size>
						<values>1000.0, 1000.0, 1000.0, 1000.0, 1000.0, 1000.0, 1000.0, 1000.0, 1000.0, 1000.0, 1000.0, 1000.0, 1000.0, -999.0, -999.0, -999.0, -999.0, -999.0</values>
					</sample_size>
				</sampling_intervals>
			</data>
		</threshold>
		<threshold>
			<threshold_value>GT 0.65126 (Pr=0.625)</threshold_value>
			<data>
				<values>0.51041, 0.02967, 0.54008, 1.0, 0.25412, 0.27043, 0.5059, 0.27621, 0.84395, 0.04881, 0.28741, 0.10164, 0.16879, -999.0, -999.0, -999.0, -999.0, -999.0</values>
				<sampling_intervals>
					<main_interval>
						<bounds>0.05, 0.95</bounds>
						<lower_bound>
							<values>0.48021, 0.02338, 0.51214, 1.0, 0.2348, 0.25108, 0.48961, 0.24658, 0.73392, 0.04137, 0.24098, 0.09246, 0.15402, -999.0, -999.0, -999.0, -999.0, -999.0</values>
						</lower_bound>
						<upper_bound>
							<values>0.54148, 0.0391, 0.57026, 1.0, 0.27404, 0.29009, 0.52063, 0.30967, 0.94465, 0.05812, 0.33249, 0.11243, 0.18166, -999.0, -999.0, -999.0, -999.0, -999.0</values>
						</upper_bound>
					</main_interval>
					<sample_size>
						<values>1000.0, 1000.0, 1000.0, 1000.0, 1000.0, 1000.0, 1000.0, 1000.0, 1000.0, 1000.0, 1000.0, 1000.0, 1000.0, -999.0, -999.0, -999.0, -999.0, -999.0</values>
					</sample_size>
				</sampling_intervals>
			</data>
		</threshold>
		<threshold>
			<threshold_value>GT 0.69805 (Pr=0.65)</threshold_value>
			<data>
				<values>0.49807, 0.03505, 0.53313, 1.0, 0.26035, 0.26962, 0.51119, 0.2633, 0.93952, 0.04435, 0.32831, 0.09514, 0.17448, -999.0, -999.0, -999.0, -999.0, -999.0</values>
				<sampling_intervals>
					<main_interval>
						<bounds>0.05, 0.95</bounds>
						<lower_bound>
							<values>0.46959, 0.02656, 0.50696, 1.0, 0.23854, 0.25068, 0.49433, 0.23634, 0.8076, 0.03795, 0.27115, 0.0863, 0.16045, -999.0, -999.0, -999.0, -999.0, -999.0</values>
						</lower_bound>
						<upper_bound>
							<values>0.53483, 0.0449, 0.56706, 1.0, 0.27918, 0.29031, 0.52605, 0.29509, 1.05703, 0.05304, 0.38143, 0.10535, 0.18909, -999.0, -999.0, -999.0, -999.0, -999.0</values>
						</upper_bound>
					</main_interval>
					<sample_size>
						<values>1000.0, 1000.0, 1000.0, 1000.0, 1000.0, 1000.0, 1000.0, 1000.0, 1000.0, 1000.0, 1000.0, 1000.0, 1000.0, -999.0, -999.0, -999.0, -999.0, -999.0</values>
					</sample_size>
				</sampling_intervals>
			</data>
		</threshold>
		<threshold>
			<threshold_value>GT 0.75731 (Pr=0.675)</threshold_value>
			<data>
				<values>0.4972, 0.03759, 0.5348, 1.0, 0.25965, 0.27209, 0.51524, 0.25716, 1.00518, 0.04154, 0.35727, 0.08935, 0.18274, -999.0, -999.0, -999.0, -999.0, -999.0</values>
				<sampling_intervals>
					<main_interval>
						<bounds>0.05, 0.95</bounds>
						<lower_bound>
							<values>0.46056, 0.02974, 0.50439, 1.0, 0.23949, 0.25213, 0.49924, 0.22889, 0.87518, 0.03465, 0.30304, 0.08079, 0.16903, -999.0, -999.0, -999.0, -999.0, -999.0</values>
						</lower_bound>
						<upper_bound>
							<values>0.53017, 0.05019, 0.5667, 1.0, 0.28225, 0.2926, 0.5325, 0.28359, 1.16202, 0.04801, 0.4273, 0.09814, 0.19796, -999.0, -999.0, -999.0, -999.0, -999.0</values>
						</upper_bound>
					</main_interval>
					<sample_size>
						<values>1000.0, 1000.0, 1000.0, 1000.0, 1000.0, 1000.0, 1000.0, 1000.0, 1000.0, 1000.0, 1000.0, 1000.0, 1000.0, -999.0, -999.0, -999.0, -999.0, -999.0</values>
					</sample_size>
				</sampling_intervals>
			</data>
		</threshold>
		<threshold>
			<threshold_value>GT 0.82365 (Pr=0.7)</threshold_value>
			<data>
				<values>0.48962, 0.04331, 0.53293, 1.0, 0.26208, 0.27521, 0.52351, 0.24808, 1.11662, 0.0371, 0.40756, 0.08311, 0.19209, -999.0, -999.0, -999.0, -999.0, -999.0</values>
				<sampling_intervals>
					<main_interval>
						<bounds>0.05, 0.95</bounds>
						<lower_bound>
							<values>0.4543, 0.03336, 0.50187, 1.0, 0.24094, 0.25452, 0.5055, 0.22186, 0.96424, 0.03141, 0.34151, 0.07514, 0.17688, -999.0, -999.0, -999.0, -999.0, -999.0</values>
						</lower_bound>
						<upper_bound>
							<values>0.52342, 0.05651, 0.56435, 1.0, 0.28479, 0.29555, 0.54068, 0.27525, 1.2816, 0.04354, 0.48045, 0.09205, 0.20753, -999.0, -999.0, -999.0, -999.0, -999.0</values>
						</upper_bound>
					</main_interval>
					<sample_size>
						<values>1000.0, 1000.0, 1000.0, 1000.0, 1000.0, 1000.0, 1000.0, 1000.0, 1000.0, 1000.0, 1000.0, 1000.0, 1000.0, -999.0, -999.0, -999.0, -999.0, -999.0</values>
					</sample_size>
				</sampling_intervals>
			</data>
		</threshold>
		<threshold>
			<threshold_value>GT 0.90414 (Pr=0.725)</threshold_value>
			<data>
				<values>0.48202, 0.04858, 0.5306, 1.0, 0.26345, 0.27773, 0.53226, 0.24429, 1.23431, 0.03382, 0.45783, 0.07678, 0.20095, -999.0, -999.0, -999.0, -999.0, -999.0</values>
				<sampling_intervals>
					<main_interval>
						<bounds>0.05, 0.95</bounds>
						<lower_bound>
							<values>0.44465, 0.0373, 0.49994, 1.0, 0.24304, 0.25672, 0.51272, 0.21871, 1.05884, 0.02854, 0.38042, 0.06926, 0.18547, -999.0, -999.0, -999.0, -999.0, -999.0</values>
						</lower_bound>
						<upper_bound>
							<values>0.51552, 0.06409, 0.56175, 1.0, 0.28636, 0.29829, 0.54994, 0.27111, 1.43293, 0.03973, 0.54589, 0.08536, 0.21663, -999.0, -999.0, -999.0, -999.0, -999.0</values>
						</upper_bound>
					</main_interval>
					<sample_size>
						<values>1000.0, 1000.0, 1000.0, 1000.0, 1000.0, 1000.0, 1000.0, 1000.0, 1000.0, 1000.0, 1000.0, 1000.0, 1000.0, -999.0, -999.0, -999.0, -999.0, -999.0</values>
					</sample_size>
				</sampling_intervals>
			</data>
		</threshold>
		<threshold>
			<threshold_value>GT 0.98992 (Pr=0.75)</threshold_value>
			<data>
				<values>0.47082, 0.05524, 0.52606, 1.0, 0.26682, 0.27859, 0.54095, 0.24018, 1.38581, 0.031, 0.51854, 0.07028, 0.20831, -999.0, -999.0, -999.0, -999.0, -999.0</values>
				<sampling_intervals>
					<main_interval>
						<bounds>0.05, 0.95</bounds>
						<lower_bound>
							<values>0.43345, 0.04072, 0.49531, 1.0, 0.24617, 0.258, 0.51925, 0.21684, 1.17043, 0.02661, 0.4276, 0.06278, 0.19204, -999.0, -999.0, -999.0, -999.0, -999.0</values>
						</lower_bound>
						<upper_bound>
							<values>0.50759, 0.07057, 0.55681, 1.0, 0.29061, 0.29866, 0.55847, 0.26824, 1.60086, 0.03683, 0.61608, 0.07804, 0.22404, -999.0, -999.0, -999.0, -999.0, -999.0</values>
						</upper_bound>
					</main_interval>
					<sample_size>
						<values>1000.0, 1000.0, 1000.0, 1000.0, 1000.0, 1000.0, 1000.0, 1000.0, 1000.0, 1000.0, 1000.0, 1000.0, 1000.0, -999.0, -999.0, -999.0, -999.0, -999.0</values>
					</sample_size>
				</sampling_intervals>
			</data>
		</threshold>
		<threshold>
			<threshold_value>GT 1.02632 (Pr=0.76)</threshold_value>
			<data>
				<values>0.46486, 0.05537, 0.52024, 1.0, 0.26928, 0.27608, 0.54193, 0.24433, 1.44378, 0.03069, 0.54173, 0.06694, 0.20914, -999.0, -999.0, -999.0, -999.0, -999.0</values>
				<sampling_intervals>
					<main_interval>
						<bounds>0.05, 0.95</bounds>
						<lower_bound>
							<values>0.42798, 0.04251, 0.49252, 1.0, 0.24657, 0.2571, 0.5217, 0.21685, 1.2089, 0.02565, 0.44432, 0.06012, 0.19433, -999.0, -999.0, -999.0, -999.0, -999.0</values>
						</lower_bound>
						<upper_bound>
							<values>0.50688, 0.07361, 0.55661, 1.0, 0.29285, 0.29884, 0.56064, 0.26812, 1.68269, 0.03552, 0.65008, 0.07522, 0.2274, -999.0, -999.0, -999.0, -999.0, -999.0</values>
						</upper_bound>
					</main_interval>
					<sample_size>
						<values>1000.0, 1000.0, 1000.0, 1000.0, 1000.0, 1000.0, 1000.0, 1000.0, 1000.0, 1000.0, 1000.0, 1000.0, 1000.0, -999.0, -999.0, -999.0, -999.0, -999.0</values>
					</sample_size>
				</sampling_intervals>
			</data>
		</threshold>
		<threshold>
			<threshold_value>GT 1.06649 (Pr=0.77)</threshold_value>
			<data>
				<values>0.4639, 0.05857, 0.52247, 1.0, 0.26952, 0.27808, 0.54465, 0.24015, 1.51728, 0.02916, 0.57303, 0.06444, 0.21364, -999.0, -999.0, -999.0, -999.0, -999.0</values>
				<sampling_intervals>
					<main_interval>
						<bounds>0.05, 0.95</bounds>
						<lower_bound>
							<values>0.42195, 0.0437, 0.48985, 1.0, 0.24613, 0.25653, 0.5226, 0.21528, 1.25674, 0.0247, 0.46269, 0.05764, 0.19744, -999.0, -999.0, -999.0, -999.0, -999.0</values>
						</lower_bound>
						<upper_bound>
							<values>0.50894, 0.07601, 0.55856, 1.0, 0.29431, 0.29926, 0.56383, 0.26653, 1.76419, 0.03408, 0.68481, 0.07249, 0.2307, -999.0, -999.0, -999.0, -999.0, -999.0</values>
						</upper_bound>
					</main_interval>
					<sample_size>
						<values>1000.0, 1000.0, 1000.0, 1000.0, 1000.0, 1000.0, 1000.0, 1000.0, 1000.0, 1000.0, 1000.0, 1000.0, 1000.0, -999.0, -999.0, -999.0, -999.0, -999.0</values>
					</sample_size>
				</sampling_intervals>
			</data>
		</threshold>
		<threshold>
			<threshold_value>GT 1.11411 (Pr=0.78)</threshold_value>
			<data>
				<values>0.46953, 0.05944, 0.52897, 1.0, 0.26675, 0.2815, 0.54522, 0.23774, 1.56137, 0.02782, 0.59438, 0.06226, 0.21924, -999.0, -999.0, -999.0, -999.0, -999.0</values>
				<sampling_intervals>
					<main_interval>
						<bounds>0.05, 0.95</bounds>
						<lower_bound>
							<values>0.41921, 0.04487, 0.49115, 1.0, 0.24426, 0.25794, 0.52353, 0.21421, 1.29626, 0.02384, 0.48097, 0.0551, 0.20103, -999.0, -999.0, -999.0, -999.0, -999.0</values>
						</lower_bound>
						<upper_bound>
							<values>0.51011, 0.07838, 0.56125, 1.0, 0.29566, 0.30179, 0.56571, 0.26534, 1.85852, 0.03271, 0.7223, 0.06972, 0.23531, -999.0, -999.0, -999.0, -999.0, -999.0</values>
						</upper_bound>
					</main_interval>
					<sample_size>
						<values>1000.0, 1000.0, 1000.0, 1000.0, 1000.0, 1000.0, 1000.0, 1000.0, 1000.0, 1000.0, 1000.0, 1000.0, 1000.0, -999.0, -999.0, -999.0, -999.0, -999.0</values>
					</sample_size>
				</sampling_intervals>
			</data>
		</threshold>
		<threshold>
			<threshold_value>GT 1.16262 (Pr=0.79)</threshold_value>
			<data>
				<values>0.46737, 0.06203, 0.52939, 1.0, 0.26774, 0.28241, 0.5473, 0.2354, 1.64836, 0.02655, 0.63089, 0.05941, 0.223, -999.0, -999.0, -999.0, -999.0, -999.0</values>
				<sampling_intervals>
					<main_interval>
						<bounds>0.05, 0.95</bounds>
						<lower_bound>
							<values>0.41962, 0.04635, 0.49326, 1.0, 0.24397, 0.25888, 0.52473, 0.21339, 1.34827, 0.02309, 0.49792, 0.0527, 0.2047, -999.0, -999.0, -999.0, -999.0, -999.0</values>
						</lower_bound>
						<upper_bound>
							<values>0.5103, 0.08042, 0.56328, 1.0, 0.29505, 0.30275, 0.56833, 0.26395, 1.94749, 0.03145, 0.75705, 0.06718, 0.23921, -999.0, -999.0, -999.0, -999.0, -999.0</values>
						</upper_bound>
					</main_interval>
					<sample_size>
						<values>1000.0, 1000.0, 1000.0, 1000.0, 1000.0, 1000.0, 1000.0, 1000.0, 1000.0, 1000.0, 1000.0, 1000.0, 1000.0, -999.0, -999.0, -999.0, -999.0, -999.0</values>
					</sample_size>
				</sampling_intervals>
			</data>
		</threshold>
		<threshold>
			<threshold_value>GT 1.21748 (Pr=0.8)</threshold_value>
			<data>
				<values>0.47089, 0.06112, 0.53201, 1.0, 0.26448, 0.28381, 0.54845, 0.23816, 1.68346, 0.02601, 0.63996, 0.05713, 0.22668, -999.0, -999.0, -999.0, -999.0, -999.0</values>
				<sampling_intervals>
					<main_interval>
						<bounds>0.05, 0.95</bounds>
						<lower_bound>
							<values>0.41872, 0.0476, 0.49441, 1.0, 0.24412, 0.26044, 0.52441, 0.21361, 1.4185, 0.02223, 0.52395, 0.05021, 0.20736, -999.0, -999.0, -999.0, -999.0, -999.0</values>
						</lower_bound>
						<upper_bound>
							<values>0.50658, 0.08189, 0.56376, 1.0, 0.29508, 0.30239, 0.57011, 0.26393, 2.02545, 0.03051, 0.79897, 0.06373, 0.24176, -999.0, -999.0, -999.0, -999.0, -999.0</values>
						</upper_bound>
					</main_interval>
					<sample_size>
						<values>1000.0, 1000.0, 1000.0, 1000.0, 1000.0, 1000.0, 1000.0, 1000.0, 1000.0, 1000.0, 1000.0, 1000.0, 1000.0, -999.0, -999.0, -999.0, -999.0, -999.0</values>
					</sample_size>
				</sampling_intervals>
			</data>
		</threshold>
		<threshold>
			<threshold_value>GT 1.26656 (Pr=0.81)</threshold_value>
			<data>
				<values>0.46922, 0.06269, 0.53191, 1.0, 0.2651, 0.28359, 0.54927, 0.23909, 1.76231, 0.02516, 0.67085, 0.05431, 0.22928, -999.0, -999.0, -999.0, -999.0, -999.0</values>
				<sampling_intervals>
					<main_interval>
						<bounds>0.05, 0.95</bounds>
						<lower_bound>
							<values>0.41863, 0.04915, 0.49514, 1.0, 0.24737, 0.25797, 0.52007, 0.21457, 1.48975, 0.02139, 0.54687, 0.04749, 0.20884, -999.0, -999.0, -999.0, -999.0, -999.0</values>
						</lower_bound>
						<upper_bound>
							<values>0.50291, 0.08347, 0.56169, 1.0, 0.29411, 0.30188, 0.57121, 0.26691, 2.12148, 0.03033, 0.83906, 0.06034, 0.2439, -999.0, -999.0, -999.0, -999.0, -999.0</values>
						</upper_bound>
					</main_interval>
					<sample_size>
						<values>1000.0, 1000.0, 1000.0, 1000.0, 1000.0, 1000.0, 1000.0, 1000.0, 1000.0, 1000.0, 1000.0, 1000.0, 1000.0, -999.0, -999.0, -999.0, -999.0, -999.0</values>
					</sample_size>
				</sampling_intervals>
			</data>
		</threshold>
		<threshold>
			<threshold_value>GT 1.32925 (Pr=0.82)</threshold_value>
			<data>
				<values>0.46315, 0.06458, 0.52773, 1.0, 0.26969, 0.27856, 0.54571, 0.24167, 1.87454, 0.02484, 0.71203, 0.05036, 0.2282, -999.0, -999.0, -999.0, -999.0, -999.0</values>
				<sampling_intervals>
					<main_interval>
						<bounds>0.05, 0.95</bounds>
						<lower_bound>
							<values>0.41653, 0.05119, 0.49255, 1.0, 0.25157, 0.25382, 0.51344, 0.21727, 1.57437, 0.02124, 0.58033, 0.04431, 0.20783, -999.0, -999.0, -999.0, -999.0, -999.0</values>
						</lower_bound>
						<upper_bound>
							<values>0.49673, 0.08478, 0.55768, 1.0, 0.29682, 0.29766, 0.57077, 0.27037, 2.23651, 0.02997, 0.88495, 0.05648, 0.24379, -999.0, -999.0, -999.0, -999.0, -999.0</values>
						</upper_bound>
					</main_interval>
					<sample_size>
						<values>1000.0, 1000.0, 1000.0, 1000.0, 1000.0, 1000.0, 1000.0, 1000.0, 1000.0, 1000.0, 1000.0, 1000.0, 1000.0, -999.0, -999.0, -999.0, -999.0, -999.0</values>
					</sample_size>
				</sampling_intervals>
			</data>
		</threshold>
		<threshold>
			<threshold_value>GT 1.40137 (Pr=0.83)</threshold_value>
			<data>
				<values>0.45681, 0.06508, 0.52189, 1.0, 0.27899, 0.2669, 0.5311, 0.25071, 1.96759, 0.0255, 0.75393, 0.04547, 0.22143, -999.0, -999.0, -999.0, -999.0, -999.0</values>
				<sampling_intervals>
					<main_interval>
						<bounds>0.05, 0.95</bounds>
						<lower_bound>
							<values>0.41144, 0.05353, 0.48816, 1.0, 0.25667, 0.24922, 0.5095, 0.22222, 1.66989, 0.02104, 0.62115, 0.04096, 0.20631, -999.0, -999.0, -999.0, -999.0, -999.0</values>
						</lower_bound>
						<upper_bound>
							<values>0.49124, 0.08671, 0.55343, 1.0, 0.30269, 0.2916, 0.56784, 0.27155, 2.36362, 0.0292, 0.93384, 0.05198, 0.24197, -999.0, -999.0, -999.0, -999.0, -999.0</values>
						</upper_bound>
					</main_interval>
					<sample_size>
						<values>1000.0, 1000.0, 1000.0, 1000.0, 1000.0, 1000.0, 1000.0, 1000.0, 1000.0, 1000.0, 1000.0, 1000.0, 1000.0, -999.0, -999.0, -999.0, -999.0, -999.0</values>
					</sample_size>
				</sampling_intervals>
			</data>
		</threshold>
		<threshold>
			<threshold_value>GT 1.46583 (Pr=0.84)</threshold_value>
			<data>
				<values>0.44703, 0.06979, 0.51682, 1.0, 0.28445, 0.26464, 0.53316, 0.2489, 2.14199, 0.02431, 0.8225, 0.04251, 0.22213, -999.0, -999.0, -999.0, -999.0, -999.0</values>
				<sampling_intervals>
					<main_interval>
						<bounds>0.05, 0.95</bounds>
						<lower_bound>
							<values>0.40461, 0.05611, 0.48418, 1.0, 0.26198, 0.24504, 0.50454, 0.22532, 1.74439, 0.02086, 0.64797, 0.03781, 0.20558, -999.0, -999.0, -999.0, -999.0, -999.0</values>
						</lower_bound>
						<upper_bound>
							<values>0.4904, 0.08828, 0.55514, 1.0, 0.30757, 0.28492, 0.55951, 0.27269, 2.52594, 0.02842, 0.99558, 0.04794, 0.23949, -999.0, -999.0, -999.0, -999.0, -999.0</values>
						</upper_bound>
					</main_interval>
					<sample_size>
						<values>1000.0, 1000.0, 1000.0, 1000.0, 1000.0, 1000.0, 1000.0, 1000.0, 1000.0, 1000.0, 1000.0, 1000.0, 1000.0, -999.0, -999.0, -999.0, -999.0, -999.0</values>
					</sample_size>
				</sampling_intervals>
			</data>
		</threshold>
		<threshold>
			<threshold_value>GT 1.54353 (Pr=0.85)</threshold_value>
			<data>
				<values>0.45321, 0.07233, 0.52553, 1.0, 0.28403, 0.26475, 0.52752, 0.2473, 2.23821, 0.02322, 0.86333, 0.03983, 0.22493, -999.0, -999.0, -999.0, -999.0, -999.0</values>
				<sampling_intervals>
					<main_interval>
						<bounds>0.05, 0.95</bounds>
						<lower_bound>
							<values>0.39963, 0.05825, 0.48473, 1.0, 0.26484, 0.24242, 0.49912, 0.22693, 1.84464, 0.02045, 0.68952, 0.0349, 0.20588, -999.0, -999.0, -999.0, -999.0, -999.0</values>
						</lower_bound>
						<upper_bound>
							<values>0.49053, 0.0901, 0.55818, 1.0, 0.31271, 0.28173, 0.55467, 0.27611, 2.67602, 0.02745, 1.05887, 0.04464, 0.23893, -999.0, -999.0, -999.0, -999.0, -999.0</values>
						</upper_bound>
					</main_interval>
					<sample_size>
						<values>1000.0, 1000.0, 1000.0, 1000.0, 1000.0, 1000.0, 1000.0, 1000.0, 1000.0, 1000.0, 1000.0, 1000.0, 1000.0, -999.0, -999.0, -999.0, -999.0, -999.0</values>
					</sample_size>
				</sampling_intervals>
			</data>
		</threshold>
		<threshold>
			<threshold_value>GT 1.63245 (Pr=0.86)</threshold_value>
			<data>
				<values>0.44984, 0.07367, 0.52351, 1.0, 0.28819, 0.25882, 0.52079, 0.25472, 2.35917, 0.02289, 0.90653, 0.03634, 0.22249, -999.0, -999.0, -999.0, -999.0, -999.0</values>
				<sampling_intervals>
					<main_interval>
						<bounds>0.05, 0.95</bounds>
						<lower_bound>
							<values>0.39902, 0.06029, 0.48573, 1.0, 0.26742, 0.23825, 0.49646, 0.23003, 1.98206, 0.01981, 0.73774, 0.03196, 0.20482, -999.0, -999.0, -999.0, -999.0, -999.0</values>
						</lower_bound>
						<upper_bound>
							<values>0.48587, 0.09344, 0.55713, 1.0, 0.31614, 0.27911, 0.55087, 0.28036, 2.85582, 0.02652, 1.13309, 0.04122, 0.2392, -999.0, -999.0, -999.0, -999.0, -999.0</values>
						</upper_bound>
					</main_interval>
					<sample_size>
						<values>1000.0, 1000.0, 1000.0, 1000.0, 1000.0, 1000.0, 1000.0, 1000.0, 1000.0, 1000.0, 1000.0, 1000.0, 1000.0, -999.0, -999.0, -999.0, -999.0, -999.0</values>
					</sample_size>
				</sampling_intervals>
			</data>
		</threshold>
		<threshold>
			<threshold_value>GT 1.71972 (Pr=0.87)</threshold_value>
			<data>
				<values>0.44132, 0.07712, 0.51844, 1.0, 0.29386, 0.25429, 0.51911, 0.25756, 2.5569, 0.02208, 0.97787, 0.0333, 0.22099, -999.0, -999.0, -999.0, -999.0, -999.0</values>
				<sampling_intervals>
					<main_interval>
						<bounds>0.05, 0.95</bounds>
						<lower_bound>
							<values>0.39741, 0.06364, 0.48551, 1.0, 0.27334, 0.23334, 0.49126, 0.23496, 2.14733, 0.01925, 0.79483, 0.02907, 0.20335, -999.0, -999.0, -999.0, -999.0, -999.0</values>
						</lower_bound>
						<upper_bound>
							<values>0.47659, 0.09673, 0.55115, 1.0, 0.31909, 0.27234, 0.54593, 0.28424, 3.07187, 0.02566, 1.21944, 0.03749, 0.23699, -999.0, -999.0, -999.0, -999.0, -999.0</values>
						</upper_bound>
					</main_interval>
					<sample_size>
						<values>1000.0, 1000.0, 1000.0, 1000.0, 1000.0, 1000.0, 1000.0, 1000.0, 1000.0, 1000.0, 1000.0, 1000.0, 1000.0, -999.0, -999.0, -999.0, -999.0, -999.0</values>
					</sample_size>
				</sampling_intervals>
			</data>
		</threshold>
		<threshold>
			<threshold_value>GT 1.81883 (Pr=0.88)</threshold_value>
			<data>
				<values>0.43251, 0.08299, 0.5155, 1.0, 0.30063, 0.24835, 0.51521, 0.2625, 2.78152, 0.02131, 1.05951, 0.03007, 0.21828, -999.0, -999.0, -999.0, -999.0, -999.0</values>
				<sampling_intervals>
					<main_interval>
						<bounds>0.05, 0.95</bounds>
						<lower_bound>
							<values>0.38894, 0.06754, 0.48083, 1.0, 0.28034, 0.22776, 0.48718, 0.24093, 2.33351, 0.01849, 0.85133, 0.02606, 0.20036, -999.0, -999.0, -999.0, -999.0, -999.0</values>
						</lower_bound>
						<upper_bound>
							<values>0.46654, 0.10163, 0.54623, 1.0, 0.3259, 0.26648, 0.54444, 0.28901, 3.35537, 0.0248, 1.32662, 0.03369, 0.23357, -999.0, -999.0, -999.0, -999.0, -999.0</values>
						</upper_bound>
					</main_interval>
					<sample_size>
						<values>1000.0, 1000.0, 1000.0, 1000.0, 1000.0, 1000.0, 1000.0, 1000.0, 1000.0, 1000.0, 1000.0, 1000.0, 1000.0, -999.0, -999.0, -999.0, -999.0, -999.0</values>
					</sample_size>
				</sampling_intervals>
			</data>
		</threshold>
		<threshold>
			<threshold_value>GT 1.94355 (Pr=0.89)</threshold_value>
			<data>
				<values>0.42316, 0.08537, 0.50853, 1.0, 0.30806, 0.23953, 0.50831, 0.2707, 3.04497, 0.02078, 1.13313, 0.02643, 0.2131, -999.0, -999.0, -999.0, -999.0, -999.0</values>
				<sampling_intervals>
					<main_interval>
						<bounds>0.05, 0.95</bounds>
						<lower_bound>
							<values>0.37717, 0.0717, 0.4774, 1.0, 0.28503, 0.22219, 0.4832, 0.24628, 2.53091, 0.01791, 0.89865, 0.02335, 0.19835, -999.0, -999.0, -999.0, -999.0, -999.0</values>
						</lower_bound>
						<upper_bound>
							<values>0.46116, 0.10631, 0.54453, 1.0, 0.33326, 0.25936, 0.54036, 0.29278, 3.66763, 0.02367, 1.43615, 0.03017, 0.23011, -999.0, -999.0, -999.0, -999.0, -999.0</values>
						</upper_bound>
					</main_interval>
					<sample_size>
						<values>1000.0, 1000.0, 1000.0, 1000.0, 1000.0, 1000.0, 1000.0, 1000.0, 1000.0, 1000.0, 1000.0, 1000.0, 1000.0, -999.0, -999.0, -999.0, -999.0, -999.0</values>
					</sample_size>
				</sampling_intervals>
			</data>
		</threshold>
		<threshold>
			<threshold_value>GT 2.07191 (Pr=0.9)</threshold_value>
			<data>
				<values>0.42438, 0.08883, 0.51321, 1.0, 0.30796, 0.23723, 0.5049, 0.27614, 3.26621, 0.01959, 1.18531, 0.02376, 0.21347, -999.0, -999.0, -999.0, -999.0, -999.0</values>
				<sampling_intervals>
					<main_interval>
						<bounds>0.05, 0.95</bounds>
						<lower_bound>
							<values>0.37303, 0.07476, 0.47708, 1.0, 0.28345, 0.21932, 0.48207, 0.25135, 2.72488, 0.01686, 0.94472, 0.0208, 0.19762, -999.0, -999.0, -999.0, -999.0, -999.0</values>
						</lower_bound>
						<upper_bound>
							<values>0.46182, 0.11137, 0.54817, 1.0, 0.33706, 0.25816, 0.53723, 0.2968, 4.03072, 0.02199, 1.55609, 0.02733, 0.23156, -999.0, -999.0, -999.0, -999.0, -999.0</values>
						</upper_bound>
					</main_interval>
					<sample_size>
						<values>1000.0, 1000.0, 1000.0, 1000.0, 1000.0, 1000.0, 1000.0, 1000.0, 1000.0, 1000.0, 1000.0, 1000.0, 1000.0, -999.0, -999.0, -999.0, -999.0, -999.0</values>
					</sample_size>
				</sampling_intervals>
			</data>
		</threshold>
		<threshold>
			<threshold_value>GT 2.21094 (Pr=0.91)</threshold_value>
			<data>
				<values>0.42544, 0.09535, 0.52079, 1.0, 0.30287, 0.24194, 0.51363, 0.27345, 3.61457, 0.01758, 1.26635, 0.0218, 0.22014, -999.0, -999.0, -999.0, -999.0, -999.0</values>
				<sampling_intervals>
					<main_interval>
						<bounds>0.05, 0.95</bounds>
						<lower_bound>
							<values>0.37203, 0.08096, 0.47993, 1.0, 0.28069, 0.21872, 0.48536, 0.2507, 2.99479, 0.01539, 0.99181, 0.01875, 0.19933, -999.0, -999.0, -999.0, -999.0, -999.0</values>
						</lower_bound>
						<upper_bound>
							<values>0.46223, 0.11767, 0.554, 1.0, 0.33719, 0.26206, 0.54042, 0.29817, 4.41928, 0.02013, 1.65357, 0.02483, 0.23802, -999.0, -999.0, -999.0, -999.0, -999.0</values>
						</upper_bound>
					</main_interval>
					<sample_size>
						<values>1000.0, 1000.0, 1000.0, 1000.0, 1000.0, 1000.0, 1000.0, 1000.0, 1000.0, 1000.0, 1000.0, 1000.0, 1000.0, -999.0, -999.0, -999.0, -999.0, -999.0</values>
					</sample_size>
				</sampling_intervals>
			</data>
		</threshold>
		<threshold>
			<threshold_value>GT 2.3951 (Pr=0.92)</threshold_value>
			<data>
				<values>0.4245, 0.09789, 0.5224, 1.0, 0.30194, 0.23855, 0.51211, 0.28293, 3.92586, 0.01643, 1.30301, 0.01916, 0.21939, -999.0, -999.0, -999.0, -999.0, -999.0</values>
				<sampling_intervals>
					<main_interval>
						<bounds>0.05, 0.95</bounds>
						<lower_bound>
							<values>0.36924, 0.07989, 0.48304, 1.0, 0.28089, 0.21689, 0.48419, 0.25721, 3.29334, 0.01418, 1.0119, 0.01656, 0.1998, -999.0, -999.0, -999.0, -999.0, -999.0</values>
						</lower_bound>
						<upper_bound>
							<values>0.45821, 0.12559, 0.55543, 1.0, 0.33498, 0.2587, 0.54534, 0.30768, 4.95236, 0.01884, 1.77599, 0.02199, 0.23737, -999.0, -999.0, -999.0, -999.0, -999.0</values>
						</upper_bound>
					</main_interval>
					<sample_size>
						<values>1000.0, 1000.0, 1000.0, 1000.0, 1000.0, 1000.0, 1000.0, 1000.0, 1000.0, 1000.0, 1000.0, 1000.0, 1000.0, -999.0, -999.0, -999.0, -999.0, -999.0</values>
					</sample_size>
				</sampling_intervals>
			</data>
		</threshold>
		<threshold>
			<threshold_value>GT 2.57971 (Pr=0.93)</threshold_value>
			<data>
				<values>0.42026, 0.10018, 0.52044, 1.0, 0.30204, 0.23434, 0.51204, 0.29071, 4.35536, 0.01528, 1.33851, 0.01666, 0.21767, -999.0, -999.0, -999.0, -999.0, -999.0</values>
				<sampling_intervals>
					<main_interval>
						<bounds>0.05, 0.95</bounds>
						<lower_bound>
							<values>0.36409, 0.08113, 0.4777, 1.0, 0.28195, 0.20947, 0.48031, 0.26956, 3.67287, 0.0133, 1.03368, 0.01405, 0.19513, -999.0, -999.0, -999.0, -999.0, -999.0</values>
						</lower_bound>
						<upper_bound>
							<values>0.45214, 0.12523, 0.54853, 1.0, 0.33586, 0.25352, 0.54495, 0.32124, 5.55795, 0.01748, 1.8411, 0.01875, 0.23517, -999.0, -999.0, -999.0, -999.0, -999.0</values>
						</upper_bound>
					</main_interval>
					<sample_size>
						<values>1000.0, 1000.0, 1000.0, 1000.0, 1000.0, 1000.0, 1000.0, 1000.0, 1000.0, 1000.0, 1000.0, 1000.0, 1000.0, -999.0, -999.0, -999.0, -999.0, -999.0</values>
					</sample_size>
				</sampling_intervals>
			</data>
		</threshold>
		<threshold>
			<threshold_value>GT 2.85757 (Pr=0.94)</threshold_value>
			<data>
				<values>0.40508, 0.09905, 0.50413, 1.0, 0.31357, 0.2193, 0.50066, 0.31271, 4.98045, 0.01435, 1.40815, 0.01326, 0.20604, -999.0, -999.0, -999.0, -999.0, -999.0</values>
				<sampling_intervals>
					<main_interval>
						<bounds>0.05, 0.95</bounds>
						<lower_bound>
							<values>0.35657, 0.07629, 0.46884, 1.0, 0.28946, 0.19489, 0.46513, 0.2821, 4.05983, 0.01221, 1.01145, 0.01117, 0.18375, -999.0, -999.0, -999.0, -999.0, -999.0</values>
						</lower_bound>
						<upper_bound>
							<values>0.44208, 0.12763, 0.53998, 1.0, 0.34366, 0.24328, 0.54534, 0.3506, 6.35493, 0.01673, 1.91762, 0.01541, 0.22809, -999.0, -999.0, -999.0, -999.0, -999.0</values>
						</upper_bound>
					</main_interval>
					<sample_size>
						<values>1000.0, 1000.0, 1000.0, 1000.0, 1000.0, 1000.0, 1000.0, 1000.0, 1000.0, 1000.0, 1000.0, 1000.0, 1000.0, -999.0, -999.0, -999.0, -999.0, -999.0</values>
					</sample_size>
				</sampling_intervals>
			</data>
		</threshold>
		<threshold>
			<threshold_value>GT 3.2471 (Pr=0.95)</threshold_value>
			<data>
				<values>0.39631, 0.08515, 0.48146, 1.0, 0.32196, 0.19957, 0.4813, 0.35667, 5.27049, 0.01382, 1.1502, 0.01003, 0.18954, -999.0, -999.0, -999.0, -999.0, -999.0</values>
				<sampling_intervals>
					<main_interval>
						<bounds>0.05, 0.95</bounds>
						<lower_bound>
							<values>0.34218, 0.05697, 0.44503, 1.0, 0.2932, 0.17328, 0.43519, 0.317, 4.07637, 0.0117, 0.68968, 0.00824, 0.16452, -999.0, -999.0, -999.0, -999.0, -999.0</values>
						</lower_bound>
						<upper_bound>
							<values>0.44032, 0.12459, 0.522, 1.0, 0.35864, 0.22436, 0.52411, 0.39946, 6.96474, 0.01617, 1.88855, 0.01184, 0.21296, -999.0, -999.0, -999.0, -999.0, -999.0</values>
						</upper_bound>
					</main_interval>
					<sample_size>
						<values>1000.0, 1000.0, 1000.0, 1000.0, 1000.0, 1000.0, 1000.0, 1000.0, 1000.0, 1000.0, 1000.0, 1000.0, 1000.0, -999.0, -999.0, -999.0, -999.0, -999.0</values>
					</sample_size>
				</sampling_intervals>
			</data>
		</threshold>
		<threshold>
			<threshold_value>GT 3.70408 (Pr=0.96)</threshold_value>
			<data>
				<values>0.45041, 0.01659, 0.467, 1.0, 0.3139, 0.19337, 0.42906, 0.39701, 4.19685, 0.01257, 0.3202, 0.00776, 0.18561, -999.0, -999.0, -999.0, -999.0, -999.0</values>
				<sampling_intervals>
					<main_interval>
						<bounds>0.05, 0.95</bounds>
						<lower_bound>
							<values>0.35744, 0.0114, 0.42476, 1.0, 0.28284, 0.16067, 0.38703, 0.35948, 3.53436, 0.01073, 0.25988, 0.00621, 0.15431, -999.0, -999.0, -999.0, -999.0, -999.0</values>
						</lower_bound>
						<upper_bound>
							<values>0.47883, 0.09109, 0.50402, 1.0, 0.36267, 0.21977, 0.4908, 0.43848, 6.87348, 0.01454, 1.2066, 0.00924, 0.21046, -999.0, -999.0, -999.0, -999.0, -999.0</values>
						</upper_bound>
					</main_interval>
					<sample_size>
						<values>1000.0, 1000.0, 1000.0, 1000.0, 1000.0, 1000.0, 1000.0, 1000.0, 1000.0, 1000.0, 1000.0, 1000.0, 1000.0, -999.0, -999.0, -999.0, -999.0, -999.0</values>
					</sample_size>
				</sampling_intervals>
			</data>
		</threshold>
		<threshold>
			<threshold_value>GT 4.30765 (Pr=0.97)</threshold_value>
			<data>
				<values>0.4426, 0.01098, 0.45359, 1.0, 0.34335, 0.17172, 0.38577, 0.43051, 4.64379, 0.01045, 0.21506, 0.00517, 0.16655, -999.0, -999.0, -999.0, -999.0, -999.0</values>
				<sampling_intervals>
					<main_interval>
						<bounds>0.05, 0.95</bounds>
						<lower_bound>
							<values>0.39358, 0.00702, 0.41015, 1.0, 0.30325, 0.14029, 0.33731, 0.38917, 3.67382, 0.0089, 0.13299, 0.00405, 0.13591, -999.0, -999.0, -999.0, -999.0, -999.0</values>
						</lower_bound>
						<upper_bound>
							<values>0.47301, 0.02868, 0.49109, 1.0, 0.39237, 0.20188, 0.4396, 0.47867, 6.28615, 0.01218, 0.38986, 0.00642, 0.1958, -999.0, -999.0, -999.0, -999.0, -999.0</values>
						</upper_bound>
					</main_interval>
					<sample_size>
						<values>1000.0, 1000.0, 1000.0, 1000.0, 1000.0, 1000.0, 1000.0, 1000.0, 1000.0, 1000.0, 1000.0, 1000.0, 1000.0, -999.0, -999.0, -999.0, -999.0, -999.0</values>
					</sample_size>
				</sampling_intervals>
			</data>
		</threshold>
		<threshold>
			<threshold_value>GT 5.3834 (Pr=0.98)</threshold_value>
			<data>
				<values>0.38602, 0.01036, 0.39638, 1.0, 0.41606, 0.12683, 0.32475, 0.50878, 5.74833, 0.00847, 0.13696, 0.00255, 0.12428, -999.0, -999.0, -999.0, -999.0, -999.0</values>
				<sampling_intervals>
					<main_interval>
						<bounds>0.05, 0.95</bounds>
						<lower_bound>
							<values>0.34251, 0.00662, 0.35405, 1.0, 0.36144, 0.09924, 0.27508, 0.45752, 4.30023, 0.00711, 0.09592, 0.00193, 0.09727, -999.0, -999.0, -999.0, -999.0, -999.0</values>
						</lower_bound>
						<upper_bound>
							<values>0.43438, 0.02436, 0.45095, 1.0, 0.47043, 0.15942, 0.37264, 0.55908, 7.18498, 0.01002, 0.17883, 0.00333, 0.15653, -999.0, -999.0, -999.0, -999.0, -999.0</values>
						</upper_bound>
					</main_interval>
					<sample_size>
						<values>1000.0, 1000.0, 1000.0, 1000.0, 1000.0, 1000.0, 1000.0, 1000.0, 1000.0, 1000.0, 1000.0, 1000.0, 1000.0, -999.0, -999.0, -999.0, -999.0, -999.0</values>
					</sample_size>
				</sampling_intervals>
			</data>
		</threshold>
		<threshold>
			<threshold_value>GT 7.4206 (Pr=0.99)</threshold_value>
			<data>
				<values>0.37093, 0.02835, 0.39928, 1.0, 0.48575, 0.0924, 0.23572, 0.54553, 8.86759, 0.00491, 0.11224, 9.3E-4, 0.09148, -999.0, -999.0, -999.0, -999.0, -999.0</values>
				<sampling_intervals>
					<main_interval>
						<bounds>0.05, 0.95</bounds>
						<lower_bound>
							<values>0.31725, 0.01919, 0.34409, 1.0, 0.42218, 0.06904, 0.18707, 0.48377, 5.83966, 0.00399, 0.06407, 6.8E-4, 0.06831, -999.0, -999.0, -999.0, -999.0, -999.0</values>
						</lower_bound>
						<upper_bound>
							<values>0.42392, 0.06117, 0.47724, 1.0, 0.54532, 0.12287, 0.28956, 0.60063, 12.971, 0.00611, 0.18741, 0.00128, 0.12169, -999.0, -999.0, -999.0, -999.0, -999.0</values>
						</upper_bound>
					</main_interval>
					<sample_size>
						<values>1000.0, 1000.0, 1000.0, 1000.0, 1000.0, 1000.0, 1000.0, 1000.0, 1000.0, 1000.0, 1000.0, 1000.0, 1000.0, -999.0, -999.0, -999.0, -999.0, -999.0</values>
					</sample_size>
				</sampling_intervals>
			</data>
		</threshold>
		<threshold>
			<threshold_value>GT 9.17801 (Pr=0.99406)</threshold_value>
			<data>
				<values>0.29528, 0.02402, 0.3193, 1.0, 0.56744, 0.06123, 0.19851, 0.61756, 14.42575, 0.0036, 0.1122, 3.9E-4, 0.06084, -999.0, -999.0, -999.0, -999.0, -999.0</values>
				<sampling_intervals>
					<main_interval>
						<bounds>0.05, 0.95</bounds>
						<lower_bound>
							<values>0.24496, 0.01046, 0.26561, 1.0, 0.49185, 0.04762, 0.17165, 0.53919, 10.02536, 0.00271, 0.06932, 2.7E-4, 0.04738, -999.0, -999.0, -999.0, -999.0, -999.0</values>
						</lower_bound>
						<upper_bound>
							<values>0.36688, 0.0543, 0.41008, 1.0, 0.61165, 0.0895, 0.25028, 0.66271, 23.06099, 0.00412, 0.20374, 5.6E-4, 0.08899, -999.0, -999.0, -999.0, -999.0, -999.0</values>
						</upper_bound>
					</main_interval>
					<sample_size>
						<values>1000.0, 1000.0, 1000.0, 1000.0, 1000.0, 1000.0, 1000.0, 1000.0, 1000.0, 1000.0, 1000.0, 1000.0, 1000.0, -999.0, -999.0, -999.0, -999.0, -999.0</values>
					</sample_size>
				</sampling_intervals>
			</data>
		</threshold>
		<threshold>
			<threshold_value>GT 9.76595 (Pr=0.995)</threshold_value>
			<data>
				<values>0.28926, 0.01495, 0.30421, 1.0, 0.56114, 0.0632, 0.2128, 0.61438, 19.81272, 0.00283, 0.13608, 3.2E-4, 0.06288, -999.0, -999.0, -999.0, -999.0, -999.0</values>
				<sampling_intervals>
					<main_interval>
						<bounds>0.05, 0.95</bounds>
						<lower_bound>
							<values>0.22999, 0.00916, 0.24532, 1.0, 0.50398, 0.04543, 0.16596, 0.55461, 10.86979, 0.00232, 0.05907, 2.1E-4, 0.04517, -999.0, -999.0, -999.0, -999.0, -999.0</values>
						</lower_bound>
						<upper_bound>
							<values>0.35887, 0.06074, 0.40975, 1.0, 0.62016, 0.08431, 0.25028, 0.67153, 28.54699, 0.00349, 0.22503, 4.6E-4, 0.08387, -999.0, -999.0, -999.0, -999.0, -999.0</values>
						</upper_bound>
					</main_interval>
					<sample_size>
						<values>1000.0, 1000.0, 1000.0, 1000.0, 1000.0, 1000.0, 1000.0, 1000.0, 1000.0, 1000.0, 1000.0, 1000.0, 1000.0, -999.0, -999.0, -999.0, -999.0, -999.0</values>
					</sample_size>
				</sampling_intervals>
			</data>
		</threshold>
		<threshold>
			<threshold_value>GT 13.23801 (Pr=0.99755)</threshold_value>
			<data>
				<values>0.28516, 0.0342, 0.31935, 1.0, 0.60216, 0.05036, 0.16304, 0.64703, 27.66802, 0.00151, 0.07695, 1.3E-4, 0.05023, -999.0, -999.0, -999.0, -999.0, -999.0</values>
				<sampling_intervals>
					<main_interval>
						<bounds>0.05, 0.95</bounds>
						<lower_bound>
							<values>0.16283, 0.00749, 0.18013, 1.0, 0.53082, 0.02614, 0.11593, 0.57669, 13.74687, 0.00119, 0.0265, 6.0E-5, 0.02606, -999.0, -999.0, -999.0, -999.0, -999.0</values>
						</lower_bound>
						<upper_bound>
							<values>0.36595, 0.114, 0.46376, 1.0, 0.70333, 0.07311, 0.20964, 0.73529, 52.27512, 0.00195, 0.20713, 1.9E-4, 0.07294, -999.0, -999.0, -999.0, -999.0, -999.0</values>
						</upper_bound>
					</main_interval>
					<sample_size>
						<values>1000.0, 1000.0, 1000.0, 1000.0, 1000.0, 1000.0, 1000.0, 1000.0, 1000.0, 1000.0, 1000.0, 1000.0, 1000.0, -999.0, -999.0, -999.0, -999.0, -999.0</values>
					</sample_size>
				</sampling_intervals>
			</data>
		</threshold>
		<threshold>
			<threshold_value>GT 17.97252 (Pr=0.999)</threshold_value>
			<data>
				<values>0.16967, 0.03861, 0.20828, 1.0, 0.71818, 0.02332, 0.13547, 0.74649, 79.49343, 7.7E-4, 0.10674, 2.0E-5, 0.0233, -999.0, -999.0, -999.0, -999.0, -999.0</values>
				<sampling_intervals>
					<main_interval>
						<bounds>0.05, 0.95</bounds>
						<lower_bound>
							<values>0.03382, 0.01171, 0.09538, 1.0, 0.61061, 0.00903, 0.08599, 0.64092, 30.19904, 5.2E-4, 0.02447, 1.0E-5, 0.00902, -999.0, -999.0, -999.0, -999.0, -999.0</values>
						</lower_bound>
						<upper_bound>
							<values>0.28354, 0.16335, 0.39892, 1.0, 0.81438, 0.04789, 0.23151, 0.83122, 213.08161, 0.00107, 0.40663, 5.0E-5, 0.04784, -999.0, -999.0, -999.0, -999.0, -999.0</values>
						</upper_bound>
					</main_interval>
					<sample_size>
						<values>1000.0, 1000.0, 1000.0, 1000.0, 1000.0, 1000.0, 1000.0, 1000.0, 1000.0, 1000.0, 1000.0, 1000.0, 1000.0, -999.0, -999.0, -999.0, -999.0, -999.0</values>
					</sample_size>
				</sampling_intervals>
			</data>
		</threshold>
		<threshold>
			<threshold_value>GT 19.31745 (Pr=0.99928)</threshold_value>
			<data>
				<values>0.14833, 0.0329, 0.18123, 1.0, 0.71109, 0.02459, 0.16517, 0.73786, 150.38866, 5.4E-4, 0.18381, 2.0E-5, 0.02457, -999.0, -999.0, -999.0, -999.0, -999.0</values>
				<sampling_intervals>
					<main_interval>
						<bounds>0.05, 0.95</bounds>
						<lower_bound>
							<values>-0.02995, 0.01211, 0.07578, 1.0, 0.55248, 0.00599, 0.08895, 0.58168, 41.98029, 3.4E-4, 0.0272, 0.0, 0.00599, -999.0, -999.0, -999.0, -999.0, -999.0</values>
						</lower_bound>
						<upper_bound>
							<values>0.33102, 0.20429, 0.45198, 1.0, 0.85107, 0.06591, 0.27175, 0.86701, 348.2243, 8.3E-4, 0.64612, 6.0E-5, 0.06586, -999.0, -999.0, -999.0, -999.0, -999.0</values>
						</upper_bound>
					</main_interval>
					<sample_size>
						<values>1000.0, 1000.0, 1000.0, 1000.0, 1000.0, 1000.0, 1000.0, 1000.0, 1000.0, 1000.0, 1000.0, 1000.0, 1000.0, -999.0, -999.0, -999.0, -999.0, -999.0</values>
					</sample_size>
				</sampling_intervals>
			</data>
		</threshold>
		<threshold>
			<threshold_value>GT 44.15669 (Pr=0.9998)</threshold_value>
			<data>
				<values>-2.3E-4, 2.3E-4, 0.0, 1.0, 1.00023, 0.0, 0.0, 1.00046, 0.0, 2.3E-4, 0.0, 0.0, 0.0, -999.0, -999.0, -999.0, -999.0, -999.0</values>
				<sampling_intervals>
					<main_interval>
						<bounds>0.05, 0.95</bounds>
						<lower_bound>
							<values>-0.21447, 1.5E-4, 0.0, 1.0, 0.61753, 0.0, 0.0, 0.62269, 0.0, 1.1E-4, 0.0, 0.0, 0.0, -999.0, -999.0, -999.0, -999.0, -999.0</values>
						</lower_bound>
						<upper_bound>
							<values>0.33852, 0.49002, 0.74995, 1.0, 1.00045, 0.04591, 0.35342, 1.00075, 1520.86398, 4.1E-4, 1.45566, 1.0E-5, 0.0459, -999.0, -999.0, -999.0, -999.0, -999.0</values>
						</upper_bound>
					</main_interval>
					<sample_size>
						<values>1000.0, 1000.0, 1000.0, 1000.0, 1000.0, 1000.0, 1000.0, 1000.0, 1000.0, 1000.0, 1000.0, 1000.0, 1000.0, -999.0, -999.0, -999.0, -999.0, -999.0</values>
					</sample_size>
				</sampling_intervals>
			</data>
		</threshold>
	</threshold_data>
</result></results>