<?xml version="1.0" standalone="yes"?><results>
<!--Result file containing the results for a single metric by lead period.
Some metrics, such as reliability diagrams, have results for specific thresholds 
(e.g. probability thresholds).  In that case, the results are stored by lead period 
and then by threshold value.  The actual data associated with a result always appears 
within a 'values' tag.  A metric result that comprises a single value will appear as a 
single value in this tag.  A metric result that comprises a 1D matrix will appear as a 
row of values separated by commas in the input order.  A metric result that comprises a 
2D matrix will appear as a sequence of rows, each with a 'values' tag, which are written 
in the input order.  For example, a diagram metric with an x and y axis will comprise 
two rows of data (i.e. two rows within two separate 'values' tags).  The default input 
order would be data for the x axis followed by data for the y axis.  Data that refer to 
cumulative probabilities are, by default, always defined in increasing size of probability.--><meta_data>
	<thresholds_type>true</thresholds_type>
	<original_file_id>01643000_CAL.Streamflow.ICK_INF_ONE_OBS_ONE_MEAN_1D_MEAN_RAW.Brier_skill_score.xml</original_file_id>
</meta_data><result>
	<lead_hour>0.0</lead_hour>
	<threshold_data>
		<threshold>
			<threshold_value>GT 0.02 (Pr=0.0)</threshold_value>
			<data>
				<values>-17.27212, 17.74684, 0.47472, 1.0, 3.6474, 0.39697, 15.02168, 34114.6519, 0.11091, 6647.45221, 6.0E-5, 0.39676, 2.1E-4, -999.0, -999.0, -999.0, -999.0, -999.0</values>
				<sampling_intervals>
					<main_interval>
						<bounds>0.05, 0.95</bounds>
						<lower_bound>
							<values>-61.29993, 5.7637, 0.00331, 1.0, 1.32836, 0.02064, 5.23049, 3049.06611, 0.10937, 640.3901, 4.0E-5, 0.02063, 1.0E-5, -999.0, -999.0, -999.0, -999.0, -999.0</values>
						</lower_bound>
						<upper_bound>
							<values>-5.33023, 60.20151, 0.78128, 1.0, 14.1307, 0.40574, 46.9129, 214407.34127, 0.65103, 49172.18295, 6.8E-4, 0.40552, 6.3E-4, -999.0, -999.0, -999.0, -999.0, -999.0</values>
						</upper_bound>
					</main_interval>
					<sample_size>
						<values>1000.0, 1000.0, 1000.0, 1000.0, 1000.0, 1000.0, 1000.0, 1000.0, 1000.0, 1000.0, 1000.0, 1000.0, 1000.0, -999.0, -999.0, -999.0, -999.0, -999.0</values>
					</sample_size>
				</sampling_intervals>
			</data>
		</threshold>
		<threshold>
			<threshold_value>GT 0.08769 (Pr=0.025)</threshold_value>
			<data>
				<values>-0.70987, 0.93249, 0.22262, 1.0, 0.60777, 0.16811, 1.27021, 80.07375, 0.30856, 19.02637, 0.00478, 0.16516, 0.00295, -999.0, -999.0, -999.0, -999.0, -999.0</values>
				<sampling_intervals>
					<main_interval>
						<bounds>0.05, 0.95</bounds>
						<lower_bound>
							<values>-1.34817, 0.44286, 0.11477, 1.0, 0.45948, 0.10817, 0.83716, 28.22373, 0.25932, 6.53885, 0.00338, 0.10592, 0.00175, -999.0, -999.0, -999.0, -999.0, -999.0</values>
						</lower_bound>
						<upper_bound>
							<values>-0.13347, 1.49424, 0.35665, 1.0, 0.80548, 0.21036, 1.7032, 152.67971, 0.39566, 37.20861, 0.00934, 0.20594, 0.00516, -999.0, -999.0, -999.0, -999.0, -999.0</values>
						</upper_bound>
					</main_interval>
					<sample_size>
						<values>1000.0, 1000.0, 1000.0, 1000.0, 1000.0, 1000.0, 1000.0, 1000.0, 1000.0, 1000.0, 1000.0, 1000.0, 1000.0, -999.0, -999.0, -999.0, -999.0, -999.0</values>
					</sample_size>
				</sampling_intervals>
			</data>
		</threshold>
		<threshold>
			<threshold_value>GT 0.10601 (Pr=0.05)</threshold_value>
			<data>
				<values>-0.02529, 0.27703, 0.25174, 1.0, 0.46354, 0.1476, 0.70936, 16.86487, 0.34825, 3.91416, 0.01266, 0.14155, 0.00605, -999.0, -999.0, -999.0, -999.0, -999.0</values>
				<sampling_intervals>
					<main_interval>
						<bounds>0.05, 0.95</bounds>
						<lower_bound>
							<values>-0.29491, 0.14915, 0.18643, 1.0, 0.3938, 0.11806, 0.56726, 9.03417, 0.30367, 2.03322, 0.00875, 0.11268, 0.00415, -999.0, -999.0, -999.0, -999.0, -999.0</values>
						</lower_bound>
						<upper_bound>
							<values>0.17112, 0.49263, 0.33924, 1.0, 0.55235, 0.18321, 0.89977, 31.40155, 0.39617, 7.53066, 0.01894, 0.17561, 0.00887, -999.0, -999.0, -999.0, -999.0, -999.0</values>
						</upper_bound>
					</main_interval>
					<sample_size>
						<values>1000.0, 1000.0, 1000.0, 1000.0, 1000.0, 1000.0, 1000.0, 1000.0, 1000.0, 1000.0, 1000.0, 1000.0, 1000.0, -999.0, -999.0, -999.0, -999.0, -999.0</values>
					</sample_size>
				</sampling_intervals>
			</data>
		</threshold>
		<threshold>
			<threshold_value>GT 0.12108 (Pr=0.075)</threshold_value>
			<data>
				<values>0.26853, 0.08013, 0.34867, 1.0, 0.38723, 0.15723, 0.50146, 5.42893, 0.35942, 1.21012, 0.02308, 0.14569, 0.01154, -999.0, -999.0, -999.0, -999.0, -999.0</values>
				<sampling_intervals>
					<main_interval>
						<bounds>0.05, 0.95</bounds>
						<lower_bound>
							<values>0.09203, 0.0606, 0.26428, 1.0, 0.35315, 0.12909, 0.45787, 4.26085, 0.31879, 0.91885, 0.01555, 0.11992, 0.00749, -999.0, -999.0, -999.0, -999.0, -999.0</values>
						</lower_bound>
						<upper_bound>
							<values>0.32609, 0.18842, 0.40667, 1.0, 0.45326, 0.18342, 0.6247, 10.94928, 0.39674, 2.51764, 0.02739, 0.17152, 0.01339, -999.0, -999.0, -999.0, -999.0, -999.0</values>
						</upper_bound>
					</main_interval>
					<sample_size>
						<values>1000.0, 1000.0, 1000.0, 1000.0, 1000.0, 1000.0, 1000.0, 1000.0, 1000.0, 1000.0, 1000.0, 1000.0, 1000.0, -999.0, -999.0, -999.0, -999.0, -999.0</values>
					</sample_size>
				</sampling_intervals>
			</data>
		</threshold>
		<threshold>
			<threshold_value>GT 0.13681 (Pr=0.1)</threshold_value>
			<data>
				<values>0.32476, 0.05025, 0.37501, 1.0, 0.37329, 0.15946, 0.46141, 3.85519, 0.36727, 0.83974, 0.02828, 0.14538, 0.01408, -999.0, -999.0, -999.0, -999.0, -999.0</values>
				<sampling_intervals>
					<main_interval>
						<bounds>0.05, 0.95</bounds>
						<lower_bound>
							<values>0.23495, 0.02806, 0.32045, 1.0, 0.33358, 0.13705, 0.4053, 2.48579, 0.32848, 0.50727, 0.02179, 0.12392, 0.01132, -999.0, -999.0, -999.0, -999.0, -999.0</values>
						</lower_bound>
						<upper_bound>
							<values>0.40086, 0.09467, 0.44669, 1.0, 0.41067, 0.18678, 0.52616, 5.64551, 0.40603, 1.30757, 0.03788, 0.17059, 0.01913, -999.0, -999.0, -999.0, -999.0, -999.0</values>
						</upper_bound>
					</main_interval>
					<sample_size>
						<values>1000.0, 1000.0, 1000.0, 1000.0, 1000.0, 1000.0, 1000.0, 1000.0, 1000.0, 1000.0, 1000.0, 1000.0, 1000.0, -999.0, -999.0, -999.0, -999.0, -999.0</values>
					</sample_size>
				</sampling_intervals>
			</data>
		</threshold>
		<threshold>
			<threshold_value>GT 0.1535 (Pr=0.125)</threshold_value>
			<data>
				<values>0.39716, 0.02059, 0.41775, 1.0, 0.35584, 0.16412, 0.41113, 2.15347, 0.39001, 0.44846, 0.04039, 0.14431, 0.01981, -999.0, -999.0, -999.0, -999.0, -999.0</values>
				<sampling_intervals>
					<main_interval>
						<bounds>0.05, 0.95</bounds>
						<lower_bound>
							<values>0.22905, 0.01643, 0.35547, 1.0, 0.28583, 0.14519, 0.38127, 1.67184, 0.26049, 0.33507, 0.02021, 0.12764, 0.01592, -999.0, -999.0, -999.0, -999.0, -999.0</values>
						</lower_bound>
						<upper_bound>
							<values>0.44177, 0.14368, 0.47283, 1.0, 0.38815, 0.24833, 0.68117, 4.89434, 0.41595, 1.2206, 0.04761, 0.22058, 0.03019, -999.0, -999.0, -999.0, -999.0, -999.0</values>
						</upper_bound>
					</main_interval>
					<sample_size>
						<values>1000.0, 1000.0, 1000.0, 1000.0, 1000.0, 1000.0, 1000.0, 1000.0, 1000.0, 1000.0, 1000.0, 1000.0, 1000.0, -999.0, -999.0, -999.0, -999.0, -999.0</values>
					</sample_size>
				</sampling_intervals>
			</data>
		</threshold>
		<threshold>
			<threshold_value>GT 0.17096 (Pr=0.15)</threshold_value>
			<data>
				<values>0.37084, 0.06807, 0.43891, 1.0, 0.27925, 0.24206, 0.59197, 2.59966, 0.28523, 0.62429, 0.02972, 0.20609, 0.03597, -999.0, -999.0, -999.0, -999.0, -999.0</values>
				<sampling_intervals>
					<main_interval>
						<bounds>0.05, 0.95</bounds>
						<lower_bound>
							<values>0.27421, 0.01761, 0.38206, 1.0, 0.25444, 0.15923, 0.3819, 1.51799, 0.25561, 0.31415, 0.02287, 0.13677, 0.02251, -999.0, -999.0, -999.0, -999.0, -999.0</values>
						</lower_bound>
						<upper_bound>
							<values>0.43864, 0.11866, 0.48216, 1.0, 0.36176, 0.26652, 0.65156, 3.78884, 0.41248, 0.95922, 0.05158, 0.2288, 0.04021, -999.0, -999.0, -999.0, -999.0, -999.0</values>
						</upper_bound>
					</main_interval>
					<sample_size>
						<values>1000.0, 1000.0, 1000.0, 1000.0, 1000.0, 1000.0, 1000.0, 1000.0, 1000.0, 1000.0, 1000.0, 1000.0, 1000.0, -999.0, -999.0, -999.0, -999.0, -999.0</values>
					</sample_size>
				</sampling_intervals>
			</data>
		</threshold>
		<threshold>
			<threshold_value>GT 0.18862 (Pr=0.175)</threshold_value>
			<data>
				<values>0.39981, 0.0577, 0.45751, 1.0, 0.26816, 0.24843, 0.58046, 2.21175, 0.28605, 0.52663, 0.03226, 0.20791, 0.04053, -999.0, -999.0, -999.0, -999.0, -999.0</values>
				<sampling_intervals>
					<main_interval>
						<bounds>0.05, 0.95</bounds>
						<lower_bound>
							<values>0.33337, 0.03452, 0.41219, 1.0, 0.23922, 0.22112, 0.53724, 1.5974, 0.26156, 0.36419, 0.02682, 0.18335, 0.03459, -999.0, -999.0, -999.0, -999.0, -999.0</values>
						</lower_bound>
						<upper_bound>
							<values>0.46396, 0.09038, 0.50963, 1.0, 0.30188, 0.27487, 0.61994, 2.83758, 0.31901, 0.7177, 0.04147, 0.22849, 0.04905, -999.0, -999.0, -999.0, -999.0, -999.0</values>
						</upper_bound>
					</main_interval>
					<sample_size>
						<values>1000.0, 1000.0, 1000.0, 1000.0, 1000.0, 1000.0, 1000.0, 1000.0, 1000.0, 1000.0, 1000.0, 1000.0, 1000.0, -999.0, -999.0, -999.0, -999.0, -999.0</values>
					</sample_size>
				</sampling_intervals>
			</data>
		</threshold>
		<threshold>
			<threshold_value>GT 0.20735 (Pr=0.2)</threshold_value>
			<data>
				<values>0.43638, 0.04459, 0.48097, 1.0, 0.25721, 0.25261, 0.55902, 1.68972, 0.29834, 0.39816, 0.0385, 0.20445, 0.04816, -999.0, -999.0, -999.0, -999.0, -999.0</values>
				<sampling_intervals>
					<main_interval>
						<bounds>0.05, 0.95</bounds>
						<lower_bound>
							<values>0.37554, 0.02805, 0.4387, 1.0, 0.22992, 0.22928, 0.52618, 1.28376, 0.26948, 0.28786, 0.03138, 0.18386, 0.04146, -999.0, -999.0, -999.0, -999.0, -999.0</values>
						</lower_bound>
						<upper_bound>
							<values>0.48913, 0.06971, 0.52798, 1.0, 0.2857, 0.27833, 0.59566, 2.19778, 0.32726, 0.53808, 0.04728, 0.22538, 0.05701, -999.0, -999.0, -999.0, -999.0, -999.0</values>
						</upper_bound>
					</main_interval>
					<sample_size>
						<values>1000.0, 1000.0, 1000.0, 1000.0, 1000.0, 1000.0, 1000.0, 1000.0, 1000.0, 1000.0, 1000.0, 1000.0, 1000.0, -999.0, -999.0, -999.0, -999.0, -999.0</values>
					</sample_size>
				</sampling_intervals>
			</data>
		</threshold>
		<threshold>
			<threshold_value>GT 0.22623 (Pr=0.225)</threshold_value>
			<data>
				<values>0.46457, 0.03564, 0.50021, 1.0, 0.24683, 0.25922, 0.54783, 1.3643, 0.3074, 0.31836, 0.04381, 0.20329, 0.05593, -999.0, -999.0, -999.0, -999.0, -999.0</values>
				<sampling_intervals>
					<main_interval>
						<bounds>0.05, 0.95</bounds>
						<lower_bound>
							<values>0.4097, 0.02317, 0.45684, 1.0, 0.22372, 0.23359, 0.5175, 1.06933, 0.27891, 0.23432, 0.03648, 0.18269, 0.04815, -999.0, -999.0, -999.0, -999.0, -999.0</values>
						</lower_bound>
						<upper_bound>
							<values>0.50979, 0.057, 0.54168, 1.0, 0.27414, 0.28251, 0.57829, 1.74716, 0.34154, 0.42876, 0.05419, 0.2215, 0.06504, -999.0, -999.0, -999.0, -999.0, -999.0</values>
						</upper_bound>
					</main_interval>
					<sample_size>
						<values>1000.0, 1000.0, 1000.0, 1000.0, 1000.0, 1000.0, 1000.0, 1000.0, 1000.0, 1000.0, 1000.0, 1000.0, 1000.0, -999.0, -999.0, -999.0, -999.0, -999.0</values>
					</sample_size>
				</sampling_intervals>
			</data>
		</threshold>
		<threshold>
			<threshold_value>GT 0.24744 (Pr=0.25)</threshold_value>
			<data>
				<values>0.47874, 0.03127, 0.51001, 1.0, 0.24128, 0.26248, 0.54246, 1.15824, 0.31975, 0.26645, 0.04966, 0.1994, 0.06308, -999.0, -999.0, -999.0, -999.0, -999.0</values>
				<sampling_intervals>
					<main_interval>
						<bounds>0.05, 0.95</bounds>
						<lower_bound>
							<values>0.43449, 0.01976, 0.47297, 1.0, 0.21937, 0.23943, 0.5134, 0.90287, 0.28875, 0.1971, 0.04122, 0.18006, 0.05556, -999.0, -999.0, -999.0, -999.0, -999.0</values>
						</lower_bound>
						<upper_bound>
							<values>0.52046, 0.04642, 0.54812, 1.0, 0.2658, 0.28531, 0.56853, 1.44628, 0.3561, 0.35459, 0.06153, 0.21759, 0.07282, -999.0, -999.0, -999.0, -999.0, -999.0</values>
						</upper_bound>
					</main_interval>
					<sample_size>
						<values>1000.0, 1000.0, 1000.0, 1000.0, 1000.0, 1000.0, 1000.0, 1000.0, 1000.0, 1000.0, 1000.0, 1000.0, 1000.0, -999.0, -999.0, -999.0, -999.0, -999.0</values>
					</sample_size>
				</sampling_intervals>
			</data>
		</threshold>
		<threshold>
			<threshold_value>GT 0.27322 (Pr=0.275)</threshold_value>
			<data>
				<values>0.49324, 0.02549, 0.51873, 1.0, 0.23548, 0.26702, 0.5383, 0.98394, 0.32899, 0.22486, 0.05652, 0.19455, 0.07248, -999.0, -999.0, -999.0, -999.0, -999.0</values>
				<sampling_intervals>
					<main_interval>
						<bounds>0.05, 0.95</bounds>
						<lower_bound>
							<values>0.45452, 0.01707, 0.48572, 1.0, 0.21425, 0.24492, 0.51197, 0.79524, 0.29069, 0.16976, 0.04599, 0.17766, 0.06263, -999.0, -999.0, -999.0, -999.0, -999.0</values>
						</lower_bound>
						<upper_bound>
							<values>0.53131, 0.04079, 0.55786, 1.0, 0.25795, 0.2906, 0.56288, 1.23681, 0.36629, 0.3003, 0.06792, 0.21427, 0.08144, -999.0, -999.0, -999.0, -999.0, -999.0</values>
						</upper_bound>
					</main_interval>
					<sample_size>
						<values>1000.0, 1000.0, 1000.0, 1000.0, 1000.0, 1000.0, 1000.0, 1000.0, 1000.0, 1000.0, 1000.0, 1000.0, 1000.0, -999.0, -999.0, -999.0, -999.0, -999.0</values>
					</sample_size>
				</sampling_intervals>
			</data>
		</threshold>
		<threshold>
			<threshold_value>GT 0.29811 (Pr=0.3)</threshold_value>
			<data>
				<values>0.5083, 0.02285, 0.53114, 1.0, 0.22933, 0.27274, 0.53512, 0.87197, 0.33432, 0.19774, 0.06104, 0.1929, 0.07984, -999.0, -999.0, -999.0, -999.0, -999.0</values>
				<sampling_intervals>
					<main_interval>
						<bounds>0.05, 0.95</bounds>
						<lower_bound>
							<values>0.47049, 0.01526, 0.49802, 1.0, 0.20984, 0.24981, 0.51292, 0.70693, 0.29371, 0.14984, 0.04978, 0.17462, 0.07053, -999.0, -999.0, -999.0, -999.0, -999.0</values>
						</lower_bound>
						<upper_bound>
							<values>0.54225, 0.03763, 0.5671, 1.0, 0.25164, 0.29519, 0.55802, 1.07208, 0.37467, 0.26206, 0.07433, 0.21027, 0.09035, -999.0, -999.0, -999.0, -999.0, -999.0</values>
						</upper_bound>
					</main_interval>
					<sample_size>
						<values>1000.0, 1000.0, 1000.0, 1000.0, 1000.0, 1000.0, 1000.0, 1000.0, 1000.0, 1000.0, 1000.0, 1000.0, 1000.0, -999.0, -999.0, -999.0, -999.0, -999.0</values>
					</sample_size>
				</sampling_intervals>
			</data>
		</threshold>
		<threshold>
			<threshold_value>GT 0.32664 (Pr=0.325)</threshold_value>
			<data>
				<values>0.52144, 0.02246, 0.54389, 1.0, 0.22494, 0.27702, 0.53064, 0.77114, 0.34091, 0.17592, 0.06689, 0.18839, 0.08863, -999.0, -999.0, -999.0, -999.0, -999.0</values>
				<sampling_intervals>
					<main_interval>
						<bounds>0.05, 0.95</bounds>
						<lower_bound>
							<values>0.48749, 0.01618, 0.51126, 1.0, 0.20632, 0.2548, 0.51126, 0.63925, 0.30164, 0.13595, 0.05505, 0.17147, 0.07831, -999.0, -999.0, -999.0, -999.0, -999.0</values>
						</lower_bound>
						<upper_bound>
							<values>0.5533, 0.03602, 0.57827, 1.0, 0.24647, 0.29925, 0.5509, 0.94335, 0.38177, 0.23008, 0.08067, 0.2058, 0.09883, -999.0, -999.0, -999.0, -999.0, -999.0</values>
						</upper_bound>
					</main_interval>
					<sample_size>
						<values>1000.0, 1000.0, 1000.0, 1000.0, 1000.0, 1000.0, 1000.0, 1000.0, 1000.0, 1000.0, 1000.0, 1000.0, 1000.0, -999.0, -999.0, -999.0, -999.0, -999.0</values>
					</sample_size>
				</sampling_intervals>
			</data>
		</threshold>
		<threshold>
			<threshold_value>GT 0.35249 (Pr=0.35)</threshold_value>
			<data>
				<values>0.53753, 0.0234, 0.56093, 1.0, 0.22039, 0.28156, 0.52364, 0.66242, 0.35564, 0.15102, 0.07464, 0.18351, 0.09805, -999.0, -999.0, -999.0, -999.0, -999.0</values>
				<sampling_intervals>
					<main_interval>
						<bounds>0.05, 0.95</bounds>
						<lower_bound>
							<values>0.50109, 0.01668, 0.52427, 1.0, 0.20363, 0.25881, 0.50588, 0.57504, 0.31242, 0.12291, 0.06065, 0.16742, 0.08632, -999.0, -999.0, -999.0, -999.0, -999.0</values>
						</lower_bound>
						<upper_bound>
							<values>0.56271, 0.03342, 0.5901, 1.0, 0.24218, 0.30179, 0.54322, 0.81913, 0.39437, 0.2006, 0.08836, 0.19995, 0.10686, -999.0, -999.0, -999.0, -999.0, -999.0</values>
						</upper_bound>
					</main_interval>
					<sample_size>
						<values>1000.0, 1000.0, 1000.0, 1000.0, 1000.0, 1000.0, 1000.0, 1000.0, 1000.0, 1000.0, 1000.0, 1000.0, 1000.0, -999.0, -999.0, -999.0, -999.0, -999.0</values>
					</sample_size>
				</sampling_intervals>
			</data>
		</threshold>
		<threshold>
			<threshold_value>GT 0.38187 (Pr=0.375)</threshold_value>
			<data>
				<values>0.54819, 0.02224, 0.57043, 1.0, 0.21934, 0.2827, 0.51516, 0.58411, 0.37294, 0.13296, 0.08351, 0.17711, 0.10559, -999.0, -999.0, -999.0, -999.0, -999.0</values>
				<sampling_intervals>
					<main_interval>
						<bounds>0.05, 0.95</bounds>
						<lower_bound>
							<values>0.51504, 0.01718, 0.5373, 1.0, 0.20196, 0.26148, 0.4998, 0.5094, 0.32775, 0.10812, 0.06797, 0.1627, 0.09392, -999.0, -999.0, -999.0, -999.0, -999.0</values>
						</lower_bound>
						<upper_bound>
							<values>0.57202, 0.03143, 0.59774, 1.0, 0.23923, 0.30353, 0.53494, 0.7135, 0.41316, 0.17327, 0.09822, 0.1935, 0.11533, -999.0, -999.0, -999.0, -999.0, -999.0</values>
						</upper_bound>
					</main_interval>
					<sample_size>
						<values>1000.0, 1000.0, 1000.0, 1000.0, 1000.0, 1000.0, 1000.0, 1000.0, 1000.0, 1000.0, 1000.0, 1000.0, 1000.0, -999.0, -999.0, -999.0, -999.0, -999.0</values>
					</sample_size>
				</sampling_intervals>
			</data>
		</threshold>
		<threshold>
			<threshold_value>GT 0.41577 (Pr=0.4)</threshold_value>
			<data>
				<values>0.55557, 0.02215, 0.57772, 1.0, 0.21744, 0.28511, 0.5121, 0.531, 0.38781, 0.12072, 0.09057, 0.17238, 0.11273, -999.0, -999.0, -999.0, -999.0, -999.0</values>
				<sampling_intervals>
					<main_interval>
						<bounds>0.05, 0.95</bounds>
						<lower_bound>
							<values>0.52781, 0.01726, 0.54919, 1.0, 0.20054, 0.26372, 0.49495, 0.45547, 0.34263, 0.09664, 0.07529, 0.15758, 0.10138, -999.0, -999.0, -999.0, -999.0, -999.0</values>
						</lower_bound>
						<upper_bound>
							<values>0.58007, 0.03047, 0.60578, 1.0, 0.2374, 0.30542, 0.52902, 0.63006, 0.43532, 0.15295, 0.10889, 0.18738, 0.12412, -999.0, -999.0, -999.0, -999.0, -999.0</values>
						</upper_bound>
					</main_interval>
					<sample_size>
						<values>1000.0, 1000.0, 1000.0, 1000.0, 1000.0, 1000.0, 1000.0, 1000.0, 1000.0, 1000.0, 1000.0, 1000.0, 1000.0, -999.0, -999.0, -999.0, -999.0, -999.0</values>
					</sample_size>
				</sampling_intervals>
			</data>
		</threshold>
		<threshold>
			<threshold_value>GT 0.45152 (Pr=0.425)</threshold_value>
			<data>
				<values>0.56357, 0.02236, 0.58593, 1.0, 0.2165, 0.28699, 0.50693, 0.47178, 0.41042, 0.10583, 0.10199, 0.16536, 0.12164, -999.0, -999.0, -999.0, -999.0, -999.0</values>
				<sampling_intervals>
					<main_interval>
						<bounds>0.05, 0.95</bounds>
						<lower_bound>
							<values>0.53481, 0.01799, 0.55644, 1.0, 0.19964, 0.2662, 0.49146, 0.41159, 0.35881, 0.0873, 0.08284, 0.15171, 0.10898, -999.0, -999.0, -999.0, -999.0, -999.0</values>
						</lower_bound>
						<upper_bound>
							<values>0.58661, 0.02973, 0.61174, 1.0, 0.23561, 0.30687, 0.52391, 0.56398, 0.45819, 0.1346, 0.12022, 0.18039, 0.13262, -999.0, -999.0, -999.0, -999.0, -999.0</values>
						</upper_bound>
					</main_interval>
					<sample_size>
						<values>1000.0, 1000.0, 1000.0, 1000.0, 1000.0, 1000.0, 1000.0, 1000.0, 1000.0, 1000.0, 1000.0, 1000.0, 1000.0, -999.0, -999.0, -999.0, -999.0, -999.0</values>
					</sample_size>
				</sampling_intervals>
			</data>
		</threshold>
		<threshold>
			<threshold_value>GT 0.48977 (Pr=0.45)</threshold_value>
			<data>
				<values>0.56681, 0.02309, 0.5899, 1.0, 0.21589, 0.28848, 0.50577, 0.43925, 0.42836, 0.09715, 0.11037, 0.16051, 0.12797, -999.0, -999.0, -999.0, -999.0, -999.0</values>
				<sampling_intervals>
					<main_interval>
						<bounds>0.05, 0.95</bounds>
						<lower_bound>
							<values>0.54028, 0.01888, 0.56098, 1.0, 0.20097, 0.2675, 0.48956, 0.3752, 0.37999, 0.07808, 0.09215, 0.14589, 0.11628, -999.0, -999.0, -999.0, -999.0, -999.0</values>
						</lower_bound>
						<upper_bound>
							<values>0.58926, 0.02912, 0.61422, 1.0, 0.23523, 0.30739, 0.52101, 0.50763, 0.48803, 0.1191, 0.13312, 0.17376, 0.14067, -999.0, -999.0, -999.0, -999.0, -999.0</values>
						</upper_bound>
					</main_interval>
					<sample_size>
						<values>1000.0, 1000.0, 1000.0, 1000.0, 1000.0, 1000.0, 1000.0, 1000.0, 1000.0, 1000.0, 1000.0, 1000.0, 1000.0, -999.0, -999.0, -999.0, -999.0, -999.0</values>
					</sample_size>
				</sampling_intervals>
			</data>
		</threshold>
		<threshold>
			<threshold_value>GT 0.52934 (Pr=0.475)</threshold_value>
			<data>
				<values>0.56569, 0.02226, 0.58795, 1.0, 0.2179, 0.28792, 0.50433, 0.40244, 0.4625, 0.08656, 0.12502, 0.15277, 0.13514, -999.0, -999.0, -999.0, -999.0, -999.0</values>
				<sampling_intervals>
					<main_interval>
						<bounds>0.05, 0.95</bounds>
						<lower_bound>
							<values>0.54277, 0.01931, 0.56487, 1.0, 0.20096, 0.27036, 0.48847, 0.34714, 0.40361, 0.06984, 0.10311, 0.14005, 0.12401, -999.0, -999.0, -999.0, -999.0, -999.0</values>
						</lower_bound>
						<upper_bound>
							<values>0.59069, 0.02877, 0.61686, 1.0, 0.2347, 0.30883, 0.51964, 0.46275, 0.52066, 0.10537, 0.14952, 0.16618, 0.14846, -999.0, -999.0, -999.0, -999.0, -999.0</values>
						</upper_bound>
					</main_interval>
					<sample_size>
						<values>1000.0, 1000.0, 1000.0, 1000.0, 1000.0, 1000.0, 1000.0, 1000.0, 1000.0, 1000.0, 1000.0, 1000.0, 1000.0, -999.0, -999.0, -999.0, -999.0, -999.0</values>
					</sample_size>
				</sampling_intervals>
			</data>
		</threshold>
		<threshold>
			<threshold_value>GT 0.57081 (Pr=0.5)</threshold_value>
			<data>
				<values>0.57128, 0.02455, 0.59583, 1.0, 0.21665, 0.29202, 0.50409, 0.3595, 0.49778, 0.07458, 0.14191, 0.14618, 0.14584, -999.0, -999.0, -999.0, -999.0, -999.0</values>
				<sampling_intervals>
					<main_interval>
						<bounds>0.05, 0.95</bounds>
						<lower_bound>
							<values>0.54536, 0.02003, 0.56882, 1.0, 0.20073, 0.27232, 0.4886, 0.31855, 0.43217, 0.06203, 0.11525, 0.1342, 0.13202, -999.0, -999.0, -999.0, -999.0, -999.0</values>
						</lower_bound>
						<upper_bound>
							<values>0.5933, 0.02972, 0.61965, 1.0, 0.23513, 0.30971, 0.51843, 0.41808, 0.56178, 0.0928, 0.16754, 0.15928, 0.15698, -999.0, -999.0, -999.0, -999.0, -999.0</values>
						</upper_bound>
					</main_interval>
					<sample_size>
						<values>1000.0, 1000.0, 1000.0, 1000.0, 1000.0, 1000.0, 1000.0, 1000.0, 1000.0, 1000.0, 1000.0, 1000.0, 1000.0, -999.0, -999.0, -999.0, -999.0, -999.0</values>
					</sample_size>
				</sampling_intervals>
			</data>
		</threshold>
		<threshold>
			<threshold_value>GT 0.61318 (Pr=0.525)</threshold_value>
			<data>
				<values>0.57458, 0.02534, 0.59992, 1.0, 0.21619, 0.29537, 0.50459, 0.32903, 0.53121, 0.06609, 0.15766, 0.14082, 0.15455, -999.0, -999.0, -999.0, -999.0, -999.0</values>
				<sampling_intervals>
					<main_interval>
						<bounds>0.05, 0.95</bounds>
						<lower_bound>
							<values>0.54785, 0.02127, 0.57263, 1.0, 0.20142, 0.27556, 0.48902, 0.29422, 0.46108, 0.05579, 0.12908, 0.12871, 0.14082, -999.0, -999.0, -999.0, -999.0, -999.0</values>
						</lower_bound>
						<upper_bound>
							<values>0.59534, 0.03102, 0.62237, 1.0, 0.23485, 0.31177, 0.51868, 0.3831, 0.6049, 0.08267, 0.18763, 0.15284, 0.16588, -999.0, -999.0, -999.0, -999.0, -999.0</values>
						</upper_bound>
					</main_interval>
					<sample_size>
						<values>1000.0, 1000.0, 1000.0, 1000.0, 1000.0, 1000.0, 1000.0, 1000.0, 1000.0, 1000.0, 1000.0, 1000.0, 1000.0, -999.0, -999.0, -999.0, -999.0, -999.0</values>
					</sample_size>
				</sampling_intervals>
			</data>
		</threshold>
		<threshold>
			<threshold_value>GT 0.65709 (Pr=0.55)</threshold_value>
			<data>
				<values>0.57476, 0.02715, 0.60191, 1.0, 0.21778, 0.29601, 0.50346, 0.30818, 0.56567, 0.06059, 0.17407, 0.13458, 0.16143, -999.0, -999.0, -999.0, -999.0, -999.0</values>
				<sampling_intervals>
					<main_interval>
						<bounds>0.05, 0.95</bounds>
						<lower_bound>
							<values>0.54872, 0.02266, 0.57588, 1.0, 0.20267, 0.27755, 0.48873, 0.2717, 0.49538, 0.05001, 0.14449, 0.12283, 0.14913, -999.0, -999.0, -999.0, -999.0, -999.0</values>
						</lower_bound>
						<upper_bound>
							<values>0.59562, 0.03328, 0.62305, 1.0, 0.23579, 0.31372, 0.51903, 0.35172, 0.65409, 0.07311, 0.21097, 0.14567, 0.17452, -999.0, -999.0, -999.0, -999.0, -999.0</values>
						</upper_bound>
					</main_interval>
					<sample_size>
						<values>1000.0, 1000.0, 1000.0, 1000.0, 1000.0, 1000.0, 1000.0, 1000.0, 1000.0, 1000.0, 1000.0, 1000.0, 1000.0, -999.0, -999.0, -999.0, -999.0, -999.0</values>
					</sample_size>
				</sampling_intervals>
			</data>
		</threshold>
		<threshold>
			<threshold_value>GT 0.70041 (Pr=0.575)</threshold_value>
			<data>
				<values>0.57203, 0.02982, 0.60186, 1.0, 0.22041, 0.29845, 0.50601, 0.27922, 0.62904, 0.05205, 0.20282, 0.1269, 0.17155, -999.0, -999.0, -999.0, -999.0, -999.0</values>
				<sampling_intervals>
					<main_interval>
						<bounds>0.05, 0.95</bounds>
						<lower_bound>
							<values>0.54732, 0.02466, 0.57811, 1.0, 0.20513, 0.27894, 0.48941, 0.25407, 0.53636, 0.0447, 0.16498, 0.11651, 0.15602, -999.0, -999.0, -999.0, -999.0, -999.0</values>
						</lower_bound>
						<upper_bound>
							<values>0.59368, 0.03638, 0.62334, 1.0, 0.23724, 0.31473, 0.52048, 0.32278, 0.71202, 0.0653, 0.23716, 0.13746, 0.18344, -999.0, -999.0, -999.0, -999.0, -999.0</values>
						</upper_bound>
					</main_interval>
					<sample_size>
						<values>1000.0, 1000.0, 1000.0, 1000.0, 1000.0, 1000.0, 1000.0, 1000.0, 1000.0, 1000.0, 1000.0, 1000.0, 1000.0, -999.0, -999.0, -999.0, -999.0, -999.0</values>
					</sample_size>
				</sampling_intervals>
			</data>
		</threshold>
		<threshold>
			<threshold_value>GT 0.75228 (Pr=0.6)</threshold_value>
			<data>
				<values>0.5656, 0.03298, 0.59858, 1.0, 0.22459, 0.29629, 0.50609, 0.26915, 0.68099, 0.04889, 0.22628, 0.11889, 0.17741, -999.0, -999.0, -999.0, -999.0, -999.0</values>
				<sampling_intervals>
					<main_interval>
						<bounds>0.05, 0.95</bounds>
						<lower_bound>
							<values>0.54419, 0.02716, 0.57948, 1.0, 0.20765, 0.28009, 0.48902, 0.23848, 0.58121, 0.04058, 0.18575, 0.11012, 0.16402, -999.0, -999.0, -999.0, -999.0, -999.0</values>
						</lower_bound>
						<upper_bound>
							<values>0.59121, 0.04068, 0.62427, 1.0, 0.24, 0.31509, 0.52224, 0.30461, 0.77703, 0.05969, 0.26768, 0.12965, 0.19176, -999.0, -999.0, -999.0, -999.0, -999.0</values>
						</upper_bound>
					</main_interval>
					<sample_size>
						<values>1000.0, 1000.0, 1000.0, 1000.0, 1000.0, 1000.0, 1000.0, 1000.0, 1000.0, 1000.0, 1000.0, 1000.0, 1000.0, -999.0, -999.0, -999.0, -999.0, -999.0</values>
					</sample_size>
				</sampling_intervals>
			</data>
		</threshold>
		<threshold>
			<threshold_value>GT 0.8092 (Pr=0.625)</threshold_value>
			<data>
				<values>0.56641, 0.03577, 0.60218, 1.0, 0.22526, 0.29735, 0.50568, 0.25739, 0.72197, 0.04603, 0.24538, 0.11277, 0.18457, -999.0, -999.0, -999.0, -999.0, -999.0</values>
				<sampling_intervals>
					<main_interval>
						<bounds>0.05, 0.95</bounds>
						<lower_bound>
							<values>0.54059, 0.02975, 0.58106, 1.0, 0.21034, 0.28081, 0.4898, 0.22668, 0.63049, 0.03718, 0.20681, 0.10346, 0.17221, -999.0, -999.0, -999.0, -999.0, -999.0</values>
						</lower_bound>
						<upper_bound>
							<values>0.58982, 0.04529, 0.62509, 1.0, 0.24236, 0.3153, 0.52395, 0.28551, 0.8514, 0.05459, 0.30049, 0.12208, 0.19911, -999.0, -999.0, -999.0, -999.0, -999.0</values>
						</upper_bound>
					</main_interval>
					<sample_size>
						<values>1000.0, 1000.0, 1000.0, 1000.0, 1000.0, 1000.0, 1000.0, 1000.0, 1000.0, 1000.0, 1000.0, 1000.0, 1000.0, -999.0, -999.0, -999.0, -999.0, -999.0</values>
					</sample_size>
				</sampling_intervals>
			</data>
		</threshold>
		<threshold>
			<threshold_value>GT 0.86719 (Pr=0.65)</threshold_value>
			<data>
				<values>0.56534, 0.04044, 0.60578, 1.0, 0.2262, 0.30228, 0.51073, 0.23557, 0.79963, 0.04006, 0.28004, 0.10669, 0.19559, -999.0, -999.0, -999.0, -999.0, -999.0</values>
				<sampling_intervals>
					<main_interval>
						<bounds>0.05, 0.95</bounds>
						<lower_bound>
							<values>0.53731, 0.03372, 0.58154, 1.0, 0.21097, 0.28457, 0.49409, 0.21204, 0.69403, 0.03336, 0.23459, 0.09735, 0.18177, -999.0, -999.0, -999.0, -999.0, -999.0</values>
						</lower_bound>
						<upper_bound>
							<values>0.5887, 0.05066, 0.62996, 1.0, 0.24436, 0.31963, 0.52809, 0.26381, 0.93279, 0.04784, 0.33795, 0.11577, 0.20944, -999.0, -999.0, -999.0, -999.0, -999.0</values>
						</upper_bound>
					</main_interval>
					<sample_size>
						<values>1000.0, 1000.0, 1000.0, 1000.0, 1000.0, 1000.0, 1000.0, 1000.0, 1000.0, 1000.0, 1000.0, 1000.0, 1000.0, -999.0, -999.0, -999.0, -999.0, -999.0</values>
					</sample_size>
				</sampling_intervals>
			</data>
		</threshold>
		<threshold>
			<threshold_value>GT 0.92847 (Pr=0.675)</threshold_value>
			<data>
				<values>0.56204, 0.04738, 0.60943, 1.0, 0.22681, 0.30793, 0.51908, 0.22024, 0.87956, 0.03512, 0.31555, 0.10168, 0.20625, -999.0, -999.0, -999.0, -999.0, -999.0</values>
				<sampling_intervals>
					<main_interval>
						<bounds>0.05, 0.95</bounds>
						<lower_bound>
							<values>0.53093, 0.03923, 0.58315, 1.0, 0.21105, 0.28976, 0.50376, 0.19641, 0.77264, 0.02892, 0.26785, 0.09203, 0.1923, -999.0, -999.0, -999.0, -999.0, -999.0</values>
						</lower_bound>
						<upper_bound>
							<values>0.5856, 0.05893, 0.63322, 1.0, 0.24612, 0.32629, 0.5385, 0.2428, 1.0431, 0.04116, 0.38681, 0.11019, 0.22175, -999.0, -999.0, -999.0, -999.0, -999.0</values>
						</upper_bound>
					</main_interval>
					<sample_size>
						<values>1000.0, 1000.0, 1000.0, 1000.0, 1000.0, 1000.0, 1000.0, 1000.0, 1000.0, 1000.0, 1000.0, 1000.0, 1000.0, -999.0, -999.0, -999.0, -999.0, -999.0</values>
					</sample_size>
				</sampling_intervals>
			</data>
		</threshold>
		<threshold>
			<threshold_value>GT 1.00189 (Pr=0.7)</threshold_value>
			<data>
				<values>0.55309, 0.05643, 0.60952, 1.0, 0.22848, 0.31719, 0.53562, 0.19911, 1.02337, 0.0288, 0.37565, 0.09536, 0.22184, -999.0, -999.0, -999.0, -999.0, -999.0</values>
				<sampling_intervals>
					<main_interval>
						<bounds>0.05, 0.95</bounds>
						<lower_bound>
							<values>0.52276, 0.04557, 0.58335, 1.0, 0.21092, 0.29705, 0.5153, 0.1814, 0.86815, 0.02485, 0.30965, 0.08682, 0.20492, -999.0, -999.0, -999.0, -999.0, -999.0</values>
						</lower_bound>
						<upper_bound>
							<values>0.58255, 0.06729, 0.63407, 1.0, 0.24791, 0.33408, 0.55133, 0.22249, 1.17774, 0.03487, 0.4462, 0.10454, 0.2355, -999.0, -999.0, -999.0, -999.0, -999.0</values>
						</upper_bound>
					</main_interval>
					<sample_size>
						<values>1000.0, 1000.0, 1000.0, 1000.0, 1000.0, 1000.0, 1000.0, 1000.0, 1000.0, 1000.0, 1000.0, 1000.0, 1000.0, -999.0, -999.0, -999.0, -999.0, -999.0</values>
					</sample_size>
				</sampling_intervals>
			</data>
		</threshold>
		<threshold>
			<threshold_value>GT 1.08386 (Pr=0.725)</threshold_value>
			<data>
				<values>0.55082, 0.0633, 0.61412, 1.0, 0.22791, 0.3258, 0.54707, 0.1841, 1.14537, 0.02486, 0.42712, 0.08984, 0.23596, -999.0, -999.0, -999.0, -999.0, -999.0</values>
				<sampling_intervals>
					<main_interval>
						<bounds>0.05, 0.95</bounds>
						<lower_bound>
							<values>0.51284, 0.052, 0.58387, 1.0, 0.20917, 0.30509, 0.52766, 0.16868, 0.96476, 0.02139, 0.3491, 0.08148, 0.21889, -999.0, -999.0, -999.0, -999.0, -999.0</values>
						</lower_bound>
						<upper_bound>
							<values>0.5824, 0.07641, 0.64185, 1.0, 0.24928, 0.34336, 0.56397, 0.20582, 1.33843, 0.0298, 0.51339, 0.09852, 0.24967, -999.0, -999.0, -999.0, -999.0, -999.0</values>
						</upper_bound>
					</main_interval>
					<sample_size>
						<values>1000.0, 1000.0, 1000.0, 1000.0, 1000.0, 1000.0, 1000.0, 1000.0, 1000.0, 1000.0, 1000.0, 1000.0, 1000.0, -999.0, -999.0, -999.0, -999.0, -999.0</values>
					</sample_size>
				</sampling_intervals>
			</data>
		</threshold>
		<threshold>
			<threshold_value>GT 1.17831 (Pr=0.75)</threshold_value>
			<data>
				<values>0.54497, 0.07041, 0.61538, 1.0, 0.22905, 0.33104, 0.55703, 0.17488, 1.28678, 0.02215, 0.48475, 0.08341, 0.24763, -999.0, -999.0, -999.0, -999.0, -999.0</values>
				<sampling_intervals>
					<main_interval>
						<bounds>0.05, 0.95</bounds>
						<lower_bound>
							<values>0.50807, 0.05817, 0.58644, 1.0, 0.21074, 0.31201, 0.53647, 0.15896, 1.07641, 0.01878, 0.39504, 0.07554, 0.23214, -999.0, -999.0, -999.0, -999.0, -999.0</values>
						</lower_bound>
						<upper_bound>
							<values>0.57803, 0.08533, 0.64232, 1.0, 0.25023, 0.34842, 0.57577, 0.19495, 1.514, 0.0266, 0.58856, 0.0911, 0.26233, -999.0, -999.0, -999.0, -999.0, -999.0</values>
						</upper_bound>
					</main_interval>
					<sample_size>
						<values>1000.0, 1000.0, 1000.0, 1000.0, 1000.0, 1000.0, 1000.0, 1000.0, 1000.0, 1000.0, 1000.0, 1000.0, 1000.0, -999.0, -999.0, -999.0, -999.0, -999.0</values>
					</sample_size>
				</sampling_intervals>
			</data>
		</threshold>
		<threshold>
			<threshold_value>GT 1.21854 (Pr=0.76)</threshold_value>
			<data>
				<values>0.5412, 0.07492, 0.61612, 1.0, 0.22963, 0.33389, 0.56306, 0.17065, 1.36627, 0.02089, 0.51597, 0.08047, 0.25342, -999.0, -999.0, -999.0, -999.0, -999.0</values>
				<sampling_intervals>
					<main_interval>
						<bounds>0.05, 0.95</bounds>
						<lower_bound>
							<values>0.50589, 0.05995, 0.58656, 1.0, 0.21134, 0.31372, 0.53963, 0.15628, 1.13153, 0.01808, 0.41601, 0.0727, 0.23613, -999.0, -999.0, -999.0, -999.0, -999.0</values>
						</lower_bound>
						<upper_bound>
							<values>0.57454, 0.08863, 0.64024, 1.0, 0.25074, 0.34925, 0.57997, 0.19218, 1.59952, 0.02557, 0.62279, 0.08772, 0.26635, -999.0, -999.0, -999.0, -999.0, -999.0</values>
						</upper_bound>
					</main_interval>
					<sample_size>
						<values>1000.0, 1000.0, 1000.0, 1000.0, 1000.0, 1000.0, 1000.0, 1000.0, 1000.0, 1000.0, 1000.0, 1000.0, 1000.0, -999.0, -999.0, -999.0, -999.0, -999.0</values>
					</sample_size>
				</sampling_intervals>
			</data>
		</threshold>
		<threshold>
			<threshold_value>GT 1.26081 (Pr=0.77)</threshold_value>
			<data>
				<values>0.53972, 0.07635, 0.61607, 1.0, 0.23023, 0.33345, 0.5635, 0.17038, 1.42927, 0.02048, 0.54077, 0.07679, 0.25666, -999.0, -999.0, -999.0, -999.0, -999.0</values>
				<sampling_intervals>
					<main_interval>
						<bounds>0.05, 0.95</bounds>
						<lower_bound>
							<values>0.50127, 0.06165, 0.58522, 1.0, 0.21224, 0.31379, 0.54351, 0.15664, 1.19068, 0.01749, 0.43753, 0.06959, 0.24008, -999.0, -999.0, -999.0, -999.0, -999.0</values>
						</lower_bound>
						<upper_bound>
							<values>0.57058, 0.09176, 0.63853, 1.0, 0.25144, 0.34939, 0.58509, 0.19132, 1.69344, 0.02476, 0.65791, 0.08436, 0.2705, -999.0, -999.0, -999.0, -999.0, -999.0</values>
						</upper_bound>
					</main_interval>
					<sample_size>
						<values>1000.0, 1000.0, 1000.0, 1000.0, 1000.0, 1000.0, 1000.0, 1000.0, 1000.0, 1000.0, 1000.0, 1000.0, 1000.0, -999.0, -999.0, -999.0, -999.0, -999.0</values>
					</sample_size>
				</sampling_intervals>
			</data>
		</threshold>
		<threshold>
			<threshold_value>GT 1.3123 (Pr=0.78)</threshold_value>
			<data>
				<values>0.53138, 0.07505, 0.60643, 1.0, 0.23222, 0.33081, 0.56721, 0.17462, 1.5081, 0.02036, 0.56656, 0.07294, 0.25788, -999.0, -999.0, -999.0, -999.0, -999.0</values>
				<sampling_intervals>
					<main_interval>
						<bounds>0.05, 0.95</bounds>
						<lower_bound>
							<values>0.4959, 0.06274, 0.58246, 1.0, 0.21236, 0.31442, 0.54775, 0.15542, 1.25955, 0.01694, 0.45707, 0.06684, 0.24362, -999.0, -999.0, -999.0, -999.0, -999.0</values>
						</lower_bound>
						<upper_bound>
							<values>0.56697, 0.0939, 0.63629, 1.0, 0.25231, 0.35088, 0.59038, 0.19164, 1.79303, 0.02397, 0.69015, 0.08109, 0.27413, -999.0, -999.0, -999.0, -999.0, -999.0</values>
						</upper_bound>
					</main_interval>
					<sample_size>
						<values>1000.0, 1000.0, 1000.0, 1000.0, 1000.0, 1000.0, 1000.0, 1000.0, 1000.0, 1000.0, 1000.0, 1000.0, 1000.0, -999.0, -999.0, -999.0, -999.0, -999.0</values>
					</sample_size>
				</sampling_intervals>
			</data>
		</threshold>
		<threshold>
			<threshold_value>GT 1.3599 (Pr=0.79)</threshold_value>
			<data>
				<values>0.52934, 0.07786, 0.60721, 1.0, 0.23153, 0.33297, 0.5721, 0.17287, 1.57632, 0.0196, 0.58947, 0.07065, 0.26232, -999.0, -999.0, -999.0, -999.0, -999.0</values>
				<sampling_intervals>
					<main_interval>
						<bounds>0.05, 0.95</bounds>
						<lower_bound>
							<values>0.49147, 0.06332, 0.57935, 1.0, 0.21196, 0.31538, 0.55407, 0.15547, 1.32871, 0.01619, 0.47757, 0.06394, 0.24777, -999.0, -999.0, -999.0, -999.0, -999.0</values>
						</lower_bound>
						<upper_bound>
							<values>0.56259, 0.09669, 0.63324, 1.0, 0.25313, 0.35231, 0.59566, 0.19123, 1.89154, 0.02271, 0.72723, 0.07766, 0.27887, -999.0, -999.0, -999.0, -999.0, -999.0</values>
						</upper_bound>
					</main_interval>
					<sample_size>
						<values>1000.0, 1000.0, 1000.0, 1000.0, 1000.0, 1000.0, 1000.0, 1000.0, 1000.0, 1000.0, 1000.0, 1000.0, 1000.0, -999.0, -999.0, -999.0, -999.0, -999.0</values>
					</sample_size>
				</sampling_intervals>
			</data>
		</threshold>
		<threshold>
			<threshold_value>GT 1.41717 (Pr=0.8)</threshold_value>
			<data>
				<values>0.52338, 0.08015, 0.60353, 1.0, 0.23095, 0.33608, 0.58174, 0.17264, 1.68265, 0.01851, 0.62488, 0.06766, 0.26842, -999.0, -999.0, -999.0, -999.0, -999.0</values>
				<sampling_intervals>
					<main_interval>
						<bounds>0.05, 0.95</bounds>
						<lower_bound>
							<values>0.48555, 0.06457, 0.5771, 1.0, 0.21058, 0.31677, 0.56023, 0.15603, 1.40205, 0.0157, 0.50245, 0.06096, 0.25256, -999.0, -999.0, -999.0, -999.0, -999.0</values>
						</lower_bound>
						<upper_bound>
							<values>0.55861, 0.09923, 0.63139, 1.0, 0.25388, 0.35465, 0.60283, 0.19058, 2.00793, 0.02178, 0.77207, 0.07465, 0.28475, -999.0, -999.0, -999.0, -999.0, -999.0</values>
						</upper_bound>
					</main_interval>
					<sample_size>
						<values>1000.0, 1000.0, 1000.0, 1000.0, 1000.0, 1000.0, 1000.0, 1000.0, 1000.0, 1000.0, 1000.0, 1000.0, 1000.0, -999.0, -999.0, -999.0, -999.0, -999.0</values>
					</sample_size>
				</sampling_intervals>
			</data>
		</threshold>
		<threshold>
			<threshold_value>GT 1.48038 (Pr=0.81)</threshold_value>
			<data>
				<values>0.51987, 0.08191, 0.60178, 1.0, 0.22964, 0.33877, 0.58927, 0.17225, 1.79223, 0.01761, 0.65878, 0.06438, 0.27439, -999.0, -999.0, -999.0, -999.0, -999.0</values>
				<sampling_intervals>
					<main_interval>
						<bounds>0.05, 0.95</bounds>
						<lower_bound>
							<values>0.47986, 0.06737, 0.57343, 1.0, 0.21105, 0.31831, 0.56673, 0.15535, 1.49579, 0.01497, 0.53527, 0.05827, 0.25737, -999.0, -999.0, -999.0, -999.0, -999.0</values>
						</lower_bound>
						<upper_bound>
							<values>0.5539, 0.10066, 0.62918, 1.0, 0.25442, 0.35816, 0.61119, 0.19069, 2.13476, 0.02085, 0.80632, 0.07133, 0.2904, -999.0, -999.0, -999.0, -999.0, -999.0</values>
						</upper_bound>
					</main_interval>
					<sample_size>
						<values>1000.0, 1000.0, 1000.0, 1000.0, 1000.0, 1000.0, 1000.0, 1000.0, 1000.0, 1000.0, 1000.0, 1000.0, 1000.0, -999.0, -999.0, -999.0, -999.0, -999.0</values>
					</sample_size>
				</sampling_intervals>
			</data>
		</threshold>
		<threshold>
			<threshold_value>GT 1.54746 (Pr=0.82)</threshold_value>
			<data>
				<values>0.51472, 0.08474, 0.59946, 1.0, 0.22969, 0.34094, 0.59653, 0.17204, 1.90188, 0.01676, 0.69589, 0.06174, 0.2792, -999.0, -999.0, -999.0, -999.0, -999.0</values>
				<sampling_intervals>
					<main_interval>
						<bounds>0.05, 0.95</bounds>
						<lower_bound>
							<values>0.47538, 0.071, 0.57174, 1.0, 0.21183, 0.31985, 0.57429, 0.15536, 1.60677, 0.01422, 0.56945, 0.05565, 0.26152, -999.0, -999.0, -999.0, -999.0, -999.0</values>
						</lower_bound>
						<upper_bound>
							<values>0.54699, 0.10334, 0.62757, 1.0, 0.25381, 0.3606, 0.61977, 0.19127, 2.26408, 0.01986, 0.8531, 0.06801, 0.29632, -999.0, -999.0, -999.0, -999.0, -999.0</values>
						</upper_bound>
					</main_interval>
					<sample_size>
						<values>1000.0, 1000.0, 1000.0, 1000.0, 1000.0, 1000.0, 1000.0, 1000.0, 1000.0, 1000.0, 1000.0, 1000.0, 1000.0, -999.0, -999.0, -999.0, -999.0, -999.0</values>
					</sample_size>
				</sampling_intervals>
			</data>
		</threshold>
		<threshold>
			<threshold_value>GT 1.61608 (Pr=0.83)</threshold_value>
			<data>
				<values>0.50584, 0.08926, 0.5951, 1.0, 0.23145, 0.34029, 0.603, 0.17598, 2.03046, 0.01619, 0.74005, 0.05838, 0.2819, -999.0, -999.0, -999.0, -999.0, -999.0</values>
				<sampling_intervals>
					<main_interval>
						<bounds>0.05, 0.95</bounds>
						<lower_bound>
							<values>0.46752, 0.07554, 0.56831, 1.0, 0.2119, 0.32124, 0.58087, 0.15541, 1.7193, 0.01342, 0.6085, 0.05251, 0.26583, -999.0, -999.0, -999.0, -999.0, -999.0</values>
						</lower_bound>
						<upper_bound>
							<values>0.5399, 0.10866, 0.62521, 1.0, 0.25445, 0.36261, 0.62899, 0.19182, 2.43037, 0.01881, 0.91259, 0.06496, 0.30123, -999.0, -999.0, -999.0, -999.0, -999.0</values>
						</upper_bound>
					</main_interval>
					<sample_size>
						<values>1000.0, 1000.0, 1000.0, 1000.0, 1000.0, 1000.0, 1000.0, 1000.0, 1000.0, 1000.0, 1000.0, 1000.0, 1000.0, -999.0, -999.0, -999.0, -999.0, -999.0</values>
					</sample_size>
				</sampling_intervals>
			</data>
		</threshold>
		<threshold>
			<threshold_value>GT 1.68658 (Pr=0.84)</threshold_value>
			<data>
				<values>0.49831, 0.09402, 0.59233, 1.0, 0.23133, 0.34334, 0.6137, 0.17358, 2.2115, 0.01516, 0.79385, 0.05528, 0.28806, -999.0, -999.0, -999.0, -999.0, -999.0</values>
				<sampling_intervals>
					<main_interval>
						<bounds>0.05, 0.95</bounds>
						<lower_bound>
							<values>0.45986, 0.07952, 0.56428, 1.0, 0.21326, 0.32152, 0.58751, 0.15576, 1.86526, 0.01271, 0.65232, 0.04944, 0.26923, -999.0, -999.0, -999.0, -999.0, -999.0</values>
						</lower_bound>
						<upper_bound>
							<values>0.53237, 0.11449, 0.62274, 1.0, 0.25511, 0.36344, 0.63823, 0.19192, 2.62088, 0.01783, 0.97423, 0.06134, 0.30596, -999.0, -999.0, -999.0, -999.0, -999.0</values>
						</upper_bound>
					</main_interval>
					<sample_size>
						<values>1000.0, 1000.0, 1000.0, 1000.0, 1000.0, 1000.0, 1000.0, 1000.0, 1000.0, 1000.0, 1000.0, 1000.0, 1000.0, -999.0, -999.0, -999.0, -999.0, -999.0</values>
					</sample_size>
				</sampling_intervals>
			</data>
		</threshold>
		<threshold>
			<threshold_value>GT 1.76243 (Pr=0.85)</threshold_value>
			<data>
				<values>0.4877, 0.10104, 0.58874, 1.0, 0.23381, 0.34369, 0.62218, 0.17308, 2.43039, 0.0143, 0.86477, 0.05165, 0.29204, -999.0, -999.0, -999.0, -999.0, -999.0</values>
				<sampling_intervals>
					<main_interval>
						<bounds>0.05, 0.95</bounds>
						<lower_bound>
							<values>0.44996, 0.08381, 0.55905, 1.0, 0.21571, 0.32106, 0.59457, 0.15654, 2.02858, 0.01207, 0.70695, 0.04629, 0.27244, -999.0, -999.0, -999.0, -999.0, -999.0</values>
						</lower_bound>
						<upper_bound>
							<values>0.52299, 0.11997, 0.61835, 1.0, 0.25654, 0.36402, 0.64643, 0.19456, 2.84618, 0.01711, 1.04666, 0.05767, 0.30908, -999.0, -999.0, -999.0, -999.0, -999.0</values>
						</upper_bound>
					</main_interval>
					<sample_size>
						<values>1000.0, 1000.0, 1000.0, 1000.0, 1000.0, 1000.0, 1000.0, 1000.0, 1000.0, 1000.0, 1000.0, 1000.0, 1000.0, -999.0, -999.0, -999.0, -999.0, -999.0</values>
					</sample_size>
				</sampling_intervals>
			</data>
		</threshold>
		<threshold>
			<threshold_value>GT 1.85127 (Pr=0.86)</threshold_value>
			<data>
				<values>0.47507, 0.10587, 0.58094, 1.0, 0.23766, 0.34105, 0.62832, 0.17769, 2.65647, 0.01376, 0.9404, 0.04778, 0.29328, -999.0, -999.0, -999.0, -999.0, -999.0</values>
				<sampling_intervals>
					<main_interval>
						<bounds>0.05, 0.95</bounds>
						<lower_bound>
							<values>0.43753, 0.08467, 0.55179, 1.0, 0.21879, 0.31767, 0.59659, 0.159, 2.18842, 0.01157, 0.75709, 0.04273, 0.2717, -999.0, -999.0, -999.0, -999.0, -999.0</values>
						</lower_bound>
						<upper_bound>
							<values>0.51368, 0.12637, 0.61156, 1.0, 0.25934, 0.36209, 0.65267, 0.19994, 3.1025, 0.01674, 1.13096, 0.0534, 0.31122, -999.0, -999.0, -999.0, -999.0, -999.0</values>
						</upper_bound>
					</main_interval>
					<sample_size>
						<values>1000.0, 1000.0, 1000.0, 1000.0, 1000.0, 1000.0, 1000.0, 1000.0, 1000.0, 1000.0, 1000.0, 1000.0, 1000.0, -999.0, -999.0, -999.0, -999.0, -999.0</values>
					</sample_size>
				</sampling_intervals>
			</data>
		</threshold>
		<threshold>
			<threshold_value>GT 1.96105 (Pr=0.87)</threshold_value>
			<data>
				<values>0.46883, 0.1045, 0.57333, 1.0, 0.24044, 0.33456, 0.62529, 0.18613, 2.83003, 0.01375, 0.99166, 0.04366, 0.2909, -999.0, -999.0, -999.0, -999.0, -999.0</values>
				<sampling_intervals>
					<main_interval>
						<bounds>0.05, 0.95</bounds>
						<lower_bound>
							<values>0.42451, 0.08478, 0.54451, 1.0, 0.22162, 0.31092, 0.58847, 0.16224, 2.34406, 0.01112, 0.80252, 0.03907, 0.26971, -999.0, -999.0, -999.0, -999.0, -999.0</values>
						</lower_bound>
						<upper_bound>
							<values>0.50862, 0.13157, 0.60532, 1.0, 0.26327, 0.35853, 0.65894, 0.20965, 3.41956, 0.01659, 1.23392, 0.04889, 0.31097, -999.0, -999.0, -999.0, -999.0, -999.0</values>
						</upper_bound>
					</main_interval>
					<sample_size>
						<values>1000.0, 1000.0, 1000.0, 1000.0, 1000.0, 1000.0, 1000.0, 1000.0, 1000.0, 1000.0, 1000.0, 1000.0, 1000.0, -999.0, -999.0, -999.0, -999.0, -999.0</values>
					</sample_size>
				</sampling_intervals>
			</data>
		</threshold>
		<threshold>
			<threshold_value>GT 2.09125 (Pr=0.88)</threshold_value>
			<data>
				<values>0.4647, 0.10275, 0.56745, 1.0, 0.24526, 0.3246, 0.61464, 0.19621, 3.01819, 0.01386, 1.05268, 0.039, 0.2856, -999.0, -999.0, -999.0, -999.0, -999.0</values>
				<sampling_intervals>
					<main_interval>
						<bounds>0.05, 0.95</bounds>
						<lower_bound>
							<values>0.4184, 0.08411, 0.53794, 1.0, 0.22638, 0.30064, 0.57944, 0.16862, 2.47396, 0.01098, 0.83795, 0.03485, 0.26439, -999.0, -999.0, -999.0, -999.0, -999.0</values>
						</lower_bound>
						<upper_bound>
							<values>0.50153, 0.13516, 0.59795, 1.0, 0.26697, 0.35097, 0.65938, 0.22232, 3.69012, 0.01674, 1.32056, 0.04434, 0.30997, -999.0, -999.0, -999.0, -999.0, -999.0</values>
						</upper_bound>
					</main_interval>
					<sample_size>
						<values>1000.0, 1000.0, 1000.0, 1000.0, 1000.0, 1000.0, 1000.0, 1000.0, 1000.0, 1000.0, 1000.0, 1000.0, 1000.0, -999.0, -999.0, -999.0, -999.0, -999.0</values>
					</sample_size>
				</sampling_intervals>
			</data>
		</threshold>
		<threshold>
			<threshold_value>GT 2.23801 (Pr=0.89)</threshold_value>
			<data>
				<values>0.45576, 0.10297, 0.55872, 1.0, 0.25125, 0.31225, 0.60524, 0.21071, 3.22282, 0.01413, 1.10628, 0.03458, 0.27768, -999.0, -999.0, -999.0, -999.0, -999.0</values>
				<sampling_intervals>
					<main_interval>
						<bounds>0.05, 0.95</bounds>
						<lower_bound>
							<values>0.41302, 0.08372, 0.53198, 1.0, 0.22838, 0.29331, 0.5764, 0.17918, 2.67319, 0.01111, 0.87731, 0.0309, 0.26111, -999.0, -999.0, -999.0, -999.0, -999.0</values>
						</lower_bound>
						<upper_bound>
							<values>0.49775, 0.13201, 0.59248, 1.0, 0.27176, 0.3416, 0.64894, 0.23117, 3.94678, 0.01647, 1.394, 0.03958, 0.30436, -999.0, -999.0, -999.0, -999.0, -999.0</values>
						</upper_bound>
					</main_interval>
					<sample_size>
						<values>1000.0, 1000.0, 1000.0, 1000.0, 1000.0, 1000.0, 1000.0, 1000.0, 1000.0, 1000.0, 1000.0, 1000.0, 1000.0, -999.0, -999.0, -999.0, -999.0, -999.0</values>
					</sample_size>
				</sampling_intervals>
			</data>
		</threshold>
		<threshold>
			<threshold_value>GT 2.38567 (Pr=0.9)</threshold_value>
			<data>
				<values>0.45446, 0.10317, 0.55764, 1.0, 0.2494, 0.31092, 0.60706, 0.21404, 3.51619, 0.01337, 1.16097, 0.03121, 0.27971, -999.0, -999.0, -999.0, -999.0, -999.0</values>
				<sampling_intervals>
					<main_interval>
						<bounds>0.05, 0.95</bounds>
						<lower_bound>
							<values>0.40546, 0.08154, 0.52224, 1.0, 0.23288, 0.28319, 0.57216, 0.19202, 2.93222, 0.01131, 0.91251, 0.02717, 0.25488, -999.0, -999.0, -999.0, -999.0, -999.0</values>
						</lower_bound>
						<upper_bound>
							<values>0.48482, 0.13142, 0.58231, 1.0, 0.2762, 0.33097, 0.63971, 0.24588, 4.2667, 0.01626, 1.48975, 0.03484, 0.29755, -999.0, -999.0, -999.0, -999.0, -999.0</values>
						</upper_bound>
					</main_interval>
					<sample_size>
						<values>1000.0, 1000.0, 1000.0, 1000.0, 1000.0, 1000.0, 1000.0, 1000.0, 1000.0, 1000.0, 1000.0, 1000.0, 1000.0, -999.0, -999.0, -999.0, -999.0, -999.0</values>
					</sample_size>
				</sampling_intervals>
			</data>
		</threshold>
		<threshold>
			<threshold_value>GT 2.58918 (Pr=0.91)</threshold_value>
			<data>
				<values>0.43631, 0.09954, 0.53585, 1.0, 0.2569, 0.29506, 0.60185, 0.23484, 3.87461, 0.01357, 1.21067, 0.02666, 0.2684, -999.0, -999.0, -999.0, -999.0, -999.0</values>
				<sampling_intervals>
					<main_interval>
						<bounds>0.05, 0.95</bounds>
						<lower_bound>
							<values>0.39427, 0.07916, 0.50786, 1.0, 0.23696, 0.27144, 0.56653, 0.20451, 3.18333, 0.01109, 0.94043, 0.02354, 0.24712, -999.0, -999.0, -999.0, -999.0, -999.0</values>
						</lower_bound>
						<upper_bound>
							<values>0.47108, 0.12926, 0.56543, 1.0, 0.27961, 0.32008, 0.63759, 0.26166, 4.71546, 0.01603, 1.56976, 0.03037, 0.29196, -999.0, -999.0, -999.0, -999.0, -999.0</values>
						</upper_bound>
					</main_interval>
					<sample_size>
						<values>1000.0, 1000.0, 1000.0, 1000.0, 1000.0, 1000.0, 1000.0, 1000.0, 1000.0, 1000.0, 1000.0, 1000.0, 1000.0, -999.0, -999.0, -999.0, -999.0, -999.0</values>
					</sample_size>
				</sampling_intervals>
			</data>
		</threshold>
		<threshold>
			<threshold_value>GT 2.8344 (Pr=0.92)</threshold_value>
			<data>
				<values>0.42619, 0.0947, 0.5209, 1.0, 0.2615, 0.28074, 0.59305, 0.25578, 4.21948, 0.01354, 1.21878, 0.02252, 0.25821, -999.0, -999.0, -999.0, -999.0, -999.0</values>
				<sampling_intervals>
					<main_interval>
						<bounds>0.05, 0.95</bounds>
						<lower_bound>
							<values>0.37853, 0.07334, 0.49628, 1.0, 0.23899, 0.2601, 0.55592, 0.22278, 3.39586, 0.01096, 0.90307, 0.01997, 0.23964, -999.0, -999.0, -999.0, -999.0, -999.0</values>
						</lower_bound>
						<upper_bound>
							<values>0.4713, 0.12625, 0.55664, 1.0, 0.28427, 0.30928, 0.6364, 0.2797, 5.25344, 0.01577, 1.65463, 0.02592, 0.2839, -999.0, -999.0, -999.0, -999.0, -999.0</values>
						</upper_bound>
					</main_interval>
					<sample_size>
						<values>1000.0, 1000.0, 1000.0, 1000.0, 1000.0, 1000.0, 1000.0, 1000.0, 1000.0, 1000.0, 1000.0, 1000.0, 1000.0, -999.0, -999.0, -999.0, -999.0, -999.0</values>
					</sample_size>
				</sampling_intervals>
			</data>
		</threshold>
		<threshold>
			<threshold_value>GT 3.10523 (Pr=0.93)</threshold_value>
			<data>
				<values>0.43216, 0.0875, 0.51966, 1.0, 0.25789, 0.27418, 0.58413, 0.26973, 4.52113, 0.01285, 1.16033, 0.01923, 0.25496, -999.0, -999.0, -999.0, -999.0, -999.0</values>
				<sampling_intervals>
					<main_interval>
						<bounds>0.05, 0.95</bounds>
						<lower_bound>
							<values>0.37517, 0.06999, 0.48768, 1.0, 0.23688, 0.25347, 0.5513, 0.24156, 3.67714, 0.01085, 0.87996, 0.01686, 0.23548, -999.0, -999.0, -999.0, -999.0, -999.0</values>
						</lower_bound>
						<upper_bound>
							<values>0.47232, 0.12052, 0.55266, 1.0, 0.28475, 0.2977, 0.62274, 0.29216, 5.69216, 0.01462, 1.64985, 0.02207, 0.2765, -999.0, -999.0, -999.0, -999.0, -999.0</values>
						</upper_bound>
					</main_interval>
					<sample_size>
						<values>1000.0, 1000.0, 1000.0, 1000.0, 1000.0, 1000.0, 1000.0, 1000.0, 1000.0, 1000.0, 1000.0, 1000.0, 1000.0, -999.0, -999.0, -999.0, -999.0, -999.0</values>
					</sample_size>
				</sampling_intervals>
			</data>
		</threshold>
		<threshold>
			<threshold_value>GT 3.42843 (Pr=0.94)</threshold_value>
			<data>
				<values>0.42891, 0.08776, 0.51667, 1.0, 0.25725, 0.27015, 0.58399, 0.27902, 5.11582, 0.01163, 1.1867, 0.01631, 0.25384, -999.0, -999.0, -999.0, -999.0, -999.0</values>
				<sampling_intervals>
					<main_interval>
						<bounds>0.05, 0.95</bounds>
						<lower_bound>
							<values>0.37565, 0.06615, 0.48322, 1.0, 0.23574, 0.24588, 0.54605, 0.25399, 4.13419, 0.01006, 0.84537, 0.01406, 0.23128, -999.0, -999.0, -999.0, -999.0, -999.0</values>
						</lower_bound>
						<upper_bound>
							<values>0.47006, 0.11425, 0.54932, 1.0, 0.2832, 0.2914, 0.61956, 0.30858, 6.37253, 0.01349, 1.61311, 0.01871, 0.27383, -999.0, -999.0, -999.0, -999.0, -999.0</values>
						</upper_bound>
					</main_interval>
					<sample_size>
						<values>1000.0, 1000.0, 1000.0, 1000.0, 1000.0, 1000.0, 1000.0, 1000.0, 1000.0, 1000.0, 1000.0, 1000.0, 1000.0, -999.0, -999.0, -999.0, -999.0, -999.0</values>
					</sample_size>
				</sampling_intervals>
			</data>
		</threshold>
		<threshold>
			<threshold_value>GT 3.89517 (Pr=0.95)</threshold_value>
			<data>
				<values>0.44283, 0.06727, 0.5101, 1.0, 0.25363, 0.25735, 0.56089, 0.30952, 5.25094, 0.01101, 0.85122, 0.0129, 0.24445, -999.0, -999.0, -999.0, -999.0, -999.0</values>
				<sampling_intervals>
					<main_interval>
						<bounds>0.05, 0.95</bounds>
						<lower_bound>
							<values>0.37062, 0.04489, 0.46798, 1.0, 0.23203, 0.23244, 0.5262, 0.27206, 4.22179, 0.00919, 0.582, 0.01117, 0.22069, -999.0, -999.0, -999.0, -999.0, -999.0</values>
						</lower_bound>
						<upper_bound>
							<values>0.48113, 0.11404, 0.54441, 1.0, 0.28476, 0.28501, 0.61575, 0.33791, 7.37934, 0.01268, 1.61791, 0.01507, 0.27051, -999.0, -999.0, -999.0, -999.0, -999.0</values>
						</upper_bound>
					</main_interval>
					<sample_size>
						<values>1000.0, 1000.0, 1000.0, 1000.0, 1000.0, 1000.0, 1000.0, 1000.0, 1000.0, 1000.0, 1000.0, 1000.0, 1000.0, -999.0, -999.0, -999.0, -999.0, -999.0</values>
					</sample_size>
				</sampling_intervals>
			</data>
		</threshold>
		<threshold>
			<threshold_value>GT 4.4902 (Pr=0.96)</threshold_value>
			<data>
				<values>0.48806, 0.01288, 0.50094, 1.0, 0.25246, 0.24755, 0.50703, 0.34244, 4.57974, 0.0101, 0.24263, 0.0099, 0.23765, -999.0, -999.0, -999.0, -999.0, -999.0</values>
				<sampling_intervals>
					<main_interval>
						<bounds>0.05, 0.95</bounds>
						<lower_bound>
							<values>0.38598, 0.01064, 0.45082, 1.0, 0.22726, 0.21163, 0.45487, 0.30413, 3.53112, 0.00838, 0.17995, 0.00821, 0.20253, -999.0, -999.0, -999.0, -999.0, -999.0</values>
						</lower_bound>
						<upper_bound>
							<values>0.5232, 0.08558, 0.54157, 1.0, 0.29374, 0.27587, 0.59411, 0.38899, 7.7774, 0.01215, 1.12864, 0.01164, 0.26465, -999.0, -999.0, -999.0, -999.0, -999.0</values>
						</upper_bound>
					</main_interval>
					<sample_size>
						<values>1000.0, 1000.0, 1000.0, 1000.0, 1000.0, 1000.0, 1000.0, 1000.0, 1000.0, 1000.0, 1000.0, 1000.0, 1000.0, -999.0, -999.0, -999.0, -999.0, -999.0</values>
					</sample_size>
				</sampling_intervals>
			</data>
		</threshold>
		<threshold>
			<threshold_value>GT 5.4704 (Pr=0.97)</threshold_value>
			<data>
				<values>0.46423, 0.0116, 0.47583, 1.0, 0.30379, 0.20175, 0.43373, 0.39807, 4.9702, 0.00925, 0.1897, 0.00608, 0.19567, -999.0, -999.0, -999.0, -999.0, -999.0</values>
				<sampling_intervals>
					<main_interval>
						<bounds>0.05, 0.95</bounds>
						<lower_bound>
							<values>0.41674, 0.00787, 0.43017, 1.0, 0.25886, 0.17313, 0.38773, 0.34764, 3.74324, 0.00756, 0.13534, 0.00508, 0.16795, -999.0, -999.0, -999.0, -999.0, -999.0</values>
						</lower_bound>
						<upper_bound>
							<values>0.51254, 0.02491, 0.53289, 1.0, 0.34115, 0.24137, 0.4978, 0.43907, 6.60836, 0.01096, 0.28944, 0.0076, 0.23407, -999.0, -999.0, -999.0, -999.0, -999.0</values>
						</upper_bound>
					</main_interval>
					<sample_size>
						<values>1000.0, 1000.0, 1000.0, 1000.0, 1000.0, 1000.0, 1000.0, 1000.0, 1000.0, 1000.0, 1000.0, 1000.0, 1000.0, -999.0, -999.0, -999.0, -999.0, -999.0</values>
					</sample_size>
				</sampling_intervals>
			</data>
		</threshold>
		<threshold>
			<threshold_value>GT 6.9102 (Pr=0.98)</threshold_value>
			<data>
				<values>0.46616, 0.02514, 0.4913, 1.0, 0.34881, 0.16826, 0.35329, 0.44164, 5.05138, 0.00706, 0.1384, 0.00337, 0.16489, -999.0, -999.0, -999.0, -999.0, -999.0</values>
				<sampling_intervals>
					<main_interval>
						<bounds>0.05, 0.95</bounds>
						<lower_bound>
							<values>0.41619, 0.01701, 0.43894, 1.0, 0.30145, 0.13957, 0.30242, 0.3912, 3.27262, 0.00579, 0.05398, 0.00272, 0.13696, -999.0, -999.0, -999.0, -999.0, -999.0</values>
						</lower_bound>
						<upper_bound>
							<values>0.50778, 0.0463, 0.54484, 1.0, 0.3948, 0.20332, 0.42507, 0.49004, 7.79064, 0.00847, 0.24989, 0.00422, 0.19923, -999.0, -999.0, -999.0, -999.0, -999.0</values>
						</upper_bound>
					</main_interval>
					<sample_size>
						<values>1000.0, 1000.0, 1000.0, 1000.0, 1000.0, 1000.0, 1000.0, 1000.0, 1000.0, 1000.0, 1000.0, 1000.0, 1000.0, -999.0, -999.0, -999.0, -999.0, -999.0</values>
					</sample_size>
				</sampling_intervals>
			</data>
		</threshold>
		<threshold>
			<threshold_value>GT 10.09785 (Pr=0.99)</threshold_value>
			<data>
				<values>0.43527, 0.06634, 0.50161, 1.0, 0.44482, 0.11226, 0.23217, 0.52707, 4.27822, 0.00451, 0.02286, 0.00113, 0.11113, -999.0, -999.0, -999.0, -999.0, -999.0</values>
				<sampling_intervals>
					<main_interval>
						<bounds>0.05, 0.95</bounds>
						<lower_bound>
							<values>0.39307, 0.03993, 0.45361, 1.0, 0.36887, 0.08804, 0.19035, 0.45502, 2.36659, 0.00355, 0.01024, 8.6E-4, 0.08708, -999.0, -999.0, -999.0, -999.0, -999.0</values>
						</lower_bound>
						<upper_bound>
							<values>0.50245, 0.11267, 0.5843, 1.0, 0.49772, 0.1554, 0.2947, 0.57503, 6.70702, 0.00547, 0.04687, 0.00162, 0.15361, -999.0, -999.0, -999.0, -999.0, -999.0</values>
						</upper_bound>
					</main_interval>
					<sample_size>
						<values>1000.0, 1000.0, 1000.0, 1000.0, 1000.0, 1000.0, 1000.0, 1000.0, 1000.0, 1000.0, 1000.0, 1000.0, 1000.0, -999.0, -999.0, -999.0, -999.0, -999.0</values>
					</sample_size>
				</sampling_intervals>
			</data>
		</threshold>
		<threshold>
			<threshold_value>GT 12.26035 (Pr=0.993)</threshold_value>
			<data>
				<values>0.39573, 0.1027, 0.49843, 1.0, 0.5094, 0.08303, 0.1779, 0.58581, 3.22472, 0.00359, 0.00904, 5.8E-4, 0.08245, -999.0, -999.0, -999.0, -999.0, -999.0</values>
				<sampling_intervals>
					<main_interval>
						<bounds>0.05, 0.95</bounds>
						<lower_bound>
							<values>0.32802, 0.06609, 0.41917, 1.0, 0.41759, 0.05544, 0.13415, 0.49928, 1.64585, 0.00284, 0.00391, 3.8E-4, 0.05501, -999.0, -999.0, -999.0, -999.0, -999.0</values>
						</lower_bound>
						<upper_bound>
							<values>0.4741, 0.15289, 0.59245, 1.0, 0.58773, 0.12621, 0.23773, 0.65747, 6.52242, 0.00457, 0.02572, 9.3E-4, 0.12527, -999.0, -999.0, -999.0, -999.0, -999.0</values>
						</upper_bound>
					</main_interval>
					<sample_size>
						<values>1000.0, 1000.0, 1000.0, 1000.0, 1000.0, 1000.0, 1000.0, 1000.0, 1000.0, 1000.0, 1000.0, 1000.0, 1000.0, -999.0, -999.0, -999.0, -999.0, -999.0</values>
					</sample_size>
				</sampling_intervals>
			</data>
		</threshold>
		<threshold>
			<threshold_value>GT 13.6706 (Pr=0.995)</threshold_value>
			<data>
				<values>0.3884, 0.11681, 0.50521, 1.0, 0.51593, 0.08013, 0.1758, 0.59439, 4.02446, 0.0026, 0.00871, 4.0E-4, 0.07973, -999.0, -999.0, -999.0, -999.0, -999.0</values>
				<sampling_intervals>
					<main_interval>
						<bounds>0.05, 0.95</bounds>
						<lower_bound>
							<values>0.2876, 0.07089, 0.37813, 1.0, 0.4508, 0.04154, 0.11326, 0.53403, 1.98031, 0.00217, 0.00362, 2.1E-4, 0.04132, -999.0, -999.0, -999.0, -999.0, -999.0</values>
						</lower_bound>
						<upper_bound>
							<values>0.44599, 0.16708, 0.58681, 1.0, 0.63461, 0.10831, 0.21896, 0.69379, 7.57512, 0.00355, 0.01728, 5.8E-4, 0.10777, -999.0, -999.0, -999.0, -999.0, -999.0</values>
						</upper_bound>
					</main_interval>
					<sample_size>
						<values>1000.0, 1000.0, 1000.0, 1000.0, 1000.0, 1000.0, 1000.0, 1000.0, 1000.0, 1000.0, 1000.0, 1000.0, 1000.0, -999.0, -999.0, -999.0, -999.0, -999.0</values>
					</sample_size>
				</sampling_intervals>
			</data>
		</threshold>
		<threshold>
			<threshold_value>GT 15.92113 (Pr=0.99648)</threshold_value>
			<data>
				<values>0.3337, 0.13043, 0.46413, 1.0, 0.58881, 0.05466, 0.13214, 0.65513, 3.77936, 0.00211, 0.0049, 2.0E-4, 0.05446, -999.0, -999.0, -999.0, -999.0, -999.0</values>
				<sampling_intervals>
					<main_interval>
						<bounds>0.05, 0.95</bounds>
						<lower_bound>
							<values>0.22493, 0.0747, 0.32789, 1.0, 0.48777, 0.02376, 0.07682, 0.5745, 1.60168, 0.00163, 0.00146, 9.0E-5, 0.02369, -999.0, -999.0, -999.0, -999.0, -999.0</values>
						</lower_bound>
						<upper_bound>
							<values>0.41197, 0.2004, 0.57273, 1.0, 0.71752, 0.0915, 0.19814, 0.75995, 9.13409, 0.0028, 0.01667, 3.5E-4, 0.09121, -999.0, -999.0, -999.0, -999.0, -999.0</values>
						</upper_bound>
					</main_interval>
					<sample_size>
						<values>1000.0, 1000.0, 1000.0, 1000.0, 1000.0, 1000.0, 1000.0, 1000.0, 1000.0, 1000.0, 1000.0, 1000.0, 1000.0, -999.0, -999.0, -999.0, -999.0, -999.0</values>
					</sample_size>
				</sampling_intervals>
			</data>
		</threshold>
		<threshold>
			<threshold_value>GT 19.88123 (Pr=0.99787)</threshold_value>
			<data>
				<values>0.23406, 0.08941, 0.32347, 1.0, 0.66214, 0.03496, 0.13877, 0.74007, 12.47166, 0.00146, 0.00878, 8.0E-5, 0.03489, -999.0, -999.0, -999.0, -999.0, -999.0</values>
				<sampling_intervals>
					<main_interval>
						<bounds>0.05, 0.95</bounds>
						<lower_bound>
							<values>0.11008, 0.03131, 0.1693, 1.0, 0.51138, 0.00824, 0.05812, 0.62302, 2.23918, 0.00104, 0.00128, 2.0E-5, 0.00822, -999.0, -999.0, -999.0, -999.0, -999.0</values>
						</lower_bound>
						<upper_bound>
							<values>0.35226, 0.18466, 0.5058, 1.0, 0.8271, 0.0815, 0.22263, 0.86518, 26.67072, 0.00201, 0.02172, 1.8E-4, 0.08132, -999.0, -999.0, -999.0, -999.0, -999.0</values>
						</upper_bound>
					</main_interval>
					<sample_size>
						<values>1000.0, 1000.0, 1000.0, 1000.0, 1000.0, 1000.0, 1000.0, 1000.0, 1000.0, 1000.0, 1000.0, 1000.0, 1000.0, -999.0, -999.0, -999.0, -999.0, -999.0</values>
					</sample_size>
				</sampling_intervals>
			</data>
		</threshold>
		<threshold>
			<threshold_value>GT 24.31358 (Pr=0.999)</threshold_value>
			<data>
				<values>0.25139, 0.034, 0.28539, 1.0, 0.61802, 0.04586, 0.17645, 0.72604, 21.92922, 6.6E-4, 0.01501, 5.0E-5, 0.04581, -999.0, -999.0, -999.0, -999.0, -999.0</values>
				<sampling_intervals>
					<main_interval>
						<bounds>0.05, 0.95</bounds>
						<lower_bound>
							<values>0.02275, 0.00799, 0.03547, 1.0, 0.38375, 6.7E-4, 0.02892, 0.52006, 2.61418, 3.7E-4, 3.6E-4, 0.0, 6.7E-4, -999.0, -999.0, -999.0, -999.0, -999.0</values>
						</lower_bound>
						<upper_bound>
							<values>0.47185, 0.14492, 0.56793, 1.0, 0.94892, 0.14296, 0.29471, 0.95513, 43.09753, 0.00113, 0.03377, 1.7E-4, 0.14277, -999.0, -999.0, -999.0, -999.0, -999.0</values>
						</upper_bound>
					</main_interval>
					<sample_size>
						<values>1000.0, 1000.0, 1000.0, 1000.0, 1000.0, 1000.0, 1000.0, 1000.0, 1000.0, 1000.0, 1000.0, 1000.0, 1000.0, -999.0, -999.0, -999.0, -999.0, -999.0</values>
					</sample_size>
				</sampling_intervals>
			</data>
		</threshold>
		<threshold>
			<threshold_value>GT 27.81359 (Pr=0.99919)</threshold_value>
			<data>
				<values>0.33711, 0.05657, 0.39368, 1.0, 0.52937, 0.07435, 0.20787, 0.65044, 15.5372, 4.4E-4, 0.00422, 6.0E-5, 0.07429, -999.0, -999.0, -999.0, -999.0, -999.0</values>
				<sampling_intervals>
					<main_interval>
						<bounds>0.05, 0.95</bounds>
						<lower_bound>
							<values>0.02141, 0.01485, 0.0374, 1.0, 0.35048, 7.1E-4, 0.03154, 0.47761, 2.2196, 2.6E-4, 2.3E-4, 0.0, 7.1E-4, -999.0, -999.0, -999.0, -999.0, -999.0</values>
						</lower_bound>
						<upper_bound>
							<values>0.51088, 0.16643, 0.61636, 1.0, 0.94477, 0.16576, 0.31423, 0.95247, 60.10122, 9.4E-4, 0.04185, 1.8E-4, 0.1655, -999.0, -999.0, -999.0, -999.0, -999.0</values>
						</upper_bound>
					</main_interval>
					<sample_size>
						<values>1000.0, 1000.0, 1000.0, 1000.0, 1000.0, 1000.0, 1000.0, 1000.0, 1000.0, 1000.0, 1000.0, 1000.0, 1000.0, -999.0, -999.0, -999.0, -999.0, -999.0</values>
					</sample_size>
				</sampling_intervals>
			</data>
		</threshold>
	</threshold_data>
</result></results>