<?xml version="1.0" standalone="yes"?><results>
<!--Result file containing the results for a single metric by lead period.
Some metrics, such as reliability diagrams, have results for specific thresholds 
(e.g. probability thresholds).  In that case, the results are stored by lead period 
and then by threshold value.  The actual data associated with a result always appears 
within a 'values' tag.  A metric result that comprises a single value will appear as a 
single value in this tag.  A metric result that comprises a 1D matrix will appear as a 
row of values separated by commas in the input order.  A metric result that comprises a 
2D matrix will appear as a sequence of rows, each with a 'values' tag, which are written 
in the input order.  For example, a diagram metric with an x and y axis will comprise 
two rows of data (i.e. two rows within two separate 'values' tags).  The default input 
order would be data for the x axis followed by data for the y axis.  Data that refer to 
cumulative probabilities are, by default, always defined in increasing size of probability.--><meta_data>
	<thresholds_type>true</thresholds_type>
	<original_file_id>01643000_CAL.Streamflow.ICK_INF_ONE_OBS_ONE_MEAN_1D_MEAN_INDEP.Brier_skill_score.xml</original_file_id>
</meta_data><result>
	<lead_hour>0.0</lead_hour>
	<threshold_data>
		<threshold>
			<threshold_value>GT 0.02 (Pr=0.0)</threshold_value>
			<data>
				<values>0.95205, 0.0019, 0.00868, 0.05473, 0.04535, 4.4E-4, 0.00303, 0.00262, 7.47469, 1.0E-5, 0.00398, 0.0, 4.0E-5, 0.99804, -0.66582, 0.7728, -0.97973, -0.99631</values>
				<sampling_intervals>
					<main_interval>
						<bounds>0.05, 0.95</bounds>
						<lower_bound>
							<values>0.87888, 5.1E-4, 0.00448, 0.01968, 0.00964, 3.5E-4, 0.00166, 0.00106, 0.55271, 0.0, 2.7E-4, 0.0, 4.0E-5, 0.96994, -0.70894, 0.42597, -0.98015, -0.99796</values>
						</lower_bound>
						<upper_bound>
							<values>0.98543, 0.02722, 0.07918, 0.14803, 0.11572, 0.02019, 0.03291, 0.01559, 7.56518, 8.0E-5, 0.01194, 3.0E-5, 0.00101, 0.99946, 233.64629, 0.96013, 7.25231, -0.95726</values>
						</upper_bound>
					</main_interval>
					<sample_size>
						<values>1000.0, 1000.0, 1000.0, 1000.0, 1000.0, 1000.0, 1000.0, 1000.0, 1000.0, 1000.0, 1000.0, 1000.0, 1000.0, 1000.0, 1000.0, 1000.0, 1000.0, 1000.0</values>
					</sample_size>
				</sampling_intervals>
			</data>
		</threshold>
		<threshold>
			<threshold_value>GT 0.08769 (Pr=0.025)</threshold_value>
			<data>
				<values>0.81906, 0.09135, 0.49524, 0.58484, 0.02987, 0.35581, 0.50688, 0.16324, 0.2631, 0.00451, 0.00259, 0.00746, 0.03464, 0.8325, 2.80382, 0.91596, 2.61903, -0.31767</values>
				<sampling_intervals>
					<main_interval>
						<bounds>0.05, 0.95</bounds>
						<lower_bound>
							<values>0.7845, 0.05684, 0.35164, 0.42327, 0.01691, 0.22525, 0.33953, 0.06648, 0.19924, 0.00139, 0.00139, 0.00355, 0.02018, 0.75137, 1.51557, 0.80349, 1.71752, -0.52047</values>
						</lower_bound>
						<upper_bound>
							<values>0.87027, 0.12843, 0.74762, 0.84567, 0.07884, 0.51781, 0.651, 0.20256, 0.54181, 0.00632, 0.00827, 0.01818, 0.05932, 0.89941, 6.44803, 0.94905, 3.68725, -0.1326</values>
						</upper_bound>
					</main_interval>
					<sample_size>
						<values>1000.0, 1000.0, 1000.0, 1000.0, 1000.0, 1000.0, 1000.0, 1000.0, 1000.0, 1000.0, 1000.0, 1000.0, 1000.0, 1000.0, 1000.0, 1000.0, 1000.0, 1000.0</values>
					</sample_size>
				</sampling_intervals>
			</data>
		</threshold>
		<threshold>
			<threshold_value>GT 0.10601 (Pr=0.05)</threshold_value>
			<data>
				<values>0.8183, 0.03313, 0.82676, 0.97533, 0.03606, 0.63785, 0.7835, 0.14865, 0.25012, 0.0046, 0.00413, 0.03719, 0.07698, 0.8774, 2.36728, 0.92025, 3.43078, 0.13245</values>
				<sampling_intervals>
					<main_interval>
						<bounds>0.05, 0.95</bounds>
						<lower_bound>
							<values>0.74352, 0.03545, 0.6537, 0.77964, 0.02173, 0.46469, 0.60485, 0.08662, 0.15133, 0.00218, 0.00202, 0.02028, 0.05334, 0.58953, 1.59253, 0.81169, 2.18907, -0.1136</values>
						</lower_bound>
						<upper_bound>
							<values>0.84638, 0.11591, 1.03589, 1.1803, 0.08785, 0.78076, 0.93514, 0.25349, 0.49506, 0.00927, 0.01196, 0.06347, 0.10335, 0.88311, 3.51008, 0.95108, 4.37105, 0.36309</values>
						</upper_bound>
					</main_interval>
					<sample_size>
						<values>1000.0, 1000.0, 1000.0, 1000.0, 1000.0, 1000.0, 1000.0, 1000.0, 1000.0, 1000.0, 1000.0, 1000.0, 1000.0, 1000.0, 1000.0, 1000.0, 1000.0, 1000.0</values>
					</sample_size>
				</sampling_intervals>
			</data>
		</threshold>
		<threshold>
			<threshold_value>GT 0.12108 (Pr=0.075)</threshold_value>
			<data>
				<values>0.74339, 0.06485, 1.17535, 1.36712, 0.08438, 0.77405, 0.94629, 0.13935, 0.39691, 0.00511, 0.01312, 0.09664, 0.11561, 0.40806, 1.46577, 0.84062, 2.60115, 0.38032</values>
				<sampling_intervals>
					<main_interval>
						<bounds>0.05, 0.95</bounds>
						<lower_bound>
							<values>0.72588, 0.0415, 0.91997, 1.099, 0.03043, 0.65757, 0.8238, 0.12344, 0.17974, 0.00425, 0.0035, 0.05603, 0.0907, 0.20156, 1.19004, 0.82374, 2.38318, 0.21012</values>
						</lower_bound>
						<upper_bound>
							<values>0.80405, 0.07887, 1.29385, 1.47695, 0.09344, 0.97778, 1.16244, 0.26878, 0.42839, 0.01313, 0.01462, 0.13685, 0.14867, 0.77275, 2.19448, 0.93854, 3.98221, 0.68108</values>
						</upper_bound>
					</main_interval>
					<sample_size>
						<values>1000.0, 1000.0, 1000.0, 1000.0, 1000.0, 1000.0, 1000.0, 1000.0, 1000.0, 1000.0, 1000.0, 1000.0, 1000.0, 1000.0, 1000.0, 1000.0, 1000.0, 1000.0</values>
					</sample_size>
				</sampling_intervals>
			</data>
		</threshold>
		<threshold>
			<threshold_value>GT 0.13681 (Pr=0.1)</threshold_value>
			<data>
				<values>0.76493, 0.02961, 1.27549, 1.48095, 0.03572, 1.06094, 1.26029, 0.27798, 0.19145, 0.01225, 0.00516, 0.16942, 0.17223, 0.60217, 1.29663, 0.93538, 3.49259, 0.84436</values>
				<sampling_intervals>
					<main_interval>
						<bounds>0.05, 0.95</bounds>
						<lower_bound>
							<values>0.72848, 0.0363, 1.13367, 1.31937, 0.02739, 0.87079, 1.05388, 0.15629, 0.15429, 0.00622, 0.00354, 0.11488, 0.14054, -0.17339, 0.99255, 0.87993, 2.64717, 0.55604</values>
						</lower_bound>
						<upper_bound>
							<values>0.79747, 0.06593, 1.47963, 1.66989, 0.06751, 1.20078, 1.40177, 0.34292, 0.33322, 0.01687, 0.0122, 0.24586, 0.20816, 0.63169, 1.68785, 0.94891, 3.98043, 1.02203</values>
						</upper_bound>
					</main_interval>
					<sample_size>
						<values>1000.0, 1000.0, 1000.0, 1000.0, 1000.0, 1000.0, 1000.0, 1000.0, 1000.0, 1000.0, 1000.0, 1000.0, 1000.0, 1000.0, 1000.0, 1000.0, 1000.0, 1000.0</values>
					</sample_size>
				</sampling_intervals>
			</data>
		</threshold>
		<threshold>
			<threshold_value>GT 0.1535 (Pr=0.125)</threshold_value>
			<data>
				<values>0.7613, 0.03059, 1.45068, 1.6588, 0.04389, 1.16304, 1.35785, 0.23374, 0.24247, 0.01111, 0.00816, 0.28629, 0.21698, 0.10455, 1.09346, 0.92564, 3.27202, 0.99103</values>
				<sampling_intervals>
					<main_interval>
						<bounds>0.05, 0.95</bounds>
						<lower_bound>
							<values>0.73457, 0.03275, 1.14613, 1.30171, 0.02481, 0.92716, 1.09046, 0.12325, 0.15938, 0.00604, 0.00414, 0.13184, 0.18529, -0.67469, 0.89639, 0.8989, 1.89596, 0.24465</values>
						</lower_bound>
						<upper_bound>
							<values>0.81167, 0.05473, 1.58721, 1.78193, 0.05822, 1.31863, 1.5185, 0.35118, 0.35161, 0.01832, 0.01265, 0.379, 0.33354, 0.80145, 1.45211, 0.95188, 3.86153, 1.19776</values>
						</upper_bound>
					</main_interval>
					<sample_size>
						<values>1000.0, 1000.0, 1000.0, 1000.0, 1000.0, 1000.0, 1000.0, 1000.0, 1000.0, 1000.0, 1000.0, 1000.0, 1000.0, 1000.0, 1000.0, 1000.0, 1000.0, 1000.0</values>
					</sample_size>
				</sampling_intervals>
			</data>
		</threshold>
		<threshold>
			<threshold_value>GT 0.17096 (Pr=0.15)</threshold_value>
			<data>
				<values>0.77417, 0.03588, 1.39946, 1.58941, 0.0401, 1.12495, 1.31068, 0.13436, 0.37134, 0.0067, 0.01358, 0.2318, 0.36875, 0.66834, 1.0061, 0.90965, 1.92403, 0.39303</values>
				<sampling_intervals>
					<main_interval>
						<bounds>0.05, 0.95</bounds>
						<lower_bound>
							<values>0.74975, 0.03115, 1.21164, 1.37357, 0.02355, 0.98685, 1.16262, 0.12648, 0.17337, 0.00626, 0.00525, 0.1639, 0.24757, -0.41347, 0.85454, 0.89703, 1.72244, 0.2844</values>
						</lower_bound>
						<upper_bound>
							<values>0.81078, 0.05101, 1.58146, 1.77114, 0.04676, 1.33036, 1.52713, 0.32673, 0.40159, 0.01735, 0.01543, 0.41458, 0.42337, 0.78753, 1.3098, 0.94976, 3.60939, 1.25704</values>
						</upper_bound>
					</main_interval>
					<sample_size>
						<values>1000.0, 1000.0, 1000.0, 1000.0, 1000.0, 1000.0, 1000.0, 1000.0, 1000.0, 1000.0, 1000.0, 1000.0, 1000.0, 1000.0, 1000.0, 1000.0, 1000.0, 1000.0</values>
					</sample_size>
				</sampling_intervals>
			</data>
		</threshold>
		<threshold>
			<threshold_value>GT 0.18862 (Pr=0.175)</threshold_value>
			<data>
				<values>0.77558, 0.02554, 1.46727, 1.66615, 0.03113, 1.24605, 1.43933, 0.20213, 0.25801, 0.01236, 0.0091, 0.28297, 0.4265, 0.73434, 0.92483, 0.93032, 2.01031, 0.48824</values>
				<sampling_intervals>
					<main_interval>
						<bounds>0.05, 0.95</bounds>
						<lower_bound>
							<values>0.74439, 0.0285, 1.32439, 1.50368, 0.0252, 1.08489, 1.26784, 0.14082, 0.20698, 0.00721, 0.00669, 0.21871, 0.37032, 0.25965, 0.76256, 0.89647, 1.70067, 0.36369</values>
						</lower_bound>
						<upper_bound>
							<values>0.80077, 0.05235, 1.66139, 1.85859, 0.04717, 1.39808, 1.59119, 0.22832, 0.38453, 0.01403, 0.01709, 0.38577, 0.49422, 0.75959, 1.14053, 0.94306, 2.31455, 0.59856</values>
						</upper_bound>
					</main_interval>
					<sample_size>
						<values>1000.0, 1000.0, 1000.0, 1000.0, 1000.0, 1000.0, 1000.0, 1000.0, 1000.0, 1000.0, 1000.0, 1000.0, 1000.0, 1000.0, 1000.0, 1000.0, 1000.0, 1000.0</values>
					</sample_size>
				</sampling_intervals>
			</data>
		</threshold>
		<threshold>
			<threshold_value>GT 0.20735 (Pr=0.2)</threshold_value>
			<data>
				<values>0.77617, 0.01992, 1.57034, 1.77425, 0.0279, 1.3626, 1.55853, 0.21827, 0.23125, 0.01328, 0.00824, 0.36785, 0.4908, 0.74817, 0.84018, 0.93887, 2.04021, 0.57135</values>
				<sampling_intervals>
					<main_interval>
						<bounds>0.05, 0.95</bounds>
						<lower_bound>
							<values>0.74669, 0.02563, 1.42719, 1.60999, 0.02478, 1.19206, 1.38486, 0.1611, 0.19626, 0.00876, 0.00679, 0.28437, 0.42849, 0.22882, 0.70219, 0.91042, 1.74065, 0.44616</values>
						</lower_bound>
						<upper_bound>
							<values>0.79476, 0.04541, 1.75782, 1.95284, 0.04156, 1.50813, 1.71112, 0.25439, 0.33385, 0.01649, 0.01565, 0.47418, 0.55684, 0.73161, 1.00973, 0.94449, 2.2369, 0.64152</values>
						</upper_bound>
					</main_interval>
					<sample_size>
						<values>1000.0, 1000.0, 1000.0, 1000.0, 1000.0, 1000.0, 1000.0, 1000.0, 1000.0, 1000.0, 1000.0, 1000.0, 1000.0, 1000.0, 1000.0, 1000.0, 1000.0, 1000.0</values>
					</sample_size>
				</sampling_intervals>
			</data>
		</threshold>
		<threshold>
			<threshold_value>GT 0.22623 (Pr=0.225)</threshold_value>
			<data>
				<values>0.77399, 0.02505, 1.66668, 1.86764, 0.0274, 1.44846, 1.64706, 0.23187, 0.21886, 0.01451, 0.00826, 0.44581, 0.54435, 0.62374, 0.78405, 0.94055, 1.99183, 0.6098</values>
				<sampling_intervals>
					<main_interval>
						<bounds>0.05, 0.95</bounds>
						<lower_bound>
							<values>0.74335, 0.02505, 1.5029, 1.69984, 0.02474, 1.27256, 1.46806, 0.18085, 0.18803, 0.01004, 0.00672, 0.35018, 0.4757, 0.15042, 0.66397, 0.91951, 1.72166, 0.50266</values>
						</lower_bound>
						<upper_bound>
							<values>0.78907, 0.04307, 1.82778, 2.033, 0.0378, 1.58039, 1.7863, 0.27109, 0.30706, 0.0179, 0.01455, 0.56026, 0.60622, 0.68385, 0.93025, 0.94582, 2.21859, 0.6827</values>
						</upper_bound>
					</main_interval>
					<sample_size>
						<values>1000.0, 1000.0, 1000.0, 1000.0, 1000.0, 1000.0, 1000.0, 1000.0, 1000.0, 1000.0, 1000.0, 1000.0, 1000.0, 1000.0, 1000.0, 1000.0, 1000.0, 1000.0</values>
					</sample_size>
				</sampling_intervals>
			</data>
		</threshold>
		<threshold>
			<threshold_value>GT 0.24744 (Pr=0.25)</threshold_value>
			<data>
				<values>0.75604, 0.02271, 1.69718, 1.91843, 0.02952, 1.47704, 1.69147, 0.25607, 0.23009, 0.01613, 0.00938, 0.50498, 0.57866, 0.62132, 0.73463, 0.93622, 1.93325, 0.62538</values>
				<sampling_intervals>
					<main_interval>
						<bounds>0.05, 0.95</bounds>
						<lower_bound>
							<values>0.73023, 0.02373, 1.55692, 1.76442, 0.02576, 1.31464, 1.52697, 0.19246, 0.19731, 0.01093, 0.00791, 0.40271, 0.51568, 0.06812, 0.63484, 0.91622, 1.67092, 0.52187</values>
						</lower_bound>
						<upper_bound>
							<values>0.7813, 0.04287, 1.87609, 2.08609, 0.03939, 1.61263, 1.83318, 0.28066, 0.3186, 0.01856, 0.01583, 0.63543, 0.6461, 0.65463, 0.87641, 0.94464, 2.17346, 0.70238</values>
						</upper_bound>
					</main_interval>
					<sample_size>
						<values>1000.0, 1000.0, 1000.0, 1000.0, 1000.0, 1000.0, 1000.0, 1000.0, 1000.0, 1000.0, 1000.0, 1000.0, 1000.0, 1000.0, 1000.0, 1000.0, 1000.0, 1000.0</values>
					</sample_size>
				</sampling_intervals>
			</data>
		</threshold>
		<threshold>
			<threshold_value>GT 0.27322 (Pr=0.275)</threshold_value>
			<data>
				<values>0.74933, 0.03053, 1.75318, 1.97332, 0.0339, 1.49021, 1.70698, 0.22244, 0.28213, 0.01409, 0.0136, 0.55918, 0.62305, 0.39296, 0.71273, 0.92706, 1.82812, 0.60697</values>
				<sampling_intervals>
					<main_interval>
						<bounds>0.05, 0.95</bounds>
						<lower_bound>
							<values>0.7138, 0.02314, 1.60516, 1.83202, 0.02801, 1.34693, 1.56773, 0.20002, 0.21184, 0.01187, 0.00952, 0.44802, 0.55313, -0.05355, 0.60514, 0.90623, 1.59988, 0.52659</values>
						</lower_bound>
						<upper_bound>
							<values>0.77064, 0.04159, 1.91584, 2.13904, 0.04376, 1.64543, 1.86107, 0.28177, 0.34216, 0.01922, 0.01882, 0.69299, 0.69077, 0.623, 0.81798, 0.94001, 2.09019, 0.70395</values>
						</upper_bound>
					</main_interval>
					<sample_size>
						<values>1000.0, 1000.0, 1000.0, 1000.0, 1000.0, 1000.0, 1000.0, 1000.0, 1000.0, 1000.0, 1000.0, 1000.0, 1000.0, 1000.0, 1000.0, 1000.0, 1000.0, 1000.0</values>
					</sample_size>
				</sampling_intervals>
			</data>
		</threshold>
		<threshold>
			<threshold_value>GT 0.29811 (Pr=0.3)</threshold_value>
			<data>
				<values>0.72931, 0.02229, 1.78535, 2.03375, 0.03791, 1.5176, 1.75037, 0.26265, 0.27936, 0.01868, 0.01473, 0.60527, 0.65336, 0.52032, 0.65278, 0.91871, 1.73598, 0.60837</values>
				<sampling_intervals>
					<main_interval>
						<bounds>0.05, 0.95</bounds>
						<lower_bound>
							<values>0.70036, 0.02437, 1.65294, 1.88816, 0.03093, 1.37528, 1.60431, 0.21517, 0.23486, 0.01331, 0.01153, 0.49654, 0.59077, -0.08748, 0.55584, 0.89983, 1.53066, 0.54255</values>
						</lower_bound>
						<upper_bound>
							<values>0.75714, 0.04091, 1.95501, 2.19713, 0.04709, 1.66967, 1.90156, 0.29234, 0.34819, 0.02149, 0.02069, 0.74485, 0.73982, 0.6026, 0.7639, 0.93409, 1.98327, 0.69024</values>
						</upper_bound>
					</main_interval>
					<sample_size>
						<values>1000.0, 1000.0, 1000.0, 1000.0, 1000.0, 1000.0, 1000.0, 1000.0, 1000.0, 1000.0, 1000.0, 1000.0, 1000.0, 1000.0, 1000.0, 1000.0, 1000.0, 1000.0</values>
					</sample_size>
				</sampling_intervals>
			</data>
		</threshold>
		<threshold>
			<threshold_value>GT 0.32664 (Pr=0.325)</threshold_value>
			<data>
				<values>0.71981, 0.02339, 1.83279, 2.08958, 0.03972, 1.55435, 1.79482, 0.27877, 0.28169, 0.02033, 0.01605, 0.65599, 0.69811, 0.50145, 0.61265, 0.91549, 1.68524, 0.61868</values>
				<sampling_intervals>
					<main_interval>
						<bounds>0.05, 0.95</bounds>
						<lower_bound>
							<values>0.6889, 0.0238, 1.69373, 1.94229, 0.03377, 1.4082, 1.64738, 0.23613, 0.24386, 0.01551, 0.01297, 0.53808, 0.62344, -0.01056, 0.52196, 0.89646, 1.50353, 0.56022</values>
						</lower_bound>
						<upper_bound>
							<values>0.74386, 0.04028, 2.00131, 2.24824, 0.04891, 1.70718, 1.95013, 0.31225, 0.35227, 0.02446, 0.02229, 0.78663, 0.77509, 0.60509, 0.7115, 0.92791, 1.88408, 0.67563</values>
						</upper_bound>
					</main_interval>
					<sample_size>
						<values>1000.0, 1000.0, 1000.0, 1000.0, 1000.0, 1000.0, 1000.0, 1000.0, 1000.0, 1000.0, 1000.0, 1000.0, 1000.0, 1000.0, 1000.0, 1000.0, 1000.0, 1000.0</values>
					</sample_size>
				</sampling_intervals>
			</data>
		</threshold>
		<threshold>
			<threshold_value>GT 0.35249 (Pr=0.35)</threshold_value>
			<data>
				<values>0.68709, 0.0308, 1.88019, 2.1623, 0.04751, 1.56882, 1.83422, 0.28138, 0.34428, 0.02098, 0.02185, 0.71386, 0.71045, 0.39134, 0.55016, 0.90031, 1.57684, 0.61996</values>
				<sampling_intervals>
					<main_interval>
						<bounds>0.05, 0.95</bounds>
						<lower_bound>
							<values>0.67677, 0.02356, 1.73666, 1.99589, 0.0365, 1.44181, 1.69171, 0.25503, 0.25232, 0.01774, 0.01415, 0.58922, 0.64785, 0.0524, 0.49373, 0.89448, 1.46822, 0.58218</values>
						</lower_bound>
						<upper_bound>
							<values>0.7314, 0.04172, 2.04133, 2.30437, 0.05094, 1.73719, 1.99342, 0.33466, 0.34884, 0.02818, 0.02266, 0.845, 0.7981, 0.59653, 0.66532, 0.92279, 1.81179, 0.679</values>
						</upper_bound>
					</main_interval>
					<sample_size>
						<values>1000.0, 1000.0, 1000.0, 1000.0, 1000.0, 1000.0, 1000.0, 1000.0, 1000.0, 1000.0, 1000.0, 1000.0, 1000.0, 1000.0, 1000.0, 1000.0, 1000.0, 1000.0</values>
					</sample_size>
				</sampling_intervals>
			</data>
		</threshold>
		<threshold>
			<threshold_value>GT 0.38187 (Pr=0.375)</threshold_value>
			<data>
				<values>0.68631, 0.02437, 1.92401, 2.21333, 0.04675, 1.61711, 1.88404, 0.31696, 0.31063, 0.02488, 0.01991, 0.78367, 0.7317, 0.50492, 0.52391, 0.9037, 1.58445, 0.65234</values>
				<sampling_intervals>
					<main_interval>
						<bounds>0.05, 0.95</bounds>
						<lower_bound>
							<values>0.66737, 0.02384, 1.77814, 2.05371, 0.03811, 1.46928, 1.73158, 0.27893, 0.25069, 0.02029, 0.01435, 0.65025, 0.66671, 0.08721, 0.46733, 0.89239, 1.45217, 0.60721</values>
						</lower_bound>
						<upper_bound>
							<values>0.72115, 0.04117, 2.08029, 2.35364, 0.05256, 1.77352, 2.02707, 0.36518, 0.33927, 0.03109, 0.02303, 0.91098, 0.81691, 0.58716, 0.62441, 0.92022, 1.77146, 0.6923</values>
						</upper_bound>
					</main_interval>
					<sample_size>
						<values>1000.0, 1000.0, 1000.0, 1000.0, 1000.0, 1000.0, 1000.0, 1000.0, 1000.0, 1000.0, 1000.0, 1000.0, 1000.0, 1000.0, 1000.0, 1000.0, 1000.0, 1000.0</values>
					</sample_size>
				</sampling_intervals>
			</data>
		</threshold>
		<threshold>
			<threshold_value>GT 0.41577 (Pr=0.4)</threshold_value>
			<data>
				<values>0.68944, 0.02217, 1.96168, 2.25008, 0.04559, 1.65767, 1.92265, 0.33985, 0.28434, 0.02863, 0.0174, 0.83884, 0.75111, 0.55524, 0.50908, 0.90683, 1.58398, 0.66858</values>
				<sampling_intervals>
					<main_interval>
						<bounds>0.05, 0.95</bounds>
						<lower_bound>
							<values>0.65648, 0.02393, 1.81538, 2.10336, 0.04007, 1.49679, 1.7632, 0.29711, 0.25166, 0.02304, 0.01492, 0.71103, 0.67491, 0.1073, 0.44405, 0.88767, 1.42795, 0.62368</values>
						</lower_bound>
						<upper_bound>
							<values>0.71228, 0.04125, 2.11833, 2.39702, 0.05576, 1.79975, 2.06769, 0.37975, 0.34344, 0.03323, 0.02435, 0.96155, 0.82691, 0.57877, 0.58695, 0.91772, 1.74442, 0.70478</values>
						</upper_bound>
					</main_interval>
					<sample_size>
						<values>1000.0, 1000.0, 1000.0, 1000.0, 1000.0, 1000.0, 1000.0, 1000.0, 1000.0, 1000.0, 1000.0, 1000.0, 1000.0, 1000.0, 1000.0, 1000.0, 1000.0, 1000.0</values>
					</sample_size>
				</sampling_intervals>
			</data>
		</threshold>
		<threshold>
			<threshold_value>GT 0.45152 (Pr=0.425)</threshold_value>
			<data>
				<values>0.66173, 0.03098, 1.98402, 2.29131, 0.05242, 1.65062, 1.93648, 0.3437, 0.33368, 0.02822, 0.02345, 0.87977, 0.74392, 0.39517, 0.47782, 0.89434, 1.51011, 0.66719</values>
				<sampling_intervals>
					<main_interval>
						<bounds>0.05, 0.95</bounds>
						<lower_bound>
							<values>0.64258, 0.02503, 1.84782, 2.1413, 0.04235, 1.51564, 1.79428, 0.30874, 0.2603, 0.02492, 0.01612, 0.75816, 0.67563, 0.1043, 0.42746, 0.88278, 1.40153, 0.62858</values>
						</lower_bound>
						<upper_bound>
							<values>0.70158, 0.04264, 2.14154, 2.43051, 0.05901, 1.80405, 2.08431, 0.39623, 0.35023, 0.03478, 0.02599, 1.01192, 0.83285, 0.55759, 0.55933, 0.91351, 1.68643, 0.70795</values>
						</upper_bound>
					</main_interval>
					<sample_size>
						<values>1000.0, 1000.0, 1000.0, 1000.0, 1000.0, 1000.0, 1000.0, 1000.0, 1000.0, 1000.0, 1000.0, 1000.0, 1000.0, 1000.0, 1000.0, 1000.0, 1000.0, 1000.0</values>
					</sample_size>
				</sampling_intervals>
			</data>
		</threshold>
		<threshold>
			<threshold_value>GT 0.48977 (Pr=0.45)</threshold_value>
			<data>
				<values>0.6609, 0.02376, 1.99311, 2.30844, 0.0526, 1.6656, 1.9521, 0.38568, 0.30101, 0.03341, 0.02063, 0.91395, 0.7472, 0.55414, 0.46365, 0.89447, 1.50116, 0.67196</values>
				<sampling_intervals>
					<main_interval>
						<bounds>0.05, 0.95</bounds>
						<lower_bound>
							<values>0.62726, 0.02466, 1.86202, 2.16954, 0.04541, 1.52254, 1.8095, 0.32557, 0.27463, 0.02647, 0.01798, 0.79339, 0.66708, 0.14982, 0.41347, 0.87718, 1.37223, 0.63339</values>
						</lower_bound>
						<upper_bound>
							<values>0.68956, 0.04149, 2.13529, 2.4431, 0.06221, 1.79697, 2.08402, 0.41795, 0.35823, 0.03732, 0.02754, 1.04581, 0.82642, 0.58027, 0.53552, 0.90795, 1.64875, 0.7068</values>
						</upper_bound>
					</main_interval>
					<sample_size>
						<values>1000.0, 1000.0, 1000.0, 1000.0, 1000.0, 1000.0, 1000.0, 1000.0, 1000.0, 1000.0, 1000.0, 1000.0, 1000.0, 1000.0, 1000.0, 1000.0, 1000.0, 1000.0</values>
					</sample_size>
				</sampling_intervals>
			</data>
		</threshold>
		<threshold>
			<threshold_value>GT 0.52934 (Pr=0.475)</threshold_value>
			<data>
				<values>0.64777, 0.01981, 1.9701, 2.30252, 0.05602, 1.64134, 1.93755, 0.40794, 0.30935, 0.03618, 0.0219, 0.93988, 0.72346, 0.61338, 0.45528, 0.88834, 1.47589, 0.66854</values>
				<sampling_intervals>
					<main_interval>
						<bounds>0.05, 0.95</bounds>
						<lower_bound>
							<values>0.60753, 0.02238, 1.86182, 2.18158, 0.04863, 1.51987, 1.81424, 0.34903, 0.28523, 0.02906, 0.01925, 0.83056, 0.65365, 0.24145, 0.39321, 0.86888, 1.33326, 0.63063</values>
						</lower_bound>
						<upper_bound>
							<values>0.67622, 0.03906, 2.1305, 2.45852, 0.06662, 1.78653, 2.08618, 0.45406, 0.36683, 0.04105, 0.02901, 1.07738, 0.80849, 0.63194, 0.5169, 0.90243, 1.6093, 0.70292</values>
						</upper_bound>
					</main_interval>
					<sample_size>
						<values>1000.0, 1000.0, 1000.0, 1000.0, 1000.0, 1000.0, 1000.0, 1000.0, 1000.0, 1000.0, 1000.0, 1000.0, 1000.0, 1000.0, 1000.0, 1000.0, 1000.0, 1000.0</values>
					</sample_size>
				</sampling_intervals>
			</data>
		</threshold>
		<threshold>
			<threshold_value>GT 0.57081 (Pr=0.5)</threshold_value>
			<data>
				<values>0.62065, 0.01874, 1.97192, 2.33253, 0.06194, 1.63426, 1.95166, 0.42505, 0.34641, 0.0369, 0.0267, 0.97558, 0.70295, 0.67275, 0.41886, 0.87742, 1.39926, 0.65984</values>
				<sampling_intervals>
					<main_interval>
						<bounds>0.05, 0.95</bounds>
						<lower_bound>
							<values>0.5944, 0.0222, 1.86233, 2.20373, 0.05247, 1.5178, 1.82586, 0.38105, 0.29275, 0.03203, 0.02054, 0.86757, 0.63301, 0.26594, 0.37902, 0.86322, 1.29193, 0.62569</values>
						</lower_bound>
						<upper_bound>
							<values>0.65919, 0.04002, 2.13086, 2.46946, 0.06966, 1.77556, 2.08565, 0.48569, 0.36851, 0.0437, 0.02973, 1.11014, 0.79248, 0.64207, 0.49168, 0.89581, 1.55202, 0.69542</values>
						</upper_bound>
					</main_interval>
					<sample_size>
						<values>1000.0, 1000.0, 1000.0, 1000.0, 1000.0, 1000.0, 1000.0, 1000.0, 1000.0, 1000.0, 1000.0, 1000.0, 1000.0, 1000.0, 1000.0, 1000.0, 1000.0, 1000.0</values>
					</sample_size>
				</sampling_intervals>
			</data>
		</threshold>
		<threshold>
			<threshold_value>GT 0.61318 (Pr=0.525)</threshold_value>
			<data>
				<values>0.60946, 0.02234, 1.9824, 2.35061, 0.06485, 1.63458, 1.96027, 0.46302, 0.34127, 0.04011, 0.02707, 1.00761, 0.68495, 0.625, 0.40579, 0.87239, 1.35433, 0.65271</values>
				<sampling_intervals>
					<main_interval>
						<bounds>0.05, 0.95</bounds>
						<lower_bound>
							<values>0.58417, 0.02371, 1.86023, 2.21777, 0.0564, 1.51082, 1.83176, 0.41428, 0.29569, 0.03521, 0.02176, 0.89563, 0.61243, 0.26815, 0.36788, 0.85911, 1.26309, 0.61955</values>
						</lower_bound>
						<upper_bound>
							<values>0.64495, 0.04291, 2.12954, 2.47754, 0.07217, 1.76527, 2.08404, 0.51911, 0.36703, 0.04705, 0.03025, 1.13002, 0.7726, 0.63584, 0.46716, 0.88859, 1.49321, 0.68919</values>
						</upper_bound>
					</main_interval>
					<sample_size>
						<values>1000.0, 1000.0, 1000.0, 1000.0, 1000.0, 1000.0, 1000.0, 1000.0, 1000.0, 1000.0, 1000.0, 1000.0, 1000.0, 1000.0, 1000.0, 1000.0, 1000.0, 1000.0</values>
					</sample_size>
				</sampling_intervals>
			</data>
		</threshold>
		<threshold>
			<threshold_value>GT 0.65709 (Pr=0.55)</threshold_value>
			<data>
				<values>0.60638, 0.02218, 1.98017, 2.35161, 0.06651, 1.62751, 1.95461, 0.50436, 0.32125, 0.04429, 0.02526, 1.02099, 0.66725, 0.65262, 0.39896, 0.87013, 1.33807, 0.65093</values>
				<sampling_intervals>
					<main_interval>
						<bounds>0.05, 0.95</bounds>
						<lower_bound>
							<values>0.56964, 0.0253, 1.85909, 2.21869, 0.05916, 1.50676, 1.8353, 0.44103, 0.2995, 0.03767, 0.02235, 0.91864, 0.59142, 0.31533, 0.35916, 0.85312, 1.22846, 0.6115</values>
						</lower_bound>
						<upper_bound>
							<values>0.63241, 0.04368, 2.11141, 2.47162, 0.07556, 1.74591, 2.07537, 0.54981, 0.37418, 0.04893, 0.03146, 1.14548, 0.74566, 0.61916, 0.45523, 0.88356, 1.44474, 0.6857</values>
						</upper_bound>
					</main_interval>
					<sample_size>
						<values>1000.0, 1000.0, 1000.0, 1000.0, 1000.0, 1000.0, 1000.0, 1000.0, 1000.0, 1000.0, 1000.0, 1000.0, 1000.0, 1000.0, 1000.0, 1000.0, 1000.0, 1000.0</values>
					</sample_size>
				</sampling_intervals>
			</data>
		</threshold>
		<threshold>
			<threshold_value>GT 0.70041 (Pr=0.575)</threshold_value>
			<data>
				<values>0.58007, 0.0267, 1.94341, 2.33664, 0.07075, 1.59476, 1.94394, 0.51585, 0.36238, 0.04281, 0.03035, 1.03934, 0.62364, 0.61684, 0.38191, 0.86262, 1.28683, 0.64411</values>
				<sampling_intervals>
					<main_interval>
						<bounds>0.05, 0.95</bounds>
						<lower_bound>
							<values>0.56033, 0.02568, 1.83907, 2.21379, 0.06152, 1.48627, 1.81995, 0.46722, 0.30194, 0.03939, 0.02329, 0.92657, 0.56087, 0.36653, 0.35204, 0.84914, 1.20134, 0.60289</values>
						</lower_bound>
						<upper_bound>
							<values>0.62218, 0.0432, 2.08914, 2.4593, 0.07808, 1.71899, 2.05869, 0.58105, 0.37602, 0.05083, 0.03214, 1.14698, 0.71157, 0.64573, 0.44215, 0.87895, 1.40827, 0.68036</values>
						</upper_bound>
					</main_interval>
					<sample_size>
						<values>1000.0, 1000.0, 1000.0, 1000.0, 1000.0, 1000.0, 1000.0, 1000.0, 1000.0, 1000.0, 1000.0, 1000.0, 1000.0, 1000.0, 1000.0, 1000.0, 1000.0, 1000.0</values>
					</sample_size>
				</sampling_intervals>
			</data>
		</threshold>
		<threshold>
			<threshold_value>GT 0.75228 (Pr=0.6)</threshold_value>
			<data>
				<values>0.59086, 0.0248, 1.9177, 2.30205, 0.0705, 1.56692, 1.90556, 0.52824, 0.3389, 0.04428, 0.02814, 1.01475, 0.59847, 0.67338, 0.39169, 0.86363, 1.29726, 0.6356</values>
				<sampling_intervals>
					<main_interval>
						<bounds>0.05, 0.95</bounds>
						<lower_bound>
							<values>0.55862, 0.02501, 1.81554, 2.1956, 0.06407, 1.46621, 1.80622, 0.49166, 0.30668, 0.0407, 0.02415, 0.91869, 0.53104, 0.4295, 0.34789, 0.84662, 1.18961, 0.59249</values>
						</lower_bound>
						<upper_bound>
							<values>0.61342, 0.04329, 2.06563, 2.44777, 0.07971, 1.69116, 2.03137, 0.60603, 0.36625, 0.05255, 0.03158, 1.13403, 0.68448, 0.68784, 0.43187, 0.87492, 1.38278, 0.67279</values>
						</upper_bound>
					</main_interval>
					<sample_size>
						<values>1000.0, 1000.0, 1000.0, 1000.0, 1000.0, 1000.0, 1000.0, 1000.0, 1000.0, 1000.0, 1000.0, 1000.0, 1000.0, 1000.0, 1000.0, 1000.0, 1000.0, 1000.0</values>
					</sample_size>
				</sampling_intervals>
			</data>
		</threshold>
		<threshold>
			<threshold_value>GT 0.8092 (Pr=0.625)</threshold_value>
			<data>
				<values>0.58485, 0.02346, 1.91462, 2.30631, 0.07484, 1.55083, 1.89114, 0.59071, 0.31271, 0.05092, 0.02494, 0.99082, 0.57814, 0.71565, 0.3786, 0.85594, 1.26143, 0.62155</values>
				<sampling_intervals>
					<main_interval>
						<bounds>0.05, 0.95</bounds>
						<lower_bound>
							<values>0.55587, 0.0224, 1.79223, 2.17769, 0.06628, 1.43901, 1.78416, 0.52262, 0.29925, 0.04309, 0.02355, 0.90666, 0.50245, 0.49973, 0.33716, 0.84029, 1.15569, 0.57589</values>
						</lower_bound>
						<upper_bound>
							<values>0.60985, 0.04183, 2.05439, 2.43881, 0.08317, 1.66791, 2.01088, 0.63739, 0.35244, 0.05663, 0.03004, 1.11191, 0.65119, 0.74094, 0.4252, 0.87132, 1.35087, 0.66075</values>
						</upper_bound>
					</main_interval>
					<sample_size>
						<values>1000.0, 1000.0, 1000.0, 1000.0, 1000.0, 1000.0, 1000.0, 1000.0, 1000.0, 1000.0, 1000.0, 1000.0, 1000.0, 1000.0, 1000.0, 1000.0, 1000.0, 1000.0</values>
					</sample_size>
				</sampling_intervals>
			</data>
		</threshold>
		<threshold>
			<threshold_value>GT 0.86719 (Pr=0.65)</threshold_value>
			<data>
				<values>0.57127, 0.01707, 1.88902, 2.30067, 0.07987, 1.52368, 1.87253, 0.64103, 0.31407, 0.05484, 0.0253, 0.9923, 0.5359, 0.81649, 0.35539, 0.84652, 1.19091, 0.5936</values>
				<sampling_intervals>
					<main_interval>
						<bounds>0.05, 0.95</bounds>
						<lower_bound>
							<values>0.54588, 0.02179, 1.77084, 2.16178, 0.06978, 1.41051, 1.756, 0.56671, 0.29185, 0.04587, 0.02299, 0.89622, 0.46925, 0.58736, 0.31742, 0.83017, 1.09109, 0.54371</values>
						</lower_bound>
						<upper_bound>
							<values>0.60172, 0.03855, 2.04088, 2.43943, 0.08821, 1.646, 1.99474, 0.68718, 0.34439, 0.06061, 0.02942, 1.10334, 0.60881, 0.7796, 0.41334, 0.86503, 1.29693, 0.63324</values>
						</upper_bound>
					</main_interval>
					<sample_size>
						<values>1000.0, 1000.0, 1000.0, 1000.0, 1000.0, 1000.0, 1000.0, 1000.0, 1000.0, 1000.0, 1000.0, 1000.0, 1000.0, 1000.0, 1000.0, 1000.0, 1000.0, 1000.0</values>
					</sample_size>
				</sampling_intervals>
			</data>
		</threshold>
		<threshold>
			<threshold_value>GT 0.92847 (Pr=0.675)</threshold_value>
			<data>
				<values>0.57205, 0.02016, 1.87552, 2.28332, 0.08318, 1.49554, 1.84031, 0.67911, 0.30039, 0.05782, 0.02444, 0.98204, 0.49877, 0.81371, 0.34783, 0.83939, 1.12705, 0.5527</values>
				<sampling_intervals>
					<main_interval>
						<bounds>0.05, 0.95</bounds>
						<lower_bound>
							<values>0.53771, 0.02292, 1.74051, 2.14332, 0.07439, 1.37211, 1.72331, 0.62035, 0.28643, 0.04985, 0.02276, 0.88595, 0.43017, 0.65023, 0.30612, 0.82, 1.01728, 0.50187</values>
						</lower_bound>
						<upper_bound>
							<values>0.59315, 0.03722, 2.00797, 2.41525, 0.09262, 1.60635, 1.96202, 0.74014, 0.34008, 0.06358, 0.02908, 1.09807, 0.55715, 0.80219, 0.39702, 0.85633, 1.222, 0.59758</values>
						</upper_bound>
					</main_interval>
					<sample_size>
						<values>1000.0, 1000.0, 1000.0, 1000.0, 1000.0, 1000.0, 1000.0, 1000.0, 1000.0, 1000.0, 1000.0, 1000.0, 1000.0, 1000.0, 1000.0, 1000.0, 1000.0, 1000.0</values>
					</sample_size>
				</sampling_intervals>
			</data>
		</threshold>
		<threshold>
			<threshold_value>GT 1.00189 (Pr=0.7)</threshold_value>
			<data>
				<values>0.56357, 0.01744, 1.81859, 2.23758, 0.08541, 1.44867, 1.79969, 0.72344, 0.30653, 0.05804, 0.02566, 0.97752, 0.44245, 0.86191, 0.33342, 0.83293, 1.0411, 0.50161</values>
				<sampling_intervals>
					<main_interval>
						<bounds>0.05, 0.95</bounds>
						<lower_bound>
							<values>0.53299, 0.02247, 1.69669, 2.10383, 0.078, 1.33076, 1.6827, 0.67024, 0.28356, 0.05322, 0.02246, 0.86849, 0.38838, 0.69026, 0.2972, 0.81176, 0.9483, 0.46065</values>
						</lower_bound>
						<upper_bound>
							<values>0.58766, 0.03708, 1.98333, 2.39583, 0.09609, 1.57201, 1.93274, 0.78725, 0.3352, 0.06596, 0.0284, 1.0852, 0.50781, 0.82903, 0.3839, 0.84881, 1.14331, 0.55061</values>
						</upper_bound>
					</main_interval>
					<sample_size>
						<values>1000.0, 1000.0, 1000.0, 1000.0, 1000.0, 1000.0, 1000.0, 1000.0, 1000.0, 1000.0, 1000.0, 1000.0, 1000.0, 1000.0, 1000.0, 1000.0, 1000.0, 1000.0</values>
					</sample_size>
				</sampling_intervals>
			</data>
		</threshold>
		<threshold>
			<threshold_value>GT 1.08386 (Pr=0.725)</threshold_value>
			<data>
				<values>0.54935, 0.01615, 1.79177, 2.22627, 0.08993, 1.4213, 1.78201, 0.76737, 0.31695, 0.06031, 0.02576, 0.95628, 0.40369, 0.88537, 0.31056, 0.82276, 0.95955, 0.46316</values>
				<sampling_intervals>
					<main_interval>
						<bounds>0.05, 0.95</bounds>
						<lower_bound>
							<values>0.50786, 0.02263, 1.65583, 2.07048, 0.08096, 1.2905, 1.64457, 0.71939, 0.28298, 0.05532, 0.02214, 0.83709, 0.34833, 0.72975, 0.26718, 0.78927, 0.85557, 0.41612</values>
						</lower_bound>
						<upper_bound>
							<values>0.58018, 0.03658, 1.95927, 2.39659, 0.10642, 1.54125, 1.90636, 0.84006, 0.34958, 0.07161, 0.02954, 1.05595, 0.46509, 0.84696, 0.37344, 0.8413, 1.06028, 0.5017</values>
						</upper_bound>
					</main_interval>
					<sample_size>
						<values>1000.0, 1000.0, 1000.0, 1000.0, 1000.0, 1000.0, 1000.0, 1000.0, 1000.0, 1000.0, 1000.0, 1000.0, 1000.0, 1000.0, 1000.0, 1000.0, 1000.0, 1000.0</values>
					</sample_size>
				</sampling_intervals>
			</data>
		</threshold>
		<threshold>
			<threshold_value>GT 1.17831 (Pr=0.75)</threshold_value>
			<data>
				<values>0.51814, 0.01816, 1.73393, 2.19764, 0.10334, 1.34788, 1.7264, 0.85272, 0.33223, 0.06813, 0.02688, 0.88365, 0.35655, 0.88266, 0.28213, 0.7947, 0.85272, 0.41028</values>
				<sampling_intervals>
					<main_interval>
						<bounds>0.05, 0.95</bounds>
						<lower_bound>
							<values>0.4902, 0.02202, 1.60806, 2.03975, 0.08638, 1.23536, 1.60328, 0.7714, 0.29196, 0.05729, 0.02244, 0.77315, 0.30897, 0.75715, 0.25192, 0.76731, 0.7846, 0.36806</values>
						</lower_bound>
						<upper_bound>
							<values>0.56791, 0.03662, 1.90569, 2.36501, 0.11701, 1.47831, 1.85691, 0.90134, 0.35758, 0.07552, 0.03081, 0.99606, 0.41515, 0.86382, 0.35186, 0.82923, 0.96718, 0.45577</values>
						</upper_bound>
					</main_interval>
					<sample_size>
						<values>1000.0, 1000.0, 1000.0, 1000.0, 1000.0, 1000.0, 1000.0, 1000.0, 1000.0, 1000.0, 1000.0, 1000.0, 1000.0, 1000.0, 1000.0, 1000.0, 1000.0, 1000.0</values>
					</sample_size>
				</sampling_intervals>
			</data>
		</threshold>
		<threshold>
			<threshold_value>GT 1.21854 (Pr=0.76)</threshold_value>
			<data>
				<values>0.51932, 0.01585, 1.71477, 2.17959, 0.10514, 1.32734, 1.70288, 0.85794, 0.33228, 0.06771, 0.02731, 0.86007, 0.33831, 0.90295, 0.27692, 0.78994, 0.82394, 0.38757</values>
				<sampling_intervals>
					<main_interval>
						<bounds>0.05, 0.95</bounds>
						<lower_bound>
							<values>0.48709, 0.0223, 1.58366, 2.02378, 0.09071, 1.20532, 1.57697, 0.78815, 0.3004, 0.05921, 0.02312, 0.73697, 0.29361, 0.75043, 0.25072, 0.75695, 0.76174, 0.34576</values>
						</lower_bound>
						<upper_bound>
							<values>0.55691, 0.03754, 1.88272, 2.33795, 0.12213, 1.4467, 1.82647, 0.92351, 0.35395, 0.07663, 0.03091, 0.95872, 0.39494, 0.86472, 0.34314, 0.81848, 0.92561, 0.4359</values>
						</upper_bound>
					</main_interval>
					<sample_size>
						<values>1000.0, 1000.0, 1000.0, 1000.0, 1000.0, 1000.0, 1000.0, 1000.0, 1000.0, 1000.0, 1000.0, 1000.0, 1000.0, 1000.0, 1000.0, 1000.0, 1000.0, 1000.0</values>
					</sample_size>
				</sampling_intervals>
			</data>
		</threshold>
		<threshold>
			<threshold_value>GT 1.26081 (Pr=0.77)</threshold_value>
			<data>
				<values>0.51619, 0.0154, 1.70418, 2.17259, 0.10919, 1.30772, 1.68234, 0.86117, 0.33346, 0.06703, 0.02826, 0.81356, 0.32415, 0.90716, 0.27322, 0.78171, 0.8051, 0.37417</values>
				<sampling_intervals>
					<main_interval>
						<bounds>0.05, 0.95</bounds>
						<lower_bound>
							<values>0.4862, 0.0231, 1.56158, 2.0042, 0.09508, 1.18047, 1.55091, 0.80898, 0.30018, 0.06022, 0.02349, 0.69512, 0.27681, 0.73912, 0.25256, 0.74085, 0.72947, 0.32042</values>
						</lower_bound>
						<upper_bound>
							<values>0.54951, 0.03872, 1.85785, 2.31995, 0.12891, 1.41838, 1.78898, 0.94375, 0.34888, 0.07813, 0.03058, 0.91809, 0.37569, 0.86594, 0.33634, 0.80996, 0.89334, 0.4147</values>
						</upper_bound>
					</main_interval>
					<sample_size>
						<values>1000.0, 1000.0, 1000.0, 1000.0, 1000.0, 1000.0, 1000.0, 1000.0, 1000.0, 1000.0, 1000.0, 1000.0, 1000.0, 1000.0, 1000.0, 1000.0, 1000.0, 1000.0</values>
					</sample_size>
				</sampling_intervals>
			</data>
		</threshold>
		<threshold>
			<threshold_value>GT 1.3123 (Pr=0.78)</threshold_value>
			<data>
				<values>0.51239, 0.01766, 1.664, 2.13395, 0.11535, 1.25704, 1.62929, 0.88849, 0.32349, 0.0688, 0.02715, 0.74375, 0.30449, 0.88974, 0.28584, 0.76722, 0.78067, 0.34609</values>
				<sampling_intervals>
					<main_interval>
						<bounds>0.05, 0.95</bounds>
						<lower_bound>
							<values>0.48053, 0.02378, 1.54395, 1.98603, 0.09826, 1.14411, 1.51096, 0.82767, 0.29589, 0.0609, 0.02364, 0.65234, 0.2608, 0.73543, 0.25302, 0.72499, 0.68845, 0.28876</values>
						</lower_bound>
						<upper_bound>
							<values>0.54701, 0.04021, 1.83192, 2.29402, 0.13563, 1.37815, 1.75395, 0.96884, 0.34142, 0.08011, 0.02996, 0.86584, 0.35525, 0.86543, 0.3384, 0.80217, 0.86823, 0.39224</values>
						</upper_bound>
					</main_interval>
					<sample_size>
						<values>1000.0, 1000.0, 1000.0, 1000.0, 1000.0, 1000.0, 1000.0, 1000.0, 1000.0, 1000.0, 1000.0, 1000.0, 1000.0, 1000.0, 1000.0, 1000.0, 1000.0, 1000.0</values>
					</sample_size>
				</sampling_intervals>
			</data>
		</threshold>
		<threshold>
			<threshold_value>GT 1.3599 (Pr=0.79)</threshold_value>
			<data>
				<values>0.51885, 0.01762, 1.66115, 2.12468, 0.11963, 1.23623, 1.59776, 0.91329, 0.30519, 0.07086, 0.02549, 0.71416, 0.2908, 0.89349, 0.28759, 0.75681, 0.74744, 0.31445</values>
				<sampling_intervals>
					<main_interval>
						<bounds>0.05, 0.95</bounds>
						<lower_bound>
							<values>0.47292, 0.02534, 1.52033, 1.96625, 0.10241, 1.11506, 1.47707, 0.84854, 0.28859, 0.06145, 0.02323, 0.61221, 0.24513, 0.72819, 0.25268, 0.70099, 0.6386, 0.25347</values>
						</lower_bound>
						<upper_bound>
							<values>0.54479, 0.04235, 1.8028, 2.27539, 0.14479, 1.33864, 1.71202, 1.01146, 0.33593, 0.08334, 0.02988, 0.8125, 0.33509, 0.86226, 0.34237, 0.79347, 0.83569, 0.36469</values>
						</upper_bound>
					</main_interval>
					<sample_size>
						<values>1000.0, 1000.0, 1000.0, 1000.0, 1000.0, 1000.0, 1000.0, 1000.0, 1000.0, 1000.0, 1000.0, 1000.0, 1000.0, 1000.0, 1000.0, 1000.0, 1000.0, 1000.0</values>
					</sample_size>
				</sampling_intervals>
			</data>
		</threshold>
		<threshold>
			<threshold_value>GT 1.41717 (Pr=0.8)</threshold_value>
			<data>
				<values>0.50707, 0.02119, 1.62638, 2.09812, 0.12812, 1.18958, 1.5544, 0.95583, 0.3045, 0.07303, 0.02603, 0.66112, 0.26912, 0.87396, 0.28438, 0.73561, 0.68702, 0.27351</values>
				<sampling_intervals>
					<main_interval>
						<bounds>0.05, 0.95</bounds>
						<lower_bound>
							<values>0.46505, 0.02673, 1.49277, 1.93881, 0.10666, 1.0761, 1.43469, 0.87202, 0.27876, 0.06255, 0.02276, 0.5691, 0.2285, 0.70383, 0.24987, 0.67943, 0.58661, 0.21555</values>
						</lower_bound>
						<upper_bound>
							<values>0.54314, 0.04654, 1.78263, 2.25416, 0.15473, 1.29971, 1.67037, 1.05858, 0.32668, 0.08631, 0.02883, 0.75918, 0.31277, 0.85392, 0.34417, 0.7832, 0.79798, 0.33361</values>
						</upper_bound>
					</main_interval>
					<sample_size>
						<values>1000.0, 1000.0, 1000.0, 1000.0, 1000.0, 1000.0, 1000.0, 1000.0, 1000.0, 1000.0, 1000.0, 1000.0, 1000.0, 1000.0, 1000.0, 1000.0, 1000.0, 1000.0</values>
					</sample_size>
				</sampling_intervals>
			</data>
		</threshold>
		<threshold>
			<threshold_value>GT 1.48038 (Pr=0.81)</threshold_value>
			<data>
				<values>0.48816, 0.02069, 1.59161, 2.08276, 0.13859, 1.14721, 1.52045, 1.01101, 0.30738, 0.07557, 0.02632, 0.60773, 0.24892, 0.87871, 0.26988, 0.71023, 0.6259, 0.23885</values>
				<sampling_intervals>
					<main_interval>
						<bounds>0.05, 0.95</bounds>
						<lower_bound>
							<values>0.45857, 0.02813, 1.4727, 1.92103, 0.11303, 1.04124, 1.39683, 0.9102, 0.26557, 0.06371, 0.02183, 0.5242, 0.21269, 0.68278, 0.24616, 0.65835, 0.54131, 0.17926</values>
						</lower_bound>
						<upper_bound>
							<values>0.53927, 0.05051, 1.75683, 2.23091, 0.1629, 1.25476, 1.6244, 1.10409, 0.31879, 0.08877, 0.02814, 0.70408, 0.29064, 0.84774, 0.3428, 0.76717, 0.74671, 0.29584</values>
						</upper_bound>
					</main_interval>
					<sample_size>
						<values>1000.0, 1000.0, 1000.0, 1000.0, 1000.0, 1000.0, 1000.0, 1000.0, 1000.0, 1000.0, 1000.0, 1000.0, 1000.0, 1000.0, 1000.0, 1000.0, 1000.0, 1000.0</values>
					</sample_size>
				</sampling_intervals>
			</data>
		</threshold>
		<threshold>
			<threshold_value>GT 1.54746 (Pr=0.82)</threshold_value>
			<data>
				<values>0.49544, 0.03454, 1.59064, 2.06067, 0.1483, 1.10484, 1.4611, 1.06819, 0.27398, 0.07983, 0.02343, 0.56431, 0.23086, 0.80222, 0.28767, 0.68669, 0.57258, 0.18861</values>
				<sampling_intervals>
					<main_interval>
						<bounds>0.05, 0.95</bounds>
						<lower_bound>
							<values>0.45605, 0.02971, 1.44586, 1.89967, 0.12139, 1.00031, 1.34932, 0.95582, 0.25517, 0.06625, 0.02068, 0.48301, 0.1965, 0.67541, 0.24667, 0.63888, 0.50413, 0.14638</values>
						</lower_bound>
						<upper_bound>
							<values>0.53275, 0.05293, 1.72909, 2.19997, 0.17091, 1.21168, 1.57778, 1.14882, 0.30696, 0.08966, 0.02683, 0.6582, 0.26947, 0.8417, 0.34545, 0.74776, 0.69035, 0.25264</values>
						</upper_bound>
					</main_interval>
					<sample_size>
						<values>1000.0, 1000.0, 1000.0, 1000.0, 1000.0, 1000.0, 1000.0, 1000.0, 1000.0, 1000.0, 1000.0, 1000.0, 1000.0, 1000.0, 1000.0, 1000.0, 1000.0, 1000.0</values>
					</sample_size>
				</sampling_intervals>
			</data>
		</threshold>
		<threshold>
			<threshold_value>GT 1.61608 (Pr=0.83)</threshold_value>
			<data>
				<values>0.48631, 0.02957, 1.53952, 2.02364, 0.15751, 1.05446, 1.41064, 1.11362, 0.26262, 0.08088, 0.02166, 0.50801, 0.2126, 0.83632, 0.27838, 0.6637, 0.53127, 0.15602</values>
				<sampling_intervals>
					<main_interval>
						<bounds>0.05, 0.95</bounds>
						<lower_bound>
							<values>0.45304, 0.03256, 1.41624, 1.87278, 0.13106, 0.96327, 1.31113, 1.00943, 0.24794, 0.06875, 0.01949, 0.44124, 0.18119, 0.68657, 0.24504, 0.6253, 0.47515, 0.1203</values>
						</lower_bound>
						<upper_bound>
							<values>0.52727, 0.05274, 1.69083, 2.17047, 0.17517, 1.17274, 1.53557, 1.17977, 0.29203, 0.08856, 0.02529, 0.60411, 0.24808, 0.83338, 0.3438, 0.7235, 0.625, 0.20823</values>
						</upper_bound>
					</main_interval>
					<sample_size>
						<values>1000.0, 1000.0, 1000.0, 1000.0, 1000.0, 1000.0, 1000.0, 1000.0, 1000.0, 1000.0, 1000.0, 1000.0, 1000.0, 1000.0, 1000.0, 1000.0, 1000.0, 1000.0</values>
					</sample_size>
				</sampling_intervals>
			</data>
		</threshold>
		<threshold>
			<threshold_value>GT 1.68658 (Pr=0.84)</threshold_value>
			<data>
				<values>0.48271, 0.02695, 1.50292, 1.99326, 0.16067, 1.02435, 1.38097, 1.14473, 0.26065, 0.07928, 0.02096, 0.47665, 0.19497, 0.85617, 0.27295, 0.65156, 0.49679, 0.12893</values>
				<sampling_intervals>
					<main_interval>
						<bounds>0.05, 0.95</bounds>
						<lower_bound>
							<values>0.45323, 0.03413, 1.39054, 1.8452, 0.13824, 0.92627, 1.2701, 1.05286, 0.24288, 0.06933, 0.01885, 0.40715, 0.16622, 0.69987, 0.24437, 0.61452, 0.45062, 0.09698</values>
						</lower_bound>
						<upper_bound>
							<values>0.52282, 0.05344, 1.65466, 2.13239, 0.17747, 1.13028, 1.49201, 1.20194, 0.28143, 0.08592, 0.02376, 0.55566, 0.22907, 0.83198, 0.34531, 0.70218, 0.57937, 0.17546</values>
						</upper_bound>
					</main_interval>
					<sample_size>
						<values>1000.0, 1000.0, 1000.0, 1000.0, 1000.0, 1000.0, 1000.0, 1000.0, 1000.0, 1000.0, 1000.0, 1000.0, 1000.0, 1000.0, 1000.0, 1000.0, 1000.0, 1000.0</values>
					</sample_size>
				</sampling_intervals>
			</data>
		</threshold>
		<threshold>
			<threshold_value>GT 1.76243 (Pr=0.85)</threshold_value>
			<data>
				<values>0.48922, 0.02874, 1.46993, 1.95197, 0.15938, 0.99737, 1.34876, 1.13627, 0.25891, 0.07439, 0.02058, 0.44364, 0.17864, 0.85429, 0.27909, 0.65078, 0.48667, 0.11057</values>
				<sampling_intervals>
					<main_interval>
						<bounds>0.05, 0.95</bounds>
						<lower_bound>
							<values>0.4523, 0.03397, 1.35045, 1.81107, 0.14315, 0.89459, 1.23523, 1.06377, 0.23956, 0.06786, 0.01807, 0.37217, 0.15197, 0.70689, 0.24398, 0.60821, 0.42997, 0.07517</values>
						</lower_bound>
						<upper_bound>
							<values>0.51912, 0.05345, 1.61419, 2.09352, 0.18044, 1.09691, 1.46011, 1.2155, 0.2787, 0.08267, 0.02269, 0.51182, 0.21091, 0.8375, 0.34306, 0.68761, 0.55254, 0.15427</values>
						</upper_bound>
					</main_interval>
					<sample_size>
						<values>1000.0, 1000.0, 1000.0, 1000.0, 1000.0, 1000.0, 1000.0, 1000.0, 1000.0, 1000.0, 1000.0, 1000.0, 1000.0, 1000.0, 1000.0, 1000.0, 1000.0, 1000.0</values>
					</sample_size>
				</sampling_intervals>
			</data>
		</threshold>
		<threshold>
			<threshold_value>GT 1.85127 (Pr=0.86)</threshold_value>
			<data>
				<values>0.48221, 0.02632, 1.41354, 1.90501, 0.16176, 0.95785, 1.31388, 1.13492, 0.2644, 0.06986, 0.02013, 0.39641, 0.16276, 0.86951, 0.27727, 0.64272, 0.47426, 0.09768</values>
				<sampling_intervals>
					<main_interval>
						<bounds>0.05, 0.95</bounds>
						<lower_bound>
							<values>0.44664, 0.03444, 1.31193, 1.77063, 0.14533, 0.85594, 1.19817, 1.06308, 0.23877, 0.06416, 0.01745, 0.33321, 0.13834, 0.68604, 0.24925, 0.5975, 0.41528, 0.05749</values>
						</lower_bound>
						<upper_bound>
							<values>0.51722, 0.05536, 1.57693, 2.06288, 0.18437, 1.05936, 1.42231, 1.21824, 0.27918, 0.07862, 0.02229, 0.46699, 0.19506, 0.83768, 0.35046, 0.67887, 0.53878, 0.14002</values>
						</upper_bound>
					</main_interval>
					<sample_size>
						<values>1000.0, 1000.0, 1000.0, 1000.0, 1000.0, 1000.0, 1000.0, 1000.0, 1000.0, 1000.0, 1000.0, 1000.0, 1000.0, 1000.0, 1000.0, 1000.0, 1000.0, 1000.0</values>
					</sample_size>
				</sampling_intervals>
			</data>
		</threshold>
		<threshold>
			<threshold_value>GT 1.96105 (Pr=0.87)</threshold_value>
			<data>
				<values>0.47754, 0.03184, 1.39203, 1.88265, 0.16873, 0.92562, 1.27934, 1.11788, 0.26155, 0.06561, 0.01945, 0.34473, 0.15106, 0.83814, 0.28966, 0.62725, 0.46957, 0.08678</values>
				<sampling_intervals>
					<main_interval>
						<bounds>0.05, 0.95</bounds>
						<lower_bound>
							<values>0.43805, 0.03577, 1.27459, 1.73666, 0.14856, 0.82422, 1.16714, 1.04335, 0.23907, 0.05938, 0.01685, 0.28752, 0.12544, 0.66657, 0.25227, 0.58689, 0.40609, 0.04208</values>
						</lower_bound>
						<upper_bound>
							<values>0.51288, 0.05927, 1.54623, 2.03368, 0.19045, 1.02711, 1.39468, 1.21392, 0.28564, 0.07331, 0.02172, 0.41557, 0.18077, 0.83588, 0.35522, 0.66992, 0.54475, 0.14476</values>
						</upper_bound>
					</main_interval>
					<sample_size>
						<values>1000.0, 1000.0, 1000.0, 1000.0, 1000.0, 1000.0, 1000.0, 1000.0, 1000.0, 1000.0, 1000.0, 1000.0, 1000.0, 1000.0, 1000.0, 1000.0, 1000.0, 1000.0</values>
					</sample_size>
				</sampling_intervals>
			</data>
		</threshold>
		<threshold>
			<threshold_value>GT 2.09125 (Pr=0.88)</threshold_value>
			<data>
				<values>0.47034, 0.03659, 1.37505, 1.86812, 0.17265, 0.90634, 1.26335, 1.08301, 0.26627, 0.05892, 0.01887, 0.29713, 0.14143, 0.80936, 0.29714, 0.62318, 0.49463, 0.10026</values>
				<sampling_intervals>
					<main_interval>
						<bounds>0.05, 0.95</bounds>
						<lower_bound>
							<values>0.42969, 0.03648, 1.24859, 1.71029, 0.15292, 0.79915, 1.14297, 1.00043, 0.24055, 0.05293, 0.01635, 0.24656, 0.11453, 0.66412, 0.25697, 0.58144, 0.41179, 0.03471</values>
						</lower_bound>
						<upper_bound>
							<values>0.50783, 0.06012, 1.50614, 2.00497, 0.19469, 0.99946, 1.37481, 1.19515, 0.30046, 0.067, 0.0215, 0.36306, 0.1706, 0.8295, 0.36205, 0.6623, 0.57207, 0.16333</values>
						</upper_bound>
					</main_interval>
					<sample_size>
						<values>1000.0, 1000.0, 1000.0, 1000.0, 1000.0, 1000.0, 1000.0, 1000.0, 1000.0, 1000.0, 1000.0, 1000.0, 1000.0, 1000.0, 1000.0, 1000.0, 1000.0, 1000.0</values>
					</sample_size>
				</sampling_intervals>
			</data>
		</threshold>
		<threshold>
			<threshold_value>GT 2.23801 (Pr=0.89)</threshold_value>
			<data>
				<values>0.45822, 0.02731, 1.32294, 1.83741, 0.17796, 0.87314, 1.23697, 1.0392, 0.28061, 0.05289, 0.01832, 0.24973, 0.13112, 0.85563, 0.28866, 0.61452, 0.52186, 0.1123</values>
				<sampling_intervals>
					<main_interval>
						<bounds>0.05, 0.95</bounds>
						<lower_bound>
							<values>0.42386, 0.03719, 1.22244, 1.69557, 0.15713, 0.77522, 1.12443, 0.94713, 0.24569, 0.04647, 0.01594, 0.21291, 0.1054, 0.64846, 0.26016, 0.57798, 0.43006, 0.042</values>
						</lower_bound>
						<upper_bound>
							<values>0.5004, 0.06198, 1.48087, 1.98324, 0.19606, 0.98983, 1.36652, 1.14929, 0.32318, 0.05976, 0.0222, 0.30488, 0.16004, 0.82177, 0.36144, 0.65563, 0.6033, 0.17541</values>
						</upper_bound>
					</main_interval>
					<sample_size>
						<values>1000.0, 1000.0, 1000.0, 1000.0, 1000.0, 1000.0, 1000.0, 1000.0, 1000.0, 1000.0, 1000.0, 1000.0, 1000.0, 1000.0, 1000.0, 1000.0, 1000.0, 1000.0</values>
					</sample_size>
				</sampling_intervals>
			</data>
		</threshold>
		<threshold>
			<threshold_value>GT 2.38567 (Pr=0.9)</threshold_value>
			<data>
				<values>0.45313, 0.03366, 1.31985, 1.83306, 0.17484, 0.87613, 1.24817, 0.99215, 0.30397, 0.04572, 0.01959, 0.22417, 0.12229, 0.82203, 0.29121, 0.61756, 0.53724, 0.12167</values>
				<sampling_intervals>
					<main_interval>
						<bounds>0.05, 0.95</bounds>
						<lower_bound>
							<values>0.41647, 0.03948, 1.19326, 1.67544, 0.15833, 0.75253, 1.1095, 0.90317, 0.25955, 0.04046, 0.01586, 0.18019, 0.09739, 0.62202, 0.27139, 0.57602, 0.46032, 0.05988</values>
						</lower_bound>
						<upper_bound>
							<values>0.48852, 0.06343, 1.43062, 1.9345, 0.19714, 0.94922, 1.33273, 1.08459, 0.35038, 0.05234, 0.02279, 0.25821, 0.14537, 0.80678, 0.366, 0.6518, 0.6357, 0.18307</values>
						</upper_bound>
					</main_interval>
					<sample_size>
						<values>1000.0, 1000.0, 1000.0, 1000.0, 1000.0, 1000.0, 1000.0, 1000.0, 1000.0, 1000.0, 1000.0, 1000.0, 1000.0, 1000.0, 1000.0, 1000.0, 1000.0, 1000.0</values>
					</sample_size>
				</sampling_intervals>
			</data>
		</threshold>
		<threshold>
			<threshold_value>GT 2.58918 (Pr=0.91)</threshold_value>
			<data>
				<values>0.44042, 0.03392, 1.24835, 1.77402, 0.1793, 0.82563, 1.20591, 0.93065, 0.33314, 0.03954, 0.01973, 0.17905, 0.10926, 0.80793, 0.31322, 0.60657, 0.5773, 0.12945</values>
				<sampling_intervals>
					<main_interval>
						<bounds>0.05, 0.95</bounds>
						<lower_bound>
							<values>0.4014, 0.04247, 1.15686, 1.65122, 0.15965, 0.72934, 1.09505, 0.86577, 0.28002, 0.03588, 0.01615, 0.1472, 0.08905, 0.5874, 0.28681, 0.55806, 0.48955, 0.0682</values>
						</lower_bound>
						<upper_bound>
							<values>0.48172, 0.06776, 1.37624, 1.89526, 0.2034, 0.90658, 1.29728, 1.02389, 0.38134, 0.04539, 0.0238, 0.2153, 0.13149, 0.77897, 0.38551, 0.64791, 0.66322, 0.18264</values>
						</upper_bound>
					</main_interval>
					<sample_size>
						<values>1000.0, 1000.0, 1000.0, 1000.0, 1000.0, 1000.0, 1000.0, 1000.0, 1000.0, 1000.0, 1000.0, 1000.0, 1000.0, 1000.0, 1000.0, 1000.0, 1000.0, 1000.0</values>
					</sample_size>
				</sampling_intervals>
			</data>
		</threshold>
		<threshold>
			<threshold_value>GT 2.8344 (Pr=0.92)</threshold_value>
			<data>
				<values>0.4252, 0.03259, 1.20053, 1.74274, 0.19223, 0.77756, 1.16013, 0.88576, 0.35871, 0.03503, 0.02065, 0.13995, 0.09726, 0.80257, 0.32248, 0.57819, 0.58927, 0.12249</values>
				<sampling_intervals>
					<main_interval>
						<bounds>0.05, 0.95</bounds>
						<lower_bound>
							<values>0.37427, 0.04383, 1.11225, 1.6105, 0.16496, 0.69473, 1.0622, 0.83936, 0.30725, 0.03162, 0.01656, 0.11635, 0.07815, 0.54928, 0.27672, 0.52369, 0.4977, 0.06713</values>
						</lower_bound>
						<upper_bound>
							<values>0.47025, 0.06998, 1.34316, 1.88563, 0.22114, 0.8708, 1.27005, 0.96844, 0.4103, 0.03967, 0.02555, 0.17188, 0.11941, 0.76387, 0.40066, 0.63437, 0.67263, 0.18408</values>
						</upper_bound>
					</main_interval>
					<sample_size>
						<values>1000.0, 1000.0, 1000.0, 1000.0, 1000.0, 1000.0, 1000.0, 1000.0, 1000.0, 1000.0, 1000.0, 1000.0, 1000.0, 1000.0, 1000.0, 1000.0, 1000.0, 1000.0</values>
					</sample_size>
				</sampling_intervals>
			</data>
		</threshold>
		<threshold>
			<threshold_value>GT 3.10523 (Pr=0.93)</threshold_value>
			<data>
				<values>0.39307, 0.03837, 1.19251, 1.76106, 0.20775, 0.75912, 1.1583, 0.87468, 0.39509, 0.03083, 0.0226, 0.11206, 0.08866, 0.75098, 0.30307, 0.54256, 0.57216, 0.12599</values>
				<sampling_intervals>
					<main_interval>
						<bounds>0.05, 0.95</bounds>
						<lower_bound>
							<values>0.34574, 0.04888, 1.08526, 1.6021, 0.18165, 0.66404, 1.04028, 0.82521, 0.3335, 0.0277, 0.01745, 0.09351, 0.06969, 0.4156, 0.26831, 0.4876, 0.48336, 0.0623</values>
						</lower_bound>
						<upper_bound>
							<values>0.44622, 0.07949, 1.33061, 1.89104, 0.23763, 0.85038, 1.26882, 0.93962, 0.45764, 0.03525, 0.02667, 0.13282, 0.10919, 0.7324, 0.39784, 0.59815, 0.66866, 0.18974</values>
						</upper_bound>
					</main_interval>
					<sample_size>
						<values>1000.0, 1000.0, 1000.0, 1000.0, 1000.0, 1000.0, 1000.0, 1000.0, 1000.0, 1000.0, 1000.0, 1000.0, 1000.0, 1000.0, 1000.0, 1000.0, 1000.0, 1000.0</values>
					</sample_size>
				</sampling_intervals>
			</data>
		</threshold>
		<threshold>
			<threshold_value>GT 3.42843 (Pr=0.94)</threshold_value>
			<data>
				<values>0.36654, 0.04899, 1.16657, 1.75105, 0.2151, 0.73871, 1.15707, 0.86469, 0.43723, 0.02658, 0.02257, 0.0913, 0.07748, 0.68122, 0.28943, 0.52248, 0.56159, 0.13151</values>
				<sampling_intervals>
					<main_interval>
						<bounds>0.05, 0.95</bounds>
						<lower_bound>
							<values>0.31271, 0.05906, 1.07141, 1.60517, 0.18859, 0.63953, 1.03213, 0.79235, 0.36853, 0.02327, 0.01848, 0.07405, 0.0605, 0.24632, 0.26437, 0.46422, 0.46611, 0.05891</values>
						</lower_bound>
						<upper_bound>
							<values>0.41925, 0.09805, 1.31906, 1.88466, 0.24618, 0.83832, 1.27902, 0.9235, 0.54073, 0.03027, 0.02863, 0.11018, 0.09769, 0.66498, 0.38424, 0.57606, 0.65831, 0.21176</values>
						</upper_bound>
					</main_interval>
					<sample_size>
						<values>1000.0, 1000.0, 1000.0, 1000.0, 1000.0, 1000.0, 1000.0, 1000.0, 1000.0, 1000.0, 1000.0, 1000.0, 1000.0, 1000.0, 1000.0, 1000.0, 1000.0, 1000.0</values>
					</sample_size>
				</sampling_intervals>
			</data>
		</threshold>
		<threshold>
			<threshold_value>GT 3.89517 (Pr=0.95)</threshold_value>
			<data>
				<values>0.31357, 0.06405, 1.17239, 1.79477, 0.23677, 0.72786, 1.17752, 0.79931, 0.56032, 0.02123, 0.02672, 0.06567, 0.07336, 0.4695, 0.28059, 0.47987, 0.57587, 0.16972</values>
				<sampling_intervals>
					<main_interval>
						<bounds>0.05, 0.95</bounds>
						<lower_bound>
							<values>0.25476, 0.07811, 1.03636, 1.58669, 0.19747, 0.61057, 1.02367, 0.73598, 0.42485, 0.01864, 0.01911, 0.05411, 0.0516, -0.29521, 0.26051, 0.43141, 0.48133, 0.07109</values>
						</lower_bound>
						<upper_bound>
							<values>0.38874, 0.124, 1.33366, 1.93123, 0.26442, 0.83551, 1.31274, 0.88381, 0.6995, 0.0245, 0.03666, 0.08282, 0.09384, 0.53218, 0.40152, 0.55004, 0.68212, 0.25902</values>
						</upper_bound>
					</main_interval>
					<sample_size>
						<values>1000.0, 1000.0, 1000.0, 1000.0, 1000.0, 1000.0, 1000.0, 1000.0, 1000.0, 1000.0, 1000.0, 1000.0, 1000.0, 1000.0, 1000.0, 1000.0, 1000.0, 1000.0</values>
					</sample_size>
				</sampling_intervals>
			</data>
		</threshold>
		<threshold>
			<threshold_value>GT 4.4902 (Pr=0.96)</threshold_value>
			<data>
				<values>0.19188, 0.08703, 1.23224, 1.95334, 0.27805, 0.75799, 1.28806, 0.75795, 0.89815, 0.01638, 0.04074, 0.04533, 0.08134, -2.45917, 0.25932, 0.43616, 0.56756, 0.30054</values>
				<sampling_intervals>
					<main_interval>
						<bounds>0.05, 0.95</bounds>
						<lower_bound>
							<values>0.17043, 0.09509, 1.03544, 1.62504, 0.22102, 0.60475, 1.06473, 0.67947, 0.57251, 0.01405, 0.0244, 0.0359, 0.04738, -5.51359, 0.25261, 0.39834, 0.49615, 0.12806</values>
						</lower_bound>
						<upper_bound>
							<values>0.32441, 0.15204, 1.42333, 2.08627, 0.3052, 0.87739, 1.41172, 0.81044, 1.03199, 0.01864, 0.04707, 0.05836, 0.10747, 0.20165, 0.41282, 0.5155, 0.7602, 0.42449</values>
						</upper_bound>
					</main_interval>
					<sample_size>
						<values>1000.0, 1000.0, 1000.0, 1000.0, 1000.0, 1000.0, 1000.0, 1000.0, 1000.0, 1000.0, 1000.0, 1000.0, 1000.0, 1000.0, 1000.0, 1000.0, 1000.0, 1000.0</values>
					</sample_size>
				</sampling_intervals>
			</data>
		</threshold>
		<threshold>
			<threshold_value>GT 5.4704 (Pr=0.97)</threshold_value>
			<data>
				<values>0.19432, 0.07652, 1.13731, 1.86647, 0.28172, 0.69827, 1.22222, 0.67094, 1.15321, 0.0113, 0.03967, 0.0283, 0.073, -2.53401, 0.28058, 0.50314, 0.85436, 0.50977</values>
				<sampling_intervals>
					<main_interval>
						<bounds>0.05, 0.95</bounds>
						<lower_bound>
							<values>0.14886, 0.11819, 1.04806, 1.71831, 0.24794, 0.56936, 1.06407, 0.60425, 0.93753, 0.00975, 0.03254, 0.02198, 0.05202, -10.56419, 0.26307, 0.4328, 0.64043, 0.33421</values>
						</lower_bound>
						<upper_bound>
							<values>0.23844, 0.18482, 1.39988, 2.05087, 0.31934, 0.84246, 1.38556, 0.732, 1.42589, 0.01307, 0.05286, 0.03606, 0.10136, -1.86765, 0.4571, 0.55882, 1.03873, 0.65877</values>
						</upper_bound>
					</main_interval>
					<sample_size>
						<values>1000.0, 1000.0, 1000.0, 1000.0, 1000.0, 1000.0, 1000.0, 1000.0, 1000.0, 1000.0, 1000.0, 1000.0, 1000.0, 1000.0, 1000.0, 1000.0, 1000.0, 1000.0</values>
					</sample_size>
				</sampling_intervals>
			</data>
		</threshold>
		<threshold>
			<threshold_value>GT 6.9102 (Pr=0.98)</threshold_value>
			<data>
				<values>0.20982, 0.15971, 1.24274, 1.87322, 0.27462, 0.71492, 1.23048, 0.56707, 1.74594, 0.0065, 0.0567, 0.01728, 0.07404, -2.39158, 0.35036, 0.5797, 1.26827, 0.85933</values>
				<sampling_intervals>
					<main_interval>
						<bounds>0.05, 0.95</bounds>
						<lower_bound>
							<values>0.14106, 0.16099, 1.08987, 1.69709, 0.24313, 0.57278, 1.07626, 0.52859, 1.35045, 0.00559, 0.04047, 0.01338, 0.04507, -6.37571, 0.2859, 0.51887, 0.97347, 0.62033</values>
						</lower_bound>
						<upper_bound>
							<values>0.25342, 0.25891, 1.43644, 2.0133, 0.31048, 0.84191, 1.40334, 0.62671, 2.48786, 0.00764, 0.08438, 0.02175, 0.11237, -1.08364, 0.49756, 0.61847, 1.52191, 1.10334</values>
						</upper_bound>
					</main_interval>
					<sample_size>
						<values>1000.0, 1000.0, 1000.0, 1000.0, 1000.0, 1000.0, 1000.0, 1000.0, 1000.0, 1000.0, 1000.0, 1000.0, 1000.0, 1000.0, 1000.0, 1000.0, 1000.0, 1000.0</values>
					</sample_size>
				</sampling_intervals>
			</data>
		</threshold>
		<threshold>
			<threshold_value>GT 10.09785 (Pr=0.99)</threshold_value>
			<data>
				<values>0.21723, 0.21443, 1.20242, 1.77076, 0.24758, 0.69517, 1.23036, 0.47483, 4.52398, 0.00263, 0.07291, 0.00748, 0.09084, -0.82544, 0.35372, 0.68569, 2.49701, 1.99273</values>
				<sampling_intervals>
					<main_interval>
						<bounds>0.05, 0.95</bounds>
						<lower_bound>
							<values>0.11878, 0.22842, 1.14597, 1.63668, 0.20606, 0.56066, 1.02718, 0.42307, 3.17594, 0.00208, 0.05781, 0.00571, 0.05407, -4.23734, 0.2918, 0.63447, 1.84582, 1.49313</values>
						</lower_bound>
						<upper_bound>
							<values>0.3127, 0.39034, 1.52376, 1.97858, 0.28975, 0.88605, 1.49781, 0.52286, 6.40298, 0.00327, 0.10666, 0.01013, 0.166, -0.24283, 0.60731, 0.73184, 3.13745, 2.42374</values>
						</upper_bound>
					</main_interval>
					<sample_size>
						<values>1000.0, 1000.0, 1000.0, 1000.0, 1000.0, 1000.0, 1000.0, 1000.0, 1000.0, 1000.0, 1000.0, 1000.0, 1000.0, 1000.0, 1000.0, 1000.0, 1000.0, 1000.0</values>
					</sample_size>
				</sampling_intervals>
			</data>
		</threshold>
		<threshold>
			<threshold_value>GT 12.26035 (Pr=0.993)</threshold_value>
			<data>
				<values>0.19485, 0.24936, 1.09909, 1.65488, 0.27684, 0.57858, 1.10689, 0.49715, 8.74601, 0.00198, 0.10835, 0.00418, 0.10766, -0.46724, 0.3325, 0.6716, 3.21064, 2.75976</values>
				<sampling_intervals>
					<main_interval>
						<bounds>0.05, 0.95</bounds>
						<lower_bound>
							<values>0.09322, 0.26537, 0.99783, 1.47848, 0.20417, 0.42007, 0.85154, 0.41127, 4.83448, 0.00143, 0.06071, 0.00297, 0.05222, -2.89301, 0.27976, 0.61333, 2.3479, 2.03268</values>
						</lower_bound>
						<upper_bound>
							<values>0.32788, 0.4406, 1.4665, 1.88232, 0.33135, 0.82582, 1.41627, 0.54825, 13.21968, 0.00258, 0.16301, 0.00628, 0.20642, -0.24373, 0.73486, 0.74921, 4.58648, 3.51493</values>
						</upper_bound>
					</main_interval>
					<sample_size>
						<values>1000.0, 1000.0, 1000.0, 1000.0, 1000.0, 1000.0, 1000.0, 1000.0, 1000.0, 1000.0, 1000.0, 1000.0, 1000.0, 1000.0, 1000.0, 1000.0, 1000.0, 1000.0</values>
					</sample_size>
				</sampling_intervals>
			</data>
		</threshold>
		<threshold>
			<threshold_value>GT 13.6706 (Pr=0.995)</threshold_value>
			<data>
				<values>0.22345, 0.33391, 1.19241, 1.63504, 0.23629, 0.62935, 1.16961, 0.4204, 11.20351, 0.00121, 0.1117, 0.00325, 0.09516, -0.74832, 0.44353, 0.71989, 3.80335, 3.06895</values>
				<sampling_intervals>
					<main_interval>
						<bounds>0.05, 0.95</bounds>
						<lower_bound>
							<values>0.08159, 0.31778, 0.97983, 1.39221, 0.1804, 0.37513, 0.81952, 0.35121, 6.73741, 8.9E-4, 0.0616, 0.00187, 0.0434, -3.4824, 0.35382, 0.6178, 2.82972, 2.28192</values>
						</lower_bound>
						<upper_bound>
							<values>0.34936, 0.541, 1.49533, 1.7983, 0.33429, 0.81465, 1.43014, 0.51747, 18.94561, 0.00184, 0.18768, 0.00452, 0.18178, -0.33497, 1.0009, 0.78201, 6.39968, 4.60635</values>
						</upper_bound>
					</main_interval>
					<sample_size>
						<values>1000.0, 1000.0, 1000.0, 1000.0, 1000.0, 1000.0, 1000.0, 1000.0, 1000.0, 1000.0, 1000.0, 1000.0, 1000.0, 1000.0, 1000.0, 1000.0, 1000.0, 1000.0</values>
					</sample_size>
				</sampling_intervals>
			</data>
		</threshold>
		<threshold>
			<threshold_value>GT 15.92113 (Pr=0.99648)</threshold_value>
			<data>
				<values>0.14458, 0.43959, 1.08501, 1.50083, 0.29689, 0.46332, 1.02185, 0.45456, 20.22609, 0.00107, 0.14852, 0.00168, 0.08139, -1.24568, 0.55762, 0.66405, 4.64793, 4.15239</values>
				<sampling_intervals>
					<main_interval>
						<bounds>0.05, 0.95</bounds>
						<lower_bound>
							<values>-0.02967, 0.37745, 0.88007, 1.29013, 0.19168, 0.24701, 0.66099, 0.34029, 8.4477, 6.6E-4, 0.06389, 8.6E-4, 0.02735, -4.73195, 0.37274, 0.50719, 2.76582, 2.51061</values>
						</lower_bound>
						<upper_bound>
							<values>0.31954, 0.67996, 1.43897, 1.72869, 0.4457, 0.7112, 1.37108, 0.59673, 32.07834, 0.00171, 0.22833, 0.00281, 0.17561, -0.46551, 1.31946, 0.77557, 8.79718, 6.57797</values>
						</upper_bound>
					</main_interval>
					<sample_size>
						<values>1000.0, 1000.0, 1000.0, 1000.0, 1000.0, 1000.0, 1000.0, 1000.0, 1000.0, 1000.0, 1000.0, 1000.0, 1000.0, 1000.0, 1000.0, 1000.0, 1000.0, 1000.0</values>
					</sample_size>
				</sampling_intervals>
			</data>
		</threshold>
		<threshold>
			<threshold_value>GT 19.88123 (Pr=0.99787)</threshold_value>
			<data>
				<values>0.20223, 0.32047, 0.82829, 1.30559, 0.37631, 0.28013, 0.70159, 0.55734, 7.25238, 8.6E-4, 0.04299, 6.4E-4, 0.01717, -1.74518, 0.96126, 0.5647, 5.13682, 2.87252</values>
				<sampling_intervals>
					<main_interval>
						<bounds>0.05, 0.95</bounds>
						<lower_bound>
							<values>-0.0721, 0.24025, 0.62784, 1.11592, 0.24802, 0.11981, 0.42334, 0.44513, 3.50933, 5.3E-4, 0.01933, 2.5E-4, 0.00521, -8.48294, 0.49176, 0.40981, 2.94533, 1.73561</values>
						</lower_bound>
						<upper_bound>
							<values>0.34425, 0.69586, 1.26172, 1.56586, 0.54064, 0.54229, 1.12997, 0.68578, 33.91468, 0.0013, 0.19758, 0.00134, 0.11865, -0.64728, 2.62427, 0.69397, 12.51923, 7.21324</values>
						</upper_bound>
					</main_interval>
					<sample_size>
						<values>1000.0, 1000.0, 1000.0, 1000.0, 1000.0, 1000.0, 1000.0, 1000.0, 1000.0, 1000.0, 1000.0, 1000.0, 1000.0, 1000.0, 1000.0, 1000.0, 1000.0, 1000.0</values>
					</sample_size>
				</sampling_intervals>
			</data>
		</threshold>
		<threshold>
			<threshold_value>GT 24.31358 (Pr=0.999)</threshold_value>
			<data>
				<values>0.31137, 0.34994, 0.99712, 1.33581, 0.27315, 0.40094, 0.81642, 0.50605, 6.35989, 3.0E-4, 0.02036, 4.4E-4, 0.01367, -6.70404, 1.61554, 0.66914, 5.54457, 2.46373</values>
				<sampling_intervals>
					<main_interval>
						<bounds>0.05, 0.95</bounds>
						<lower_bound>
							<values>0.0605, 0.23072, 0.49095, 1.03515, 0.1376, 0.06144, 0.31803, 0.315, 4.92713, 1.3E-4, 0.00881, 7.0E-5, 0.00265, -32.35921, 0.52644, 0.35613, 2.45864, 1.3269</values>
						</lower_bound>
						<upper_bound>
							<values>0.53957, 0.5648, 1.75571, 1.86263, 0.61527, 0.98605, 1.36059, 0.74555, 21.505, 7.2E-4, 0.05998, 0.00123, 0.11131, -0.41031, 8.44484, 0.81947, 62.68009, 10.12626</values>
						</upper_bound>
					</main_interval>
					<sample_size>
						<values>1000.0, 1000.0, 1000.0, 1000.0, 1000.0, 1000.0, 1000.0, 1000.0, 989.0, 1000.0, 989.0, 1000.0, 989.0, 1000.0, 1000.0, 1000.0, 1000.0, 1000.0</values>
					</sample_size>
				</sampling_intervals>
			</data>
		</threshold>
		<threshold>
			<threshold_value>GT 27.81359 (Pr=0.99919)</threshold_value>
			<data>
				<values>0.37844, 0.48431, 1.3713, 1.50854, 0.25516, 0.52286, 0.88926, 0.45923, 8.7381, 2.2E-4, 0.01201, 4.5E-4, 0.02229, -4.67489, 1.30903, 0.68048, 3.66173, 1.83582</values>
				<sampling_intervals>
					<main_interval>
						<bounds>0.05, 0.95</bounds>
						<lower_bound>
							<values>0.00295, 0.27067, 0.51983, 1.02484, 0.11176, 0.06941, 0.32905, 0.28296, 4.83044, 1.0E-4, 0.00697, 7.0E-5, 0.00211, -27.36677, 0.51985, 0.37646, 1.97255, 1.23065</values>
						</lower_bound>
						<upper_bound>
							<values>0.55791, 0.83861, 1.98055, 2.02248, 0.56971, 1.14224, 1.59297, 0.72969, 27.04898, 6.0E-4, 0.04674, 0.00122, 0.11152, -0.32915, 11.66604, 0.84811, 96.14024, 10.51019</values>
						</upper_bound>
					</main_interval>
					<sample_size>
						<values>1000.0, 1000.0, 1000.0, 1000.0, 1000.0, 1000.0, 1000.0, 1000.0, 983.0, 1000.0, 983.0, 1000.0, 983.0, 1000.0, 1000.0, 1000.0, 1000.0, 1000.0</values>
					</sample_size>
				</sampling_intervals>
			</data>
		</threshold>
	</threshold_data>
</result></results>