<?xml version="1.0" standalone="yes"?><results>
<!--Result file containing the results for a single metric by lead period.
Some metrics, such as reliability diagrams, have results for specific thresholds 
(e.g. probability thresholds).  In that case, the results are stored by lead period 
and then by threshold value.  The actual data associated with a result always appears 
within a 'values' tag.  A metric result that comprises a single value will appear as a 
single value in this tag.  A metric result that comprises a 1D matrix will appear as a 
row of values separated by commas in the input order.  A metric result that comprises a 
2D matrix will appear as a sequence of rows, each with a 'values' tag, which are written 
in the input order.  For example, a diagram metric with an x and y axis will comprise 
two rows of data (i.e. two rows within two separate 'values' tags).  The default input 
order would be data for the x axis followed by data for the y axis.  Data that refer to 
cumulative probabilities are, by default, always defined in increasing size of probability.--><meta_data>
	<thresholds_type>true</thresholds_type>
	<original_file_id>03179000_CAL.Streamflow.ICK_INF_ONE_OBS_ONE_MEAN_1D_MEAN_RAW.Brier_skill_score.xml</original_file_id>
</meta_data><result>
	<lead_hour>0.0</lead_hour>
	<threshold_data>
		<threshold>
			<threshold_value>GT 0.03 (Pr=0.0)</threshold_value>
			<data>
				<values>-6.59283, 6.62844, 0.03561, 1.0, 1.72068, 0.12833, 6.00049, 3174.03373, 0.35194, 602.09045, 7.9E-4, 0.12804, 2.9E-4, -999.0, -999.0, -999.0, -999.0, -999.0</values>
				<sampling_intervals>
					<main_interval>
						<bounds>0.05, 0.95</bounds>
						<lower_bound>
							<values>-77.69823, 2.71277, 0.00324, 1.0, 0.93519, 0.05638, 2.80423, 630.35412, 0.3071, 117.19882, 8.0E-5, 0.05636, 2.0E-5, -999.0, -999.0, -999.0, -999.0, -999.0</values>
						</lower_bound>
						<upper_bound>
							<values>-2.61322, 76.61729, 0.09136, 1.0, 14.04117, 0.15555, 65.11817, 389072.56447, 0.51029, 76266.4779, 0.00168, 0.15522, 7.2E-4, -999.0, -999.0, -999.0, -999.0, -999.0</values>
						</upper_bound>
					</main_interval>
					<sample_size>
						<values>1000.0, 1000.0, 1000.0, 1000.0, 1000.0, 1000.0, 1000.0, 1000.0, 1000.0, 1000.0, 1000.0, 1000.0, 1000.0, -999.0, -999.0, -999.0, -999.0, -999.0</values>
					</sample_size>
				</sampling_intervals>
			</data>
		</threshold>
		<threshold>
			<threshold_value>GT 0.05564 (Pr=0.025)</threshold_value>
			<data>
				<values>-2.60452, 2.71278, 0.10826, 1.0, 0.99309, 0.18376, 2.7952, 290.20325, 0.29736, 66.0242, 0.00267, 0.18167, 0.0021, -999.0, -999.0, -999.0, -999.0, -999.0</values>
				<sampling_intervals>
					<main_interval>
						<bounds>0.05, 0.95</bounds>
						<lower_bound>
							<values>-5.36407, 1.36077, 0.04528, 1.0, 0.62752, 0.1165, 1.71698, 92.54785, 0.21313, 21.41985, 0.00136, 0.11507, 8.9E-4, -999.0, -999.0, -999.0, -999.0, -999.0</values>
						</lower_bound>
						<upper_bound>
							<values>-1.11386, 5.39972, 0.24479, 1.0, 1.66661, 0.26207, 4.83503, 956.78849, 0.39171, 215.0906, 0.00459, 0.25837, 0.00434, -999.0, -999.0, -999.0, -999.0, -999.0</values>
						</upper_bound>
					</main_interval>
					<sample_size>
						<values>1000.0, 1000.0, 1000.0, 1000.0, 1000.0, 1000.0, 1000.0, 1000.0, 1000.0, 1000.0, 1000.0, 1000.0, 1000.0, -999.0, -999.0, -999.0, -999.0, -999.0</values>
					</sample_size>
				</sampling_intervals>
			</data>
		</threshold>
		<threshold>
			<threshold_value>GT 0.06821 (Pr=0.05)</threshold_value>
			<data>
				<values>-0.32971, 0.66074, 0.33103, 1.0, 0.45299, 0.23188, 1.1086, 30.54672, 0.25382, 7.32006, 0.00675, 0.22364, 0.00824, -999.0, -999.0, -999.0, -999.0, -999.0</values>
				<sampling_intervals>
					<main_interval>
						<bounds>0.05, 0.95</bounds>
						<lower_bound>
							<values>-0.58391, 0.33777, 0.24404, 1.0, 0.34901, 0.17711, 0.81641, 13.0664, 0.21462, 3.10483, 0.00511, 0.16953, 0.00622, -999.0, -999.0, -999.0, -999.0, -999.0</values>
						</lower_bound>
						<upper_bound>
							<values>0.0392, 0.8944, 0.42731, 1.0, 0.54648, 0.28183, 1.29447, 44.62161, 0.30984, 11.04262, 0.01204, 0.27114, 0.01308, -999.0, -999.0, -999.0, -999.0, -999.0</values>
						</upper_bound>
					</main_interval>
					<sample_size>
						<values>1000.0, 1000.0, 1000.0, 1000.0, 1000.0, 1000.0, 1000.0, 1000.0, 1000.0, 1000.0, 1000.0, 1000.0, 1000.0, -999.0, -999.0, -999.0, -999.0, -999.0</values>
					</sample_size>
				</sampling_intervals>
			</data>
		</threshold>
		<threshold>
			<threshold_value>GT 0.08226 (Pr=0.075)</threshold_value>
			<data>
				<values>0.16135, 0.22495, 0.3863, 1.0, 0.34702, 0.21778, 0.70941, 8.05683, 0.288, 1.92412, 0.01528, 0.20234, 0.01544, -999.0, -999.0, -999.0, -999.0, -999.0</values>
				<sampling_intervals>
					<main_interval>
						<bounds>0.05, 0.95</bounds>
						<lower_bound>
							<values>-0.07464, 0.1597, 0.30389, 1.0, 0.30181, 0.18148, 0.64122, 5.96832, 0.24745, 1.37917, 0.00981, 0.16847, 0.01063, -999.0, -999.0, -999.0, -999.0, -999.0</values>
						</lower_bound>
						<upper_bound>
							<values>0.25343, 0.40398, 0.45115, 1.0, 0.4251, 0.26195, 0.87925, 15.18351, 0.32034, 3.79972, 0.01902, 0.24493, 0.01896, -999.0, -999.0, -999.0, -999.0, -999.0</values>
						</upper_bound>
					</main_interval>
					<sample_size>
						<values>1000.0, 1000.0, 1000.0, 1000.0, 1000.0, 1000.0, 1000.0, 1000.0, 1000.0, 1000.0, 1000.0, 1000.0, 1000.0, -999.0, -999.0, -999.0, -999.0, -999.0</values>
					</sample_size>
				</sampling_intervals>
			</data>
		</threshold>
		<threshold>
			<threshold_value>GT 0.09627 (Pr=0.1)</threshold_value>
			<data>
				<values>0.27992, 0.15192, 0.43184, 1.0, 0.31656, 0.22246, 0.62598, 5.06751, 0.29467, 1.19772, 0.01951, 0.20263, 0.01983, -999.0, -999.0, -999.0, -999.0, -999.0</values>
				<sampling_intervals>
					<main_interval>
						<bounds>0.05, 0.95</bounds>
						<lower_bound>
							<values>0.17468, 0.09788, 0.37276, 1.0, 0.2751, 0.19002, 0.55403, 3.40641, 0.26433, 0.7857, 0.01517, 0.17219, 0.0158, -999.0, -999.0, -999.0, -999.0, -999.0</values>
						</lower_bound>
						<upper_bound>
							<values>0.3679, 0.2173, 0.49314, 1.0, 0.36297, 0.2565, 0.69686, 7.16627, 0.32833, 1.76017, 0.02556, 0.23357, 0.02517, -999.0, -999.0, -999.0, -999.0, -999.0</values>
						</upper_bound>
					</main_interval>
					<sample_size>
						<values>1000.0, 1000.0, 1000.0, 1000.0, 1000.0, 1000.0, 1000.0, 1000.0, 1000.0, 1000.0, 1000.0, 1000.0, 1000.0, -999.0, -999.0, -999.0, -999.0, -999.0</values>
					</sample_size>
				</sampling_intervals>
			</data>
		</threshold>
		<threshold>
			<threshold_value>GT 0.11009 (Pr=0.125)</threshold_value>
			<data>
				<values>0.40023, 0.07822, 0.47845, 1.0, 0.29399, 0.22029, 0.52607, 2.55685, 0.32069, 0.59653, 0.02979, 0.1928, 0.02749, -999.0, -999.0, -999.0, -999.0, -999.0</values>
				<sampling_intervals>
					<main_interval>
						<bounds>0.05, 0.95</bounds>
						<lower_bound>
							<values>0.3006, 0.0626, 0.42102, 1.0, 0.26438, 0.19463, 0.49744, 2.14098, 0.28189, 0.47339, 0.02063, 0.17189, 0.02063, -999.0, -999.0, -999.0, -999.0, -999.0</values>
						</lower_bound>
						<upper_bound>
							<values>0.43775, 0.13894, 0.51607, 1.0, 0.33429, 0.25136, 0.6056, 4.23601, 0.34259, 1.01892, 0.03376, 0.22214, 0.03124, -999.0, -999.0, -999.0, -999.0, -999.0</values>
						</upper_bound>
					</main_interval>
					<sample_size>
						<values>1000.0, 1000.0, 1000.0, 1000.0, 1000.0, 1000.0, 1000.0, 1000.0, 1000.0, 1000.0, 1000.0, 1000.0, 1000.0, -999.0, -999.0, -999.0, -999.0, -999.0</values>
					</sample_size>
				</sampling_intervals>
			</data>
		</threshold>
		<threshold>
			<threshold_value>GT 0.12212 (Pr=0.15)</threshold_value>
			<data>
				<values>0.44549, 0.05466, 0.50015, 1.0, 0.28745, 0.21899, 0.48605, 1.79277, 0.34252, 0.40894, 0.03722, 0.18698, 0.03201, -999.0, -999.0, -999.0, -999.0, -999.0</values>
				<sampling_intervals>
					<main_interval>
						<bounds>0.05, 0.95</bounds>
						<lower_bound>
							<values>0.37116, 0.04335, 0.45033, 1.0, 0.26107, 0.19575, 0.45706, 1.46813, 0.3026, 0.32137, 0.02741, 0.16729, 0.0254, -999.0, -999.0, -999.0, -999.0, -999.0</values>
						</lower_bound>
						<upper_bound>
							<values>0.4857, 0.089, 0.53983, 1.0, 0.32061, 0.24582, 0.54493, 2.76194, 0.36742, 0.66508, 0.04328, 0.21178, 0.03671, -999.0, -999.0, -999.0, -999.0, -999.0</values>
						</upper_bound>
					</main_interval>
					<sample_size>
						<values>1000.0, 1000.0, 1000.0, 1000.0, 1000.0, 1000.0, 1000.0, 1000.0, 1000.0, 1000.0, 1000.0, 1000.0, 1000.0, -999.0, -999.0, -999.0, -999.0, -999.0</values>
					</sample_size>
				</sampling_intervals>
			</data>
		</threshold>
		<threshold>
			<threshold_value>GT 0.13653 (Pr=0.175)</threshold_value>
			<data>
				<values>0.47889, 0.04584, 0.52473, 1.0, 0.28107, 0.22185, 0.46188, 1.37113, 0.35403, 0.30944, 0.04329, 0.18541, 0.03644, -999.0, -999.0, -999.0, -999.0, -999.0</values>
				<sampling_intervals>
					<main_interval>
						<bounds>0.05, 0.95</bounds>
						<lower_bound>
							<values>0.43001, 0.03416, 0.48128, 1.0, 0.25708, 0.19735, 0.43283, 1.03488, 0.32797, 0.22088, 0.03579, 0.16349, 0.03084, -999.0, -999.0, -999.0, -999.0, -999.0</values>
						</lower_bound>
						<upper_bound>
							<values>0.5163, 0.06098, 0.56139, 1.0, 0.31168, 0.24399, 0.49453, 1.79505, 0.38818, 0.42922, 0.05305, 0.20449, 0.04318, -999.0, -999.0, -999.0, -999.0, -999.0</values>
						</upper_bound>
					</main_interval>
					<sample_size>
						<values>1000.0, 1000.0, 1000.0, 1000.0, 1000.0, 1000.0, 1000.0, 1000.0, 1000.0, 1000.0, 1000.0, 1000.0, 1000.0, -999.0, -999.0, -999.0, -999.0, -999.0</values>
					</sample_size>
				</sampling_intervals>
			</data>
		</threshold>
		<threshold>
			<threshold_value>GT 0.1539 (Pr=0.2)</threshold_value>
			<data>
				<values>0.50395, 0.0391, 0.54305, 1.0, 0.27745, 0.224, 0.4426, 0.97389, 0.38081, 0.21525, 0.05439, 0.18047, 0.04353, -999.0, -999.0, -999.0, -999.0, -999.0</values>
				<sampling_intervals>
					<main_interval>
						<bounds>0.05, 0.95</bounds>
						<lower_bound>
							<values>0.46668, 0.03003, 0.50597, 1.0, 0.25562, 0.201, 0.4186, 0.79994, 0.34839, 0.16683, 0.04376, 0.16161, 0.03662, -999.0, -999.0, -999.0, -999.0, -999.0</values>
						</lower_bound>
						<upper_bound>
							<values>0.53358, 0.04989, 0.57422, 1.0, 0.3044, 0.24487, 0.47051, 1.28616, 0.41419, 0.29823, 0.06428, 0.19905, 0.0498, -999.0, -999.0, -999.0, -999.0, -999.0</values>
						</upper_bound>
					</main_interval>
					<sample_size>
						<values>1000.0, 1000.0, 1000.0, 1000.0, 1000.0, 1000.0, 1000.0, 1000.0, 1000.0, 1000.0, 1000.0, 1000.0, 1000.0, -999.0, -999.0, -999.0, -999.0, -999.0</values>
					</sample_size>
				</sampling_intervals>
			</data>
		</threshold>
		<threshold>
			<threshold_value>GT 0.16975 (Pr=0.225)</threshold_value>
			<data>
				<values>0.51336, 0.03524, 0.5486, 1.0, 0.27573, 0.22603, 0.43694, 0.83576, 0.39445, 0.18149, 0.06016, 0.17881, 0.04722, -999.0, -999.0, -999.0, -999.0, -999.0</values>
				<sampling_intervals>
					<main_interval>
						<bounds>0.05, 0.95</bounds>
						<lower_bound>
							<values>0.48444, 0.02755, 0.51841, 1.0, 0.25453, 0.2041, 0.41101, 0.62307, 0.36778, 0.12802, 0.05265, 0.15869, 0.04212, -999.0, -999.0, -999.0, -999.0, -999.0</values>
						</lower_bound>
						<upper_bound>
							<values>0.54534, 0.04355, 0.58255, 1.0, 0.30189, 0.24702, 0.45469, 0.97376, 0.44051, 0.22028, 0.07602, 0.19418, 0.05628, -999.0, -999.0, -999.0, -999.0, -999.0</values>
						</upper_bound>
					</main_interval>
					<sample_size>
						<values>1000.0, 1000.0, 1000.0, 1000.0, 1000.0, 1000.0, 1000.0, 1000.0, 1000.0, 1000.0, 1000.0, 1000.0, 1000.0, -999.0, -999.0, -999.0, -999.0, -999.0</values>
					</sample_size>
				</sampling_intervals>
			</data>
		</threshold>
		<threshold>
			<threshold_value>GT 0.1885 (Pr=0.25)</threshold_value>
			<data>
				<values>0.52515, 0.03387, 0.55902, 1.0, 0.27586, 0.22849, 0.42749, 0.62913, 0.42643, 0.13306, 0.07347, 0.17391, 0.05458, -999.0, -999.0, -999.0, -999.0, -999.0</values>
				<sampling_intervals>
					<main_interval>
						<bounds>0.05, 0.95</bounds>
						<lower_bound>
							<values>0.49606, 0.02835, 0.52877, 1.0, 0.25356, 0.20684, 0.40503, 0.49403, 0.3908, 0.09824, 0.06272, 0.15601, 0.04799, -999.0, -999.0, -999.0, -999.0, -999.0</values>
						</lower_bound>
						<upper_bound>
							<values>0.55606, 0.04205, 0.59429, 1.0, 0.30093, 0.2504, 0.44669, 0.75953, 0.46706, 0.16841, 0.08893, 0.19025, 0.06315, -999.0, -999.0, -999.0, -999.0, -999.0</values>
						</upper_bound>
					</main_interval>
					<sample_size>
						<values>1000.0, 1000.0, 1000.0, 1000.0, 1000.0, 1000.0, 1000.0, 1000.0, 1000.0, 1000.0, 1000.0, 1000.0, 1000.0, -999.0, -999.0, -999.0, -999.0, -999.0</values>
					</sample_size>
				</sampling_intervals>
			</data>
		</threshold>
		<threshold>
			<threshold_value>GT 0.20898 (Pr=0.275)</threshold_value>
			<data>
				<values>0.53738, 0.03644, 0.57382, 1.0, 0.27449, 0.23335, 0.42148, 0.50342, 0.44792, 0.10334, 0.08549, 0.17154, 0.06181, -999.0, -999.0, -999.0, -999.0, -999.0</values>
				<sampling_intervals>
					<main_interval>
						<bounds>0.05, 0.95</bounds>
						<lower_bound>
							<values>0.50769, 0.03087, 0.54178, 1.0, 0.25163, 0.21286, 0.40159, 0.40491, 0.41143, 0.07801, 0.07306, 0.15449, 0.05464, -999.0, -999.0, -999.0, -999.0, -999.0</values>
						</lower_bound>
						<upper_bound>
							<values>0.56536, 0.04612, 0.608, 1.0, 0.29888, 0.25503, 0.44104, 0.61005, 0.49305, 0.13169, 0.10285, 0.18714, 0.07113, -999.0, -999.0, -999.0, -999.0, -999.0</values>
						</upper_bound>
					</main_interval>
					<sample_size>
						<values>1000.0, 1000.0, 1000.0, 1000.0, 1000.0, 1000.0, 1000.0, 1000.0, 1000.0, 1000.0, 1000.0, 1000.0, 1000.0, -999.0, -999.0, -999.0, -999.0, -999.0</values>
					</sample_size>
				</sampling_intervals>
			</data>
		</threshold>
		<threshold>
			<threshold_value>GT 0.22863 (Pr=0.3)</threshold_value>
			<data>
				<values>0.54408, 0.04167, 0.58575, 1.0, 0.27301, 0.2386, 0.42151, 0.41847, 0.47113, 0.08434, 0.09697, 0.16968, 0.06892, -999.0, -999.0, -999.0, -999.0, -999.0</values>
				<sampling_intervals>
					<main_interval>
						<bounds>0.05, 0.95</bounds>
						<lower_bound>
							<values>0.51716, 0.03449, 0.55745, 1.0, 0.25179, 0.21791, 0.40166, 0.33705, 0.4349, 0.06374, 0.08322, 0.15335, 0.06154, -999.0, -999.0, -999.0, -999.0, -999.0</values>
						</lower_bound>
						<upper_bound>
							<values>0.56912, 0.04993, 0.61393, 1.0, 0.29841, 0.25961, 0.44057, 0.49462, 0.52125, 0.10665, 0.11758, 0.18503, 0.07886, -999.0, -999.0, -999.0, -999.0, -999.0</values>
						</upper_bound>
					</main_interval>
					<sample_size>
						<values>1000.0, 1000.0, 1000.0, 1000.0, 1000.0, 1000.0, 1000.0, 1000.0, 1000.0, 1000.0, 1000.0, 1000.0, 1000.0, -999.0, -999.0, -999.0, -999.0, -999.0</values>
					</sample_size>
				</sampling_intervals>
			</data>
		</threshold>
		<threshold>
			<threshold_value>GT 0.24963 (Pr=0.325)</threshold_value>
			<data>
				<values>0.54499, 0.04543, 0.59042, 1.0, 0.27554, 0.24215, 0.42163, 0.34189, 0.50724, 0.06696, 0.11293, 0.16567, 0.07648, -999.0, -999.0, -999.0, -999.0, -999.0</values>
				<sampling_intervals>
					<main_interval>
						<bounds>0.05, 0.95</bounds>
						<lower_bound>
							<values>0.51961, 0.03834, 0.56495, 1.0, 0.24963, 0.22372, 0.40477, 0.28572, 0.45827, 0.05342, 0.09535, 0.15107, 0.06863, -999.0, -999.0, -999.0, -999.0, -999.0</values>
						</lower_bound>
						<upper_bound>
							<values>0.57358, 0.0541, 0.62167, 1.0, 0.29788, 0.26604, 0.44556, 0.40517, 0.5536, 0.08495, 0.13352, 0.18236, 0.08798, -999.0, -999.0, -999.0, -999.0, -999.0</values>
						</upper_bound>
					</main_interval>
					<sample_size>
						<values>1000.0, 1000.0, 1000.0, 1000.0, 1000.0, 1000.0, 1000.0, 1000.0, 1000.0, 1000.0, 1000.0, 1000.0, 1000.0, -999.0, -999.0, -999.0, -999.0, -999.0</values>
					</sample_size>
				</sampling_intervals>
			</data>
		</threshold>
		<threshold>
			<threshold_value>GT 0.2811 (Pr=0.35)</threshold_value>
			<data>
				<values>0.55576, 0.05007, 0.60583, 1.0, 0.26498, 0.25663, 0.43589, 0.28954, 0.52706, 0.05588, 0.12585, 0.16714, 0.08949, -999.0, -999.0, -999.0, -999.0, -999.0</values>
				<sampling_intervals>
					<main_interval>
						<bounds>0.05, 0.95</bounds>
						<lower_bound>
							<values>0.52308, 0.04296, 0.57289, 1.0, 0.24356, 0.23082, 0.41127, 0.24675, 0.47613, 0.04511, 0.10471, 0.14965, 0.07674, -999.0, -999.0, -999.0, -999.0, -999.0</values>
						</lower_bound>
						<upper_bound>
							<values>0.58046, 0.0597, 0.63147, 1.0, 0.29519, 0.27606, 0.45371, 0.34456, 0.58562, 0.07085, 0.15051, 0.18218, 0.09792, -999.0, -999.0, -999.0, -999.0, -999.0</values>
						</upper_bound>
					</main_interval>
					<sample_size>
						<values>1000.0, 1000.0, 1000.0, 1000.0, 1000.0, 1000.0, 1000.0, 1000.0, 1000.0, 1000.0, 1000.0, 1000.0, 1000.0, -999.0, -999.0, -999.0, -999.0, -999.0</values>
					</sample_size>
				</sampling_intervals>
			</data>
		</threshold>
		<threshold>
			<threshold_value>GT 0.30835 (Pr=0.375)</threshold_value>
			<data>
				<values>0.56085, 0.05652, 0.61737, 1.0, 0.26221, 0.26406, 0.441, 0.25254, 0.548, 0.04792, 0.13664, 0.16678, 0.09728, -999.0, -999.0, -999.0, -999.0, -999.0</values>
				<sampling_intervals>
					<main_interval>
						<bounds>0.05, 0.95</bounds>
						<lower_bound>
							<values>0.53088, 0.0478, 0.58564, 1.0, 0.23955, 0.24107, 0.42099, 0.21981, 0.49335, 0.03919, 0.11529, 0.1505, 0.08626, -999.0, -999.0, -999.0, -999.0, -999.0</values>
						</lower_bound>
						<upper_bound>
							<values>0.58529, 0.06522, 0.64009, 1.0, 0.28859, 0.28496, 0.46164, 0.29986, 0.60812, 0.06061, 0.16375, 0.18115, 0.10857, -999.0, -999.0, -999.0, -999.0, -999.0</values>
						</upper_bound>
					</main_interval>
					<sample_size>
						<values>1000.0, 1000.0, 1000.0, 1000.0, 1000.0, 1000.0, 1000.0, 1000.0, 1000.0, 1000.0, 1000.0, 1000.0, 1000.0, -999.0, -999.0, -999.0, -999.0, -999.0</values>
					</sample_size>
				</sampling_intervals>
			</data>
		</threshold>
		<threshold>
			<threshold_value>GT 0.34487 (Pr=0.4)</threshold_value>
			<data>
				<values>0.56397, 0.05904, 0.623, 1.0, 0.25686, 0.27299, 0.45216, 0.23032, 0.57095, 0.04333, 0.14982, 0.16486, 0.10812, -999.0, -999.0, -999.0, -999.0, -999.0</values>
				<sampling_intervals>
					<main_interval>
						<bounds>0.05, 0.95</bounds>
						<lower_bound>
							<values>0.53643, 0.05149, 0.59681, 1.0, 0.23535, 0.25058, 0.43114, 0.19833, 0.51579, 0.03493, 0.12718, 0.15038, 0.09642, -999.0, -999.0, -999.0, -999.0, -999.0</values>
						</lower_bound>
						<upper_bound>
							<values>0.58867, 0.06935, 0.64628, 1.0, 0.28199, 0.29338, 0.47127, 0.26497, 0.63633, 0.05345, 0.17878, 0.17899, 0.11939, -999.0, -999.0, -999.0, -999.0, -999.0</values>
						</upper_bound>
					</main_interval>
					<sample_size>
						<values>1000.0, 1000.0, 1000.0, 1000.0, 1000.0, 1000.0, 1000.0, 1000.0, 1000.0, 1000.0, 1000.0, 1000.0, 1000.0, -999.0, -999.0, -999.0, -999.0, -999.0</values>
					</sample_size>
				</sampling_intervals>
			</data>
		</threshold>
		<threshold>
			<threshold_value>GT 0.38315 (Pr=0.425)</threshold_value>
			<data>
				<values>0.56726, 0.06343, 0.6307, 1.0, 0.25282, 0.28199, 0.4619, 0.20616, 0.599, 0.03818, 0.16495, 0.16264, 0.11934, -999.0, -999.0, -999.0, -999.0, -999.0</values>
				<sampling_intervals>
					<main_interval>
						<bounds>0.05, 0.95</bounds>
						<lower_bound>
							<values>0.54022, 0.05413, 0.60533, 1.0, 0.23292, 0.26026, 0.4418, 0.18075, 0.5392, 0.03124, 0.13877, 0.14947, 0.10647, -999.0, -999.0, -999.0, -999.0, -999.0</values>
						</lower_bound>
						<upper_bound>
							<values>0.59066, 0.07384, 0.65229, 1.0, 0.27605, 0.30037, 0.4804, 0.23896, 0.66378, 0.04721, 0.19394, 0.1763, 0.13016, -999.0, -999.0, -999.0, -999.0, -999.0</values>
						</upper_bound>
					</main_interval>
					<sample_size>
						<values>1000.0, 1000.0, 1000.0, 1000.0, 1000.0, 1000.0, 1000.0, 1000.0, 1000.0, 1000.0, 1000.0, 1000.0, 1000.0, -999.0, -999.0, -999.0, -999.0, -999.0</values>
					</sample_size>
				</sampling_intervals>
			</data>
		</threshold>
		<threshold>
			<threshold_value>GT 0.42073 (Pr=0.45)</threshold_value>
			<data>
				<values>0.56892, 0.06906, 0.63798, 1.0, 0.24983, 0.29137, 0.47262, 0.18326, 0.6334, 0.03288, 0.18205, 0.16041, 0.13096, -999.0, -999.0, -999.0, -999.0, -999.0</values>
				<sampling_intervals>
					<main_interval>
						<bounds>0.05, 0.95</bounds>
						<lower_bound>
							<values>0.54094, 0.05754, 0.61074, 1.0, 0.23092, 0.26804, 0.45049, 0.16573, 0.56714, 0.02802, 0.1522, 0.14677, 0.11638, -999.0, -999.0, -999.0, -999.0, -999.0</values>
						</lower_bound>
						<upper_bound>
							<values>0.59067, 0.07854, 0.65573, 1.0, 0.27373, 0.30694, 0.48834, 0.21779, 0.70256, 0.04263, 0.21342, 0.17195, 0.14069, -999.0, -999.0, -999.0, -999.0, -999.0</values>
						</upper_bound>
					</main_interval>
					<sample_size>
						<values>1000.0, 1000.0, 1000.0, 1000.0, 1000.0, 1000.0, 1000.0, 1000.0, 1000.0, 1000.0, 1000.0, 1000.0, 1000.0, -999.0, -999.0, -999.0, -999.0, -999.0</values>
					</sample_size>
				</sampling_intervals>
			</data>
		</threshold>
		<threshold>
			<threshold_value>GT 0.46451 (Pr=0.475)</threshold_value>
			<data>
				<values>0.56943, 0.0696, 0.63903, 1.0, 0.24704, 0.29592, 0.47945, 0.17642, 0.65781, 0.03219, 0.19515, 0.15623, 0.13969, -999.0, -999.0, -999.0, -999.0, -999.0</values>
				<sampling_intervals>
					<main_interval>
						<bounds>0.05, 0.95</bounds>
						<lower_bound>
							<values>0.53867, 0.05887, 0.61196, 1.0, 0.22956, 0.27367, 0.45857, 0.15454, 0.597, 0.02587, 0.16696, 0.14258, 0.12597, -999.0, -999.0, -999.0, -999.0, -999.0</values>
						</lower_bound>
						<upper_bound>
							<values>0.58891, 0.08241, 0.65638, 1.0, 0.27357, 0.31166, 0.49673, 0.20579, 0.74498, 0.04062, 0.23325, 0.16709, 0.1508, -999.0, -999.0, -999.0, -999.0, -999.0</values>
						</upper_bound>
					</main_interval>
					<sample_size>
						<values>1000.0, 1000.0, 1000.0, 1000.0, 1000.0, 1000.0, 1000.0, 1000.0, 1000.0, 1000.0, 1000.0, 1000.0, 1000.0, -999.0, -999.0, -999.0, -999.0, -999.0</values>
					</sample_size>
				</sampling_intervals>
			</data>
		</threshold>
		<threshold>
			<threshold_value>GT 0.5095 (Pr=0.5)</threshold_value>
			<data>
				<values>0.55921, 0.0727, 0.63191, 1.0, 0.25038, 0.29552, 0.48593, 0.17138, 0.70633, 0.03141, 0.21627, 0.14883, 0.14669, -999.0, -999.0, -999.0, -999.0, -999.0</values>
				<sampling_intervals>
					<main_interval>
						<bounds>0.05, 0.95</bounds>
						<lower_bound>
							<values>0.5329, 0.05833, 0.60857, 1.0, 0.22912, 0.27623, 0.46577, 0.15106, 0.63079, 0.02557, 0.18255, 0.13674, 0.13396, -999.0, -999.0, -999.0, -999.0, -999.0</values>
						</lower_bound>
						<upper_bound>
							<values>0.58483, 0.08356, 0.65294, 1.0, 0.27337, 0.31477, 0.50411, 0.20272, 0.78831, 0.04023, 0.25532, 0.16082, 0.16038, -999.0, -999.0, -999.0, -999.0, -999.0</values>
						</upper_bound>
					</main_interval>
					<sample_size>
						<values>1000.0, 1000.0, 1000.0, 1000.0, 1000.0, 1000.0, 1000.0, 1000.0, 1000.0, 1000.0, 1000.0, 1000.0, 1000.0, -999.0, -999.0, -999.0, -999.0, -999.0</values>
					</sample_size>
				</sampling_intervals>
			</data>
		</threshold>
		<threshold>
			<threshold_value>GT 0.56395 (Pr=0.525)</threshold_value>
			<data>
				<values>0.55642, 0.0685, 0.62492, 1.0, 0.24723, 0.29878, 0.49513, 0.17326, 0.74107, 0.03189, 0.23345, 0.14224, 0.15653, -999.0, -999.0, -999.0, -999.0, -999.0</values>
				<sampling_intervals>
					<main_interval>
						<bounds>0.05, 0.95</bounds>
						<lower_bound>
							<values>0.52621, 0.05802, 0.59997, 1.0, 0.22914, 0.2759, 0.47242, 0.14904, 0.66304, 0.02545, 0.19897, 0.13023, 0.14083, -999.0, -999.0, -999.0, -999.0, -999.0</values>
						</lower_bound>
						<upper_bound>
							<values>0.58029, 0.08472, 0.64729, 1.0, 0.27271, 0.31683, 0.51085, 0.19895, 0.83445, 0.03981, 0.2779, 0.15351, 0.16894, -999.0, -999.0, -999.0, -999.0, -999.0</values>
						</upper_bound>
					</main_interval>
					<sample_size>
						<values>1000.0, 1000.0, 1000.0, 1000.0, 1000.0, 1000.0, 1000.0, 1000.0, 1000.0, 1000.0, 1000.0, 1000.0, 1000.0, -999.0, -999.0, -999.0, -999.0, -999.0</values>
					</sample_size>
				</sampling_intervals>
			</data>
		</threshold>
		<threshold>
			<threshold_value>GT 0.61454 (Pr=0.55)</threshold_value>
			<data>
				<values>0.54621, 0.07138, 0.6176, 1.0, 0.25237, 0.29591, 0.49733, 0.17164, 0.79495, 0.03164, 0.2589, 0.13395, 0.16196, -999.0, -999.0, -999.0, -999.0, -999.0</values>
				<sampling_intervals>
					<main_interval>
						<bounds>0.05, 0.95</bounds>
						<lower_bound>
							<values>0.51707, 0.05895, 0.59374, 1.0, 0.23233, 0.27593, 0.47763, 0.14956, 0.70743, 0.02537, 0.21991, 0.12286, 0.14848, -999.0, -999.0, -999.0, -999.0, -999.0</values>
						</lower_bound>
						<upper_bound>
							<values>0.57211, 0.08526, 0.64013, 1.0, 0.27366, 0.31516, 0.51691, 0.19643, 0.89105, 0.039, 0.30407, 0.14503, 0.17657, -999.0, -999.0, -999.0, -999.0, -999.0</values>
						</upper_bound>
					</main_interval>
					<sample_size>
						<values>1000.0, 1000.0, 1000.0, 1000.0, 1000.0, 1000.0, 1000.0, 1000.0, 1000.0, 1000.0, 1000.0, 1000.0, 1000.0, -999.0, -999.0, -999.0, -999.0, -999.0</values>
					</sample_size>
				</sampling_intervals>
			</data>
		</threshold>
		<threshold>
			<threshold_value>GT 0.67946 (Pr=0.575)</threshold_value>
			<data>
				<values>0.54285, 0.07227, 0.61513, 1.0, 0.25279, 0.29667, 0.50102, 0.16956, 0.84134, 0.0314, 0.28168, 0.127, 0.16967, -999.0, -999.0, -999.0, -999.0, -999.0</values>
				<sampling_intervals>
					<main_interval>
						<bounds>0.05, 0.95</bounds>
						<lower_bound>
							<values>0.51032, 0.06026, 0.59056, 1.0, 0.23312, 0.27694, 0.48123, 0.14909, 0.74883, 0.02531, 0.24013, 0.11664, 0.15545, -999.0, -999.0, -999.0, -999.0, -999.0</values>
						</lower_bound>
						<upper_bound>
							<values>0.56895, 0.08701, 0.63563, 1.0, 0.27671, 0.31546, 0.52119, 0.19308, 0.95694, 0.03793, 0.33429, 0.13632, 0.18412, -999.0, -999.0, -999.0, -999.0, -999.0</values>
						</upper_bound>
					</main_interval>
					<sample_size>
						<values>1000.0, 1000.0, 1000.0, 1000.0, 1000.0, 1000.0, 1000.0, 1000.0, 1000.0, 1000.0, 1000.0, 1000.0, 1000.0, -999.0, -999.0, -999.0, -999.0, -999.0</values>
					</sample_size>
				</sampling_intervals>
			</data>
		</threshold>
		<threshold>
			<threshold_value>GT 0.74472 (Pr=0.6)</threshold_value>
			<data>
				<values>0.54129, 0.07607, 0.61737, 1.0, 0.25232, 0.29943, 0.50582, 0.16596, 0.89527, 0.0303, 0.3089, 0.12019, 0.17924, -999.0, -999.0, -999.0, -999.0, -999.0</values>
				<sampling_intervals>
					<main_interval>
						<bounds>0.05, 0.95</bounds>
						<lower_bound>
							<values>0.508, 0.06093, 0.59018, 1.0, 0.23272, 0.27912, 0.48681, 0.14819, 0.79642, 0.02506, 0.26276, 0.11053, 0.16437, -999.0, -999.0, -999.0, -999.0, -999.0</values>
						</lower_bound>
						<upper_bound>
							<values>0.56633, 0.08984, 0.63601, 1.0, 0.27537, 0.31642, 0.5255, 0.19064, 1.02061, 0.03678, 0.36553, 0.12932, 0.19318, -999.0, -999.0, -999.0, -999.0, -999.0</values>
						</upper_bound>
					</main_interval>
					<sample_size>
						<values>1000.0, 1000.0, 1000.0, 1000.0, 1000.0, 1000.0, 1000.0, 1000.0, 1000.0, 1000.0, 1000.0, 1000.0, 1000.0, -999.0, -999.0, -999.0, -999.0, -999.0</values>
					</sample_size>
				</sampling_intervals>
			</data>
		</threshold>
		<threshold>
			<threshold_value>GT 0.82101 (Pr=0.625)</threshold_value>
			<data>
				<values>0.53476, 0.07188, 0.60663, 1.0, 0.2518, 0.30059, 0.51403, 0.16841, 0.9593, 0.02993, 0.33619, 0.11282, 0.18777, -999.0, -999.0, -999.0, -999.0, -999.0</values>
				<sampling_intervals>
					<main_interval>
						<bounds>0.05, 0.95</bounds>
						<lower_bound>
							<values>0.50518, 0.05968, 0.58531, 1.0, 0.23417, 0.28113, 0.49383, 0.14739, 0.85553, 0.02432, 0.28895, 0.10397, 0.17242, -999.0, -999.0, -999.0, -999.0, -999.0</values>
						</lower_bound>
						<upper_bound>
							<values>0.55875, 0.09209, 0.62936, 1.0, 0.2752, 0.31818, 0.53201, 0.19181, 1.09097, 0.03607, 0.4004, 0.12174, 0.20232, -999.0, -999.0, -999.0, -999.0, -999.0</values>
						</upper_bound>
					</main_interval>
					<sample_size>
						<values>1000.0, 1000.0, 1000.0, 1000.0, 1000.0, 1000.0, 1000.0, 1000.0, 1000.0, 1000.0, 1000.0, 1000.0, 1000.0, -999.0, -999.0, -999.0, -999.0, -999.0</values>
					</sample_size>
				</sampling_intervals>
			</data>
		</threshold>
		<threshold>
			<threshold_value>GT 0.90151 (Pr=0.65)</threshold_value>
			<data>
				<values>0.52718, 0.07224, 0.59942, 1.0, 0.25381, 0.2991, 0.5181, 0.17211, 1.0298, 0.02974, 0.36808, 0.10486, 0.19423, -999.0, -999.0, -999.0, -999.0, -999.0</values>
				<sampling_intervals>
					<main_interval>
						<bounds>0.05, 0.95</bounds>
						<lower_bound>
							<values>0.4977, 0.05935, 0.57914, 1.0, 0.23506, 0.2808, 0.49905, 0.14982, 0.91265, 0.02403, 0.31483, 0.09699, 0.18011, -999.0, -999.0, -999.0, -999.0, -999.0</values>
						</lower_bound>
						<upper_bound>
							<values>0.55235, 0.0919, 0.6231, 1.0, 0.27552, 0.31828, 0.53693, 0.19395, 1.1792, 0.03577, 0.43886, 0.11387, 0.2094, -999.0, -999.0, -999.0, -999.0, -999.0</values>
						</upper_bound>
					</main_interval>
					<sample_size>
						<values>1000.0, 1000.0, 1000.0, 1000.0, 1000.0, 1000.0, 1000.0, 1000.0, 1000.0, 1000.0, 1000.0, 1000.0, 1000.0, -999.0, -999.0, -999.0, -999.0, -999.0</values>
					</sample_size>
				</sampling_intervals>
			</data>
		</threshold>
		<threshold>
			<threshold_value>GT 0.99093 (Pr=0.675)</threshold_value>
			<data>
				<values>0.52785, 0.07248, 0.60032, 1.0, 0.2498, 0.30099, 0.52335, 0.17593, 1.08641, 0.02974, 0.39012, 0.09793, 0.20307, -999.0, -999.0, -999.0, -999.0, -999.0</values>
				<sampling_intervals>
					<main_interval>
						<bounds>0.05, 0.95</bounds>
						<lower_bound>
							<values>0.49412, 0.05903, 0.57442, 1.0, 0.23454, 0.28181, 0.5049, 0.15405, 0.96978, 0.02416, 0.3361, 0.08992, 0.18785, -999.0, -999.0, -999.0, -999.0, -999.0</values>
						</lower_bound>
						<upper_bound>
							<values>0.54829, 0.09075, 0.61871, 1.0, 0.27436, 0.3183, 0.54203, 0.19967, 1.26931, 0.03509, 0.4721, 0.10571, 0.21651, -999.0, -999.0, -999.0, -999.0, -999.0</values>
						</upper_bound>
					</main_interval>
					<sample_size>
						<values>1000.0, 1000.0, 1000.0, 1000.0, 1000.0, 1000.0, 1000.0, 1000.0, 1000.0, 1000.0, 1000.0, 1000.0, 1000.0, -999.0, -999.0, -999.0, -999.0, -999.0</values>
					</sample_size>
				</sampling_intervals>
			</data>
		</threshold>
		<threshold>
			<threshold_value>GT 1.07694 (Pr=0.7)</threshold_value>
			<data>
				<values>0.51551, 0.07069, 0.5862, 1.0, 0.25324, 0.29714, 0.52839, 0.18489, 1.17518, 0.02967, 0.42614, 0.0899, 0.20725, -999.0, -999.0, -999.0, -999.0, -999.0</values>
				<sampling_intervals>
					<main_interval>
						<bounds>0.05, 0.95</bounds>
						<lower_bound>
							<values>0.48823, 0.05743, 0.56542, 1.0, 0.23698, 0.28028, 0.51057, 0.15926, 1.04432, 0.02401, 0.36612, 0.08226, 0.19431, -999.0, -999.0, -999.0, -999.0, -999.0</values>
						</lower_bound>
						<upper_bound>
							<values>0.53895, 0.0905, 0.61004, 1.0, 0.2725, 0.31619, 0.54843, 0.20826, 1.35981, 0.03491, 0.50784, 0.0976, 0.22304, -999.0, -999.0, -999.0, -999.0, -999.0</values>
						</upper_bound>
					</main_interval>
					<sample_size>
						<values>1000.0, 1000.0, 1000.0, 1000.0, 1000.0, 1000.0, 1000.0, 1000.0, 1000.0, 1000.0, 1000.0, 1000.0, 1000.0, -999.0, -999.0, -999.0, -999.0, -999.0</values>
					</sample_size>
				</sampling_intervals>
			</data>
		</threshold>
		<threshold>
			<threshold_value>GT 1.17592 (Pr=0.725)</threshold_value>
			<data>
				<values>0.50408, 0.07237, 0.57645, 1.0, 0.25659, 0.29428, 0.53361, 0.19062, 1.29683, 0.02885, 0.47461, 0.08122, 0.21306, -999.0, -999.0, -999.0, -999.0, -999.0</values>
				<sampling_intervals>
					<main_interval>
						<bounds>0.05, 0.95</bounds>
						<lower_bound>
							<values>0.47755, 0.05541, 0.55455, 1.0, 0.24068, 0.276, 0.51183, 0.16643, 1.12672, 0.02388, 0.40148, 0.07422, 0.19876, -999.0, -999.0, -999.0, -999.0, -999.0</values>
						</lower_bound>
						<upper_bound>
							<values>0.52778, 0.08957, 0.60064, 1.0, 0.27471, 0.31236, 0.55327, 0.22219, 1.48231, 0.03504, 0.55861, 0.0886, 0.22791, -999.0, -999.0, -999.0, -999.0, -999.0</values>
						</upper_bound>
					</main_interval>
					<sample_size>
						<values>1000.0, 1000.0, 1000.0, 1000.0, 1000.0, 1000.0, 1000.0, 1000.0, 1000.0, 1000.0, 1000.0, 1000.0, 1000.0, -999.0, -999.0, -999.0, -999.0, -999.0</values>
					</sample_size>
				</sampling_intervals>
			</data>
		</threshold>
		<threshold>
			<threshold_value>GT 1.29029 (Pr=0.75)</threshold_value>
			<data>
				<values>0.49999, 0.06876, 0.56875, 1.0, 0.25698, 0.29013, 0.53317, 0.20494, 1.38496, 0.02892, 0.51057, 0.07255, 0.21758, -999.0, -999.0, -999.0, -999.0, -999.0</values>
				<sampling_intervals>
					<main_interval>
						<bounds>0.05, 0.95</bounds>
						<lower_bound>
							<values>0.46837, 0.05134, 0.54308, 1.0, 0.24297, 0.2712, 0.51257, 0.17767, 1.20338, 0.02373, 0.42852, 0.0659, 0.20227, -999.0, -999.0, -999.0, -999.0, -999.0</values>
						</lower_bound>
						<upper_bound>
							<values>0.52207, 0.08852, 0.59013, 1.0, 0.27703, 0.30691, 0.55467, 0.24033, 1.61245, 0.03521, 0.61301, 0.07909, 0.23123, -999.0, -999.0, -999.0, -999.0, -999.0</values>
						</upper_bound>
					</main_interval>
					<sample_size>
						<values>1000.0, 1000.0, 1000.0, 1000.0, 1000.0, 1000.0, 1000.0, 1000.0, 1000.0, 1000.0, 1000.0, 1000.0, 1000.0, -999.0, -999.0, -999.0, -999.0, -999.0</values>
					</sample_size>
				</sampling_intervals>
			</data>
		</threshold>
		<threshold>
			<threshold_value>GT 1.3475 (Pr=0.76)</threshold_value>
			<data>
				<values>0.49617, 0.06537, 0.56154, 1.0, 0.25801, 0.28626, 0.53208, 0.21501, 1.41189, 0.0295, 0.51956, 0.06908, 0.21718, -999.0, -999.0, -999.0, -999.0, -999.0</values>
				<sampling_intervals>
					<main_interval>
						<bounds>0.05, 0.95</bounds>
						<lower_bound>
							<values>0.46502, 0.05087, 0.53788, 1.0, 0.24315, 0.26938, 0.51281, 0.18343, 1.2351, 0.02379, 0.43962, 0.06281, 0.2037, -999.0, -999.0, -999.0, -999.0, -999.0</values>
						</lower_bound>
						<upper_bound>
							<values>0.51946, 0.08733, 0.58645, 1.0, 0.27681, 0.30491, 0.55489, 0.24437, 1.66878, 0.03481, 0.63241, 0.07558, 0.2325, -999.0, -999.0, -999.0, -999.0, -999.0</values>
						</upper_bound>
					</main_interval>
					<sample_size>
						<values>1000.0, 1000.0, 1000.0, 1000.0, 1000.0, 1000.0, 1000.0, 1000.0, 1000.0, 1000.0, 1000.0, 1000.0, 1000.0, -999.0, -999.0, -999.0, -999.0, -999.0</values>
					</sample_size>
				</sampling_intervals>
			</data>
		</threshold>
		<threshold>
			<threshold_value>GT 1.40411 (Pr=0.77)</threshold_value>
			<data>
				<values>0.49475, 0.06469, 0.55944, 1.0, 0.25799, 0.28481, 0.53207, 0.22014, 1.45458, 0.02927, 0.53452, 0.06578, 0.21903, -999.0, -999.0, -999.0, -999.0, -999.0</values>
				<sampling_intervals>
					<main_interval>
						<bounds>0.05, 0.95</bounds>
						<lower_bound>
							<values>0.46294, 0.04947, 0.53492, 1.0, 0.24302, 0.2676, 0.51345, 0.18903, 1.27767, 0.02381, 0.45108, 0.05958, 0.20538, -999.0, -999.0, -999.0, -999.0, -999.0</values>
						</lower_bound>
						<upper_bound>
							<values>0.51746, 0.08516, 0.58273, 1.0, 0.27771, 0.30345, 0.55571, 0.24786, 1.71857, 0.03454, 0.65409, 0.07209, 0.23423, -999.0, -999.0, -999.0, -999.0, -999.0</values>
						</upper_bound>
					</main_interval>
					<sample_size>
						<values>1000.0, 1000.0, 1000.0, 1000.0, 1000.0, 1000.0, 1000.0, 1000.0, 1000.0, 1000.0, 1000.0, 1000.0, 1000.0, -999.0, -999.0, -999.0, -999.0, -999.0</values>
					</sample_size>
				</sampling_intervals>
			</data>
		</threshold>
		<threshold>
			<threshold_value>GT 1.46365 (Pr=0.78)</threshold_value>
			<data>
				<values>0.49342, 0.06208, 0.5555, 1.0, 0.2578, 0.28361, 0.53238, 0.22513, 1.49991, 0.02892, 0.54965, 0.06262, 0.221, -999.0, -999.0, -999.0, -999.0, -999.0</values>
				<sampling_intervals>
					<main_interval>
						<bounds>0.05, 0.95</bounds>
						<lower_bound>
							<values>0.46015, 0.0486, 0.53022, 1.0, 0.24375, 0.26489, 0.5142, 0.19493, 1.32241, 0.0238, 0.46608, 0.05649, 0.20623, -999.0, -999.0, -999.0, -999.0, -999.0</values>
						</lower_bound>
						<upper_bound>
							<values>0.51396, 0.08426, 0.57762, 1.0, 0.27777, 0.30119, 0.555, 0.25483, 1.77971, 0.03426, 0.67329, 0.06867, 0.23514, -999.0, -999.0, -999.0, -999.0, -999.0</values>
						</upper_bound>
					</main_interval>
					<sample_size>
						<values>1000.0, 1000.0, 1000.0, 1000.0, 1000.0, 1000.0, 1000.0, 1000.0, 1000.0, 1000.0, 1000.0, 1000.0, 1000.0, -999.0, -999.0, -999.0, -999.0, -999.0</values>
					</sample_size>
				</sampling_intervals>
			</data>
		</threshold>
		<threshold>
			<threshold_value>GT 1.52113 (Pr=0.79)</threshold_value>
			<data>
				<values>0.48608, 0.06259, 0.54867, 1.0, 0.25963, 0.28192, 0.5362, 0.22822, 1.58737, 0.02821, 0.57725, 0.05926, 0.22266, -999.0, -999.0, -999.0, -999.0, -999.0</values>
				<sampling_intervals>
					<main_interval>
						<bounds>0.05, 0.95</bounds>
						<lower_bound>
							<values>0.45514, 0.04738, 0.52108, 1.0, 0.24548, 0.26046, 0.51374, 0.20051, 1.37998, 0.02372, 0.48241, 0.05318, 0.20533, -999.0, -999.0, -999.0, -999.0, -999.0</values>
						</lower_bound>
						<upper_bound>
							<values>0.50874, 0.08228, 0.5728, 1.0, 0.27849, 0.29896, 0.55686, 0.26437, 1.85412, 0.03435, 0.69646, 0.06507, 0.23615, -999.0, -999.0, -999.0, -999.0, -999.0</values>
						</upper_bound>
					</main_interval>
					<sample_size>
						<values>1000.0, 1000.0, 1000.0, 1000.0, 1000.0, 1000.0, 1000.0, 1000.0, 1000.0, 1000.0, 1000.0, 1000.0, 1000.0, -999.0, -999.0, -999.0, -999.0, -999.0</values>
					</sample_size>
				</sampling_intervals>
			</data>
		</threshold>
		<threshold>
			<threshold_value>GT 1.58057 (Pr=0.8)</threshold_value>
			<data>
				<values>0.47531, 0.0618, 0.53711, 1.0, 0.26375, 0.27588, 0.53682, 0.23694, 1.67504, 0.02841, 0.60038, 0.0552, 0.22068, -999.0, -999.0, -999.0, -999.0, -999.0</values>
				<sampling_intervals>
					<main_interval>
						<bounds>0.05, 0.95</bounds>
						<lower_bound>
							<values>0.44583, 0.04697, 0.51061, 1.0, 0.24825, 0.25466, 0.51392, 0.20648, 1.44558, 0.02349, 0.49861, 0.04974, 0.2035, -999.0, -999.0, -999.0, -999.0, -999.0</values>
						</lower_bound>
						<upper_bound>
							<values>0.50098, 0.08113, 0.56427, 1.0, 0.28148, 0.29525, 0.55768, 0.27203, 1.93844, 0.03435, 0.72201, 0.06114, 0.23608, -999.0, -999.0, -999.0, -999.0, -999.0</values>
						</upper_bound>
					</main_interval>
					<sample_size>
						<values>1000.0, 1000.0, 1000.0, 1000.0, 1000.0, 1000.0, 1000.0, 1000.0, 1000.0, 1000.0, 1000.0, 1000.0, 1000.0, -999.0, -999.0, -999.0, -999.0, -999.0</values>
					</sample_size>
				</sampling_intervals>
			</data>
		</threshold>
		<threshold>
			<threshold_value>GT 1.64635 (Pr=0.81)</threshold_value>
			<data>
				<values>0.46337, 0.06036, 0.52373, 1.0, 0.269, 0.2683, 0.53593, 0.24869, 1.75652, 0.0289, 0.62093, 0.05124, 0.21706, -999.0, -999.0, -999.0, -999.0, -999.0</values>
				<sampling_intervals>
					<main_interval>
						<bounds>0.05, 0.95</bounds>
						<lower_bound>
							<values>0.43459, 0.0449, 0.50099, 1.0, 0.25171, 0.24951, 0.51143, 0.214, 1.50367, 0.02343, 0.50502, 0.04596, 0.20173, -999.0, -999.0, -999.0, -999.0, -999.0</values>
						</lower_bound>
						<upper_bound>
							<values>0.49422, 0.08015, 0.55474, 1.0, 0.28656, 0.28998, 0.55793, 0.28193, 2.05935, 0.03429, 0.75988, 0.05723, 0.2355, -999.0, -999.0, -999.0, -999.0, -999.0</values>
						</upper_bound>
					</main_interval>
					<sample_size>
						<values>1000.0, 1000.0, 1000.0, 1000.0, 1000.0, 1000.0, 1000.0, 1000.0, 1000.0, 1000.0, 1000.0, 1000.0, 1000.0, -999.0, -999.0, -999.0, -999.0, -999.0</values>
					</sample_size>
				</sampling_intervals>
			</data>
		</threshold>
		<threshold>
			<threshold_value>GT 1.71824 (Pr=0.82)</threshold_value>
			<data>
				<values>0.45886, 0.0605, 0.51936, 1.0, 0.27054, 0.26513, 0.53573, 0.25541, 1.83401, 0.02851, 0.64046, 0.04799, 0.21714, -999.0, -999.0, -999.0, -999.0, -999.0</values>
				<sampling_intervals>
					<main_interval>
						<bounds>0.05, 0.95</bounds>
						<lower_bound>
							<values>0.42738, 0.04189, 0.49373, 1.0, 0.25429, 0.24375, 0.5065, 0.22324, 1.54546, 0.02368, 0.5077, 0.04265, 0.19984, -999.0, -999.0, -999.0, -999.0, -999.0</values>
						</lower_bound>
						<upper_bound>
							<values>0.48933, 0.07905, 0.54656, 1.0, 0.2897, 0.28424, 0.55836, 0.29436, 2.16239, 0.03442, 0.78866, 0.05333, 0.23328, -999.0, -999.0, -999.0, -999.0, -999.0</values>
						</upper_bound>
					</main_interval>
					<sample_size>
						<values>1000.0, 1000.0, 1000.0, 1000.0, 1000.0, 1000.0, 1000.0, 1000.0, 1000.0, 1000.0, 1000.0, 1000.0, 1000.0, -999.0, -999.0, -999.0, -999.0, -999.0</values>
					</sample_size>
				</sampling_intervals>
			</data>
		</threshold>
		<threshold>
			<threshold_value>GT 1.81259 (Pr=0.83)</threshold_value>
			<data>
				<values>0.45885, 0.0537, 0.51255, 1.0, 0.27095, 0.25852, 0.52871, 0.26988, 1.86226, 0.02919, 0.62722, 0.04404, 0.21448, -999.0, -999.0, -999.0, -999.0, -999.0</values>
				<sampling_intervals>
					<main_interval>
						<bounds>0.05, 0.95</bounds>
						<lower_bound>
							<values>0.42189, 0.0412, 0.48771, 1.0, 0.25512, 0.23802, 0.50067, 0.23356, 1.5807, 0.02367, 0.50376, 0.03923, 0.1975, -999.0, -999.0, -999.0, -999.0, -999.0</values>
						</lower_bound>
						<upper_bound>
							<values>0.48622, 0.07821, 0.54025, 1.0, 0.29231, 0.27851, 0.55672, 0.30491, 2.27044, 0.03475, 0.81709, 0.04931, 0.23162, -999.0, -999.0, -999.0, -999.0, -999.0</values>
						</upper_bound>
					</main_interval>
					<sample_size>
						<values>1000.0, 1000.0, 1000.0, 1000.0, 1000.0, 1000.0, 1000.0, 1000.0, 1000.0, 1000.0, 1000.0, 1000.0, 1000.0, -999.0, -999.0, -999.0, -999.0, -999.0</values>
					</sample_size>
				</sampling_intervals>
			</data>
		</threshold>
		<threshold>
			<threshold_value>GT 1.8926 (Pr=0.84)</threshold_value>
			<data>
				<values>0.45477, 0.05349, 0.50827, 1.0, 0.27406, 0.25296, 0.52413, 0.27985, 1.93518, 0.02899, 0.64009, 0.04055, 0.21241, -999.0, -999.0, -999.0, -999.0, -999.0</values>
				<sampling_intervals>
					<main_interval>
						<bounds>0.05, 0.95</bounds>
						<lower_bound>
							<values>0.41621, 0.0389, 0.48076, 1.0, 0.25739, 0.23046, 0.49183, 0.24666, 1.61877, 0.02416, 0.50329, 0.0357, 0.19317, -999.0, -999.0, -999.0, -999.0, -999.0</values>
						</lower_bound>
						<upper_bound>
							<values>0.48195, 0.07332, 0.53331, 1.0, 0.29504, 0.27176, 0.55161, 0.31993, 2.34591, 0.03513, 0.82269, 0.04551, 0.22846, -999.0, -999.0, -999.0, -999.0, -999.0</values>
						</upper_bound>
					</main_interval>
					<sample_size>
						<values>1000.0, 1000.0, 1000.0, 1000.0, 1000.0, 1000.0, 1000.0, 1000.0, 1000.0, 1000.0, 1000.0, 1000.0, 1000.0, -999.0, -999.0, -999.0, -999.0, -999.0</values>
					</sample_size>
				</sampling_intervals>
			</data>
		</threshold>
		<threshold>
			<threshold_value>GT 1.99377 (Pr=0.85)</threshold_value>
			<data>
				<values>0.44722, 0.04942, 0.49664, 1.0, 0.28141, 0.2406, 0.51197, 0.30062, 1.97688, 0.0301, 0.62917, 0.03619, 0.2044, -999.0, -999.0, -999.0, -999.0, -999.0</values>
				<sampling_intervals>
					<main_interval>
						<bounds>0.05, 0.95</bounds>
						<lower_bound>
							<values>0.4137, 0.03728, 0.47387, 1.0, 0.26146, 0.22286, 0.48371, 0.25905, 1.66109, 0.02429, 0.49506, 0.03249, 0.1889, -999.0, -999.0, -999.0, -999.0, -999.0</values>
						</lower_bound>
						<upper_bound>
							<values>0.47785, 0.07023, 0.52843, 1.0, 0.3003, 0.26493, 0.54801, 0.33605, 2.44261, 0.03518, 0.83096, 0.04158, 0.22477, -999.0, -999.0, -999.0, -999.0, -999.0</values>
						</upper_bound>
					</main_interval>
					<sample_size>
						<values>1000.0, 1000.0, 1000.0, 1000.0, 1000.0, 1000.0, 1000.0, 1000.0, 1000.0, 1000.0, 1000.0, 1000.0, 1000.0, -999.0, -999.0, -999.0, -999.0, -999.0</values>
					</sample_size>
				</sampling_intervals>
			</data>
		</threshold>
		<threshold>
			<threshold_value>GT 2.09549 (Pr=0.86)</threshold_value>
			<data>
				<values>0.44612, 0.0475, 0.49362, 1.0, 0.28414, 0.23486, 0.5046, 0.31303, 2.02673, 0.02978, 0.62382, 0.03301, 0.20185, -999.0, -999.0, -999.0, -999.0, -999.0</values>
				<sampling_intervals>
					<main_interval>
						<bounds>0.05, 0.95</bounds>
						<lower_bound>
							<values>0.40861, 0.03691, 0.46777, 1.0, 0.26458, 0.21659, 0.47626, 0.27433, 1.70534, 0.02448, 0.49627, 0.0292, 0.18593, -999.0, -999.0, -999.0, -999.0, -999.0</values>
						</lower_bound>
						<upper_bound>
							<values>0.47727, 0.06814, 0.52363, 1.0, 0.30564, 0.25738, 0.53955, 0.34573, 2.50414, 0.03451, 0.82814, 0.03768, 0.22115, -999.0, -999.0, -999.0, -999.0, -999.0</values>
						</upper_bound>
					</main_interval>
					<sample_size>
						<values>1000.0, 1000.0, 1000.0, 1000.0, 1000.0, 1000.0, 1000.0, 1000.0, 1000.0, 1000.0, 1000.0, 1000.0, 1000.0, -999.0, -999.0, -999.0, -999.0, -999.0</values>
					</sample_size>
				</sampling_intervals>
			</data>
		</threshold>
		<threshold>
			<threshold_value>GT 2.19469 (Pr=0.87)</threshold_value>
			<data>
				<values>0.44584, 0.04852, 0.49436, 1.0, 0.28571, 0.23245, 0.5009, 0.31747, 2.13221, 0.0284, 0.6426, 0.03032, 0.20213, -999.0, -999.0, -999.0, -999.0, -999.0</values>
				<sampling_intervals>
					<main_interval>
						<bounds>0.05, 0.95</bounds>
						<lower_bound>
							<values>0.40596, 0.03636, 0.46534, 1.0, 0.26687, 0.21053, 0.46681, 0.28695, 1.75741, 0.02438, 0.49428, 0.02637, 0.18308, -999.0, -999.0, -999.0, -999.0, -999.0</values>
						</lower_bound>
						<upper_bound>
							<values>0.47573, 0.06451, 0.52351, 1.0, 0.30936, 0.25222, 0.53192, 0.35787, 2.5925, 0.03342, 0.82848, 0.03435, 0.21956, -999.0, -999.0, -999.0, -999.0, -999.0</values>
						</upper_bound>
					</main_interval>
					<sample_size>
						<values>1000.0, 1000.0, 1000.0, 1000.0, 1000.0, 1000.0, 1000.0, 1000.0, 1000.0, 1000.0, 1000.0, 1000.0, 1000.0, -999.0, -999.0, -999.0, -999.0, -999.0</values>
					</sample_size>
				</sampling_intervals>
			</data>
		</threshold>
		<threshold>
			<threshold_value>GT 2.33612 (Pr=0.88)</threshold_value>
			<data>
				<values>0.44211, 0.04597, 0.48808, 1.0, 0.29255, 0.22299, 0.48833, 0.3363, 2.17579, 0.02822, 0.63172, 0.02686, 0.19613, -999.0, -999.0, -999.0, -999.0, -999.0</values>
				<sampling_intervals>
					<main_interval>
						<bounds>0.05, 0.95</bounds>
						<lower_bound>
							<values>0.40548, 0.03594, 0.45891, 1.0, 0.27211, 0.20131, 0.45297, 0.29861, 1.80141, 0.02363, 0.47435, 0.02343, 0.17711, -999.0, -999.0, -999.0, -999.0, -999.0</values>
						</lower_bound>
						<upper_bound>
							<values>0.47391, 0.06397, 0.51955, 1.0, 0.3167, 0.24511, 0.52341, 0.37515, 2.7286, 0.03329, 0.84799, 0.03095, 0.21526, -999.0, -999.0, -999.0, -999.0, -999.0</values>
						</upper_bound>
					</main_interval>
					<sample_size>
						<values>1000.0, 1000.0, 1000.0, 1000.0, 1000.0, 1000.0, 1000.0, 1000.0, 1000.0, 1000.0, 1000.0, 1000.0, 1000.0, -999.0, -999.0, -999.0, -999.0, -999.0</values>
					</sample_size>
				</sampling_intervals>
			</data>
		</threshold>
		<threshold>
			<threshold_value>GT 2.47968 (Pr=0.89)</threshold_value>
			<data>
				<values>0.4315, 0.04475, 0.47625, 1.0, 0.30285, 0.21121, 0.47685, 0.35492, 2.28103, 0.02814, 0.61941, 0.02342, 0.18779, -999.0, -999.0, -999.0, -999.0, -999.0</values>
				<sampling_intervals>
					<main_interval>
						<bounds>0.05, 0.95</bounds>
						<lower_bound>
							<values>0.40042, 0.0351, 0.45164, 1.0, 0.28087, 0.18607, 0.43075, 0.31684, 1.80797, 0.02358, 0.43521, 0.01991, 0.16556, -999.0, -999.0, -999.0, -999.0, -999.0</values>
						</lower_bound>
						<upper_bound>
							<values>0.46581, 0.06303, 0.51238, 1.0, 0.33059, 0.23462, 0.51221, 0.40166, 2.80736, 0.03366, 0.84257, 0.02698, 0.20784, -999.0, -999.0, -999.0, -999.0, -999.0</values>
						</upper_bound>
					</main_interval>
					<sample_size>
						<values>1000.0, 1000.0, 1000.0, 1000.0, 1000.0, 1000.0, 1000.0, 1000.0, 1000.0, 1000.0, 1000.0, 1000.0, 1000.0, -999.0, -999.0, -999.0, -999.0, -999.0</values>
					</sample_size>
				</sampling_intervals>
			</data>
		</threshold>
		<threshold>
			<threshold_value>GT 2.68482 (Pr=0.9)</threshold_value>
			<data>
				<values>0.42463, 0.0436, 0.46823, 1.0, 0.32238, 0.19128, 0.44426, 0.38806, 2.24827, 0.02905, 0.56186, 0.01926, 0.17202, -999.0, -999.0, -999.0, -999.0, -999.0</values>
				<sampling_intervals>
					<main_interval>
						<bounds>0.05, 0.95</bounds>
						<lower_bound>
							<values>0.38939, 0.0323, 0.43567, 1.0, 0.2944, 0.16409, 0.3988, 0.33939, 1.78504, 0.02369, 0.39077, 0.01601, 0.14762, -999.0, -999.0, -999.0, -999.0, -999.0</values>
						</lower_bound>
						<upper_bound>
							<values>0.45546, 0.06026, 0.50198, 1.0, 0.3564, 0.21943, 0.49352, 0.44313, 2.9166, 0.03467, 0.81456, 0.02287, 0.1973, -999.0, -999.0, -999.0, -999.0, -999.0</values>
						</upper_bound>
					</main_interval>
					<sample_size>
						<values>1000.0, 1000.0, 1000.0, 1000.0, 1000.0, 1000.0, 1000.0, 1000.0, 1000.0, 1000.0, 1000.0, 1000.0, 1000.0, -999.0, -999.0, -999.0, -999.0, -999.0</values>
					</sample_size>
				</sampling_intervals>
			</data>
		</threshold>
		<threshold>
			<threshold_value>GT 2.92045 (Pr=0.91)</threshold_value>
			<data>
				<values>0.40182, 0.03715, 0.43897, 1.0, 0.35416, 0.16526, 0.40928, 0.43552, 2.22533, 0.03052, 0.48876, 0.01502, 0.15024, -999.0, -999.0, -999.0, -999.0, -999.0</values>
				<sampling_intervals>
					<main_interval>
						<bounds>0.05, 0.95</bounds>
						<lower_bound>
							<values>0.37205, 0.03186, 0.41558, 1.0, 0.31591, 0.14928, 0.38181, 0.37146, 1.87904, 0.02426, 0.3743, 0.0131, 0.13617, -999.0, -999.0, -999.0, -999.0, -999.0</values>
						</lower_bound>
						<upper_bound>
							<values>0.43553, 0.05832, 0.48236, 1.0, 0.37744, 0.19706, 0.46491, 0.46399, 2.92502, 0.03409, 0.75754, 0.01835, 0.17987, -999.0, -999.0, -999.0, -999.0, -999.0</values>
						</upper_bound>
					</main_interval>
					<sample_size>
						<values>1000.0, 1000.0, 1000.0, 1000.0, 1000.0, 1000.0, 1000.0, 1000.0, 1000.0, 1000.0, 1000.0, 1000.0, 1000.0, -999.0, -999.0, -999.0, -999.0, -999.0</values>
					</sample_size>
				</sampling_intervals>
			</data>
		</threshold>
		<threshold>
			<threshold_value>GT 3.11065 (Pr=0.92)</threshold_value>
			<data>
				<values>0.39114, 0.04168, 0.43281, 1.0, 0.36507, 0.15774, 0.40153, 0.44591, 2.4578, 0.02826, 0.50387, 0.01278, 0.14497, -999.0, -999.0, -999.0, -999.0, -999.0</values>
				<sampling_intervals>
					<main_interval>
						<bounds>0.05, 0.95</bounds>
						<lower_bound>
							<values>0.35805, 0.03318, 0.40323, 1.0, 0.33419, 0.14055, 0.37013, 0.40926, 1.9684, 0.02432, 0.33889, 0.01086, 0.12946, -999.0, -999.0, -999.0, -999.0, -999.0</values>
						</lower_bound>
						<upper_bound>
							<values>0.42449, 0.05774, 0.46865, 1.0, 0.39235, 0.17952, 0.43907, 0.47944, 3.09925, 0.03163, 0.70619, 0.01516, 0.16507, -999.0, -999.0, -999.0, -999.0, -999.0</values>
						</upper_bound>
					</main_interval>
					<sample_size>
						<values>1000.0, 1000.0, 1000.0, 1000.0, 1000.0, 1000.0, 1000.0, 1000.0, 1000.0, 1000.0, 1000.0, 1000.0, 1000.0, -999.0, -999.0, -999.0, -999.0, -999.0</values>
					</sample_size>
				</sampling_intervals>
			</data>
		</threshold>
		<threshold>
			<threshold_value>GT 3.36163 (Pr=0.93)</threshold_value>
			<data>
				<values>0.38563, 0.04229, 0.42792, 1.0, 0.37564, 0.1501, 0.38883, 0.46489, 2.59901, 0.02582, 0.43617, 0.01051, 0.13959, -999.0, -999.0, -999.0, -999.0, -999.0</values>
				<sampling_intervals>
					<main_interval>
						<bounds>0.05, 0.95</bounds>
						<lower_bound>
							<values>0.3497, 0.0267, 0.39612, 1.0, 0.34486, 0.1299, 0.33849, 0.42557, 1.72038, 0.02257, 0.15987, 0.00879, 0.12056, -999.0, -999.0, -999.0, -999.0, -999.0</values>
						</lower_bound>
						<upper_bound>
							<values>0.42414, 0.05878, 0.46466, 1.0, 0.41196, 0.17142, 0.42631, 0.51512, 3.35086, 0.03029, 0.67616, 0.01257, 0.15902, -999.0, -999.0, -999.0, -999.0, -999.0</values>
						</upper_bound>
					</main_interval>
					<sample_size>
						<values>1000.0, 1000.0, 1000.0, 1000.0, 1000.0, 1000.0, 1000.0, 1000.0, 1000.0, 1000.0, 1000.0, 1000.0, 1000.0, -999.0, -999.0, -999.0, -999.0, -999.0</values>
					</sample_size>
				</sampling_intervals>
			</data>
		</threshold>
		<threshold>
			<threshold_value>GT 3.72765 (Pr=0.94)</threshold_value>
			<data>
				<values>0.40843, 0.02626, 0.43469, 1.0, 0.39468, 0.1409, 0.33779, 0.50601, 1.92651, 0.0248, 0.12132, 0.00849, 0.13241, -999.0, -999.0, -999.0, -999.0, -999.0</values>
				<sampling_intervals>
					<main_interval>
						<bounds>0.05, 0.95</bounds>
						<lower_bound>
							<values>0.35386, 0.01839, 0.38912, 1.0, 0.36466, 0.11809, 0.30089, 0.4607, 1.49437, 0.02152, 0.08695, 0.00689, 0.11126, -999.0, -999.0, -999.0, -999.0, -999.0</values>
						</lower_bound>
						<upper_bound>
							<values>0.43804, 0.04924, 0.46996, 1.0, 0.43649, 0.15932, 0.39182, 0.54759, 3.19341, 0.02836, 0.51102, 0.01003, 0.14939, -999.0, -999.0, -999.0, -999.0, -999.0</values>
						</upper_bound>
					</main_interval>
					<sample_size>
						<values>1000.0, 1000.0, 1000.0, 1000.0, 1000.0, 1000.0, 1000.0, 1000.0, 1000.0, 1000.0, 1000.0, 1000.0, 1000.0, -999.0, -999.0, -999.0, -999.0, -999.0</values>
					</sample_size>
				</sampling_intervals>
			</data>
		</threshold>
		<threshold>
			<threshold_value>GT 4.20387 (Pr=0.95)</threshold_value>
			<data>
				<values>0.3933, 0.03242, 0.42572, 1.0, 0.43007, 0.12127, 0.2979, 0.53574, 1.95154, 0.02239, 0.10691, 0.00608, 0.11519, -999.0, -999.0, -999.0, -999.0, -999.0</values>
				<sampling_intervals>
					<main_interval>
						<bounds>0.05, 0.95</bounds>
						<lower_bound>
							<values>0.35643, 0.01903, 0.38276, 1.0, 0.39061, 0.10058, 0.26319, 0.49611, 1.55939, 0.01948, 0.07894, 0.00491, 0.09583, -999.0, -999.0, -999.0, -999.0, -999.0</values>
						</lower_bound>
						<upper_bound>
							<values>0.42277, 0.04868, 0.46296, 1.0, 0.47295, 0.14289, 0.34168, 0.57778, 2.55921, 0.0255, 0.15121, 0.00748, 0.13534, -999.0, -999.0, -999.0, -999.0, -999.0</values>
						</upper_bound>
					</main_interval>
					<sample_size>
						<values>1000.0, 1000.0, 1000.0, 1000.0, 1000.0, 1000.0, 1000.0, 1000.0, 1000.0, 1000.0, 1000.0, 1000.0, 1000.0, -999.0, -999.0, -999.0, -999.0, -999.0</values>
					</sample_size>
				</sampling_intervals>
			</data>
		</threshold>
		<threshold>
			<threshold_value>GT 4.8102 (Pr=0.96)</threshold_value>
			<data>
				<values>0.35107, 0.03719, 0.38826, 1.0, 0.48841, 0.09306, 0.25358, 0.5863, 2.14606, 0.02025, 0.10691, 0.00374, 0.08932, -999.0, -999.0, -999.0, -999.0, -999.0</values>
				<sampling_intervals>
					<main_interval>
						<bounds>0.05, 0.95</bounds>
						<lower_bound>
							<values>0.32102, 0.02396, 0.35394, 1.0, 0.44084, 0.07841, 0.21891, 0.53643, 1.53314, 0.01737, 0.06801, 0.00304, 0.07536, -999.0, -999.0, -999.0, -999.0, -999.0</values>
						</lower_bound>
						<upper_bound>
							<values>0.39241, 0.05688, 0.441, 1.0, 0.52504, 0.11516, 0.29555, 0.62064, 2.84173, 0.02282, 0.14783, 0.00479, 0.11033, -999.0, -999.0, -999.0, -999.0, -999.0</values>
						</upper_bound>
					</main_interval>
					<sample_size>
						<values>1000.0, 1000.0, 1000.0, 1000.0, 1000.0, 1000.0, 1000.0, 1000.0, 1000.0, 1000.0, 1000.0, 1000.0, 1000.0, -999.0, -999.0, -999.0, -999.0, -999.0</values>
					</sample_size>
				</sampling_intervals>
			</data>
		</threshold>
		<threshold>
			<threshold_value>GT 5.54265 (Pr=0.97)</threshold_value>
			<data>
				<values>0.36235, 0.05653, 0.41888, 1.0, 0.51537, 0.08249, 0.20477, 0.59782, 1.92388, 0.01591, 0.05001, 0.00248, 0.08001, -999.0, -999.0, -999.0, -999.0, -999.0</values>
				<sampling_intervals>
					<main_interval>
						<bounds>0.05, 0.95</bounds>
						<lower_bound>
							<values>0.32292, 0.03616, 0.36674, 1.0, 0.47628, 0.06814, 0.17225, 0.56045, 1.18603, 0.01393, 0.01862, 0.00197, 0.0661, -999.0, -999.0, -999.0, -999.0, -999.0</values>
						</lower_bound>
						<upper_bound>
							<values>0.39701, 0.09505, 0.47713, 1.0, 0.55482, 0.09858, 0.2457, 0.63636, 2.98346, 0.01818, 0.11784, 0.00311, 0.09553, -999.0, -999.0, -999.0, -999.0, -999.0</values>
						</upper_bound>
					</main_interval>
					<sample_size>
						<values>1000.0, 1000.0, 1000.0, 1000.0, 1000.0, 1000.0, 1000.0, 1000.0, 1000.0, 1000.0, 1000.0, 1000.0, 1000.0, -999.0, -999.0, -999.0, -999.0, -999.0</values>
					</sample_size>
				</sampling_intervals>
			</data>
		</threshold>
		<threshold>
			<threshold_value>GT 6.8806 (Pr=0.98)</threshold_value>
			<data>
				<values>0.33274, 0.09933, 0.43207, 1.0, 0.57709, 0.06021, 0.15038, 0.64396, 1.80916, 0.01177, 0.01989, 0.0012, 0.05901, -999.0, -999.0, -999.0, -999.0, -999.0</values>
				<sampling_intervals>
					<main_interval>
						<bounds>0.05, 0.95</bounds>
						<lower_bound>
							<values>0.28894, 0.0707, 0.37209, 1.0, 0.52919, 0.04576, 0.12601, 0.6019, 1.24755, 0.01031, 0.01229, 9.0E-4, 0.04477, -999.0, -999.0, -999.0, -999.0, -999.0</values>
						</lower_bound>
						<upper_bound>
							<values>0.37263, 0.12818, 0.48872, 1.0, 0.62634, 0.07685, 0.17921, 0.6876, 2.51487, 0.01372, 0.03131, 0.00161, 0.07531, -999.0, -999.0, -999.0, -999.0, -999.0</values>
						</upper_bound>
					</main_interval>
					<sample_size>
						<values>1000.0, 1000.0, 1000.0, 1000.0, 1000.0, 1000.0, 1000.0, 1000.0, 1000.0, 1000.0, 1000.0, 1000.0, 1000.0, -999.0, -999.0, -999.0, -999.0, -999.0</values>
					</sample_size>
				</sampling_intervals>
			</data>
		</threshold>
		<threshold>
			<threshold_value>GT 9.5302 (Pr=0.99)</threshold_value>
			<data>
				<values>0.28238, 0.10273, 0.3851, 1.0, 0.65332, 0.03787, 0.10218, 0.69871, 2.58249, 0.00662, 0.01592, 3.8E-4, 0.03749, -999.0, -999.0, -999.0, -999.0, -999.0</values>
				<sampling_intervals>
					<main_interval>
						<bounds>0.05, 0.95</bounds>
						<lower_bound>
							<values>0.23645, 0.06325, 0.31009, 1.0, 0.59563, 0.02675, 0.08132, 0.65015, 1.71598, 0.0056, 0.00923, 2.6E-4, 0.0265, -999.0, -999.0, -999.0, -999.0, -999.0</values>
						</lower_bound>
						<upper_bound>
							<values>0.32631, 0.1422, 0.45224, 1.0, 0.70413, 0.05314, 0.13371, 0.7435, 4.08249, 0.00791, 0.03013, 5.5E-4, 0.05256, -999.0, -999.0, -999.0, -999.0, -999.0</values>
						</upper_bound>
					</main_interval>
					<sample_size>
						<values>1000.0, 1000.0, 1000.0, 1000.0, 1000.0, 1000.0, 1000.0, 1000.0, 1000.0, 1000.0, 1000.0, 1000.0, 1000.0, -999.0, -999.0, -999.0, -999.0, -999.0</values>
					</sample_size>
				</sampling_intervals>
			</data>
		</threshold>
		<threshold>
			<threshold_value>GT 9.80927 (Pr=0.99081)</threshold_value>
			<data>
				<values>0.27683, 0.09487, 0.3717, 1.0, 0.65718, 0.03685, 0.10284, 0.70165, 3.02088, 0.00615, 0.01799, 3.4E-4, 0.03651, -999.0, -999.0, -999.0, -999.0, -999.0</values>
				<sampling_intervals>
					<main_interval>
						<bounds>0.05, 0.95</bounds>
						<lower_bound>
							<values>0.22044, 0.06037, 0.29367, 1.0, 0.6078, 0.02362, 0.0766, 0.65931, 1.91353, 0.00519, 0.00985, 2.1E-4, 0.02342, -999.0, -999.0, -999.0, -999.0, -999.0</values>
						</lower_bound>
						<upper_bound>
							<values>0.31642, 0.13902, 0.43832, 1.0, 0.72091, 0.04963, 0.12995, 0.75735, 4.47102, 0.00741, 0.0313, 4.7E-4, 0.04912, -999.0, -999.0, -999.0, -999.0, -999.0</values>
						</upper_bound>
					</main_interval>
					<sample_size>
						<values>1000.0, 1000.0, 1000.0, 1000.0, 1000.0, 1000.0, 1000.0, 1000.0, 1000.0, 1000.0, 1000.0, 1000.0, 1000.0, -999.0, -999.0, -999.0, -999.0, -999.0</values>
					</sample_size>
				</sampling_intervals>
			</data>
		</threshold>
		<threshold>
			<threshold_value>GT 12.77785 (Pr=0.995)</threshold_value>
			<data>
				<values>0.1895, 0.04287, 0.23237, 1.0, 0.746, 0.01897, 0.08347, 0.77836, 7.18211, 0.00376, 0.02441, 1.0E-4, 0.01888, -999.0, -999.0, -999.0, -999.0, -999.0</values>
				<sampling_intervals>
					<main_interval>
						<bounds>0.05, 0.95</bounds>
						<lower_bound>
							<values>0.14232, 0.02552, 0.17518, 1.0, 0.66893, 0.01137, 0.06292, 0.7051, 4.00635, 0.00306, 0.00977, 6.0E-5, 0.01131, -999.0, -999.0, -999.0, -999.0, -999.0</values>
						</lower_bound>
						<upper_bound>
							<values>0.2652, 0.10789, 0.36177, 1.0, 0.80054, 0.03361, 0.10456, 0.82892, 9.96855, 0.00457, 0.03945, 1.7E-4, 0.03343, -999.0, -999.0, -999.0, -999.0, -999.0</values>
						</upper_bound>
					</main_interval>
					<sample_size>
						<values>1000.0, 1000.0, 1000.0, 1000.0, 1000.0, 1000.0, 1000.0, 1000.0, 1000.0, 1000.0, 1000.0, 1000.0, 1000.0, -999.0, -999.0, -999.0, -999.0, -999.0</values>
					</sample_size>
				</sampling_intervals>
			</data>
		</threshold>
		<threshold>
			<threshold_value>GT 13.48733 (Pr=0.99566)</threshold_value>
			<data>
				<values>0.18925, 0.03922, 0.22847, 1.0, 0.74655, 0.01884, 0.08305, 0.78027, 7.69187, 0.00331, 0.02194, 8.0E-5, 0.01876, -999.0, -999.0, -999.0, -999.0, -999.0</values>
				<sampling_intervals>
					<main_interval>
						<bounds>0.05, 0.95</bounds>
						<lower_bound>
							<values>0.12524, 0.0202, 0.15278, 1.0, 0.68287, 0.00985, 0.06086, 0.71783, 4.33403, 0.0027, 0.00905, 4.0E-5, 0.00981, -999.0, -999.0, -999.0, -999.0, -999.0</values>
						</lower_bound>
						<upper_bound>
							<values>0.25305, 0.10098, 0.34817, 1.0, 0.81378, 0.03053, 0.10286, 0.84011, 12.18155, 0.00407, 0.04377, 1.4E-4, 0.0304, -999.0, -999.0, -999.0, -999.0, -999.0</values>
						</upper_bound>
					</main_interval>
					<sample_size>
						<values>1000.0, 1000.0, 1000.0, 1000.0, 1000.0, 1000.0, 1000.0, 1000.0, 1000.0, 1000.0, 1000.0, 1000.0, 1000.0, -999.0, -999.0, -999.0, -999.0, -999.0</values>
					</sample_size>
				</sampling_intervals>
			</data>
		</threshold>
		<threshold>
			<threshold_value>GT 20.93467 (Pr=0.999)</threshold_value>
			<data>
				<values>0.22512, 0.1436, 0.36872, 1.0, 0.73548, 0.02039, 0.05979, 0.7684, 6.85288, 7.8E-4, 0.00261, 2.0E-5, 0.02037, -999.0, -999.0, -999.0, -999.0, -999.0</values>
				<sampling_intervals>
					<main_interval>
						<bounds>0.05, 0.95</bounds>
						<lower_bound>
							<values>0.10569, 0.06528, 0.18158, 1.0, 0.61801, 0.00451, 0.02808, 0.64492, 2.3217, 5.4E-4, 3.7E-4, 1.0E-5, 0.00451, -999.0, -999.0, -999.0, -999.0, -999.0</values>
						</lower_bound>
						<upper_bound>
							<values>0.34624, 0.2664, 0.59959, 1.0, 0.87119, 0.04589, 0.08891, 0.88558, 19.89117, 0.00109, 0.01367, 5.0E-5, 0.04584, -999.0, -999.0, -999.0, -999.0, -999.0</values>
						</upper_bound>
					</main_interval>
					<sample_size>
						<values>1000.0, 1000.0, 1000.0, 1000.0, 1000.0, 1000.0, 1000.0, 1000.0, 1000.0, 1000.0, 1000.0, 1000.0, 1000.0, -999.0, -999.0, -999.0, -999.0, -999.0</values>
					</sample_size>
				</sampling_intervals>
			</data>
		</threshold>
		<threshold>
			<threshold_value>GT 23.83893 (Pr=0.99958)</threshold_value>
			<data>
				<values>0.38407, 0.24911, 0.63318, 1.0, 0.58077, 0.05667, 0.09183, 0.606, 22.37245, 2.7E-4, 0.0051, 3.0E-5, 0.05665, -999.0, -999.0, -999.0, -999.0, -999.0</values>
				<sampling_intervals>
					<main_interval>
						<bounds>0.05, 0.95</bounds>
						<lower_bound>
							<values>0.11505, 0.07518, 0.19994, 1.0, 0.42936, 0.0051, 0.03316, 0.4437, 0.0, 1.6E-4, 0.0, 0.0, 0.0051, -999.0, -999.0, -999.0, -999.0, -999.0</values>
						</lower_bound>
						<upper_bound>
							<values>0.5518, 0.49017, 0.95864, 1.0, 0.84386, 0.11755, 0.14284, 0.86681, 65.40209, 4.9E-4, 0.02982, 6.0E-5, 0.11751, -999.0, -999.0, -999.0, -999.0, -999.0</values>
						</upper_bound>
					</main_interval>
					<sample_size>
						<values>1000.0, 1000.0, 1000.0, 1000.0, 1000.0, 1000.0, 1000.0, 1000.0, 1000.0, 1000.0, 1000.0, 1000.0, 1000.0, -999.0, -999.0, -999.0, -999.0, -999.0</values>
					</sample_size>
				</sampling_intervals>
			</data>
		</threshold>
	</threshold_data>
</result></results>