<?xml version="1.0" standalone="yes"?><results>
<!--Result file containing the results for a single metric by lead period.
Some metrics, such as reliability diagrams, have results for specific thresholds 
(e.g. probability thresholds).  In that case, the results are stored by lead period 
and then by threshold value.  The actual data associated with a result always appears 
within a 'values' tag.  A metric result that comprises a single value will appear as a 
single value in this tag.  A metric result that comprises a 1D matrix will appear as a 
row of values separated by commas in the input order.  A metric result that comprises a 
2D matrix will appear as a sequence of rows, each with a 'values' tag, which are written 
in the input order.  For example, a diagram metric with an x and y axis will comprise 
two rows of data (i.e. two rows within two separate 'values' tags).  The default input 
order would be data for the x axis followed by data for the y axis.  Data that refer to 
cumulative probabilities are, by default, always defined in increasing size of probability.--><meta_data>
	<thresholds_type>true</thresholds_type>
	<original_file_id>03179000_CAL.Streamflow.ICK_INF_ONE_OBS_ONE_MEAN_1D_MEAN_INDEP.Brier_skill_score.xml</original_file_id>
</meta_data><result>
	<lead_hour>0.0</lead_hour>
	<threshold_data>
		<threshold>
			<threshold_value>GT 0.03 (Pr=0.0)</threshold_value>
			<data>
				<values>0.95859, 0.0194, 0.1097, 0.1317, 0.01675, 0.05451, 0.07917, 0.02426, 0.39494, 6.0E-5, 8.2E-4, 1.3E-4, 0.00268, 0.97777, 22.39387, 0.92608, 2.22532, -0.89982</values>
				<sampling_intervals>
					<main_interval>
						<bounds>0.05, 0.95</bounds>
						<lower_bound>
							<values>0.92199, 0.00539, 0.01308, 0.01817, 0.00331, 0.00512, 0.01219, 0.0053, 0.35927, 1.0E-5, 1.1E-4, 0.0, 1.9E-4, 0.94515, 8.6315, 0.87086, 1.65165, -0.98476</values>
						</lower_bound>
						<upper_bound>
							<values>0.9904, 0.04118, 0.23776, 0.27791, 0.03427, 0.11672, 0.16156, 0.04687, 0.44599, 1.9E-4, 0.00187, 6.3E-4, 0.00664, 0.99443, 162.26998, 0.98321, 4.51375, -0.79343</values>
						</upper_bound>
					</main_interval>
					<sample_size>
						<values>1000.0, 1000.0, 1000.0, 1000.0, 1000.0, 1000.0, 1000.0, 1000.0, 1000.0, 1000.0, 1000.0, 1000.0, 1000.0, 1000.0, 1000.0, 1000.0, 1000.0, 1000.0</values>
					</sample_size>
				</sampling_intervals>
			</data>
		</threshold>
		<threshold>
			<threshold_value>GT 0.05564 (Pr=0.025)</threshold_value>
			<data>
				<values>0.88762, 0.02934, 0.19438, 0.27743, 0.03345, 0.11963, 0.19856, 0.06351, 0.66281, 0.00232, 0.00438, 0.00147, 0.01654, 0.96102, 5.47207, 0.87859, 1.34643, -0.74395</values>
				<sampling_intervals>
					<main_interval>
						<bounds>0.05, 0.95</bounds>
						<lower_bound>
							<values>0.84529, 0.02253, 0.09041, 0.15069, 0.01525, 0.05472, 0.13245, 0.03852, 0.43702, 0.00113, 0.00189, 3.3E-4, 0.00635, 0.89894, 2.38142, 0.76192, 0.66494, -0.82579</values>
						</lower_bound>
						<upper_bound>
							<values>0.90962, 0.07657, 0.38287, 0.48483, 0.0708, 0.21476, 0.30265, 0.10679, 0.92817, 0.0042, 0.0105, 0.00431, 0.03547, 0.97021, 13.0659, 0.94053, 2.27188, -0.62613</values>
						</upper_bound>
					</main_interval>
					<sample_size>
						<values>1000.0, 1000.0, 1000.0, 1000.0, 1000.0, 1000.0, 1000.0, 1000.0, 1000.0, 1000.0, 1000.0, 1000.0, 1000.0, 1000.0, 1000.0, 1000.0, 1000.0, 1000.0</values>
					</sample_size>
				</sampling_intervals>
			</data>
		</threshold>
		<threshold>
			<threshold_value>GT 0.06821 (Pr=0.05)</threshold_value>
			<data>
				<values>0.80276, 0.04292, 0.59772, 0.75205, 0.05051, 0.41497, 0.56169, 0.15268, 0.39469, 0.00569, 0.00882, 0.01742, 0.07721, 0.91363, 1.40099, 0.85172, 1.37964, -0.32628</values>
				<sampling_intervals>
					<main_interval>
						<bounds>0.05, 0.95</bounds>
						<lower_bound>
							<values>0.73061, 0.04173, 0.50861, 0.63445, 0.03246, 0.27916, 0.38652, 0.06592, 0.29848, 0.00192, 0.00512, 0.01135, 0.05328, 0.75943, 0.98019, 0.58273, 0.44839, -0.5259</values>
						</lower_bound>
						<upper_bound>
							<values>0.84247, 0.0972, 0.86058, 1.0186, 0.15129, 0.54262, 0.68476, 0.18042, 0.89947, 0.00719, 0.03136, 0.03331, 0.11113, 0.91508, 2.40345, 0.90551, 2.07648, -0.19788</values>
						</upper_bound>
					</main_interval>
					<sample_size>
						<values>1000.0, 1000.0, 1000.0, 1000.0, 1000.0, 1000.0, 1000.0, 1000.0, 1000.0, 1000.0, 1000.0, 1000.0, 1000.0, 1000.0, 1000.0, 1000.0, 1000.0, 1000.0</values>
					</sample_size>
				</sampling_intervals>
			</data>
		</threshold>
		<threshold>
			<threshold_value>GT 0.08226 (Pr=0.075)</threshold_value>
			<data>
				<values>0.79058, 0.03299, 1.01596, 1.19239, 0.05802, 0.72455, 0.87594, 0.1124, 0.41645, 0.00437, 0.01218, 0.07007, 0.14955, 0.877, 1.20566, 0.85977, 1.7902, 0.03553</values>
				<sampling_intervals>
					<main_interval>
						<bounds>0.05, 0.95</bounds>
						<lower_bound>
							<values>0.75555, 0.03843, 0.78086, 0.92915, 0.02822, 0.58108, 0.72797, 0.09367, 0.22139, 0.00332, 0.00456, 0.03995, 0.11483, 0.72124, 0.91543, 0.80955, 1.39692, -0.10961</values>
						</lower_bound>
						<upper_bound>
							<values>0.81879, 0.0714, 1.17296, 1.33896, 0.07988, 0.86988, 1.04738, 0.2201, 0.50192, 0.01066, 0.01739, 0.09345, 0.18651, 0.88454, 1.77694, 0.92694, 2.53593, 0.19651</values>
						</upper_bound>
					</main_interval>
					<sample_size>
						<values>1000.0, 1000.0, 1000.0, 1000.0, 1000.0, 1000.0, 1000.0, 1000.0, 1000.0, 1000.0, 1000.0, 1000.0, 1000.0, 1000.0, 1000.0, 1000.0, 1000.0, 1000.0</values>
					</sample_size>
				</sampling_intervals>
			</data>
		</threshold>
		<threshold>
			<threshold_value>GT 0.09627 (Pr=0.1)</threshold_value>
			<data>
				<values>0.76181, 0.04615, 1.19669, 1.38873, 0.04367, 0.94348, 1.138, 0.20783, 0.28928, 0.01135, 0.00857, 0.12212, 0.2055, 0.78128, 0.99544, 0.90066, 2.05394, 0.30906</values>
				<sampling_intervals>
					<main_interval>
						<bounds>0.05, 0.95</bounds>
						<lower_bound>
							<values>0.73435, 0.04343, 1.03766, 1.2042, 0.03189, 0.78815, 0.96965, 0.13584, 0.21054, 0.0060, 0.00515, 0.0854, 0.17004, 0.60443, 0.78225, 0.84457, 1.62764, 0.15361</values>
						</lower_bound>
						<upper_bound>
							<values>0.78517, 0.07254, 1.40688, 1.59791, 0.07017, 1.09811, 1.29775, 0.26921, 0.42899, 0.01548, 0.01642, 0.17362, 0.24726, 0.81138, 1.28572, 0.92552, 2.51664, 0.45049</values>
						</upper_bound>
					</main_interval>
					<sample_size>
						<values>1000.0, 1000.0, 1000.0, 1000.0, 1000.0, 1000.0, 1000.0, 1000.0, 1000.0, 1000.0, 1000.0, 1000.0, 1000.0, 1000.0, 1000.0, 1000.0, 1000.0, 1000.0</values>
					</sample_size>
				</sampling_intervals>
			</data>
		</threshold>
		<threshold>
			<threshold_value>GT 0.11009 (Pr=0.125)</threshold_value>
			<data>
				<values>0.73365, 0.03539, 1.43636, 1.66731, 0.06165, 1.08881, 1.2935, 0.18557, 0.35818, 0.0087, 0.01503, 0.22353, 0.25413, 0.72859, 0.80058, 0.87423, 1.96439, 0.47472</values>
				<sampling_intervals>
					<main_interval>
						<bounds>0.05, 0.95</bounds>
						<lower_bound>
							<values>0.71444, 0.03948, 1.22948, 1.42807, 0.03252, 0.96481, 1.17049, 0.1783, 0.18777, 0.00842, 0.00551, 0.14495, 0.21572, 0.51387, 0.6943, 0.86692, 1.78889, 0.37056</values>
						</lower_bound>
						<upper_bound>
							<values>0.76796, 0.06836, 1.57613, 1.78221, 0.06422, 1.27296, 1.49095, 0.31849, 0.36755, 0.01928, 0.0155, 0.27286, 0.3002, 0.764, 1.03564, 0.92972, 2.53487, 0.6426</values>
						</upper_bound>
					</main_interval>
					<sample_size>
						<values>1000.0, 1000.0, 1000.0, 1000.0, 1000.0, 1000.0, 1000.0, 1000.0, 1000.0, 1000.0, 1000.0, 1000.0, 1000.0, 1000.0, 1000.0, 1000.0, 1000.0, 1000.0</values>
					</sample_size>
				</sampling_intervals>
			</data>
		</threshold>
		<threshold>
			<threshold_value>GT 0.12212 (Pr=0.15)</threshold_value>
			<data>
				<values>0.71255, 0.04875, 1.56471, 1.8034, 0.06134, 1.2003, 1.4264, 0.23478, 0.33464, 0.0123, 0.01511, 0.31699, 0.28403, 0.50541, 0.73476, 0.88167, 2.03927, 0.62729</values>
				<sampling_intervals>
					<main_interval>
						<bounds>0.05, 0.95</bounds>
						<lower_bound>
							<values>0.69887, 0.03846, 1.37195, 1.59597, 0.03501, 1.09145, 1.30877, 0.21098, 0.19259, 0.0105, 0.00628, 0.2213, 0.2509, 0.26526, 0.62896, 0.86859, 1.84884, 0.52887</values>
						</lower_bound>
						<upper_bound>
							<values>0.75268, 0.06876, 1.72341, 1.9427, 0.06833, 1.39006, 1.62083, 0.35374, 0.3638, 0.02333, 0.01733, 0.40721, 0.33638, 0.69105, 0.91303, 0.92871, 2.52184, 0.78295</values>
						</upper_bound>
					</main_interval>
					<sample_size>
						<values>1000.0, 1000.0, 1000.0, 1000.0, 1000.0, 1000.0, 1000.0, 1000.0, 1000.0, 1000.0, 1000.0, 1000.0, 1000.0, 1000.0, 1000.0, 1000.0, 1000.0, 1000.0</values>
					</sample_size>
				</sampling_intervals>
			</data>
		</threshold>
		<threshold>
			<threshold_value>GT 0.13653 (Pr=0.175)</threshold_value>
			<data>
				<values>0.7271, 0.0345, 1.68058, 1.91898, 0.04471, 1.38182, 1.61002, 0.35194, 0.21274, 0.02309, 0.00948, 0.4389, 0.33412, 0.60778, 0.66898, 0.91712, 2.24582, 0.81647</values>
				<sampling_intervals>
					<main_interval>
						<bounds>0.05, 0.95</bounds>
						<lower_bound>
							<values>0.68891, 0.03555, 1.5219, 1.7533, 0.03779, 1.21234, 1.43942, 0.2593, 0.18046, 0.01456, 0.00696, 0.33018, 0.28884, 0.27462, 0.56252, 0.88411, 1.91073, 0.66914</values>
						</lower_bound>
						<upper_bound>
							<values>0.74366, 0.05959, 1.83556, 2.06767, 0.06299, 1.52051, 1.75944, 0.4134, 0.30941, 0.02853, 0.01624, 0.55666, 0.37434, 0.63245, 0.79726, 0.92961, 2.52732, 0.91887</values>
						</upper_bound>
					</main_interval>
					<sample_size>
						<values>1000.0, 1000.0, 1000.0, 1000.0, 1000.0, 1000.0, 1000.0, 1000.0, 1000.0, 1000.0, 1000.0, 1000.0, 1000.0, 1000.0, 1000.0, 1000.0, 1000.0, 1000.0</values>
					</sample_size>
				</sampling_intervals>
			</data>
		</threshold>
		<threshold>
			<threshold_value>GT 0.1539 (Pr=0.2)</threshold_value>
			<data>
				<values>0.69952, 0.02563, 1.74106, 2.01591, 0.0487, 1.43918, 1.69095, 0.39881, 0.23984, 0.02584, 0.01146, 0.59061, 0.36428, 0.67485, 0.5904, 0.91292, 2.18708, 0.89516</values>
				<sampling_intervals>
					<main_interval>
						<bounds>0.05, 0.95</bounds>
						<lower_bound>
							<values>0.67589, 0.03237, 1.62108, 1.87192, 0.03823, 1.31002, 1.55501, 0.32217, 0.17562, 0.01949, 0.00737, 0.46456, 0.32215, 0.29962, 0.52774, 0.89597, 1.94818, 0.79159</values>
						</lower_bound>
						<upper_bound>
							<values>0.73758, 0.05076, 1.89442, 2.14475, 0.05882, 1.58674, 1.8333, 0.48778, 0.27908, 0.03497, 0.01495, 0.72065, 0.40609, 0.62348, 0.71133, 0.93076, 2.48431, 0.99205</values>
						</upper_bound>
					</main_interval>
					<sample_size>
						<values>1000.0, 1000.0, 1000.0, 1000.0, 1000.0, 1000.0, 1000.0, 1000.0, 1000.0, 1000.0, 1000.0, 1000.0, 1000.0, 1000.0, 1000.0, 1000.0, 1000.0, 1000.0</values>
					</sample_size>
				</sampling_intervals>
			</data>
		</threshold>
		<threshold>
			<threshold_value>GT 0.16975 (Pr=0.225)</threshold_value>
			<data>
				<values>0.69731, 0.02988, 1.78208, 2.0549, 0.0429, 1.51575, 1.77555, 0.52356, 0.17911, 0.03833, 0.00831, 0.6982, 0.39067, 0.58743, 0.58082, 0.92429, 2.26347, 0.97753</values>
				<sampling_intervals>
					<main_interval>
						<bounds>0.05, 0.95</bounds>
						<lower_bound>
							<values>0.67281, 0.03043, 1.67819, 1.94425, 0.03958, 1.34857, 1.60565, 0.37766, 0.1752, 0.02357, 0.00803, 0.59034, 0.34511, 0.29201, 0.50375, 0.89679, 1.9353, 0.85408</values>
						</lower_bound>
						<upper_bound>
							<values>0.72253, 0.04797, 1.94684, 2.20691, 0.05941, 1.63359, 1.89399, 0.54276, 0.26991, 0.03979, 0.01591, 0.90155, 0.42934, 0.6084, 0.66312, 0.92951, 2.45855, 1.03576</values>
						</upper_bound>
					</main_interval>
					<sample_size>
						<values>1000.0, 1000.0, 1000.0, 1000.0, 1000.0, 1000.0, 1000.0, 1000.0, 1000.0, 1000.0, 1000.0, 1000.0, 1000.0, 1000.0, 1000.0, 1000.0, 1000.0, 1000.0</values>
					</sample_size>
				</sampling_intervals>
			</data>
		</threshold>
		<threshold>
			<threshold_value>GT 0.1885 (Pr=0.25)</threshold_value>
			<data>
				<values>0.70259, 0.0263, 1.8348, 2.10591, 0.04331, 1.55177, 1.80587, 0.55537, 0.17797, 0.04013, 0.0093, 0.89145, 0.41277, 0.6313, 0.55855, 0.92545, 2.22487, 1.00597</values>
				<sampling_intervals>
					<main_interval>
						<bounds>0.05, 0.95</bounds>
						<lower_bound>
							<values>0.67391, 0.02986, 1.71947, 1.9931, 0.03941, 1.39639, 1.65394, 0.4331, 0.16835, 0.02765, 0.0083, 0.73476, 0.37096, 0.30353, 0.47801, 0.90536, 1.93104, 0.90197</values>
						</lower_bound>
						<upper_bound>
							<values>0.72248, 0.04743, 1.99736, 2.25897, 0.0559, 1.68817, 1.94865, 0.60389, 0.24562, 0.04507, 0.01519, 1.0941, 0.454, 0.63056, 0.63486, 0.93171, 2.41238, 1.07188</values>
						</upper_bound>
					</main_interval>
					<sample_size>
						<values>1000.0, 1000.0, 1000.0, 1000.0, 1000.0, 1000.0, 1000.0, 1000.0, 1000.0, 1000.0, 1000.0, 1000.0, 1000.0, 1000.0, 1000.0, 1000.0, 1000.0, 1000.0</values>
					</sample_size>
				</sampling_intervals>
			</data>
		</threshold>
		<threshold>
			<threshold_value>GT 0.20898 (Pr=0.275)</threshold_value>
			<data>
				<values>0.69995, 0.02315, 1.8847, 2.1616, 0.04269, 1.60338, 1.86074, 0.61874, 0.17098, 0.0452, 0.00929, 1.08314, 0.43866, 0.70613, 0.51947, 0.92805, 2.17874, 1.04237</values>
				<sampling_intervals>
					<main_interval>
						<bounds>0.05, 0.95</bounds>
						<lower_bound>
							<values>0.6734, 0.02862, 1.7717, 2.0366, 0.03913, 1.44878, 1.70479, 0.4838, 0.16159, 0.0321, 0.00853, 0.90453, 0.39568, 0.37835, 0.45146, 0.91063, 1.91532, 0.93699</values>
						</lower_bound>
						<upper_bound>
							<values>0.72184, 0.04774, 2.03958, 2.30755, 0.05358, 1.72769, 1.98586, 0.67135, 0.23021, 0.05044, 0.01468, 1.30365, 0.47513, 0.67615, 0.6, 0.93369, 2.35113, 1.09248</values>
						</upper_bound>
					</main_interval>
					<sample_size>
						<values>1000.0, 1000.0, 1000.0, 1000.0, 1000.0, 1000.0, 1000.0, 1000.0, 1000.0, 1000.0, 1000.0, 1000.0, 1000.0, 1000.0, 1000.0, 1000.0, 1000.0, 1000.0</values>
					</sample_size>
				</sampling_intervals>
			</data>
		</threshold>
		<threshold>
			<threshold_value>GT 0.22863 (Pr=0.3)</threshold_value>
			<data>
				<values>0.70243, 0.03452, 1.93032, 2.19337, 0.04252, 1.63133, 1.88638, 0.66119, 0.16639, 0.0497, 0.00943, 1.26397, 0.45598, 0.62228, 0.50247, 0.929, 2.11712, 1.04036</values>
				<sampling_intervals>
					<main_interval>
						<bounds>0.05, 0.95</bounds>
						<lower_bound>
							<values>0.67353, 0.0287, 1.8081, 2.07927, 0.03904, 1.48744, 1.7449, 0.53389, 0.15807, 0.03606, 0.00871, 1.06193, 0.41256, 0.44027, 0.43992, 0.91238, 1.86553, 0.94426</values>
						</lower_bound>
						<upper_bound>
							<values>0.72021, 0.049, 2.0589, 2.32094, 0.05301, 1.7428, 2.00038, 0.74312, 0.2215, 0.05567, 0.01486, 1.519, 0.49062, 0.70272, 0.56258, 0.93418, 2.28584, 1.09853</values>
						</upper_bound>
					</main_interval>
					<sample_size>
						<values>1000.0, 1000.0, 1000.0, 1000.0, 1000.0, 1000.0, 1000.0, 1000.0, 1000.0, 1000.0, 1000.0, 1000.0, 1000.0, 1000.0, 1000.0, 1000.0, 1000.0, 1000.0</values>
					</sample_size>
				</sampling_intervals>
			</data>
		</threshold>
		<threshold>
			<threshold_value>GT 0.24963 (Pr=0.325)</threshold_value>
			<data>
				<values>0.70274, 0.02433, 1.9248, 2.19773, 0.04252, 1.63356, 1.8883, 0.74919, 0.15664, 0.0545, 0.00978, 1.48739, 0.46283, 0.75629, 0.48338, 0.92979, 2.06949, 1.03781</values>
				<sampling_intervals>
					<main_interval>
						<bounds>0.05, 0.95</bounds>
						<lower_bound>
							<values>0.67052, 0.02629, 1.81624, 2.08873, 0.03874, 1.49934, 1.76023, 0.59133, 0.15273, 0.04004, 0.00897, 1.23835, 0.42444, 0.50531, 0.42308, 0.91462, 1.80898, 0.93339</values>
						</lower_bound>
						<upper_bound>
							<values>0.71989, 0.04635, 2.08254, 2.34455, 0.05154, 1.76979, 2.0359, 0.82428, 0.20743, 0.06224, 0.01454, 1.72315, 0.5064, 0.75304, 0.54043, 0.93536, 2.22446, 1.08975</values>
						</upper_bound>
					</main_interval>
					<sample_size>
						<values>1000.0, 1000.0, 1000.0, 1000.0, 1000.0, 1000.0, 1000.0, 1000.0, 1000.0, 1000.0, 1000.0, 1000.0, 1000.0, 1000.0, 1000.0, 1000.0, 1000.0, 1000.0</values>
					</sample_size>
				</sampling_intervals>
			</data>
		</threshold>
		<threshold>
			<threshold_value>GT 0.2811 (Pr=0.35)</threshold_value>
			<data>
				<values>0.69484, 0.03009, 1.97599, 2.25105, 0.0433, 1.67192, 1.93378, 0.76189, 0.17083, 0.05358, 0.0111, 1.67074, 0.49138, 0.733, 0.44893, 0.92741, 1.89416, 0.97083</values>
				<sampling_intervals>
					<main_interval>
						<bounds>0.05, 0.95</bounds>
						<lower_bound>
							<values>0.67222, 0.02576, 1.83037, 2.09913, 0.03762, 1.52233, 1.77699, 0.66858, 0.14358, 0.0451, 0.00856, 1.40859, 0.44155, 0.55431, 0.40408, 0.91723, 1.72953, 0.90814</values>
						</lower_bound>
						<upper_bound>
							<values>0.72026, 0.0468, 2.12205, 2.38193, 0.0498, 1.81143, 2.06989, 0.87242, 0.19393, 0.06606, 0.01372, 1.9331, 0.53021, 0.78268, 0.52264, 0.93646, 2.14302, 1.06163</values>
						</upper_bound>
					</main_interval>
					<sample_size>
						<values>1000.0, 1000.0, 1000.0, 1000.0, 1000.0, 1000.0, 1000.0, 1000.0, 1000.0, 1000.0, 1000.0, 1000.0, 1000.0, 1000.0, 1000.0, 1000.0, 1000.0, 1000.0</values>
					</sample_size>
				</sampling_intervals>
			</data>
		</threshold>
		<threshold>
			<threshold_value>GT 0.30835 (Pr=0.375)</threshold_value>
			<data>
				<values>0.70075, 0.02688, 2.00473, 2.27711, 0.04149, 1.70828, 1.96605, 0.8466, 0.15213, 0.06128, 0.00978, 1.8763, 0.50432, 0.7912, 0.42602, 0.93052, 1.84098, 0.9578</values>
				<sampling_intervals>
					<main_interval>
						<bounds>0.05, 0.95</bounds>
						<lower_bound>
							<values>0.67545, 0.02812, 1.86396, 2.13087, 0.03681, 1.55751, 1.81511, 0.7162, 0.14007, 0.04832, 0.00858, 1.5763, 0.45939, 0.60012, 0.38887, 0.91826, 1.65249, 0.8729</values>
						</lower_bound>
						<upper_bound>
							<values>0.72432, 0.04739, 2.16212, 2.42317, 0.04881, 1.84456, 2.09833, 0.8989, 0.18315, 0.06851, 0.01277, 2.09411, 0.55006, 0.78388, 0.49441, 0.93822, 2.05305, 1.02745</values>
						</upper_bound>
					</main_interval>
					<sample_size>
						<values>1000.0, 1000.0, 1000.0, 1000.0, 1000.0, 1000.0, 1000.0, 1000.0, 1000.0, 1000.0, 1000.0, 1000.0, 1000.0, 1000.0, 1000.0, 1000.0, 1000.0, 1000.0</values>
					</sample_size>
				</sampling_intervals>
			</data>
		</threshold>
		<threshold>
			<threshold_value>GT 0.34487 (Pr=0.4)</threshold_value>
			<data>
				<values>0.71036, 0.02613, 2.02989, 2.2934, 0.04069, 1.72622, 1.97517, 0.80077, 0.15442, 0.05917, 0.01012, 1.97365, 0.52215, 0.80699, 0.4207, 0.93092, 1.75725, 0.90472</values>
				<sampling_intervals>
					<main_interval>
						<bounds>0.05, 0.95</bounds>
						<lower_bound>
							<values>0.67451, 0.02935, 1.89544, 2.15915, 0.03661, 1.58612, 1.84154, 0.73967, 0.13863, 0.05183, 0.00874, 1.72367, 0.47656, 0.64383, 0.37366, 0.91653, 1.57309, 0.83449</values>
						</lower_bound>
						<upper_bound>
							<values>0.72588, 0.04557, 2.17494, 2.43334, 0.04909, 1.84842, 2.10851, 0.90743, 0.18204, 0.07231, 0.01287, 2.21464, 0.56296, 0.79439, 0.47123, 0.93761, 1.9411, 0.98252</values>
						</upper_bound>
					</main_interval>
					<sample_size>
						<values>1000.0, 1000.0, 1000.0, 1000.0, 1000.0, 1000.0, 1000.0, 1000.0, 1000.0, 1000.0, 1000.0, 1000.0, 1000.0, 1000.0, 1000.0, 1000.0, 1000.0, 1000.0</values>
					</sample_size>
				</sampling_intervals>
			</data>
		</threshold>
		<threshold>
			<threshold_value>GT 0.38315 (Pr=0.425)</threshold_value>
			<data>
				<values>0.69526, 0.02465, 2.03078, 2.31087, 0.0439, 1.71995, 1.98079, 0.85456, 0.16588, 0.06441, 0.01134, 2.08227, 0.52588, 0.83187, 0.39337, 0.92485, 1.63946, 0.85571</values>
				<sampling_intervals>
					<main_interval>
						<bounds>0.05, 0.95</bounds>
						<lower_bound>
							<values>0.67232, 0.02879, 1.91999, 2.1809, 0.03766, 1.60132, 1.85826, 0.76869, 0.13846, 0.05586, 0.00888, 1.83171, 0.486, 0.67822, 0.36128, 0.91483, 1.50256, 0.79831</values>
						</lower_bound>
						<upper_bound>
							<values>0.72423, 0.04388, 2.18273, 2.44773, 0.04962, 1.85517, 2.11512, 0.94812, 0.18139, 0.07728, 0.01275, 2.33657, 0.56833, 0.81133, 0.45614, 0.93597, 1.83405, 0.93538</values>
						</upper_bound>
					</main_interval>
					<sample_size>
						<values>1000.0, 1000.0, 1000.0, 1000.0, 1000.0, 1000.0, 1000.0, 1000.0, 1000.0, 1000.0, 1000.0, 1000.0, 1000.0, 1000.0, 1000.0, 1000.0, 1000.0, 1000.0</values>
					</sample_size>
				</sampling_intervals>
			</data>
		</threshold>
		<threshold>
			<threshold_value>GT 0.42073 (Pr=0.45)</threshold_value>
			<data>
				<values>0.69894, 0.02242, 2.04112, 2.31975, 0.04351, 1.72918, 1.98672, 0.86459, 0.16794, 0.06511, 0.01162, 2.23933, 0.52895, 0.86008, 0.37916, 0.92492, 1.55834, 0.81212</values>
				<sampling_intervals>
					<main_interval>
						<bounds>0.05, 0.95</bounds>
						<lower_bound>
							<values>0.67127, 0.02755, 1.91285, 2.18499, 0.03859, 1.59333, 1.85182, 0.79265, 0.1404, 0.05975, 0.0090, 1.90894, 0.48756, 0.70488, 0.35307, 0.91285, 1.45326, 0.76627</values>
						</lower_bound>
						<upper_bound>
							<values>0.72062, 0.04283, 2.17948, 2.44608, 0.05056, 1.85408, 2.11554, 0.97594, 0.1822, 0.0804, 0.01294, 2.42855, 0.57142, 0.8306, 0.43677, 0.9336, 1.72619, 0.88637</values>
						</upper_bound>
					</main_interval>
					<sample_size>
						<values>1000.0, 1000.0, 1000.0, 1000.0, 1000.0, 1000.0, 1000.0, 1000.0, 1000.0, 1000.0, 1000.0, 1000.0, 1000.0, 1000.0, 1000.0, 1000.0, 1000.0, 1000.0</values>
					</sample_size>
				</sampling_intervals>
			</data>
		</threshold>
		<threshold>
			<threshold_value>GT 0.46451 (Pr=0.475)</threshold_value>
			<data>
				<values>0.69605, 0.02561, 2.04418, 2.32252, 0.04454, 1.72784, 1.98724, 0.89744, 0.16163, 0.07204, 0.01062, 2.22637, 0.53387, 0.84155, 0.37734, 0.92237, 1.51401, 0.78463</values>
				<sampling_intervals>
					<main_interval>
						<bounds>0.05, 0.95</bounds>
						<lower_bound>
							<values>0.66961, 0.02771, 1.90231, 2.17197, 0.0394, 1.57829, 1.83634, 0.79279, 0.14418, 0.06048, 0.0092, 1.91755, 0.4849, 0.70322, 0.35468, 0.91022, 1.41886, 0.73534</values>
						</lower_bound>
						<upper_bound>
							<values>0.71844, 0.0444, 2.1648, 2.42756, 0.05131, 1.83712, 2.09314, 0.99227, 0.18548, 0.08208, 0.01324, 2.45189, 0.5722, 0.83441, 0.43117, 0.93145, 1.65982, 0.84664</values>
						</upper_bound>
					</main_interval>
					<sample_size>
						<values>1000.0, 1000.0, 1000.0, 1000.0, 1000.0, 1000.0, 1000.0, 1000.0, 1000.0, 1000.0, 1000.0, 1000.0, 1000.0, 1000.0, 1000.0, 1000.0, 1000.0, 1000.0</values>
					</sample_size>
				</sampling_intervals>
			</data>
		</threshold>
		<threshold>
			<threshold_value>GT 0.5095 (Pr=0.5)</threshold_value>
			<data>
				<values>0.70356, 0.0259, 1.99814, 2.26867, 0.04445, 1.68173, 1.93371, 0.87926, 0.15705, 0.07101, 0.0106, 2.17833, 0.52095, 0.84297, 0.39378, 0.92175, 1.50838, 0.75407</values>
				<sampling_intervals>
					<main_interval>
						<bounds>0.05, 0.95</bounds>
						<lower_bound>
							<values>0.6649, 0.02721, 1.87823, 2.14767, 0.04037, 1.55488, 1.81088, 0.77729, 0.14779, 0.06041, 0.00952, 1.8413, 0.47704, 0.69819, 0.35927, 0.90599, 1.39001, 0.7023</values>
						</lower_bound>
						<upper_bound>
							<values>0.71655, 0.04499, 2.13439, 2.40783, 0.05284, 1.80207, 2.0666, 0.98075, 0.19163, 0.08085, 0.0137, 2.39775, 0.57234, 0.83649, 0.43693, 0.92882, 1.61611, 0.81056</values>
						</upper_bound>
					</main_interval>
					<sample_size>
						<values>1000.0, 1000.0, 1000.0, 1000.0, 1000.0, 1000.0, 1000.0, 1000.0, 1000.0, 1000.0, 1000.0, 1000.0, 1000.0, 1000.0, 1000.0, 1000.0, 1000.0, 1000.0</values>
					</sample_size>
				</sampling_intervals>
			</data>
		</threshold>
		<threshold>
			<threshold_value>GT 0.56395 (Pr=0.525)</threshold_value>
			<data>
				<values>0.68396, 0.0247, 1.96302, 2.25436, 0.04761, 1.64852, 1.91695, 0.84212, 0.18069, 0.0667, 0.01247, 2.00934, 0.51698, 0.84005, 0.3934, 0.91458, 1.4475, 0.71738</values>
				<sampling_intervals>
					<main_interval>
						<bounds>0.05, 0.95</bounds>
						<lower_bound>
							<values>0.66216, 0.02687, 1.84468, 2.11642, 0.0419, 1.51869, 1.78078, 0.75898, 0.15235, 0.0589, 0.00991, 1.76028, 0.46773, 0.70996, 0.36422, 0.90391, 1.35562, 0.6754</values>
						</lower_bound>
						<upper_bound>
							<values>0.71296, 0.04347, 2.09634, 2.3738, 0.05405, 1.76751, 2.03634, 0.95416, 0.19654, 0.07788, 0.01478, 2.2902, 0.56615, 0.83791, 0.44889, 0.92559, 1.59442, 0.78205</values>
						</upper_bound>
					</main_interval>
					<sample_size>
						<values>1000.0, 1000.0, 1000.0, 1000.0, 1000.0, 1000.0, 1000.0, 1000.0, 1000.0, 1000.0, 1000.0, 1000.0, 1000.0, 1000.0, 1000.0, 1000.0, 1000.0, 1000.0</values>
					</sample_size>
				</sampling_intervals>
			</data>
		</threshold>
		<threshold>
			<threshold_value>GT 0.61454 (Pr=0.55)</threshold_value>
			<data>
				<values>0.68775, 0.02466, 1.91607, 2.20366, 0.0481, 1.60157, 1.86572, 0.82869, 0.17742, 0.06367, 0.0131, 1.91665, 0.5004, 0.84323, 0.40787, 0.91351, 1.45608, 0.70238</values>
				<sampling_intervals>
					<main_interval>
						<bounds>0.05, 0.95</bounds>
						<lower_bound>
							<values>0.66625, 0.02636, 1.79844, 2.07234, 0.04305, 1.48202, 1.7405, 0.74084, 0.15818, 0.05603, 0.01079, 1.69191, 0.45336, 0.70596, 0.37487, 0.90362, 1.34312, 0.65105</values>
						</lower_bound>
						<upper_bound>
							<values>0.71034, 0.04335, 2.06123, 2.33462, 0.05397, 1.72112, 1.99175, 0.92996, 0.1942, 0.07481, 0.01478, 2.15814, 0.55287, 0.83728, 0.46415, 0.92236, 1.58643, 0.75975</values>
						</upper_bound>
					</main_interval>
					<sample_size>
						<values>1000.0, 1000.0, 1000.0, 1000.0, 1000.0, 1000.0, 1000.0, 1000.0, 1000.0, 1000.0, 1000.0, 1000.0, 1000.0, 1000.0, 1000.0, 1000.0, 1000.0, 1000.0</values>
					</sample_size>
				</sampling_intervals>
			</data>
		</threshold>
		<threshold>
			<threshold_value>GT 0.67946 (Pr=0.575)</threshold_value>
			<data>
				<values>0.69528, 0.02793, 1.9107, 2.18748, 0.04835, 1.58737, 1.84374, 0.821, 0.16571, 0.06378, 0.01215, 1.83207, 0.49327, 0.82333, 0.41998, 0.91257, 1.44599, 0.68227</values>
				<sampling_intervals>
					<main_interval>
						<bounds>0.05, 0.95</bounds>
						<lower_bound>
							<values>0.66753, 0.02635, 1.77903, 2.04284, 0.04359, 1.46013, 1.71156, 0.72773, 0.15736, 0.0548, 0.01122, 1.6153, 0.44171, 0.69758, 0.3805, 0.90109, 1.33614, 0.63128</values>
						</lower_bound>
						<upper_bound>
							<values>0.7132, 0.04398, 2.0382, 2.32334, 0.05475, 1.69695, 1.96264, 0.89806, 0.19013, 0.07039, 0.01474, 2.04005, 0.54343, 0.84231, 0.47613, 0.92068, 1.57045, 0.73868</values>
						</upper_bound>
					</main_interval>
					<sample_size>
						<values>1000.0, 1000.0, 1000.0, 1000.0, 1000.0, 1000.0, 1000.0, 1000.0, 1000.0, 1000.0, 1000.0, 1000.0, 1000.0, 1000.0, 1000.0, 1000.0, 1000.0, 1000.0</values>
					</sample_size>
				</sampling_intervals>
			</data>
		</threshold>
		<threshold>
			<threshold_value>GT 0.74472 (Pr=0.6)</threshold_value>
			<data>
				<values>0.6912, 0.02115, 1.89239, 2.18004, 0.04998, 1.57083, 1.82965, 0.80158, 0.17257, 0.06083, 0.01312, 1.74271, 0.48178, 0.87246, 0.40605, 0.90913, 1.40644, 0.65924</values>
				<sampling_intervals>
					<main_interval>
						<bounds>0.05, 0.95</bounds>
						<lower_bound>
							<values>0.66643, 0.02644, 1.7697, 2.03821, 0.04439, 1.44837, 1.69555, 0.73501, 0.15669, 0.05438, 0.01125, 1.51554, 0.43287, 0.70852, 0.38077, 0.89557, 1.30755, 0.6093</values>
						</lower_bound>
						<upper_bound>
							<values>0.71172, 0.04514, 2.01464, 2.29198, 0.05726, 1.67231, 1.93512, 0.8805, 0.18927, 0.06941, 0.01469, 1.9141, 0.53028, 0.83903, 0.47148, 0.91907, 1.52839, 0.71122</values>
						</upper_bound>
					</main_interval>
					<sample_size>
						<values>1000.0, 1000.0, 1000.0, 1000.0, 1000.0, 1000.0, 1000.0, 1000.0, 1000.0, 1000.0, 1000.0, 1000.0, 1000.0, 1000.0, 1000.0, 1000.0, 1000.0, 1000.0</values>
					</sample_size>
				</sampling_intervals>
			</data>
		</threshold>
		<threshold>
			<threshold_value>GT 0.82101 (Pr=0.625)</threshold_value>
			<data>
				<values>0.68074, 0.02429, 1.85444, 2.14941, 0.05311, 1.52796, 1.79411, 0.79442, 0.18041, 0.0604, 0.01349, 1.58422, 0.46291, 0.8428, 0.42223, 0.90188, 1.36492, 0.62382</values>
				<sampling_intervals>
					<main_interval>
						<bounds>0.05, 0.95</bounds>
						<lower_bound>
							<values>0.6605, 0.02588, 1.74727, 2.02373, 0.04712, 1.41779, 1.6728, 0.71811, 0.15695, 0.05477, 0.01144, 1.38703, 0.4178, 0.71806, 0.38855, 0.88856, 1.27111, 0.57783</values>
						</lower_bound>
						<upper_bound>
							<values>0.70543, 0.04359, 1.98121, 2.26313, 0.06026, 1.62874, 1.89582, 0.88079, 0.1981, 0.0686, 0.01527, 1.80002, 0.51098, 0.84078, 0.47483, 0.91369, 1.48848, 0.67898</values>
						</upper_bound>
					</main_interval>
					<sample_size>
						<values>1000.0, 1000.0, 1000.0, 1000.0, 1000.0, 1000.0, 1000.0, 1000.0, 1000.0, 1000.0, 1000.0, 1000.0, 1000.0, 1000.0, 1000.0, 1000.0, 1000.0, 1000.0</values>
					</sample_size>
				</sampling_intervals>
			</data>
		</threshold>
		<threshold>
			<threshold_value>GT 0.90151 (Pr=0.65)</threshold_value>
			<data>
				<values>0.67603, 0.02435, 1.81537, 2.11499, 0.05589, 1.48415, 1.75222, 0.75599, 0.19023, 0.05816, 0.01418, 1.42943, 0.44252, 0.84064, 0.43194, 0.89588, 1.34615, 0.59907</values>
				<sampling_intervals>
					<main_interval>
						<bounds>0.05, 0.95</bounds>
						<lower_bound>
							<values>0.6463, 0.02411, 1.71908, 2.00418, 0.05, 1.38218, 1.64309, 0.70011, 0.16195, 0.05406, 0.01155, 1.23782, 0.40018, 0.72791, 0.38983, 0.87632, 1.23867, 0.54938</values>
						</lower_bound>
						<upper_bound>
							<values>0.69933, 0.04104, 1.93533, 2.23429, 0.06618, 1.57951, 1.85242, 0.86348, 0.20987, 0.06761, 0.01651, 1.63093, 0.49167, 0.84418, 0.47951, 0.90673, 1.45791, 0.64863</values>
						</upper_bound>
					</main_interval>
					<sample_size>
						<values>1000.0, 1000.0, 1000.0, 1000.0, 1000.0, 1000.0, 1000.0, 1000.0, 1000.0, 1000.0, 1000.0, 1000.0, 1000.0, 1000.0, 1000.0, 1000.0, 1000.0, 1000.0</values>
					</sample_size>
				</sampling_intervals>
			</data>
		</threshold>
		<threshold>
			<threshold_value>GT 0.99093 (Pr=0.675)</threshold_value>
			<data>
				<values>0.65803, 0.01936, 1.79534, 2.11795, 0.06274, 1.45273, 1.73196, 0.76073, 0.20135, 0.0593, 0.01525, 1.26843, 0.42595, 0.87389, 0.41204, 0.8814, 1.27883, 0.56253</values>
				<sampling_intervals>
					<main_interval>
						<bounds>0.05, 0.95</bounds>
						<lower_bound>
							<values>0.63113, 0.02305, 1.68875, 1.99028, 0.05374, 1.34102, 1.61431, 0.69702, 0.17259, 0.05335, 0.0123, 1.09179, 0.38037, 0.72877, 0.38481, 0.86361, 1.18923, 0.51648</values>
						</lower_bound>
						<upper_bound>
							<values>0.68953, 0.03907, 1.89253, 2.21048, 0.0721, 1.52782, 1.80938, 0.83809, 0.22189, 0.06694, 0.01789, 1.44645, 0.46504, 0.85509, 0.47702, 0.89909, 1.39723, 0.61044</values>
						</upper_bound>
					</main_interval>
					<sample_size>
						<values>1000.0, 1000.0, 1000.0, 1000.0, 1000.0, 1000.0, 1000.0, 1000.0, 1000.0, 1000.0, 1000.0, 1000.0, 1000.0, 1000.0, 1000.0, 1000.0, 1000.0, 1000.0</values>
					</sample_size>
				</sampling_intervals>
			</data>
		</threshold>
		<threshold>
			<threshold_value>GT 1.07694 (Pr=0.7)</threshold_value>
			<data>
				<values>0.65299, 0.0168, 1.73383, 2.06403, 0.06768, 1.3855, 1.66483, 0.74162, 0.20387, 0.0581, 0.01574, 1.09834, 0.39839, 0.88485, 0.43299, 0.87052, 1.25903, 0.52649</values>
				<sampling_intervals>
					<main_interval>
						<bounds>0.05, 0.95</bounds>
						<lower_bound>
							<values>0.62729, 0.02334, 1.64426, 1.96642, 0.05996, 1.29089, 1.56984, 0.68147, 0.18642, 0.05187, 0.0136, 0.94389, 0.35818, 0.72424, 0.3948, 0.85122, 1.15772, 0.47914</values>
						</lower_bound>
						<upper_bound>
							<values>0.67294, 0.03831, 1.84162, 2.16747, 0.07771, 1.468, 1.75571, 0.82523, 0.22568, 0.06567, 0.01868, 1.26836, 0.4365, 0.8537, 0.48104, 0.88567, 1.34779, 0.5747</values>
						</upper_bound>
					</main_interval>
					<sample_size>
						<values>1000.0, 1000.0, 1000.0, 1000.0, 1000.0, 1000.0, 1000.0, 1000.0, 1000.0, 1000.0, 1000.0, 1000.0, 1000.0, 1000.0, 1000.0, 1000.0, 1000.0, 1000.0</values>
					</sample_size>
				</sampling_intervals>
			</data>
		</threshold>
		<threshold>
			<threshold_value>GT 1.17592 (Pr=0.725)</threshold_value>
			<data>
				<values>0.64588, 0.02069, 1.68301, 2.01645, 0.07383, 1.31954, 1.59983, 0.72904, 0.20955, 0.05654, 0.01688, 0.94747, 0.36534, 0.85824, 0.44791, 0.8573, 1.22367, 0.48682</values>
				<sampling_intervals>
					<main_interval>
						<bounds>0.05, 0.95</bounds>
						<lower_bound>
							<values>0.62287, 0.02511, 1.5945, 1.92098, 0.06501, 1.23272, 1.51239, 0.65728, 0.19352, 0.04976, 0.01442, 0.79005, 0.33031, 0.68331, 0.41157, 0.83928, 1.13256, 0.44776</values>
						</lower_bound>
						<upper_bound>
							<values>0.66698, 0.03981, 1.79473, 2.12427, 0.08346, 1.41118, 1.69408, 0.79737, 0.22917, 0.06272, 0.01951, 1.09769, 0.41026, 0.83979, 0.50443, 0.8745, 1.33559, 0.54385</values>
						</upper_bound>
					</main_interval>
					<sample_size>
						<values>1000.0, 1000.0, 1000.0, 1000.0, 1000.0, 1000.0, 1000.0, 1000.0, 1000.0, 1000.0, 1000.0, 1000.0, 1000.0, 1000.0, 1000.0, 1000.0, 1000.0, 1000.0</values>
					</sample_size>
				</sampling_intervals>
			</data>
		</threshold>
		<threshold>
			<threshold_value>GT 1.29029 (Pr=0.75)</threshold_value>
			<data>
				<values>0.63563, 0.02233, 1.65791, 1.99995, 0.07814, 1.28786, 1.57409, 0.67956, 0.22449, 0.04959, 0.01861, 0.78571, 0.34869, 0.8376, 0.45755, 0.84796, 1.21953, 0.47621</values>
				<sampling_intervals>
					<main_interval>
						<bounds>0.05, 0.95</bounds>
						<lower_bound>
							<values>0.61552, 0.02789, 1.56043, 1.88691, 0.07077, 1.18968, 1.46941, 0.61639, 0.19845, 0.04541, 0.01486, 0.65305, 0.30761, 0.64819, 0.42552, 0.829, 1.12814, 0.42287</values>
						</lower_bound>
						<upper_bound>
							<values>0.6575, 0.04198, 1.75878, 2.08972, 0.08851, 1.36316, 1.64889, 0.76679, 0.24093, 0.05762, 0.02065, 0.9117, 0.39222, 0.81681, 0.52809, 0.86197, 1.32839, 0.52266</values>
						</upper_bound>
					</main_interval>
					<sample_size>
						<values>1000.0, 1000.0, 1000.0, 1000.0, 1000.0, 1000.0, 1000.0, 1000.0, 1000.0, 1000.0, 1000.0, 1000.0, 1000.0, 1000.0, 1000.0, 1000.0, 1000.0, 1000.0</values>
					</sample_size>
				</sampling_intervals>
			</data>
		</threshold>
		<threshold>
			<threshold_value>GT 1.3475 (Pr=0.76)</threshold_value>
			<data>
				<values>0.63392, 0.02177, 1.64049, 1.9848, 0.08138, 1.2634, 1.5481, 0.66679, 0.22211, 0.04885, 0.01777, 0.71441, 0.34205, 0.83224, 0.47188, 0.84108, 1.22364, 0.46589</values>
				<sampling_intervals>
					<main_interval>
						<bounds>0.05, 0.95</bounds>
						<lower_bound>
							<values>0.61186, 0.02771, 1.54622, 1.87428, 0.0731, 1.17546, 1.45386, 0.60869, 0.19997, 0.04365, 0.0152, 0.61189, 0.30061, 0.63328, 0.43375, 0.82268, 1.12554, 0.41866</values>
						</lower_bound>
						<upper_bound>
							<values>0.6546, 0.04194, 1.74369, 2.08083, 0.09123, 1.34428, 1.6331, 0.74962, 0.24422, 0.0553, 0.02088, 0.83989, 0.38495, 0.80944, 0.53636, 0.8569, 1.32326, 0.51408</values>
						</upper_bound>
					</main_interval>
					<sample_size>
						<values>1000.0, 1000.0, 1000.0, 1000.0, 1000.0, 1000.0, 1000.0, 1000.0, 1000.0, 1000.0, 1000.0, 1000.0, 1000.0, 1000.0, 1000.0, 1000.0, 1000.0, 1000.0</values>
					</sample_size>
				</sampling_intervals>
			</data>
		</threshold>
		<threshold>
			<threshold_value>GT 1.40411 (Pr=0.77)</threshold_value>
			<data>
				<values>0.62935, 0.02389, 1.63244, 1.97921, 0.08399, 1.24873, 1.5354, 0.65373, 0.22801, 0.04706, 0.01817, 0.66197, 0.33357, 0.81343, 0.47433, 0.83552, 1.21524, 0.45801</values>
				<sampling_intervals>
					<main_interval>
						<bounds>0.05, 0.95</bounds>
						<lower_bound>
							<values>0.60714, 0.02789, 1.53682, 1.86522, 0.07523, 1.15448, 1.4386, 0.6055, 0.20506, 0.04252, 0.01556, 0.56868, 0.29272, 0.62261, 0.4381, 0.81435, 1.11649, 0.41045</values>
						</lower_bound>
						<upper_bound>
							<values>0.6503, 0.04264, 1.72891, 2.06709, 0.0948, 1.3266, 1.61552, 0.72754, 0.25042, 0.05326, 0.0212, 0.77295, 0.37341, 0.80441, 0.54508, 0.85202, 1.32026, 0.50383</values>
						</upper_bound>
					</main_interval>
					<sample_size>
						<values>1000.0, 1000.0, 1000.0, 1000.0, 1000.0, 1000.0, 1000.0, 1000.0, 1000.0, 1000.0, 1000.0, 1000.0, 1000.0, 1000.0, 1000.0, 1000.0, 1000.0, 1000.0</values>
					</sample_size>
				</sampling_intervals>
			</data>
		</threshold>
		<threshold>
			<threshold_value>GT 1.46365 (Pr=0.78)</threshold_value>
			<data>
				<values>0.62509, 0.02533, 1.62445, 1.97404, 0.0867, 1.23429, 1.5225, 0.64514, 0.23176, 0.04547, 0.01834, 0.61316, 0.32483, 0.79331, 0.48139, 0.82964, 1.20464, 0.4487</values>
				<sampling_intervals>
					<main_interval>
						<bounds>0.05, 0.95</bounds>
						<lower_bound>
							<values>0.60262, 0.02854, 1.5148, 1.85426, 0.07744, 1.13052, 1.41525, 0.59904, 0.21102, 0.04127, 0.01591, 0.51664, 0.28238, 0.6052, 0.44177, 0.80509, 1.10359, 0.39642</values>
						</lower_bound>
						<upper_bound>
							<values>0.64675, 0.04228, 1.71122, 2.05203, 0.09942, 1.30544, 1.59162, 0.71174, 0.25421, 0.05211, 0.02132, 0.71333, 0.36125, 0.7978, 0.55568, 0.84737, 1.30321, 0.4909</values>
						</upper_bound>
					</main_interval>
					<sample_size>
						<values>1000.0, 1000.0, 1000.0, 1000.0, 1000.0, 1000.0, 1000.0, 1000.0, 1000.0, 1000.0, 1000.0, 1000.0, 1000.0, 1000.0, 1000.0, 1000.0, 1000.0, 1000.0</values>
					</sample_size>
				</sampling_intervals>
			</data>
		</threshold>
		<threshold>
			<threshold_value>GT 1.52113 (Pr=0.79)</threshold_value>
			<data>
				<values>0.62002, 0.02215, 1.58801, 1.94584, 0.08936, 1.20192, 1.49255, 0.6347, 0.24239, 0.04423, 0.01893, 0.56894, 0.30733, 0.81811, 0.48743, 0.82313, 1.19104, 0.43052</values>
				<sampling_intervals>
					<main_interval>
						<bounds>0.05, 0.95</bounds>
						<lower_bound>
							<values>0.59592, 0.02943, 1.49288, 1.83326, 0.08092, 1.09792, 1.38597, 0.59529, 0.21363, 0.04049, 0.01588, 0.46896, 0.26986, 0.58534, 0.44939, 0.79512, 1.09375, 0.37829</values>
						</lower_bound>
						<upper_bound>
							<values>0.64265, 0.04277, 1.69105, 2.03387, 0.10411, 1.27388, 1.5647, 0.70473, 0.25814, 0.05088, 0.0219, 0.65322, 0.34649, 0.78524, 0.56739, 0.84055, 1.29674, 0.47384</values>
						</upper_bound>
					</main_interval>
					<sample_size>
						<values>1000.0, 1000.0, 1000.0, 1000.0, 1000.0, 1000.0, 1000.0, 1000.0, 1000.0, 1000.0, 1000.0, 1000.0, 1000.0, 1000.0, 1000.0, 1000.0, 1000.0, 1000.0</values>
					</sample_size>
				</sampling_intervals>
			</data>
		</threshold>
		<threshold>
			<threshold_value>GT 1.58057 (Pr=0.8)</threshold_value>
			<data>
				<values>0.61749, 0.02372, 1.54708, 1.90588, 0.09414, 1.15346, 1.44183, 0.62574, 0.24497, 0.04345, 0.01967, 0.51109, 0.28902, 0.79866, 0.51131, 0.81272, 1.19374, 0.40925</values>
				<sampling_intervals>
					<main_interval>
						<bounds>0.05, 0.95</bounds>
						<lower_bound>
							<values>0.58784, 0.02997, 1.45385, 1.80703, 0.08401, 1.05735, 1.346, 0.5946, 0.21786, 0.03994, 0.01593, 0.42114, 0.25426, 0.5522, 0.46136, 0.78377, 1.08486, 0.35966</values>
						</lower_bound>
						<upper_bound>
							<values>0.63798, 0.04512, 1.65801, 2.00567, 0.1093, 1.23859, 1.52906, 0.70223, 0.26176, 0.05022, 0.02222, 0.60194, 0.32934, 0.77613, 0.5873, 0.83427, 1.30554, 0.45921</values>
						</upper_bound>
					</main_interval>
					<sample_size>
						<values>1000.0, 1000.0, 1000.0, 1000.0, 1000.0, 1000.0, 1000.0, 1000.0, 1000.0, 1000.0, 1000.0, 1000.0, 1000.0, 1000.0, 1000.0, 1000.0, 1000.0, 1000.0</values>
					</sample_size>
				</sampling_intervals>
			</data>
		</threshold>
		<threshold>
			<threshold_value>GT 1.64635 (Pr=0.81)</threshold_value>
			<data>
				<values>0.60329, 0.02421, 1.49096, 1.86347, 0.10218, 1.09406, 1.3886, 0.6459, 0.24725, 0.04436, 0.01952, 0.45083, 0.27042, 0.7848, 0.5277, 0.79616, 1.18829, 0.39042</values>
				<sampling_intervals>
					<main_interval>
						<bounds>0.05, 0.95</bounds>
						<lower_bound>
							<values>0.58446, 0.03012, 1.42316, 1.7753, 0.08913, 1.01888, 1.30471, 0.59772, 0.21825, 0.03925, 0.01619, 0.38017, 0.23785, 0.46704, 0.47667, 0.77111, 1.0829, 0.34396</values>
						</lower_bound>
						<upper_bound>
							<values>0.63398, 0.04789, 1.62677, 1.97539, 0.11509, 1.19354, 1.48683, 0.69985, 0.26265, 0.04909, 0.02221, 0.54463, 0.31405, 0.76958, 0.60827, 0.82418, 1.31645, 0.44302</values>
						</upper_bound>
					</main_interval>
					<sample_size>
						<values>1000.0, 1000.0, 1000.0, 1000.0, 1000.0, 1000.0, 1000.0, 1000.0, 1000.0, 1000.0, 1000.0, 1000.0, 1000.0, 1000.0, 1000.0, 1000.0, 1000.0, 1000.0</values>
					</sample_size>
				</sampling_intervals>
			</data>
		</threshold>
		<threshold>
			<threshold_value>GT 1.71824 (Pr=0.82)</threshold_value>
			<data>
				<values>0.60222, 0.02622, 1.47639, 1.84795, 0.10642, 1.06888, 1.36024, 0.64839, 0.23987, 0.04316, 0.01903, 0.40991, 0.2583, 0.76544, 0.53831, 0.78714, 1.18161, 0.37398</values>
				<sampling_intervals>
					<main_interval>
						<bounds>0.05, 0.95</bounds>
						<lower_bound>
							<values>0.57909, 0.03152, 1.39283, 1.74709, 0.09376, 0.98886, 1.27583, 0.59616, 0.21648, 0.03827, 0.01625, 0.33934, 0.22332, 0.37469, 0.49207, 0.75935, 1.0789, 0.32817</values>
						</lower_bound>
						<upper_bound>
							<values>0.62847, 0.0527, 1.59473, 1.95287, 0.12162, 1.15233, 1.4436, 0.69677, 0.26083, 0.0478, 0.02166, 0.48212, 0.30326, 0.76006, 0.62881, 0.81329, 1.32262, 0.43219</values>
						</upper_bound>
					</main_interval>
					<sample_size>
						<values>1000.0, 1000.0, 1000.0, 1000.0, 1000.0, 1000.0, 1000.0, 1000.0, 1000.0, 1000.0, 1000.0, 1000.0, 1000.0, 1000.0, 1000.0, 1000.0, 1000.0, 1000.0</values>
					</sample_size>
				</sampling_intervals>
			</data>
		</threshold>
		<threshold>
			<threshold_value>GT 1.81259 (Pr=0.83)</threshold_value>
			<data>
				<values>0.60211, 0.03468, 1.48472, 1.84792, 0.11355, 1.04768, 1.33202, 0.63879, 0.22786, 0.04147, 0.01816, 0.35788, 0.25258, 0.65049, 0.56756, 0.77322, 1.19308, 0.36335</values>
				<sampling_intervals>
					<main_interval>
						<bounds>0.05, 0.95</bounds>
						<lower_bound>
							<values>0.57315, 0.033, 1.37685, 1.7275, 0.09835, 0.96535, 1.24877, 0.58837, 0.21476, 0.03706, 0.01612, 0.3036, 0.21477, 0.30433, 0.50588, 0.74911, 1.0846, 0.31704</values>
						</lower_bound>
						<upper_bound>
							<values>0.62186, 0.05683, 1.57927, 1.93724, 0.12687, 1.12161, 1.41277, 0.69213, 0.26071, 0.04593, 0.02131, 0.42871, 0.29471, 0.73932, 0.64481, 0.80321, 1.33966, 0.42905</values>
						</upper_bound>
					</main_interval>
					<sample_size>
						<values>1000.0, 1000.0, 1000.0, 1000.0, 1000.0, 1000.0, 1000.0, 1000.0, 1000.0, 1000.0, 1000.0, 1000.0, 1000.0, 1000.0, 1000.0, 1000.0, 1000.0, 1000.0</values>
					</sample_size>
				</sampling_intervals>
			</data>
		</threshold>
		<threshold>
			<threshold_value>GT 1.8926 (Pr=0.84)</threshold_value>
			<data>
				<values>0.58695, 0.03587, 1.45691, 1.8341, 0.11816, 1.02318, 1.31808, 0.63091, 0.24804, 0.03916, 0.01903, 0.31958, 0.24206, 0.63444, 0.56285, 0.76493, 1.20534, 0.37112</values>
				<sampling_intervals>
					<main_interval>
						<bounds>0.05, 0.95</bounds>
						<lower_bound>
							<values>0.56931, 0.03845, 1.36399, 1.7154, 0.1048, 0.94323, 1.22607, 0.56716, 0.21609, 0.03475, 0.01602, 0.26801, 0.20443, 0.27836, 0.52148, 0.7429, 1.09511, 0.31063</values>
						</lower_bound>
						<upper_bound>
							<values>0.61854, 0.05861, 1.56622, 1.92543, 0.13159, 1.09511, 1.39047, 0.68248, 0.27259, 0.0435, 0.02175, 0.37796, 0.28663, 0.68033, 0.66346, 0.79072, 1.37491, 0.43675</values>
						</upper_bound>
					</main_interval>
					<sample_size>
						<values>1000.0, 1000.0, 1000.0, 1000.0, 1000.0, 1000.0, 1000.0, 1000.0, 1000.0, 1000.0, 1000.0, 1000.0, 1000.0, 1000.0, 1000.0, 1000.0, 1000.0, 1000.0</values>
					</sample_size>
				</sampling_intervals>
			</data>
		</threshold>
		<threshold>
			<threshold_value>GT 1.99377 (Pr=0.85)</threshold_value>
			<data>
				<values>0.59401, 0.03793, 1.44098, 1.80904, 0.12137, 0.9955, 1.28013, 0.58928, 0.24858, 0.03565, 0.01875, 0.27537, 0.23649, 0.57576, 0.60385, 0.76159, 1.2872, 0.38217</values>
				<sampling_intervals>
					<main_interval>
						<bounds>0.05, 0.95</bounds>
						<lower_bound>
							<values>0.56236, 0.0409, 1.35224, 1.70542, 0.10903, 0.92136, 1.20545, 0.5495, 0.22264, 0.03219, 0.01609, 0.23593, 0.1963, 0.22961, 0.53362, 0.73845, 1.11679, 0.31378</values>
						</lower_bound>
						<upper_bound>
							<values>0.61311, 0.06056, 1.54821, 1.91278, 0.13516, 1.07278, 1.36895, 0.66446, 0.2941, 0.04043, 0.02277, 0.33109, 0.27772, 0.63724, 0.67929, 0.78211, 1.42573, 0.45259</values>
						</upper_bound>
					</main_interval>
					<sample_size>
						<values>1000.0, 1000.0, 1000.0, 1000.0, 1000.0, 1000.0, 1000.0, 1000.0, 1000.0, 1000.0, 1000.0, 1000.0, 1000.0, 1000.0, 1000.0, 1000.0, 1000.0, 1000.0</values>
					</sample_size>
				</sampling_intervals>
			</data>
		</threshold>
		<threshold>
			<threshold_value>GT 2.09549 (Pr=0.86)</threshold_value>
			<data>
				<values>0.58228, 0.03561, 1.42333, 1.80545, 0.12619, 0.97898, 1.27052, 0.57592, 0.26831, 0.03312, 0.01958, 0.24345, 0.22994, 0.58476, 0.59708, 0.75402, 1.30876, 0.39459</values>
				<sampling_intervals>
					<main_interval>
						<bounds>0.05, 0.95</bounds>
						<lower_bound>
							<values>0.55348, 0.04141, 1.34098, 1.69837, 0.1134, 0.9049, 1.18731, 0.53361, 0.23104, 0.02966, 0.01633, 0.21006, 0.19092, 0.19896, 0.53842, 0.73225, 1.15664, 0.322</values>
						</lower_bound>
						<upper_bound>
							<values>0.60796, 0.06167, 1.53146, 1.90457, 0.13964, 1.05408, 1.35388, 0.63202, 0.3218, 0.03721, 0.02409, 0.2907, 0.27106, 0.59254, 0.6916, 0.77705, 1.46112, 0.46695</values>
						</upper_bound>
					</main_interval>
					<sample_size>
						<values>1000.0, 1000.0, 1000.0, 1000.0, 1000.0, 1000.0, 1000.0, 1000.0, 1000.0, 1000.0, 1000.0, 1000.0, 1000.0, 1000.0, 1000.0, 1000.0, 1000.0, 1000.0</values>
					</sample_size>
				</sampling_intervals>
			</data>
		</threshold>
		<threshold>
			<threshold_value>GT 2.19469 (Pr=0.87)</threshold_value>
			<data>
				<values>0.56859, 0.03532, 1.40845, 1.80453, 0.12913, 0.96927, 1.27155, 0.55991, 0.30385, 0.03057, 0.02146, 0.22068, 0.21906, 0.5966, 0.57881, 0.74954, 1.31075, 0.40675</values>
				<sampling_intervals>
					<main_interval>
						<bounds>0.05, 0.95</bounds>
						<lower_bound>
							<values>0.5475, 0.04205, 1.32378, 1.69415, 0.11649, 0.88541, 1.17166, 0.51507, 0.24702, 0.02759, 0.01698, 0.18635, 0.18321, 0.15728, 0.53606, 0.72527, 1.17457, 0.33416</values>
						</lower_bound>
						<upper_bound>
							<values>0.60039, 0.06328, 1.52341, 1.8971, 0.14442, 1.04253, 1.34561, 0.60662, 0.34047, 0.0344, 0.02489, 0.25561, 0.26471, 0.57942, 0.6934, 0.77162, 1.50047, 0.48205</values>
						</upper_bound>
					</main_interval>
					<sample_size>
						<values>1000.0, 1000.0, 1000.0, 1000.0, 1000.0, 1000.0, 1000.0, 1000.0, 1000.0, 1000.0, 1000.0, 1000.0, 1000.0, 1000.0, 1000.0, 1000.0, 1000.0, 1000.0</values>
					</sample_size>
				</sampling_intervals>
			</data>
		</threshold>
		<threshold>
			<threshold_value>GT 2.33612 (Pr=0.88)</threshold_value>
			<data>
				<values>0.56914, 0.03848, 1.40008, 1.79246, 0.1363, 0.94146, 1.23602, 0.53688, 0.31122, 0.02834, 0.02164, 0.18814, 0.21232, 0.53305, 0.60034, 0.74009, 1.35538, 0.41208</values>
				<sampling_intervals>
					<main_interval>
						<bounds>0.05, 0.95</bounds>
						<lower_bound>
							<values>0.54269, 0.04363, 1.3148, 1.6834, 0.12, 0.86451, 1.15223, 0.49948, 0.27274, 0.02531, 0.01808, 0.16037, 0.17537, 0.12334, 0.53817, 0.71832, 1.20197, 0.34417</values>
						</lower_bound>
						<upper_bound>
							<values>0.59419, 0.06488, 1.50508, 1.88683, 0.15019, 1.02155, 1.32388, 0.58745, 0.35983, 0.03159, 0.02556, 0.2223, 0.2587, 0.55875, 0.70398, 0.76729, 1.56103, 0.51021</values>
						</upper_bound>
					</main_interval>
					<sample_size>
						<values>1000.0, 1000.0, 1000.0, 1000.0, 1000.0, 1000.0, 1000.0, 1000.0, 1000.0, 1000.0, 1000.0, 1000.0, 1000.0, 1000.0, 1000.0, 1000.0, 1000.0, 1000.0</values>
					</sample_size>
				</sampling_intervals>
			</data>
		</threshold>
		<threshold>
			<threshold_value>GT 2.47968 (Pr=0.89)</threshold_value>
			<data>
				<values>0.56524, 0.03869, 1.36296, 1.75903, 0.13868, 0.91101, 1.20709, 0.52061, 0.32765, 0.02553, 0.02172, 0.1618, 0.20187, 0.50851, 0.62693, 0.73968, 1.45207, 0.43907</values>
				<sampling_intervals>
					<main_interval>
						<bounds>0.05, 0.95</bounds>
						<lower_bound>
							<values>0.53346, 0.04487, 1.28636, 1.66747, 0.1258, 0.83046, 1.12207, 0.48169, 0.28736, 0.02289, 0.01847, 0.13276, 0.16721, 0.06426, 0.54519, 0.71518, 1.2648, 0.35949</values>
						</lower_bound>
						<upper_bound>
							<values>0.58777, 0.06618, 1.47912, 1.86428, 0.15765, 0.99454, 1.29743, 0.56435, 0.39573, 0.02876, 0.02655, 0.18988, 0.25343, 0.50943, 0.72778, 0.76109, 1.69075, 0.56597</values>
						</upper_bound>
					</main_interval>
					<sample_size>
						<values>1000.0, 1000.0, 1000.0, 1000.0, 1000.0, 1000.0, 1000.0, 1000.0, 1000.0, 1000.0, 1000.0, 1000.0, 1000.0, 1000.0, 1000.0, 1000.0, 1000.0, 1000.0</values>
					</sample_size>
				</sampling_intervals>
			</data>
		</threshold>
		<threshold>
			<threshold_value>GT 2.68482 (Pr=0.9)</threshold_value>
			<data>
				<values>0.55397, 0.03427, 1.32626, 1.73802, 0.14988, 0.86853, 1.16468, 0.50074, 0.3617, 0.02323, 0.02271, 0.12967, 0.19989, 0.54774, 0.62972, 0.7325, 1.61259, 0.50839</values>
				<sampling_intervals>
					<main_interval>
						<bounds>0.05, 0.95</bounds>
						<lower_bound>
							<values>0.50882, 0.04459, 1.23699, 1.6399, 0.13219, 0.77423, 1.07424, 0.47375, 0.30881, 0.021, 0.01881, 0.10456, 0.16029, -0.00201, 0.56463, 0.70785, 1.37616, 0.3969</values>
						</lower_bound>
						<upper_bound>
							<values>0.58008, 0.06728, 1.43454, 1.82527, 0.17182, 0.95138, 1.25883, 0.54443, 0.46972, 0.02606, 0.02853, 0.15803, 0.24698, 0.49105, 0.74738, 0.75408, 1.89356, 0.65343</values>
						</upper_bound>
					</main_interval>
					<sample_size>
						<values>1000.0, 1000.0, 1000.0, 1000.0, 1000.0, 1000.0, 1000.0, 1000.0, 1000.0, 1000.0, 1000.0, 1000.0, 1000.0, 1000.0, 1000.0, 1000.0, 1000.0, 1000.0</values>
					</sample_size>
				</sampling_intervals>
			</data>
		</threshold>
		<threshold>
			<threshold_value>GT 2.92045 (Pr=0.91)</threshold_value>
			<data>
				<values>0.51927, 0.03803, 1.22906, 1.67175, 0.16631, 0.78518, 1.09959, 0.50064, 0.44174, 0.02157, 0.02479, 0.09801, 0.19188, 0.38755, 0.67481, 0.7191, 1.84198, 0.6071</values>
				<sampling_intervals>
					<main_interval>
						<bounds>0.05, 0.95</bounds>
						<lower_bound>
							<values>0.48264, 0.04267, 1.16205, 1.58952, 0.14388, 0.71787, 1.02253, 0.46314, 0.33248, 0.01894, 0.01906, 0.08551, 0.15107, -0.08748, 0.57824, 0.69734, 1.53817, 0.45906</values>
						</lower_bound>
						<upper_bound>
							<values>0.56673, 0.06782, 1.35644, 1.76665, 0.1805, 0.88134, 1.202, 0.53577, 0.58086, 0.02383, 0.03353, 0.12379, 0.23249, 0.45975, 0.7881, 0.74743, 2.10008, 0.73109</values>
						</upper_bound>
					</main_interval>
					<sample_size>
						<values>1000.0, 1000.0, 1000.0, 1000.0, 1000.0, 1000.0, 1000.0, 1000.0, 1000.0, 1000.0, 1000.0, 1000.0, 1000.0, 1000.0, 1000.0, 1000.0, 1000.0, 1000.0</values>
					</sample_size>
				</sampling_intervals>
			</data>
		</threshold>
		<threshold>
			<threshold_value>GT 3.11065 (Pr=0.92)</threshold_value>
			<data>
				<values>0.49647, 0.03041, 1.16928, 1.64241, 0.16724, 0.76199, 1.09828, 0.48485, 0.54199, 0.01889, 0.02885, 0.08427, 0.17348, 0.55574, 0.64489, 0.72109, 1.94112, 0.66538</values>
				<sampling_intervals>
					<main_interval>
						<bounds>0.05, 0.95</bounds>
						<lower_bound>
							<values>0.45884, 0.0465, 1.11197, 1.55904, 0.15052, 0.69006, 1.00426, 0.44817, 0.41379, 0.01646, 0.02118, 0.0719, 0.13806, -0.17553, 0.57116, 0.69522, 1.67788, 0.53708</values>
						</lower_bound>
						<upper_bound>
							<values>0.53684, 0.07257, 1.29197, 1.73831, 0.18544, 0.84768, 1.19893, 0.5216, 0.70929, 0.02117, 0.04137, 0.09919, 0.22016, 0.442, 0.79137, 0.74478, 2.21379, 0.80058</values>
						</upper_bound>
					</main_interval>
					<sample_size>
						<values>1000.0, 1000.0, 1000.0, 1000.0, 1000.0, 1000.0, 1000.0, 1000.0, 1000.0, 1000.0, 1000.0, 1000.0, 1000.0, 1000.0, 1000.0, 1000.0, 1000.0, 1000.0</values>
					</sample_size>
				</sampling_intervals>
			</data>
		</threshold>
		<threshold>
			<threshold_value>GT 3.36163 (Pr=0.93)</threshold_value>
			<data>
				<values>0.46949, 0.03644, 1.13361, 1.62768, 0.17157, 0.74234, 1.10127, 0.46691, 0.68154, 0.01591, 0.03698, 0.06871, 0.16319, 0.4707, 0.62754, 0.71938, 2.03847, 0.74005</values>
				<sampling_intervals>
					<main_interval>
						<bounds>0.05, 0.95</bounds>
						<lower_bound>
							<values>0.42881, 0.05034, 1.08334, 1.53973, 0.15397, 0.66201, 1.00064, 0.43339, 0.52609, 0.01412, 0.02603, 0.05653, 0.12856, -0.48484, 0.54721, 0.69184, 1.7815, 0.59572</values>
						</lower_bound>
						<upper_bound>
							<values>0.50973, 0.08184, 1.26565, 1.73801, 0.19634, 0.82414, 1.19771, 0.50627, 1.00919, 0.01836, 0.05445, 0.08194, 0.24781, 0.37468, 0.7885, 0.74285, 2.36418, 0.97133</values>
						</upper_bound>
					</main_interval>
					<sample_size>
						<values>1000.0, 1000.0, 1000.0, 1000.0, 1000.0, 1000.0, 1000.0, 1000.0, 1000.0, 1000.0, 1000.0, 1000.0, 1000.0, 1000.0, 1000.0, 1000.0, 1000.0, 1000.0</values>
					</sample_size>
				</sampling_intervals>
			</data>
		</threshold>
		<threshold>
			<threshold_value>GT 3.72765 (Pr=0.94)</threshold_value>
			<data>
				<values>0.42489, 0.03655, 1.15184, 1.69041, 0.19021, 0.74654, 1.13145, 0.44761, 1.09764, 0.0134, 0.05441, 0.05257, 0.21543, 0.17669, 0.56756, 0.7149, 2.13443, 0.98151</values>
				<sampling_intervals>
					<main_interval>
						<bounds>0.05, 0.95</bounds>
						<lower_bound>
							<values>0.39181, 0.05362, 1.06233, 1.54992, 0.16887, 0.6382, 0.99286, 0.41747, 0.68794, 0.01198, 0.03351, 0.04363, 0.13611, -1.43204, 0.50977, 0.68573, 1.90518, 0.71879</values>
						</lower_bound>
						<upper_bound>
							<values>0.47821, 0.08766, 1.27044, 1.77453, 0.21291, 0.82025, 1.22128, 0.48554, 1.38416, 0.01569, 0.06934, 0.06236, 0.27754, 0.16227, 0.77885, 0.74048, 2.52399, 1.18769</values>
						</upper_bound>
					</main_interval>
					<sample_size>
						<values>1000.0, 1000.0, 1000.0, 1000.0, 1000.0, 1000.0, 1000.0, 1000.0, 1000.0, 1000.0, 1000.0, 1000.0, 1000.0, 1000.0, 1000.0, 1000.0, 1000.0, 1000.0</values>
					</sample_size>
				</sampling_intervals>
			</data>
		</threshold>
		<threshold>
			<threshold_value>GT 4.20387 (Pr=0.95)</threshold_value>
			<data>
				<values>0.41166, 0.05947, 1.11939, 1.64827, 0.20447, 0.69169, 1.07556, 0.43543, 1.38398, 0.01156, 0.06479, 0.03926, 0.20426, -0.11292, 0.59525, 0.71155, 2.46034, 1.19044</values>
				<sampling_intervals>
					<main_interval>
						<bounds>0.05, 0.95</bounds>
						<lower_bound>
							<values>0.38037, 0.06547, 1.04126, 1.54735, 0.18136, 0.59922, 0.96114, 0.40131, 1.1216, 0.01013, 0.0487, 0.03245, 0.15577, -1.73542, 0.52515, 0.68076, 2.11964, 0.97586</values>
						</lower_bound>
						<upper_bound>
							<values>0.44843, 0.10397, 1.23637, 1.72963, 0.2276, 0.77747, 1.17588, 0.47101, 1.60638, 0.01329, 0.0815, 0.04709, 0.25921, 0.0583, 0.78852, 0.74094, 2.98968, 1.42057</values>
						</upper_bound>
					</main_interval>
					<sample_size>
						<values>1000.0, 1000.0, 1000.0, 1000.0, 1000.0, 1000.0, 1000.0, 1000.0, 1000.0, 1000.0, 1000.0, 1000.0, 1000.0, 1000.0, 1000.0, 1000.0, 1000.0, 1000.0</values>
					</sample_size>
				</sampling_intervals>
			</data>
		</threshold>
		<threshold>
			<threshold_value>GT 4.8102 (Pr=0.96)</threshold_value>
			<data>
				<values>0.42512, 0.06691, 1.03302, 1.54099, 0.20925, 0.61469, 0.98033, 0.41479, 1.62032, 0.00922, 0.07317, 0.02732, 0.17841, -0.16739, 0.72658, 0.72198, 3.28661, 1.50878</values>
				<sampling_intervals>
					<main_interval>
						<bounds>0.05, 0.95</bounds>
						<lower_bound>
							<values>0.38254, 0.07848, 0.98593, 1.47303, 0.18499, 0.53333, 0.88163, 0.38315, 1.30253, 0.00793, 0.05627, 0.02273, 0.1366, -1.91838, 0.59444, 0.68452, 2.6561, 1.20865</values>
						</lower_bound>
						<upper_bound>
							<values>0.4528, 0.12568, 1.16982, 1.64129, 0.23962, 0.71382, 1.10726, 0.45173, 2.21539, 0.01085, 0.10255, 0.03338, 0.25191, -0.00317, 0.92558, 0.75352, 3.82084, 1.87899</values>
						</upper_bound>
					</main_interval>
					<sample_size>
						<values>1000.0, 1000.0, 1000.0, 1000.0, 1000.0, 1000.0, 1000.0, 1000.0, 1000.0, 1000.0, 1000.0, 1000.0, 1000.0, 1000.0, 1000.0, 1000.0, 1000.0, 1000.0</values>
					</sample_size>
				</sampling_intervals>
			</data>
		</threshold>
		<threshold>
			<threshold_value>GT 5.54265 (Pr=0.97)</threshold_value>
			<data>
				<values>0.36175, 0.0704, 1.0004, 1.56825, 0.21694, 0.61948, 1.04079, 0.40802, 2.94819, 0.00682, 0.11282, 0.01985, 0.19915, 0.20588, 0.5229, 0.73159, 3.78857, 2.24104</values>
				<sampling_intervals>
					<main_interval>
						<bounds>0.05, 0.95</bounds>
						<lower_bound>
							<values>0.31099, 0.09685, 0.95206, 1.47443, 0.18759, 0.51803, 0.90805, 0.36907, 1.91392, 0.00583, 0.07318, 0.01601, 0.12871, -1.35155, 0.4376, 0.68971, 3.22629, 1.71455</values>
						</lower_bound>
						<upper_bound>
							<values>0.41581, 0.15915, 1.16573, 1.65238, 0.25023, 0.71546, 1.1592, 0.44599, 4.54867, 0.00814, 0.18037, 0.02433, 0.33108, 0.22983, 0.79629, 0.76822, 4.46322, 2.77872</values>
						</upper_bound>
					</main_interval>
					<sample_size>
						<values>1000.0, 1000.0, 1000.0, 1000.0, 1000.0, 1000.0, 1000.0, 1000.0, 1000.0, 1000.0, 1000.0, 1000.0, 1000.0, 1000.0, 1000.0, 1000.0, 1000.0, 1000.0</values>
					</sample_size>
				</sampling_intervals>
			</data>
		</threshold>
		<threshold>
			<threshold_value>GT 6.8806 (Pr=0.98)</threshold_value>
			<data>
				<values>0.34388, 0.11346, 0.956, 1.49866, 0.2348, 0.54839, 0.9697, 0.41093, 4.9321, 0.00476, 0.17239, 0.01137, 0.19822, 0.23784, 0.4764, 0.72851, 5.07701, 3.30264</values>
				<sampling_intervals>
					<main_interval>
						<bounds>0.05, 0.95</bounds>
						<lower_bound>
							<values>0.28706, 0.1238, 0.89003, 1.41056, 0.19532, 0.44579, 0.82602, 0.36642, 3.83574, 0.00393, 0.12966, 0.00879, 0.13723, -0.61358, 0.40916, 0.67928, 4.06429, 2.65925</values>
						</lower_bound>
						<upper_bound>
							<values>0.39753, 0.1976, 1.11173, 1.59184, 0.27805, 0.65743, 1.11633, 0.45525, 6.19506, 0.00578, 0.2186, 0.01454, 0.29149, 0.26986, 0.72113, 0.77261, 6.28545, 3.99035</values>
						</upper_bound>
					</main_interval>
					<sample_size>
						<values>1000.0, 1000.0, 1000.0, 1000.0, 1000.0, 1000.0, 1000.0, 1000.0, 1000.0, 1000.0, 1000.0, 1000.0, 1000.0, 1000.0, 1000.0, 1000.0, 1000.0, 1000.0</values>
					</sample_size>
				</sampling_intervals>
			</data>
		</threshold>
		<threshold>
			<threshold_value>GT 9.5302 (Pr=0.99)</threshold_value>
			<data>
				<values>0.33779, 0.15937, 0.89064, 1.39349, 0.19634, 0.54496, 1.01083, 0.3769, 8.27451, 0.00199, 0.1406, 0.00562, 0.14991, -0.1133, 0.65968, 0.78434, 9.32547, 6.09892</values>
				<sampling_intervals>
					<main_interval>
						<bounds>0.05, 0.95</bounds>
						<lower_bound>
							<values>0.22869, 0.2009, 0.87806, 1.30925, 0.14894, 0.42771, 0.85852, 0.30031, 6.08546, 0.00149, 0.10786, 0.00417, 0.0879, -2.39952, 0.61352, 0.715, 6.37086, 4.39745</values>
						</lower_bound>
						<upper_bound>
							<values>0.44096, 0.34286, 1.11535, 1.48623, 0.25549, 0.66318, 1.16151, 0.4461, 10.73916, 0.00263, 0.18779, 0.00753, 0.23694, -0.12589, 1.21047, 0.83629, 13.21103, 7.87305</values>
						</upper_bound>
					</main_interval>
					<sample_size>
						<values>1000.0, 1000.0, 1000.0, 1000.0, 1000.0, 1000.0, 1000.0, 1000.0, 1000.0, 1000.0, 1000.0, 1000.0, 1000.0, 1000.0, 1000.0, 1000.0, 1000.0, 1000.0</values>
					</sample_size>
				</sampling_intervals>
			</data>
		</threshold>
		<threshold>
			<threshold_value>GT 9.80927 (Pr=0.99081)</threshold_value>
			<data>
				<values>0.35006, 0.19689, 0.92975, 1.3828, 0.18157, 0.56382, 1.03219, 0.35579, 7.94523, 0.0017, 0.12827, 0.00539, 0.13372, -0.50085, 0.8089, 0.8002, 10.06534, 6.25828</values>
				<sampling_intervals>
					<main_interval>
						<bounds>0.05, 0.95</bounds>
						<lower_bound>
							<values>0.22038, 0.20479, 0.86779, 1.29406, 0.14851, 0.42355, 0.85744, 0.29898, 6.32065, 0.00136, 0.0988, 0.0038, 0.08065, -2.70788, 0.65808, 0.71828, 6.89535, 4.6919</values>
						</lower_bound>
						<upper_bound>
							<values>0.43672, 0.36848, 1.10832, 1.47494, 0.25425, 0.65796, 1.17087, 0.4442, 10.89179, 0.0024, 0.17961, 0.00682, 0.21403, -0.1685, 1.31442, 0.83522, 14.44815, 8.28927</values>
						</upper_bound>
					</main_interval>
					<sample_size>
						<values>1000.0, 1000.0, 1000.0, 1000.0, 1000.0, 1000.0, 1000.0, 1000.0, 1000.0, 1000.0, 1000.0, 1000.0, 1000.0, 1000.0, 1000.0, 1000.0, 1000.0, 1000.0</values>
					</sample_size>
				</sampling_intervals>
			</data>
		</threshold>
		<threshold>
			<threshold_value>GT 12.77785 (Pr=0.995)</threshold_value>
			<data>
				<values>0.21209, 0.27567, 0.72156, 1.23381, 0.29532, 0.32237, 0.81496, 0.4562, 7.91401, 0.00153, 0.08128, 0.00168, 0.0362, -4.21244, 1.51685, 0.67915, 12.77125, 6.91316</values>
				<sampling_intervals>
					<main_interval>
						<bounds>0.05, 0.95</bounds>
						<lower_bound>
							<values>0.08288, 0.2647, 0.67862, 1.16378, 0.20656, 0.22268, 0.64942, 0.36325, 6.33554, 0.00104, 0.06272, 0.0011, 0.0225, -11.21111, 0.95985, 0.59112, 8.8502, 5.81294</values>
						</lower_bound>
						<upper_bound>
							<values>0.35067, 0.48182, 1.02014, 1.35889, 0.38174, 0.50105, 1.03409, 0.53456, 11.23449, 0.00208, 0.1253, 0.00285, 0.07472, -1.17271, 2.56611, 0.77517, 17.41971, 8.35204</values>
						</upper_bound>
					</main_interval>
					<sample_size>
						<values>1000.0, 1000.0, 1000.0, 1000.0, 1000.0, 1000.0, 1000.0, 1000.0, 1000.0, 1000.0, 1000.0, 1000.0, 1000.0, 1000.0, 1000.0, 1000.0, 1000.0, 1000.0</values>
					</sample_size>
				</sampling_intervals>
			</data>
		</threshold>
		<threshold>
			<threshold_value>GT 13.48733 (Pr=0.99566)</threshold_value>
			<data>
				<values>0.18226, 0.28073, 0.6964, 1.23342, 0.3281, 0.28963, 0.77928, 0.48698, 8.39089, 0.00149, 0.08239, 0.00133, 0.03039, -4.80265, 1.47128, 0.64369, 11.46085, 6.60786</values>
				<sampling_intervals>
					<main_interval>
						<bounds>0.05, 0.95</bounds>
						<lower_bound>
							<values>0.04434, 0.27643, 0.64825, 1.14691, 0.22697, 0.19559, 0.6219, 0.38507, 6.34314, 0.00101, 0.05987, 8.4E-4, 0.01675, -15.48783, 1.03217, 0.56114, 8.8362, 5.66029</values>
						</lower_bound>
						<upper_bound>
							<values>0.32031, 0.51086, 0.98772, 1.34232, 0.4069, 0.45234, 1.00919, 0.56224, 11.83263, 0.00194, 0.12357, 0.00223, 0.06055, -1.57845, 2.89479, 0.7503, 17.50904, 8.58969</values>
						</upper_bound>
					</main_interval>
					<sample_size>
						<values>1000.0, 1000.0, 1000.0, 1000.0, 1000.0, 1000.0, 1000.0, 1000.0, 1000.0, 1000.0, 1000.0, 1000.0, 1000.0, 1000.0, 1000.0, 1000.0, 1000.0, 1000.0</values>
					</sample_size>
				</sampling_intervals>
			</data>
		</threshold>
		<threshold>
			<threshold_value>GT 20.93467 (Pr=0.999)</threshold_value>
			<data>
				<values>0.3364, 0.29232, 0.91924, 1.29053, 0.33941, 0.3063, 0.63049, 0.51764, 16.01908, 3.6E-4, 0.05904, 3.3E-4, 0.0346, -0.57737, 0.9318, 0.64241, 10.63871, 7.17112</values>
				<sampling_intervals>
					<main_interval>
						<bounds>0.05, 0.95</bounds>
						<lower_bound>
							<values>0.02307, 0.2387, 0.7564, 1.12037, 0.15245, 0.14758, 0.40097, 0.26889, 6.59689, 1.4E-4, 0.02189, 1.5E-4, 0.01071, -4.42852, 0.29043, 0.4994, 5.85522, 5.73391</values>
						</lower_bound>
						<upper_bound>
							<values>0.57066, 0.65543, 1.374, 1.55214, 0.4811, 0.67993, 1.20395, 0.64966, 44.20559, 5.7E-4, 0.21669, 7.9E-4, 0.11343, 0.21425, 3.25041, 0.83721, 36.06314, 14.91358</values>
						</upper_bound>
					</main_interval>
					<sample_size>
						<values>1000.0, 1000.0, 1000.0, 1000.0, 1000.0, 1000.0, 1000.0, 1000.0, 997.0, 1000.0, 997.0, 1000.0, 997.0, 1000.0, 1000.0, 1000.0, 1000.0, 1000.0</values>
					</sample_size>
				</sampling_intervals>
			</data>
		</threshold>
		<threshold>
			<threshold_value>GT 23.83893 (Pr=0.99958)</threshold_value>
			<data>
				<values>0.53039, 0.22146, 1.37541, 1.62357, 0.19718, 0.68914, 0.96158, 0.35762, 7.1148, 9.0E-5, 0.00537, 3.2E-4, 0.01896, 0.45244, 0.33794, 0.79089, 6.48958, 5.44924</values>
				<sampling_intervals>
					<main_interval>
						<bounds>0.05, 0.95</bounds>
						<lower_bound>
							<values>0.26505, 0.1531, 0.83096, 1.12163, 0.08302, 0.16476, 0.36033, 0.12801, 1.15856, 4.0E-5, 0.00146, 7.0E-5, 0.00323, -3.82572, 0.0, 0.51188, 2.92109, 3.00819</values>
						</lower_bound>
						<upper_bound>
							<values>0.81027, 0.54042, 2.23574, 2.23574, 0.46145, 1.26251, 1.48029, 0.63669, 27.45176, 2.4E-4, 0.03118, 6.9E-4, 0.09152, 0.75346, 3.35026, 0.91288, 36.67848, 11.73266</values>
						</upper_bound>
					</main_interval>
					<sample_size>
						<values>1000.0, 1000.0, 1000.0, 1000.0, 1000.0, 1000.0, 1000.0, 1000.0, 922.0, 1000.0, 922.0, 1000.0, 922.0, 1000.0, 1000.0, 1000.0, 1000.0, 1000.0</values>
					</sample_size>
				</sampling_intervals>
			</data>
		</threshold>
	</threshold_data>
</result></results>