<?xml version="1.0" standalone="yes"?><results>
<!--Result file containing the results for a single metric by lead period.
Some metrics, such as reliability diagrams, have results for specific thresholds 
(e.g. probability thresholds).  In that case, the results are stored by lead period 
and then by threshold value.  The actual data associated with a result always appears 
within a 'values' tag.  A metric result that comprises a single value will appear as a 
single value in this tag.  A metric result that comprises a 1D matrix will appear as a 
row of values separated by commas in the input order.  A metric result that comprises a 
2D matrix will appear as a sequence of rows, each with a 'values' tag, which are written 
in the input order.  For example, a diagram metric with an x and y axis will comprise 
two rows of data (i.e. two rows within two separate 'values' tags).  The default input 
order would be data for the x axis followed by data for the y axis.  Data that refer to 
cumulative probabilities are, by default, always defined in increasing size of probability.--><meta_data>
	<thresholds_type>true</thresholds_type>
	<original_file_id>03364000_CAL.Streamflow.ICK_INF_ONE_OBS_ONE_MEAN_1D_MEAN_RAW.Brier_skill_score.xml</original_file_id>
</meta_data><result>
	<lead_hour>0.0</lead_hour>
	<threshold_data>
		<threshold>
			<threshold_value>GT 0.05 (Pr=0.0)</threshold_value>
			<data>
				<values>-11.62404, 11.62865, 0.0046, 1.0, 4.24381, 0.0191, 8.39934, 8301.01614, 0.63018, 2501.35928, 9.0E-4, 0.01907, 3.0E-5, -999.0, -999.0, -999.0, -999.0, -999.0</values>
				<sampling_intervals>
					<main_interval>
						<bounds>0.05, 0.95</bounds>
						<lower_bound>
							<values>-50.24594, 3.69665, 0.00108, 1.0, 1.7532, 0.0123, 2.87855, 944.34036, 0.23456, 282.05544, 1.4E-4, 0.01229, 0.0, -999.0, -999.0, -999.0, -999.0, -999.0</values>
						</lower_bound>
						<upper_bound>
							<values>-3.65116, 48.40345, 0.08314, 1.0, 16.43273, 0.202, 33.92312, 128877.00476, 0.67127, 38385.80954, 0.00248, 0.20177, 4.4E-4, -999.0, -999.0, -999.0, -999.0, -999.0</values>
						</upper_bound>
					</main_interval>
					<sample_size>
						<values>1000.0, 1000.0, 1000.0, 1000.0, 1000.0, 1000.0, 1000.0, 1000.0, 1000.0, 1000.0, 1000.0, 1000.0, 1000.0, -999.0, -999.0, -999.0, -999.0, -999.0</values>
					</sample_size>
				</sampling_intervals>
			</data>
		</threshold>
		<threshold>
			<threshold_value>GT 0.08688 (Pr=0.025)</threshold_value>
			<data>
				<values>-0.79218, 0.94028, 0.1481, 1.0, 0.81944, 0.09136, 1.0641, 85.75399, 0.42288, 26.74602, 0.00625, 0.08989, 0.00147, -999.0, -999.0, -999.0, -999.0, -999.0</values>
				<sampling_intervals>
					<main_interval>
						<bounds>0.05, 0.95</bounds>
						<lower_bound>
							<values>-1.42916, 0.41362, 0.07668, 1.0, 0.59457, 0.05114, 0.63332, 25.62942, 0.29126, 8.09863, 0.00366, 0.05026, 8.4E-4, -999.0, -999.0, -999.0, -999.0, -999.0</values>
						</lower_bound>
						<upper_bound>
							<values>-0.1969, 1.55444, 0.35932, 1.0, 1.03572, 0.16288, 1.5018, 176.30556, 0.53219, 57.14251, 0.01268, 0.15994, 0.00341, -999.0, -999.0, -999.0, -999.0, -999.0</values>
						</upper_bound>
					</main_interval>
					<sample_size>
						<values>1000.0, 1000.0, 1000.0, 1000.0, 1000.0, 1000.0, 1000.0, 1000.0, 1000.0, 1000.0, 1000.0, 1000.0, 1000.0, -999.0, -999.0, -999.0, -999.0, -999.0</values>
					</sample_size>
				</sampling_intervals>
			</data>
		</threshold>
		<threshold>
			<threshold_value>GT 0.11127 (Pr=0.05)</threshold_value>
			<data>
				<values>0.09054, 0.22559, 0.31613, 1.0, 0.51516, 0.11284, 0.50714, 10.9881, 0.4048, 3.36941, 0.01735, 0.10746, 0.00538, -999.0, -999.0, -999.0, -999.0, -999.0</values>
				<sampling_intervals>
					<main_interval>
						<bounds>0.05, 0.95</bounds>
						<lower_bound>
							<values>-0.17314, 0.16012, 0.21449, 1.0, 0.45281, 0.07659, 0.42119, 7.32642, 0.32717, 2.23433, 0.00992, 0.07296, 0.00305, -999.0, -999.0, -999.0, -999.0, -999.0</values>
						</lower_bound>
						<upper_bound>
							<values>0.19124, 0.44136, 0.43387, 1.0, 0.62185, 0.15367, 0.69981, 25.92255, 0.48594, 7.97545, 0.02335, 0.14741, 0.0075, -999.0, -999.0, -999.0, -999.0, -999.0</values>
						</upper_bound>
					</main_interval>
					<sample_size>
						<values>1000.0, 1000.0, 1000.0, 1000.0, 1000.0, 1000.0, 1000.0, 1000.0, 1000.0, 1000.0, 1000.0, 1000.0, 1000.0, -999.0, -999.0, -999.0, -999.0, -999.0</values>
					</sample_size>
				</sampling_intervals>
			</data>
		</threshold>
		<threshold>
			<threshold_value>GT 0.12516 (Pr=0.075)</threshold_value>
			<data>
				<values>0.24343, 0.1374, 0.38083, 1.0, 0.46271, 0.11973, 0.41359, 5.6545, 0.41125, 1.72449, 0.02405, 0.11184, 0.00789, -999.0, -999.0, -999.0, -999.0, -999.0</values>
				<sampling_intervals>
					<main_interval>
						<bounds>0.05, 0.95</bounds>
						<lower_bound>
							<values>0.10447, 0.08526, 0.27645, 1.0, 0.40382, 0.08412, 0.3451, 3.55062, 0.35159, 1.04427, 0.01752, 0.07829, 0.00509, -999.0, -999.0, -999.0, -999.0, -999.0</values>
						</lower_bound>
						<upper_bound>
							<values>0.33247, 0.21771, 0.47311, 1.0, 0.5432, 0.15326, 0.50193, 9.68412, 0.49103, 3.01926, 0.03387, 0.14212, 0.01126, -999.0, -999.0, -999.0, -999.0, -999.0</values>
						</upper_bound>
					</main_interval>
					<sample_size>
						<values>1000.0, 1000.0, 1000.0, 1000.0, 1000.0, 1000.0, 1000.0, 1000.0, 1000.0, 1000.0, 1000.0, 1000.0, 1000.0, -999.0, -999.0, -999.0, -999.0, -999.0</values>
					</sample_size>
				</sampling_intervals>
			</data>
		</threshold>
		<threshold>
			<threshold_value>GT 0.13977 (Pr=0.1)</threshold_value>
			<data>
				<values>0.30736, 0.09388, 0.40124, 1.0, 0.44455, 0.11985, 0.36795, 3.55977, 0.43115, 1.08214, 0.03154, 0.10983, 0.01002, -999.0, -999.0, -999.0, -999.0, -999.0</values>
				<sampling_intervals>
					<main_interval>
						<bounds>0.05, 0.95</bounds>
						<lower_bound>
							<values>0.17716, 0.05748, 0.31383, 1.0, 0.36928, 0.0923, 0.3092, 2.02695, 0.33585, 0.60145, 0.02178, 0.08424, 0.00769, -999.0, -999.0, -999.0, -999.0, -999.0</values>
						</lower_bound>
						<upper_bound>
							<values>0.39585, 0.1704, 0.49012, 1.0, 0.49919, 0.18117, 0.57762, 5.62506, 0.49905, 1.72619, 0.04595, 0.16513, 0.01731, -999.0, -999.0, -999.0, -999.0, -999.0</values>
						</upper_bound>
					</main_interval>
					<sample_size>
						<values>1000.0, 1000.0, 1000.0, 1000.0, 1000.0, 1000.0, 1000.0, 1000.0, 1000.0, 1000.0, 1000.0, 1000.0, 1000.0, -999.0, -999.0, -999.0, -999.0, -999.0</values>
					</sample_size>
				</sampling_intervals>
			</data>
		</threshold>
		<threshold>
			<threshold_value>GT 0.15487 (Pr=0.125)</threshold_value>
			<data>
				<values>0.31629, 0.09787, 0.41416, 1.0, 0.35964, 0.17938, 0.50344, 3.19557, 0.35637, 0.94653, 0.03079, 0.15869, 0.02068, -999.0, -999.0, -999.0, -999.0, -999.0</values>
				<sampling_intervals>
					<main_interval>
						<bounds>0.05, 0.95</bounds>
						<lower_bound>
							<values>0.22682, 0.05469, 0.34437, 1.0, 0.31289, 0.11217, 0.31089, 1.58641, 0.31274, 0.45768, 0.02384, 0.0992, 0.01212, -999.0, -999.0, -999.0, -999.0, -999.0</values>
						</lower_bound>
						<upper_bound>
							<values>0.41512, 0.14825, 0.49267, 1.0, 0.45006, 0.21456, 0.55591, 4.44377, 0.47817, 1.35242, 0.05222, 0.18929, 0.02709, -999.0, -999.0, -999.0, -999.0, -999.0</values>
						</upper_bound>
					</main_interval>
					<sample_size>
						<values>1000.0, 1000.0, 1000.0, 1000.0, 1000.0, 1000.0, 1000.0, 1000.0, 1000.0, 1000.0, 1000.0, 1000.0, 1000.0, -999.0, -999.0, -999.0, -999.0, -999.0</values>
					</sample_size>
				</sampling_intervals>
			</data>
		</threshold>
		<threshold>
			<threshold_value>GT 0.16774 (Pr=0.15)</threshold_value>
			<data>
				<values>0.35536, 0.07721, 0.43257, 1.0, 0.34572, 0.18247, 0.48139, 2.40341, 0.36963, 0.71329, 0.03662, 0.1578, 0.02467, -999.0, -999.0, -999.0, -999.0, -999.0</values>
				<sampling_intervals>
					<main_interval>
						<bounds>0.05, 0.95</bounds>
						<lower_bound>
							<values>0.29467, 0.04803, 0.37839, 1.0, 0.29761, 0.14792, 0.42491, 1.61251, 0.32381, 0.46144, 0.02975, 0.1271, 0.01934, -999.0, -999.0, -999.0, -999.0, -999.0</values>
						</lower_bound>
						<upper_bound>
							<values>0.43382, 0.10921, 0.49901, 1.0, 0.39421, 0.21972, 0.52154, 3.08171, 0.4237, 0.95379, 0.05, 0.18883, 0.03353, -999.0, -999.0, -999.0, -999.0, -999.0</values>
						</upper_bound>
					</main_interval>
					<sample_size>
						<values>1000.0, 1000.0, 1000.0, 1000.0, 1000.0, 1000.0, 1000.0, 1000.0, 1000.0, 1000.0, 1000.0, 1000.0, 1000.0, -999.0, -999.0, -999.0, -999.0, -999.0</values>
					</sample_size>
				</sampling_intervals>
			</data>
		</threshold>
		<threshold>
			<threshold_value>GT 0.18226 (Pr=0.175)</threshold_value>
			<data>
				<values>0.41321, 0.05181, 0.46502, 1.0, 0.3217, 0.19305, 0.45814, 1.5813, 0.38137, 0.46605, 0.04656, 0.16, 0.03305, -999.0, -999.0, -999.0, -999.0, -999.0</values>
				<sampling_intervals>
					<main_interval>
						<bounds>0.05, 0.95</bounds>
						<lower_bound>
							<values>0.34784, 0.03658, 0.40655, 1.0, 0.28362, 0.15964, 0.42006, 1.22438, 0.3375, 0.34057, 0.03583, 0.13237, 0.02511, -999.0, -999.0, -999.0, -999.0, -999.0</values>
						</lower_bound>
						<upper_bound>
							<values>0.46184, 0.0797, 0.51631, 1.0, 0.36948, 0.22523, 0.49877, 2.19062, 0.42914, 0.6674, 0.05829, 0.18679, 0.03989, -999.0, -999.0, -999.0, -999.0, -999.0</values>
						</upper_bound>
					</main_interval>
					<sample_size>
						<values>1000.0, 1000.0, 1000.0, 1000.0, 1000.0, 1000.0, 1000.0, 1000.0, 1000.0, 1000.0, 1000.0, 1000.0, 1000.0, -999.0, -999.0, -999.0, -999.0, -999.0</values>
					</sample_size>
				</sampling_intervals>
			</data>
		</threshold>
		<threshold>
			<threshold_value>GT 0.19713 (Pr=0.2)</threshold_value>
			<data>
				<values>0.43212, 0.04264, 0.47476, 1.0, 0.3146, 0.19588, 0.44916, 1.32322, 0.39291, 0.38313, 0.05232, 0.15904, 0.03684, -999.0, -999.0, -999.0, -999.0, -999.0</values>
				<sampling_intervals>
					<main_interval>
						<bounds>0.05, 0.95</bounds>
						<lower_bound>
							<values>0.38157, 0.02842, 0.42467, 1.0, 0.27674, 0.16573, 0.41483, 0.99123, 0.35533, 0.27112, 0.0435, 0.1341, 0.03023, -999.0, -999.0, -999.0, -999.0, -999.0</values>
						</lower_bound>
						<upper_bound>
							<values>0.48139, 0.06055, 0.52272, 1.0, 0.35563, 0.22675, 0.4815, 1.68329, 0.44284, 0.50531, 0.06804, 0.18286, 0.04651, -999.0, -999.0, -999.0, -999.0, -999.0</values>
						</upper_bound>
					</main_interval>
					<sample_size>
						<values>1000.0, 1000.0, 1000.0, 1000.0, 1000.0, 1000.0, 1000.0, 1000.0, 1000.0, 1000.0, 1000.0, 1000.0, 1000.0, -999.0, -999.0, -999.0, -999.0, -999.0</values>
					</sample_size>
				</sampling_intervals>
			</data>
		</threshold>
		<threshold>
			<threshold_value>GT 0.21456 (Pr=0.225)</threshold_value>
			<data>
				<values>0.44673, 0.02985, 0.47658, 1.0, 0.3086, 0.19829, 0.44295, 1.04283, 0.41627, 0.29231, 0.06347, 0.15493, 0.04336, -999.0, -999.0, -999.0, -999.0, -999.0</values>
				<sampling_intervals>
					<main_interval>
						<bounds>0.05, 0.95</bounds>
						<lower_bound>
							<values>0.39787, 0.02074, 0.43131, 1.0, 0.27365, 0.17081, 0.41233, 0.82247, 0.37222, 0.22091, 0.05091, 0.13306, 0.03495, -999.0, -999.0, -999.0, -999.0, -999.0</values>
						</lower_bound>
						<upper_bound>
							<values>0.49379, 0.04506, 0.52532, 1.0, 0.34569, 0.2285, 0.47404, 1.34625, 0.46163, 0.3956, 0.07861, 0.17841, 0.05278, -999.0, -999.0, -999.0, -999.0, -999.0</values>
						</upper_bound>
					</main_interval>
					<sample_size>
						<values>1000.0, 1000.0, 1000.0, 1000.0, 1000.0, 1000.0, 1000.0, 1000.0, 1000.0, 1000.0, 1000.0, 1000.0, 1000.0, -999.0, -999.0, -999.0, -999.0, -999.0</values>
					</sample_size>
				</sampling_intervals>
			</data>
		</threshold>
		<threshold>
			<threshold_value>GT 0.23399 (Pr=0.25)</threshold_value>
			<data>
				<values>0.45978, 0.02051, 0.48029, 1.0, 0.30212, 0.20283, 0.44093, 0.87192, 0.43251, 0.23572, 0.07325, 0.15312, 0.04972, -999.0, -999.0, -999.0, -999.0, -999.0</values>
				<sampling_intervals>
					<main_interval>
						<bounds>0.05, 0.95</bounds>
						<lower_bound>
							<values>0.41381, 0.01496, 0.43645, 1.0, 0.26606, 0.17577, 0.41229, 0.69401, 0.38459, 0.18024, 0.05854, 0.13235, 0.04096, -999.0, -999.0, -999.0, -999.0, -999.0</values>
						</lower_bound>
						<upper_bound>
							<values>0.50395, 0.03327, 0.52654, 1.0, 0.33764, 0.23444, 0.47432, 1.13681, 0.47979, 0.31949, 0.08929, 0.1753, 0.0601, -999.0, -999.0, -999.0, -999.0, -999.0</values>
						</upper_bound>
					</main_interval>
					<sample_size>
						<values>1000.0, 1000.0, 1000.0, 1000.0, 1000.0, 1000.0, 1000.0, 1000.0, 1000.0, 1000.0, 1000.0, 1000.0, 1000.0, -999.0, -999.0, -999.0, -999.0, -999.0</values>
					</sample_size>
				</sampling_intervals>
			</data>
		</threshold>
		<threshold>
			<threshold_value>GT 0.25486 (Pr=0.275)</threshold_value>
			<data>
				<values>0.47004, 0.01567, 0.48571, 1.0, 0.294, 0.2097, 0.44566, 0.76055, 0.44488, 0.19793, 0.08153, 0.15318, 0.05652, -999.0, -999.0, -999.0, -999.0, -999.0</values>
				<sampling_intervals>
					<main_interval>
						<bounds>0.05, 0.95</bounds>
						<lower_bound>
							<values>0.43249, 0.01185, 0.44827, 1.0, 0.25651, 0.18423, 0.4177, 0.60597, 0.38677, 0.1501, 0.06511, 0.13396, 0.04728, -999.0, -999.0, -999.0, -999.0, -999.0</values>
						</lower_bound>
						<upper_bound>
							<values>0.5159, 0.0257, 0.53514, 1.0, 0.32682, 0.24353, 0.47982, 0.96745, 0.49295, 0.26407, 0.09915, 0.17661, 0.06837, -999.0, -999.0, -999.0, -999.0, -999.0</values>
						</upper_bound>
					</main_interval>
					<sample_size>
						<values>1000.0, 1000.0, 1000.0, 1000.0, 1000.0, 1000.0, 1000.0, 1000.0, 1000.0, 1000.0, 1000.0, 1000.0, 1000.0, -999.0, -999.0, -999.0, -999.0, -999.0</values>
					</sample_size>
				</sampling_intervals>
			</data>
		</threshold>
		<threshold>
			<threshold_value>GT 0.27974 (Pr=0.3)</threshold_value>
			<data>
				<values>0.48501, 0.01325, 0.49826, 1.0, 0.28219, 0.22026, 0.45306, 0.68389, 0.44581, 0.17263, 0.08663, 0.15625, 0.06401, -999.0, -999.0, -999.0, -999.0, -999.0</values>
				<sampling_intervals>
					<main_interval>
						<bounds>0.05, 0.95</bounds>
						<lower_bound>
							<values>0.4478, 0.01076, 0.46022, 1.0, 0.2442, 0.19363, 0.42499, 0.53765, 0.38895, 0.12767, 0.06973, 0.13597, 0.05485, -999.0, -999.0, -999.0, -999.0, -999.0</values>
						</lower_bound>
						<upper_bound>
							<values>0.5306, 0.02247, 0.54861, 1.0, 0.31481, 0.25636, 0.48831, 0.83963, 0.50499, 0.22505, 0.10838, 0.18078, 0.07867, -999.0, -999.0, -999.0, -999.0, -999.0</values>
						</upper_bound>
					</main_interval>
					<sample_size>
						<values>1000.0, 1000.0, 1000.0, 1000.0, 1000.0, 1000.0, 1000.0, 1000.0, 1000.0, 1000.0, 1000.0, 1000.0, 1000.0, -999.0, -999.0, -999.0, -999.0, -999.0</values>
					</sample_size>
				</sampling_intervals>
			</data>
		</threshold>
		<threshold>
			<threshold_value>GT 0.30829 (Pr=0.325)</threshold_value>
			<data>
				<values>0.50668, 0.01424, 0.52092, 1.0, 0.26482, 0.23678, 0.46529, 0.59219, 0.44712, 0.14539, 0.09201, 0.16137, 0.07542, -999.0, -999.0, -999.0, -999.0, -999.0</values>
				<sampling_intervals>
					<main_interval>
						<bounds>0.05, 0.95</bounds>
						<lower_bound>
							<values>0.46496, 0.01085, 0.48034, 1.0, 0.23235, 0.20617, 0.43651, 0.47841, 0.3921, 0.11087, 0.07412, 0.13926, 0.06435, -999.0, -999.0, -999.0, -999.0, -999.0</values>
						</lower_bound>
						<upper_bound>
							<values>0.54512, 0.02115, 0.56449, 1.0, 0.29957, 0.26916, 0.49521, 0.73097, 0.51336, 0.19077, 0.11603, 0.18315, 0.08969, -999.0, -999.0, -999.0, -999.0, -999.0</values>
						</upper_bound>
					</main_interval>
					<sample_size>
						<values>1000.0, 1000.0, 1000.0, 1000.0, 1000.0, 1000.0, 1000.0, 1000.0, 1000.0, 1000.0, 1000.0, 1000.0, 1000.0, -999.0, -999.0, -999.0, -999.0, -999.0</values>
					</sample_size>
				</sampling_intervals>
			</data>
		</threshold>
		<threshold>
			<threshold_value>GT 0.33708 (Pr=0.35)</threshold_value>
			<data>
				<values>0.52228, 0.01368, 0.53596, 1.0, 0.25179, 0.25017, 0.4761, 0.52905, 0.45079, 0.12629, 0.09734, 0.16408, 0.08609, -999.0, -999.0, -999.0, -999.0, -999.0</values>
				<sampling_intervals>
					<main_interval>
						<bounds>0.05, 0.95</bounds>
						<lower_bound>
							<values>0.48316, 0.01111, 0.49811, 1.0, 0.22391, 0.22071, 0.44961, 0.43227, 0.39835, 0.09643, 0.07957, 0.14354, 0.07355, -999.0, -999.0, -999.0, -999.0, -999.0</values>
						</lower_bound>
						<upper_bound>
							<values>0.55745, 0.0209, 0.57512, 1.0, 0.28445, 0.2793, 0.50189, 0.6429, 0.51778, 0.1632, 0.12182, 0.18439, 0.10001, -999.0, -999.0, -999.0, -999.0, -999.0</values>
						</upper_bound>
					</main_interval>
					<sample_size>
						<values>1000.0, 1000.0, 1000.0, 1000.0, 1000.0, 1000.0, 1000.0, 1000.0, 1000.0, 1000.0, 1000.0, 1000.0, 1000.0, -999.0, -999.0, -999.0, -999.0, -999.0</values>
					</sample_size>
				</sampling_intervals>
			</data>
		</threshold>
		<threshold>
			<threshold_value>GT 0.36586 (Pr=0.375)</threshold_value>
			<data>
				<values>0.53731, 0.01501, 0.55232, 1.0, 0.24011, 0.2633, 0.48588, 0.47053, 0.4581, 0.10837, 0.10353, 0.16598, 0.09732, -999.0, -999.0, -999.0, -999.0, -999.0</values>
				<sampling_intervals>
					<main_interval>
						<bounds>0.05, 0.95</bounds>
						<lower_bound>
							<values>0.4991, 0.01222, 0.51472, 1.0, 0.21602, 0.23364, 0.46082, 0.39002, 0.40659, 0.08368, 0.08558, 0.14557, 0.08395, -999.0, -999.0, -999.0, -999.0, -999.0</values>
						</lower_bound>
						<upper_bound>
							<values>0.56589, 0.02093, 0.58415, 1.0, 0.27112, 0.28894, 0.50907, 0.56939, 0.52879, 0.13917, 0.12998, 0.18313, 0.11101, -999.0, -999.0, -999.0, -999.0, -999.0</values>
						</upper_bound>
					</main_interval>
					<sample_size>
						<values>1000.0, 1000.0, 1000.0, 1000.0, 1000.0, 1000.0, 1000.0, 1000.0, 1000.0, 1000.0, 1000.0, 1000.0, 1000.0, -999.0, -999.0, -999.0, -999.0, -999.0</values>
					</sample_size>
				</sampling_intervals>
			</data>
		</threshold>
		<threshold>
			<threshold_value>GT 0.39638 (Pr=0.4)</threshold_value>
			<data>
				<values>0.54338, 0.01657, 0.55995, 1.0, 0.23469, 0.27125, 0.49318, 0.4201, 0.48051, 0.09249, 0.11392, 0.164, 0.10725, -999.0, -999.0, -999.0, -999.0, -999.0</values>
				<sampling_intervals>
					<main_interval>
						<bounds>0.05, 0.95</bounds>
						<lower_bound>
							<values>0.51025, 0.01327, 0.52697, 1.0, 0.20964, 0.24564, 0.47086, 0.35178, 0.41854, 0.07257, 0.09213, 0.14578, 0.09395, -999.0, -999.0, -999.0, -999.0, -999.0</values>
						</lower_bound>
						<upper_bound>
							<values>0.57462, 0.02277, 0.59391, 1.0, 0.2616, 0.29852, 0.51685, 0.50908, 0.54758, 0.12027, 0.13985, 0.18202, 0.1218, -999.0, -999.0, -999.0, -999.0, -999.0</values>
						</upper_bound>
					</main_interval>
					<sample_size>
						<values>1000.0, 1000.0, 1000.0, 1000.0, 1000.0, 1000.0, 1000.0, 1000.0, 1000.0, 1000.0, 1000.0, 1000.0, 1000.0, -999.0, -999.0, -999.0, -999.0, -999.0</values>
					</sample_size>
				</sampling_intervals>
			</data>
		</threshold>
		<threshold>
			<threshold_value>GT 0.43003 (Pr=0.425)</threshold_value>
			<data>
				<values>0.55171, 0.01898, 0.57068, 1.0, 0.22668, 0.28218, 0.5038, 0.37821, 0.50008, 0.07961, 0.12404, 0.16226, 0.11992, -999.0, -999.0, -999.0, -999.0, -999.0</values>
				<sampling_intervals>
					<main_interval>
						<bounds>0.05, 0.95</bounds>
						<lower_bound>
							<values>0.51805, 0.01395, 0.53628, 1.0, 0.203, 0.25458, 0.47935, 0.32052, 0.42992, 0.06361, 0.09861, 0.14536, 0.10399, -999.0, -999.0, -999.0, -999.0, -999.0</values>
						</lower_bound>
						<upper_bound>
							<values>0.58344, 0.0253, 0.60328, 1.0, 0.25435, 0.30797, 0.52306, 0.46079, 0.5685, 0.10404, 0.15109, 0.1805, 0.13314, -999.0, -999.0, -999.0, -999.0, -999.0</values>
						</upper_bound>
					</main_interval>
					<sample_size>
						<values>1000.0, 1000.0, 1000.0, 1000.0, 1000.0, 1000.0, 1000.0, 1000.0, 1000.0, 1000.0, 1000.0, 1000.0, 1000.0, -999.0, -999.0, -999.0, -999.0, -999.0</values>
					</sample_size>
				</sampling_intervals>
			</data>
		</threshold>
		<threshold>
			<threshold_value>GT 0.46524 (Pr=0.45)</threshold_value>
			<data>
				<values>0.5613, 0.01914, 0.58043, 1.0, 0.22039, 0.29106, 0.50938, 0.34704, 0.5127, 0.07128, 0.13145, 0.16106, 0.13, -999.0, -999.0, -999.0, -999.0, -999.0</values>
				<sampling_intervals>
					<main_interval>
						<bounds>0.05, 0.95</bounds>
						<lower_bound>
							<values>0.52517, 0.01433, 0.54645, 1.0, 0.19692, 0.26423, 0.48897, 0.28995, 0.44163, 0.05538, 0.10545, 0.14364, 0.11481, -999.0, -999.0, -999.0, -999.0, -999.0</values>
						</lower_bound>
						<upper_bound>
							<values>0.5943, 0.02765, 0.61501, 1.0, 0.24756, 0.31779, 0.52975, 0.41792, 0.59415, 0.0919, 0.16298, 0.17932, 0.14506, -999.0, -999.0, -999.0, -999.0, -999.0</values>
						</upper_bound>
					</main_interval>
					<sample_size>
						<values>1000.0, 1000.0, 1000.0, 1000.0, 1000.0, 1000.0, 1000.0, 1000.0, 1000.0, 1000.0, 1000.0, 1000.0, 1000.0, -999.0, -999.0, -999.0, -999.0, -999.0</values>
					</sample_size>
				</sampling_intervals>
			</data>
		</threshold>
		<threshold>
			<threshold_value>GT 0.50448 (Pr=0.475)</threshold_value>
			<data>
				<values>0.57165, 0.02024, 0.5919, 1.0, 0.21226, 0.30256, 0.51865, 0.31709, 0.52777, 0.06293, 0.13942, 0.15978, 0.14278, -999.0, -999.0, -999.0, -999.0, -999.0</values>
				<sampling_intervals>
					<main_interval>
						<bounds>0.05, 0.95</bounds>
						<lower_bound>
							<values>0.53366, 0.01559, 0.55584, 1.0, 0.19154, 0.27452, 0.49706, 0.26733, 0.45862, 0.04925, 0.11349, 0.14286, 0.12671, -999.0, -999.0, -999.0, -999.0, -999.0</values>
						</lower_bound>
						<upper_bound>
							<values>0.60108, 0.02954, 0.62367, 1.0, 0.24012, 0.32792, 0.53734, 0.37785, 0.61768, 0.08057, 0.17412, 0.17576, 0.15748, -999.0, -999.0, -999.0, -999.0, -999.0</values>
						</upper_bound>
					</main_interval>
					<sample_size>
						<values>1000.0, 1000.0, 1000.0, 1000.0, 1000.0, 1000.0, 1000.0, 1000.0, 1000.0, 1000.0, 1000.0, 1000.0, 1000.0, -999.0, -999.0, -999.0, -999.0, -999.0</values>
					</sample_size>
				</sampling_intervals>
			</data>
		</threshold>
		<threshold>
			<threshold_value>GT 0.54201 (Pr=0.5)</threshold_value>
			<data>
				<values>0.57776, 0.02314, 0.60089, 1.0, 0.20807, 0.31073, 0.5249, 0.28658, 0.55698, 0.05521, 0.15219, 0.1559, 0.15483, -999.0, -999.0, -999.0, -999.0, -999.0</values>
				<sampling_intervals>
					<main_interval>
						<bounds>0.05, 0.95</bounds>
						<lower_bound>
							<values>0.53992, 0.01734, 0.5632, 1.0, 0.18906, 0.2838, 0.5041, 0.24482, 0.48744, 0.04369, 0.12459, 0.14035, 0.13753, -999.0, -999.0, -999.0, -999.0, -999.0</values>
						</lower_bound>
						<upper_bound>
							<values>0.60429, 0.03233, 0.62966, 1.0, 0.23411, 0.33439, 0.54364, 0.34408, 0.6469, 0.07092, 0.18839, 0.17104, 0.16974, -999.0, -999.0, -999.0, -999.0, -999.0</values>
						</upper_bound>
					</main_interval>
					<sample_size>
						<values>1000.0, 1000.0, 1000.0, 1000.0, 1000.0, 1000.0, 1000.0, 1000.0, 1000.0, 1000.0, 1000.0, 1000.0, 1000.0, -999.0, -999.0, -999.0, -999.0, -999.0</values>
					</sample_size>
				</sampling_intervals>
			</data>
		</threshold>
		<threshold>
			<threshold_value>GT 0.58144 (Pr=0.525)</threshold_value>
			<data>
				<values>0.57585, 0.02606, 0.60192, 1.0, 0.2073, 0.31609, 0.53294, 0.26193, 0.60283, 0.0483, 0.16974, 0.15041, 0.16568, -999.0, -999.0, -999.0, -999.0, -999.0</values>
				<sampling_intervals>
					<main_interval>
						<bounds>0.05, 0.95</bounds>
						<lower_bound>
							<values>0.54139, 0.01936, 0.56834, 1.0, 0.18795, 0.2897, 0.51191, 0.22486, 0.5205, 0.0386, 0.13771, 0.13564, 0.14795, -999.0, -999.0, -999.0, -999.0, -999.0</values>
						</lower_bound>
						<upper_bound>
							<values>0.60485, 0.03503, 0.63008, 1.0, 0.2315, 0.33924, 0.55057, 0.31448, 0.69505, 0.0625, 0.20791, 0.16509, 0.18102, -999.0, -999.0, -999.0, -999.0, -999.0</values>
						</upper_bound>
					</main_interval>
					<sample_size>
						<values>1000.0, 1000.0, 1000.0, 1000.0, 1000.0, 1000.0, 1000.0, 1000.0, 1000.0, 1000.0, 1000.0, 1000.0, 1000.0, -999.0, -999.0, -999.0, -999.0, -999.0</values>
					</sample_size>
				</sampling_intervals>
			</data>
		</threshold>
		<threshold>
			<threshold_value>GT 0.62382 (Pr=0.55)</threshold_value>
			<data>
				<values>0.57164, 0.0281, 0.59973, 1.0, 0.20805, 0.31918, 0.53948, 0.24577, 0.64942, 0.0436, 0.18798, 0.14438, 0.1748, -999.0, -999.0, -999.0, -999.0, -999.0</values>
				<sampling_intervals>
					<main_interval>
						<bounds>0.05, 0.95</bounds>
						<lower_bound>
							<values>0.53726, 0.02112, 0.56872, 1.0, 0.18846, 0.2952, 0.51964, 0.20965, 0.56486, 0.03425, 0.1545, 0.13063, 0.1583, -999.0, -999.0, -999.0, -999.0, -999.0</values>
						</lower_bound>
						<upper_bound>
							<values>0.60114, 0.03954, 0.62945, 1.0, 0.23205, 0.34349, 0.55781, 0.28896, 0.74693, 0.05467, 0.2302, 0.1585, 0.19133, -999.0, -999.0, -999.0, -999.0, -999.0</values>
						</upper_bound>
					</main_interval>
					<sample_size>
						<values>1000.0, 1000.0, 1000.0, 1000.0, 1000.0, 1000.0, 1000.0, 1000.0, 1000.0, 1000.0, 1000.0, 1000.0, 1000.0, -999.0, -999.0, -999.0, -999.0, -999.0</values>
					</sample_size>
				</sampling_intervals>
			</data>
		</threshold>
		<threshold>
			<threshold_value>GT 0.66187 (Pr=0.575)</threshold_value>
			<data>
				<values>0.566, 0.03441, 0.60042, 1.0, 0.20991, 0.32527, 0.54935, 0.22041, 0.72254, 0.03648, 0.21699, 0.13835, 0.18691, -999.0, -999.0, -999.0, -999.0, -999.0</values>
				<sampling_intervals>
					<main_interval>
						<bounds>0.05, 0.95</bounds>
						<lower_bound>
							<values>0.53012, 0.02457, 0.56866, 1.0, 0.18933, 0.29976, 0.52826, 0.19358, 0.61504, 0.03013, 0.17481, 0.12511, 0.16828, -999.0, -999.0, -999.0, -999.0, -999.0</values>
						</lower_bound>
						<upper_bound>
							<values>0.5972, 0.04478, 0.62818, 1.0, 0.23315, 0.34664, 0.56617, 0.26515, 0.8252, 0.04751, 0.26005, 0.15186, 0.2022, -999.0, -999.0, -999.0, -999.0, -999.0</values>
						</upper_bound>
					</main_interval>
					<sample_size>
						<values>1000.0, 1000.0, 1000.0, 1000.0, 1000.0, 1000.0, 1000.0, 1000.0, 1000.0, 1000.0, 1000.0, 1000.0, 1000.0, -999.0, -999.0, -999.0, -999.0, -999.0</values>
					</sample_size>
				</sampling_intervals>
			</data>
		</threshold>
		<threshold>
			<threshold_value>GT 0.70991 (Pr=0.6)</threshold_value>
			<data>
				<values>0.55735, 0.03677, 0.59412, 1.0, 0.21203, 0.32664, 0.55726, 0.21324, 0.77972, 0.03391, 0.23833, 0.13228, 0.19436, -999.0, -999.0, -999.0, -999.0, -999.0</values>
				<sampling_intervals>
					<main_interval>
						<bounds>0.05, 0.95</bounds>
						<lower_bound>
							<values>0.52179, 0.02787, 0.56395, 1.0, 0.1923, 0.30211, 0.53751, 0.18062, 0.68175, 0.02665, 0.19888, 0.11906, 0.17775, -999.0, -999.0, -999.0, -999.0, -999.0</values>
						</lower_bound>
						<upper_bound>
							<values>0.58814, 0.05176, 0.62461, 1.0, 0.23576, 0.34919, 0.57581, 0.24504, 0.91357, 0.04192, 0.29236, 0.14378, 0.21216, -999.0, -999.0, -999.0, -999.0, -999.0</values>
						</upper_bound>
					</main_interval>
					<sample_size>
						<values>1000.0, 1000.0, 1000.0, 1000.0, 1000.0, 1000.0, 1000.0, 1000.0, 1000.0, 1000.0, 1000.0, 1000.0, 1000.0, -999.0, -999.0, -999.0, -999.0, -999.0</values>
					</sample_size>
				</sampling_intervals>
			</data>
		</threshold>
		<threshold>
			<threshold_value>GT 0.75905 (Pr=0.625)</threshold_value>
			<data>
				<values>0.54971, 0.04319, 0.5929, 1.0, 0.21495, 0.33017, 0.56551, 0.19858, 0.86226, 0.03001, 0.27143, 0.12522, 0.20495, -999.0, -999.0, -999.0, -999.0, -999.0</values>
				<sampling_intervals>
					<main_interval>
						<bounds>0.05, 0.95</bounds>
						<lower_bound>
							<values>0.51088, 0.03275, 0.5609, 1.0, 0.19485, 0.30516, 0.54698, 0.17088, 0.75207, 0.02377, 0.22593, 0.11253, 0.18747, -999.0, -999.0, -999.0, -999.0, -999.0</values>
						</lower_bound>
						<upper_bound>
							<values>0.5802, 0.05747, 0.62106, 1.0, 0.23928, 0.35268, 0.58482, 0.22916, 1.00831, 0.03759, 0.33222, 0.13588, 0.22242, -999.0, -999.0, -999.0, -999.0, -999.0</values>
						</upper_bound>
					</main_interval>
					<sample_size>
						<values>1000.0, 1000.0, 1000.0, 1000.0, 1000.0, 1000.0, 1000.0, 1000.0, 1000.0, 1000.0, 1000.0, 1000.0, 1000.0, -999.0, -999.0, -999.0, -999.0, -999.0</values>
					</sample_size>
				</sampling_intervals>
			</data>
		</threshold>
		<threshold>
			<threshold_value>GT 0.81462 (Pr=0.65)</threshold_value>
			<data>
				<values>0.54328, 0.05054, 0.59382, 1.0, 0.21668, 0.33534, 0.57539, 0.18652, 0.95421, 0.0265, 0.3091, 0.11803, 0.21731, -999.0, -999.0, -999.0, -999.0, -999.0</values>
				<sampling_intervals>
					<main_interval>
						<bounds>0.05, 0.95</bounds>
						<lower_bound>
							<values>0.50225, 0.03816, 0.55945, 1.0, 0.19786, 0.30902, 0.55533, 0.16209, 0.82657, 0.02149, 0.25699, 0.10603, 0.19844, -999.0, -999.0, -999.0, -999.0, -999.0</values>
						</lower_bound>
						<upper_bound>
							<values>0.57295, 0.06496, 0.6198, 1.0, 0.24217, 0.35509, 0.59272, 0.21752, 1.11703, 0.03371, 0.37499, 0.12784, 0.23356, -999.0, -999.0, -999.0, -999.0, -999.0</values>
						</upper_bound>
					</main_interval>
					<sample_size>
						<values>1000.0, 1000.0, 1000.0, 1000.0, 1000.0, 1000.0, 1000.0, 1000.0, 1000.0, 1000.0, 1000.0, 1000.0, 1000.0, -999.0, -999.0, -999.0, -999.0, -999.0</values>
					</sample_size>
				</sampling_intervals>
			</data>
		</threshold>
		<threshold>
			<threshold_value>GT 0.88311 (Pr=0.675)</threshold_value>
			<data>
				<values>0.5311, 0.05396, 0.58505, 1.0, 0.2213, 0.33372, 0.58133, 0.18397, 1.05668, 0.02524, 0.34912, 0.10896, 0.22477, -999.0, -999.0, -999.0, -999.0, -999.0</values>
				<sampling_intervals>
					<main_interval>
						<bounds>0.05, 0.95</bounds>
						<lower_bound>
							<values>0.49391, 0.04354, 0.55822, 1.0, 0.201, 0.31158, 0.56205, 0.15508, 0.91109, 0.01943, 0.29083, 0.09953, 0.20781, -999.0, -999.0, -999.0, -999.0, -999.0</values>
						</lower_bound>
						<upper_bound>
							<values>0.56399, 0.07298, 0.61757, 1.0, 0.24436, 0.35702, 0.60165, 0.2062, 1.2345, 0.0305, 0.42442, 0.11975, 0.24414, -999.0, -999.0, -999.0, -999.0, -999.0</values>
						</upper_bound>
					</main_interval>
					<sample_size>
						<values>1000.0, 1000.0, 1000.0, 1000.0, 1000.0, 1000.0, 1000.0, 1000.0, 1000.0, 1000.0, 1000.0, 1000.0, 1000.0, -999.0, -999.0, -999.0, -999.0, -999.0</values>
					</sample_size>
				</sampling_intervals>
			</data>
		</threshold>
		<threshold>
			<threshold_value>GT 0.94867 (Pr=0.7)</threshold_value>
			<data>
				<values>0.5259, 0.06408, 0.58997, 1.0, 0.22246, 0.34085, 0.5925, 0.17134, 1.1711, 0.02206, 0.3952, 0.10322, 0.23763, -999.0, -999.0, -999.0, -999.0, -999.0</values>
				<sampling_intervals>
					<main_interval>
						<bounds>0.05, 0.95</bounds>
						<lower_bound>
							<values>0.48592, 0.05057, 0.55926, 1.0, 0.20253, 0.31778, 0.57188, 0.1487, 1.01144, 0.01767, 0.32849, 0.09301, 0.21972, -999.0, -999.0, -999.0, -999.0, -999.0</values>
						</lower_bound>
						<upper_bound>
							<values>0.5582, 0.0814, 0.61795, 1.0, 0.24607, 0.36221, 0.61246, 0.19331, 1.37116, 0.0269, 0.48002, 0.1122, 0.25587, -999.0, -999.0, -999.0, -999.0, -999.0</values>
						</upper_bound>
					</main_interval>
					<sample_size>
						<values>1000.0, 1000.0, 1000.0, 1000.0, 1000.0, 1000.0, 1000.0, 1000.0, 1000.0, 1000.0, 1000.0, 1000.0, 1000.0, -999.0, -999.0, -999.0, -999.0, -999.0</values>
					</sample_size>
				</sampling_intervals>
			</data>
		</threshold>
		<threshold>
			<threshold_value>GT 1.02801 (Pr=0.725)</threshold_value>
			<data>
				<values>0.52234, 0.07113, 0.59347, 1.0, 0.22185, 0.3488, 0.60461, 0.16198, 1.29858, 0.0195, 0.44501, 0.09687, 0.25192, -999.0, -999.0, -999.0, -999.0, -999.0</values>
				<sampling_intervals>
					<main_interval>
						<bounds>0.05, 0.95</bounds>
						<lower_bound>
							<values>0.48212, 0.05683, 0.56263, 1.0, 0.20411, 0.32643, 0.58388, 0.14156, 1.12637, 0.01566, 0.37353, 0.08716, 0.23327, -999.0, -999.0, -999.0, -999.0, -999.0</values>
						</lower_bound>
						<upper_bound>
							<values>0.55052, 0.08984, 0.61782, 1.0, 0.2458, 0.36835, 0.62521, 0.18395, 1.5283, 0.02388, 0.53947, 0.10477, 0.26969, -999.0, -999.0, -999.0, -999.0, -999.0</values>
						</upper_bound>
					</main_interval>
					<sample_size>
						<values>1000.0, 1000.0, 1000.0, 1000.0, 1000.0, 1000.0, 1000.0, 1000.0, 1000.0, 1000.0, 1000.0, 1000.0, 1000.0, -999.0, -999.0, -999.0, -999.0, -999.0</values>
					</sample_size>
				</sampling_intervals>
			</data>
		</threshold>
		<threshold>
			<threshold_value>GT 1.12102 (Pr=0.75)</threshold_value>
			<data>
				<values>0.50535, 0.08089, 0.58624, 1.0, 0.2277, 0.35123, 0.61817, 0.15788, 1.50382, 0.01741, 0.526, 0.08788, 0.26335, -999.0, -999.0, -999.0, -999.0, -999.0</values>
				<sampling_intervals>
					<main_interval>
						<bounds>0.05, 0.95</bounds>
						<lower_bound>
							<values>0.47152, 0.06327, 0.56272, 1.0, 0.20723, 0.33212, 0.5945, 0.13683, 1.27401, 0.01391, 0.43339, 0.08032, 0.24662, -999.0, -999.0, -999.0, -999.0, -999.0</values>
						</lower_bound>
						<upper_bound>
							<values>0.54011, 0.10079, 0.61377, 1.0, 0.24748, 0.37335, 0.64084, 0.17715, 1.73951, 0.02121, 0.62515, 0.09655, 0.28243, -999.0, -999.0, -999.0, -999.0, -999.0</values>
						</upper_bound>
					</main_interval>
					<sample_size>
						<values>1000.0, 1000.0, 1000.0, 1000.0, 1000.0, 1000.0, 1000.0, 1000.0, 1000.0, 1000.0, 1000.0, 1000.0, 1000.0, -999.0, -999.0, -999.0, -999.0, -999.0</values>
					</sample_size>
				</sampling_intervals>
			</data>
		</threshold>
		<threshold>
			<threshold_value>GT 1.16125 (Pr=0.76)</threshold_value>
			<data>
				<values>0.50538, 0.08447, 0.58986, 1.0, 0.22607, 0.35728, 0.62582, 0.15184, 1.57817, 0.01621, 0.55268, 0.08586, 0.27142, -999.0, -999.0, -999.0, -999.0, -999.0</values>
				<sampling_intervals>
					<main_interval>
						<bounds>0.05, 0.95</bounds>
						<lower_bound>
							<values>0.46595, 0.06591, 0.56072, 1.0, 0.20777, 0.33426, 0.60041, 0.13635, 1.34576, 0.01336, 0.4579, 0.0776, 0.25172, -999.0, -999.0, -999.0, -999.0, -999.0</values>
						</lower_bound>
						<upper_bound>
							<values>0.53617, 0.10459, 0.61088, 1.0, 0.24916, 0.37533, 0.64697, 0.17478, 1.83064, 0.02041, 0.66133, 0.09317, 0.28764, -999.0, -999.0, -999.0, -999.0, -999.0</values>
						</upper_bound>
					</main_interval>
					<sample_size>
						<values>1000.0, 1000.0, 1000.0, 1000.0, 1000.0, 1000.0, 1000.0, 1000.0, 1000.0, 1000.0, 1000.0, 1000.0, 1000.0, -999.0, -999.0, -999.0, -999.0, -999.0</values>
					</sample_size>
				</sampling_intervals>
			</data>
		</threshold>
		<threshold>
			<threshold_value>GT 1.21439 (Pr=0.77)</threshold_value>
			<data>
				<values>0.50024, 0.08372, 0.58396, 1.0, 0.22708, 0.35575, 0.62842, 0.15484, 1.6482, 0.01618, 0.57673, 0.08217, 0.27358, -999.0, -999.0, -999.0, -999.0, -999.0</values>
				<sampling_intervals>
					<main_interval>
						<bounds>0.05, 0.95</bounds>
						<lower_bound>
							<values>0.46297, 0.06786, 0.55872, 1.0, 0.209, 0.33532, 0.60565, 0.13491, 1.42425, 0.0128, 0.48337, 0.0745, 0.25627, -999.0, -999.0, -999.0, -999.0, -999.0</values>
						</lower_bound>
						<upper_bound>
							<values>0.53077, 0.10875, 0.60776, 1.0, 0.24953, 0.37759, 0.6543, 0.17414, 1.93344, 0.01975, 0.70293, 0.08983, 0.29262, -999.0, -999.0, -999.0, -999.0, -999.0</values>
						</upper_bound>
					</main_interval>
					<sample_size>
						<values>1000.0, 1000.0, 1000.0, 1000.0, 1000.0, 1000.0, 1000.0, 1000.0, 1000.0, 1000.0, 1000.0, 1000.0, 1000.0, -999.0, -999.0, -999.0, -999.0, -999.0</values>
					</sample_size>
				</sampling_intervals>
			</data>
		</threshold>
		<threshold>
			<threshold_value>GT 1.26092 (Pr=0.78)</threshold_value>
			<data>
				<values>0.49302, 0.08771, 0.58072, 1.0, 0.22785, 0.3577, 0.63684, 0.15401, 1.75666, 0.01547, 0.6127, 0.07878, 0.27892, -999.0, -999.0, -999.0, -999.0, -999.0</values>
				<sampling_intervals>
					<main_interval>
						<bounds>0.05, 0.95</bounds>
						<lower_bound>
							<values>0.45522, 0.0707, 0.55588, 1.0, 0.21036, 0.33559, 0.61054, 0.13386, 1.5144, 0.01228, 0.50972, 0.07162, 0.25979, -999.0, -999.0, -999.0, -999.0, -999.0</values>
						</lower_bound>
						<upper_bound>
							<values>0.52362, 0.11262, 0.60438, 1.0, 0.25077, 0.37829, 0.66169, 0.174, 2.04452, 0.01916, 0.73744, 0.08601, 0.29725, -999.0, -999.0, -999.0, -999.0, -999.0</values>
						</upper_bound>
					</main_interval>
					<sample_size>
						<values>1000.0, 1000.0, 1000.0, 1000.0, 1000.0, 1000.0, 1000.0, 1000.0, 1000.0, 1000.0, 1000.0, 1000.0, 1000.0, -999.0, -999.0, -999.0, -999.0, -999.0</values>
					</sample_size>
				</sampling_intervals>
			</data>
		</threshold>
		<threshold>
			<threshold_value>GT 1.31441 (Pr=0.79)</threshold_value>
			<data>
				<values>0.4856, 0.09093, 0.57653, 1.0, 0.22997, 0.35647, 0.64091, 0.15502, 1.86036, 0.0152, 0.64802, 0.07512, 0.28135, -999.0, -999.0, -999.0, -999.0, -999.0</values>
				<sampling_intervals>
					<main_interval>
						<bounds>0.05, 0.95</bounds>
						<lower_bound>
							<values>0.44921, 0.07368, 0.55253, 1.0, 0.21201, 0.33605, 0.61506, 0.13433, 1.6075, 0.01194, 0.54235, 0.0682, 0.26347, -999.0, -999.0, -999.0, -999.0, -999.0</values>
						</lower_bound>
						<upper_bound>
							<values>0.51738, 0.11595, 0.60214, 1.0, 0.25167, 0.37866, 0.66787, 0.17489, 2.16488, 0.01837, 0.78385, 0.08213, 0.30163, -999.0, -999.0, -999.0, -999.0, -999.0</values>
						</upper_bound>
					</main_interval>
					<sample_size>
						<values>1000.0, 1000.0, 1000.0, 1000.0, 1000.0, 1000.0, 1000.0, 1000.0, 1000.0, 1000.0, 1000.0, 1000.0, 1000.0, -999.0, -999.0, -999.0, -999.0, -999.0</values>
					</sample_size>
				</sampling_intervals>
			</data>
		</threshold>
		<threshold>
			<threshold_value>GT 1.368 (Pr=0.8)</threshold_value>
			<data>
				<values>0.48036, 0.09308, 0.57345, 1.0, 0.2305, 0.35707, 0.64621, 0.15655, 1.95881, 0.01479, 0.68128, 0.07194, 0.28514, -999.0, -999.0, -999.0, -999.0, -999.0</values>
				<sampling_intervals>
					<main_interval>
						<bounds>0.05, 0.95</bounds>
						<lower_bound>
							<values>0.44165, 0.07518, 0.54928, 1.0, 0.21357, 0.33476, 0.61781, 0.13417, 1.70599, 0.01149, 0.57331, 0.0648, 0.26654, -999.0, -999.0, -999.0, -999.0, -999.0</values>
						</lower_bound>
						<upper_bound>
							<values>0.51114, 0.11868, 0.60006, 1.0, 0.25267, 0.37998, 0.67425, 0.1755, 2.2939, 0.01795, 0.82884, 0.07852, 0.30556, -999.0, -999.0, -999.0, -999.0, -999.0</values>
						</upper_bound>
					</main_interval>
					<sample_size>
						<values>1000.0, 1000.0, 1000.0, 1000.0, 1000.0, 1000.0, 1000.0, 1000.0, 1000.0, 1000.0, 1000.0, 1000.0, 1000.0, -999.0, -999.0, -999.0, -999.0, -999.0</values>
					</sample_size>
				</sampling_intervals>
			</data>
		</threshold>
		<threshold>
			<threshold_value>GT 1.42878 (Pr=0.81)</threshold_value>
			<data>
				<values>0.47695, 0.09654, 0.57349, 1.0, 0.2313, 0.35783, 0.64958, 0.15572, 2.07621, 0.01429, 0.72258, 0.06844, 0.28939, -999.0, -999.0, -999.0, -999.0, -999.0</values>
				<sampling_intervals>
					<main_interval>
						<bounds>0.05, 0.95</bounds>
						<lower_bound>
							<values>0.4363, 0.07721, 0.54567, 1.0, 0.21516, 0.33319, 0.61898, 0.1358, 1.80954, 0.01133, 0.60579, 0.0613, 0.26799, -999.0, -999.0, -999.0, -999.0, -999.0</values>
						</lower_bound>
						<upper_bound>
							<values>0.50712, 0.1222, 0.59684, 1.0, 0.25408, 0.3799, 0.67654, 0.17889, 2.43193, 0.0177, 0.88101, 0.07433, 0.30914, -999.0, -999.0, -999.0, -999.0, -999.0</values>
						</upper_bound>
					</main_interval>
					<sample_size>
						<values>1000.0, 1000.0, 1000.0, 1000.0, 1000.0, 1000.0, 1000.0, 1000.0, 1000.0, 1000.0, 1000.0, 1000.0, 1000.0, -999.0, -999.0, -999.0, -999.0, -999.0</values>
					</sample_size>
				</sampling_intervals>
			</data>
		</threshold>
		<threshold>
			<threshold_value>GT 1.50059 (Pr=0.82)</threshold_value>
			<data>
				<values>0.47291, 0.09527, 0.56818, 1.0, 0.23366, 0.35226, 0.64569, 0.16171, 2.18974, 0.01452, 0.7627, 0.06347, 0.2888, -999.0, -999.0, -999.0, -999.0, -999.0</values>
				<sampling_intervals>
					<main_interval>
						<bounds>0.05, 0.95</bounds>
						<lower_bound>
							<values>0.43196, 0.0783, 0.54168, 1.0, 0.2175, 0.32779, 0.61688, 0.13793, 1.90475, 0.0112, 0.6436, 0.05731, 0.26818, -999.0, -999.0, -999.0, -999.0, -999.0</values>
						</lower_bound>
						<upper_bound>
							<values>0.50181, 0.12516, 0.59402, 1.0, 0.25568, 0.37743, 0.67978, 0.18588, 2.58608, 0.01773, 0.93285, 0.07017, 0.31132, -999.0, -999.0, -999.0, -999.0, -999.0</values>
						</upper_bound>
					</main_interval>
					<sample_size>
						<values>1000.0, 1000.0, 1000.0, 1000.0, 1000.0, 1000.0, 1000.0, 1000.0, 1000.0, 1000.0, 1000.0, 1000.0, 1000.0, -999.0, -999.0, -999.0, -999.0, -999.0</values>
					</sample_size>
				</sampling_intervals>
			</data>
		</threshold>
		<threshold>
			<threshold_value>GT 1.56945 (Pr=0.83)</threshold_value>
			<data>
				<values>0.46389, 0.09668, 0.56057, 1.0, 0.23819, 0.34476, 0.64268, 0.16962, 2.30378, 0.01487, 0.80282, 0.0592, 0.28556, -999.0, -999.0, -999.0, -999.0, -999.0</values>
				<sampling_intervals>
					<main_interval>
						<bounds>0.05, 0.95</bounds>
						<lower_bound>
							<values>0.42409, 0.07963, 0.53766, 1.0, 0.21975, 0.32221, 0.61373, 0.14243, 1.9927, 0.01137, 0.67737, 0.05328, 0.26738, -999.0, -999.0, -999.0, -999.0, -999.0</values>
						</lower_bound>
						<upper_bound>
							<values>0.49744, 0.12654, 0.5892, 1.0, 0.25944, 0.37375, 0.67894, 0.19116, 2.74104, 0.01747, 0.98863, 0.06552, 0.31153, -999.0, -999.0, -999.0, -999.0, -999.0</values>
						</upper_bound>
					</main_interval>
					<sample_size>
						<values>1000.0, 1000.0, 1000.0, 1000.0, 1000.0, 1000.0, 1000.0, 1000.0, 1000.0, 1000.0, 1000.0, 1000.0, 1000.0, -999.0, -999.0, -999.0, -999.0, -999.0</values>
					</sample_size>
				</sampling_intervals>
			</data>
		</threshold>
		<threshold>
			<threshold_value>GT 1.64811 (Pr=0.84)</threshold_value>
			<data>
				<values>0.46301, 0.10045, 0.56347, 1.0, 0.23892, 0.34401, 0.64207, 0.17228, 2.4386, 0.01442, 0.85381, 0.05536, 0.28865, -999.0, -999.0, -999.0, -999.0, -999.0</values>
				<sampling_intervals>
					<main_interval>
						<bounds>0.05, 0.95</bounds>
						<lower_bound>
							<values>0.42008, 0.08181, 0.53458, 1.0, 0.22054, 0.32045, 0.61149, 0.1475, 2.10799, 0.01145, 0.71791, 0.04962, 0.26852, -999.0, -999.0, -999.0, -999.0, -999.0</values>
						</lower_bound>
						<upper_bound>
							<values>0.4966, 0.12725, 0.59065, 1.0, 0.26135, 0.36911, 0.67576, 0.19385, 2.90772, 0.01724, 1.04307, 0.06101, 0.31107, -999.0, -999.0, -999.0, -999.0, -999.0</values>
						</upper_bound>
					</main_interval>
					<sample_size>
						<values>1000.0, 1000.0, 1000.0, 1000.0, 1000.0, 1000.0, 1000.0, 1000.0, 1000.0, 1000.0, 1000.0, 1000.0, 1000.0, -999.0, -999.0, -999.0, -999.0, -999.0</values>
					</sample_size>
				</sampling_intervals>
			</data>
		</threshold>
		<threshold>
			<threshold_value>GT 1.73059 (Pr=0.85)</threshold_value>
			<data>
				<values>0.46223, 0.10151, 0.56374, 1.0, 0.23975, 0.34115, 0.63917, 0.17554, 2.58961, 0.01418, 0.90323, 0.05119, 0.28996, -999.0, -999.0, -999.0, -999.0, -999.0</values>
				<sampling_intervals>
					<main_interval>
						<bounds>0.05, 0.95</bounds>
						<lower_bound>
							<values>0.41882, 0.0837, 0.53534, 1.0, 0.22107, 0.31809, 0.60833, 0.15256, 2.22105, 0.01144, 0.75548, 0.04615, 0.27044, -999.0, -999.0, -999.0, -999.0, -999.0</values>
						</lower_bound>
						<upper_bound>
							<values>0.49651, 0.12867, 0.59286, 1.0, 0.26186, 0.36494, 0.67367, 0.19658, 3.08301, 0.01686, 1.10911, 0.05684, 0.31048, -999.0, -999.0, -999.0, -999.0, -999.0</values>
						</upper_bound>
					</main_interval>
					<sample_size>
						<values>1000.0, 1000.0, 1000.0, 1000.0, 1000.0, 1000.0, 1000.0, 1000.0, 1000.0, 1000.0, 1000.0, 1000.0, 1000.0, -999.0, -999.0, -999.0, -999.0, -999.0</values>
					</sample_size>
				</sampling_intervals>
			</data>
		</threshold>
		<threshold>
			<threshold_value>GT 1.82914 (Pr=0.86)</threshold_value>
			<data>
				<values>0.46345, 0.10456, 0.56801, 1.0, 0.24008, 0.34045, 0.63692, 0.17732, 2.73058, 0.0137, 0.95512, 0.0479, 0.29255, -999.0, -999.0, -999.0, -999.0, -999.0</values>
				<sampling_intervals>
					<main_interval>
						<bounds>0.05, 0.95</bounds>
						<lower_bound>
							<values>0.41911, 0.08675, 0.53755, 1.0, 0.22132, 0.31779, 0.605, 0.15612, 2.3362, 0.01126, 0.79657, 0.04276, 0.27299, -999.0, -999.0, -999.0, -999.0, -999.0</values>
						</lower_bound>
						<upper_bound>
							<values>0.49749, 0.12984, 0.59568, 1.0, 0.26307, 0.36324, 0.67142, 0.20025, 3.26637, 0.01631, 1.17506, 0.05287, 0.31313, -999.0, -999.0, -999.0, -999.0, -999.0</values>
						</upper_bound>
					</main_interval>
					<sample_size>
						<values>1000.0, 1000.0, 1000.0, 1000.0, 1000.0, 1000.0, 1000.0, 1000.0, 1000.0, 1000.0, 1000.0, 1000.0, 1000.0, -999.0, -999.0, -999.0, -999.0, -999.0</values>
					</sample_size>
				</sampling_intervals>
			</data>
		</threshold>
		<threshold>
			<threshold_value>GT 1.93454 (Pr=0.87)</threshold_value>
			<data>
				<values>0.46054, 0.10882, 0.56936, 1.0, 0.24231, 0.33796, 0.63512, 0.18152, 2.9291, 0.01321, 1.02888, 0.04403, 0.29394, -999.0, -999.0, -999.0, -999.0, -999.0</values>
				<sampling_intervals>
					<main_interval>
						<bounds>0.05, 0.95</bounds>
						<lower_bound>
							<values>0.41865, 0.09003, 0.54044, 1.0, 0.22167, 0.31562, 0.6024, 0.15825, 2.47249, 0.01081, 0.84754, 0.03956, 0.27429, -999.0, -999.0, -999.0, -999.0, -999.0</values>
						</lower_bound>
						<upper_bound>
							<values>0.49869, 0.13359, 0.59973, 1.0, 0.26461, 0.36281, 0.66868, 0.2032, 3.46152, 0.01568, 1.25445, 0.04907, 0.31616, -999.0, -999.0, -999.0, -999.0, -999.0</values>
						</upper_bound>
					</main_interval>
					<sample_size>
						<values>1000.0, 1000.0, 1000.0, 1000.0, 1000.0, 1000.0, 1000.0, 1000.0, 1000.0, 1000.0, 1000.0, 1000.0, 1000.0, -999.0, -999.0, -999.0, -999.0, -999.0</values>
					</sample_size>
				</sampling_intervals>
			</data>
		</threshold>
		<threshold>
			<threshold_value>GT 2.05932 (Pr=0.88)</threshold_value>
			<data>
				<values>0.46761, 0.10977, 0.57738, 1.0, 0.24025, 0.3379, 0.63004, 0.184, 3.06515, 0.01271, 1.07487, 0.04086, 0.29704, -999.0, -999.0, -999.0, -999.0, -999.0</values>
				<sampling_intervals>
					<main_interval>
						<bounds>0.05, 0.95</bounds>
						<lower_bound>
							<values>0.41843, 0.09543, 0.54287, 1.0, 0.2233, 0.31253, 0.60412, 0.16076, 2.69118, 0.01032, 0.91587, 0.03632, 0.27485, -999.0, -999.0, -999.0, -999.0, -999.0</values>
						</lower_bound>
						<upper_bound>
							<values>0.4947, 0.13755, 0.60316, 1.0, 0.26622, 0.36322, 0.66796, 0.20587, 3.72459, 0.01496, 1.35273, 0.04547, 0.31982, -999.0, -999.0, -999.0, -999.0, -999.0</values>
						</upper_bound>
					</main_interval>
					<sample_size>
						<values>1000.0, 1000.0, 1000.0, 1000.0, 1000.0, 1000.0, 1000.0, 1000.0, 1000.0, 1000.0, 1000.0, 1000.0, 1000.0, -999.0, -999.0, -999.0, -999.0, -999.0</values>
					</sample_size>
				</sampling_intervals>
			</data>
		</threshold>
		<threshold>
			<threshold_value>GT 2.16972 (Pr=0.89)</threshold_value>
			<data>
				<values>0.45983, 0.11994, 0.57977, 1.0, 0.2426, 0.34037, 0.63795, 0.18267, 3.40242, 0.01164, 1.19645, 0.03779, 0.30258, -999.0, -999.0, -999.0, -999.0, -999.0</values>
				<sampling_intervals>
					<main_interval>
						<bounds>0.05, 0.95</bounds>
						<lower_bound>
							<values>0.41567, 0.09964, 0.54653, 1.0, 0.22192, 0.31365, 0.6047, 0.16214, 2.91664, 0.00961, 0.98366, 0.03322, 0.2789, -999.0, -999.0, -999.0, -999.0, -999.0</values>
						</lower_bound>
						<upper_bound>
							<values>0.49429, 0.14468, 0.60698, 1.0, 0.26851, 0.36513, 0.67147, 0.20761, 4.08142, 0.01389, 1.47939, 0.0416, 0.32496, -999.0, -999.0, -999.0, -999.0, -999.0</values>
						</upper_bound>
					</main_interval>
					<sample_size>
						<values>1000.0, 1000.0, 1000.0, 1000.0, 1000.0, 1000.0, 1000.0, 1000.0, 1000.0, 1000.0, 1000.0, 1000.0, 1000.0, -999.0, -999.0, -999.0, -999.0, -999.0</values>
					</sample_size>
				</sampling_intervals>
			</data>
		</threshold>
		<threshold>
			<threshold_value>GT 2.341 (Pr=0.9)</threshold_value>
			<data>
				<values>0.4579, 0.11962, 0.57752, 1.0, 0.24217, 0.33548, 0.63541, 0.19139, 3.6955, 0.01128, 1.26557, 0.03358, 0.3019, -999.0, -999.0, -999.0, -999.0, -999.0</values>
				<sampling_intervals>
					<main_interval>
						<bounds>0.05, 0.95</bounds>
						<lower_bound>
							<values>0.41333, 0.09878, 0.54877, 1.0, 0.22044, 0.31115, 0.60286, 0.1653, 3.1418, 0.00914, 1.03069, 0.02993, 0.27987, -999.0, -999.0, -999.0, -999.0, -999.0</values>
						</lower_bound>
						<upper_bound>
							<values>0.49437, 0.15199, 0.60692, 1.0, 0.26944, 0.36272, 0.67126, 0.21262, 4.44427, 0.01332, 1.61269, 0.03799, 0.32762, -999.0, -999.0, -999.0, -999.0, -999.0</values>
						</upper_bound>
					</main_interval>
					<sample_size>
						<values>1000.0, 1000.0, 1000.0, 1000.0, 1000.0, 1000.0, 1000.0, 1000.0, 1000.0, 1000.0, 1000.0, 1000.0, 1000.0, -999.0, -999.0, -999.0, -999.0, -999.0</values>
					</sample_size>
				</sampling_intervals>
			</data>
		</threshold>
		<threshold>
			<threshold_value>GT 2.50324 (Pr=0.91)</threshold_value>
			<data>
				<values>0.45264, 0.11937, 0.57201, 1.0, 0.24307, 0.32893, 0.63322, 0.19967, 4.05438, 0.01096, 1.33661, 0.02967, 0.29926, -999.0, -999.0, -999.0, -999.0, -999.0</values>
				<sampling_intervals>
					<main_interval>
						<bounds>0.05, 0.95</bounds>
						<lower_bound>
							<values>0.4121, 0.09885, 0.54847, 1.0, 0.21941, 0.30635, 0.59779, 0.17306, 3.38854, 0.00892, 1.05339, 0.02637, 0.27892, -999.0, -999.0, -999.0, -999.0, -999.0</values>
						</lower_bound>
						<upper_bound>
							<values>0.49411, 0.15245, 0.60414, 1.0, 0.26975, 0.35692, 0.6694, 0.22078, 4.86168, 0.01286, 1.72054, 0.03376, 0.32468, -999.0, -999.0, -999.0, -999.0, -999.0</values>
						</upper_bound>
					</main_interval>
					<sample_size>
						<values>1000.0, 1000.0, 1000.0, 1000.0, 1000.0, 1000.0, 1000.0, 1000.0, 1000.0, 1000.0, 1000.0, 1000.0, 1000.0, -999.0, -999.0, -999.0, -999.0, -999.0</values>
					</sample_size>
				</sampling_intervals>
			</data>
		</threshold>
		<threshold>
			<threshold_value>GT 2.70237 (Pr=0.92)</threshold_value>
			<data>
				<values>0.45425, 0.11841, 0.57266, 1.0, 0.24376, 0.32054, 0.62253, 0.21069, 4.38672, 0.01064, 1.3956, 0.02572, 0.29482, -999.0, -999.0, -999.0, -999.0, -999.0</values>
				<sampling_intervals>
					<main_interval>
						<bounds>0.05, 0.95</bounds>
						<lower_bound>
							<values>0.41293, 0.09714, 0.54792, 1.0, 0.21878, 0.29714, 0.58917, 0.18441, 3.64332, 0.00868, 1.07987, 0.02264, 0.2738, -999.0, -999.0, -999.0, -999.0, -999.0</values>
						</lower_bound>
						<upper_bound>
							<values>0.49612, 0.14999, 0.60437, 1.0, 0.26927, 0.34964, 0.66185, 0.23439, 5.30335, 0.01238, 1.8051, 0.02936, 0.32117, -999.0, -999.0, -999.0, -999.0, -999.0</values>
						</upper_bound>
					</main_interval>
					<sample_size>
						<values>1000.0, 1000.0, 1000.0, 1000.0, 1000.0, 1000.0, 1000.0, 1000.0, 1000.0, 1000.0, 1000.0, 1000.0, 1000.0, -999.0, -999.0, -999.0, -999.0, -999.0</values>
					</sample_size>
				</sampling_intervals>
			</data>
		</threshold>
		<threshold>
			<threshold_value>GT 2.93114 (Pr=0.93)</threshold_value>
			<data>
				<values>0.45373, 0.1203, 0.57403, 1.0, 0.24172, 0.31627, 0.62082, 0.2192, 4.88879, 0.00991, 1.46266, 0.02215, 0.29412, -999.0, -999.0, -999.0, -999.0, -999.0</values>
				<sampling_intervals>
					<main_interval>
						<bounds>0.05, 0.95</bounds>
						<lower_bound>
							<values>0.40879, 0.09669, 0.54378, 1.0, 0.22007, 0.28516, 0.58072, 0.19628, 4.03591, 0.00837, 1.11206, 0.01916, 0.26593, -999.0, -999.0, -999.0, -999.0, -999.0</values>
						</lower_bound>
						<upper_bound>
							<values>0.49228, 0.14824, 0.60509, 1.0, 0.27112, 0.33999, 0.65316, 0.24713, 5.83936, 0.01199, 1.90191, 0.02511, 0.31627, -999.0, -999.0, -999.0, -999.0, -999.0</values>
						</upper_bound>
					</main_interval>
					<sample_size>
						<values>1000.0, 1000.0, 1000.0, 1000.0, 1000.0, 1000.0, 1000.0, 1000.0, 1000.0, 1000.0, 1000.0, 1000.0, 1000.0, -999.0, -999.0, -999.0, -999.0, -999.0</values>
					</sample_size>
				</sampling_intervals>
			</data>
		</threshold>
		<threshold>
			<threshold_value>GT 3.16265 (Pr=0.94)</threshold_value>
			<data>
				<values>0.43234, 0.12173, 0.55406, 1.0, 0.25088, 0.29986, 0.61664, 0.23396, 5.78822, 0.00952, 1.59501, 0.01802, 0.28184, -999.0, -999.0, -999.0, -999.0, -999.0</values>
				<sampling_intervals>
					<main_interval>
						<bounds>0.05, 0.95</bounds>
						<lower_bound>
							<values>0.39258, 0.10174, 0.52624, 1.0, 0.22504, 0.27226, 0.58016, 0.20765, 4.7883, 0.00798, 1.22372, 0.01553, 0.25683, -999.0, -999.0, -999.0, -999.0, -999.0</values>
						</lower_bound>
						<upper_bound>
							<values>0.4758, 0.1513, 0.59457, 1.0, 0.27884, 0.32984, 0.6493, 0.25743, 6.89715, 0.01107, 2.07528, 0.02087, 0.30991, -999.0, -999.0, -999.0, -999.0, -999.0</values>
						</upper_bound>
					</main_interval>
					<sample_size>
						<values>1000.0, 1000.0, 1000.0, 1000.0, 1000.0, 1000.0, 1000.0, 1000.0, 1000.0, 1000.0, 1000.0, 1000.0, 1000.0, -999.0, -999.0, -999.0, -999.0, -999.0</values>
					</sample_size>
				</sampling_intervals>
			</data>
		</threshold>
		<threshold>
			<threshold_value>GT 3.46758 (Pr=0.95)</threshold_value>
			<data>
				<values>0.42577, 0.12053, 0.5463, 1.0, 0.25036, 0.29158, 0.61545, 0.24766, 6.73414, 0.00866, 1.64165, 0.01468, 0.2769, -999.0, -999.0, -999.0, -999.0, -999.0</values>
				<sampling_intervals>
					<main_interval>
						<bounds>0.05, 0.95</bounds>
						<lower_bound>
							<values>0.37038, 0.09049, 0.51476, 1.0, 0.22362, 0.2589, 0.5606, 0.22127, 5.28407, 0.00727, 1.0896, 0.0123, 0.24637, -999.0, -999.0, -999.0, -999.0, -999.0</values>
						</lower_bound>
						<upper_bound>
							<values>0.47923, 0.16135, 0.58803, 1.0, 0.2846, 0.31947, 0.65581, 0.28099, 8.41145, 0.01033, 2.3699, 0.01695, 0.30354, -999.0, -999.0, -999.0, -999.0, -999.0</values>
						</upper_bound>
					</main_interval>
					<sample_size>
						<values>1000.0, 1000.0, 1000.0, 1000.0, 1000.0, 1000.0, 1000.0, 1000.0, 1000.0, 1000.0, 1000.0, 1000.0, 1000.0, -999.0, -999.0, -999.0, -999.0, -999.0</values>
					</sample_size>
				</sampling_intervals>
			</data>
		</threshold>
		<threshold>
			<threshold_value>GT 4.0004 (Pr=0.96)</threshold_value>
			<data>
				<values>0.43192, 0.07427, 0.50619, 1.0, 0.27338, 0.23832, 0.53302, 0.32156, 6.48418, 0.0096, 1.02926, 0.00953, 0.22879, -999.0, -999.0, -999.0, -999.0, -999.0</values>
				<sampling_intervals>
					<main_interval>
						<bounds>0.05, 0.95</bounds>
						<lower_bound>
							<values>0.37347, 0.04255, 0.466, 1.0, 0.24134, 0.19551, 0.45239, 0.25491, 4.58506, 0.00718, 0.54348, 0.00748, 0.18757, -999.0, -999.0, -999.0, -999.0, -999.0</values>
						</lower_bound>
						<upper_bound>
							<values>0.47884, 0.13951, 0.56134, 1.0, 0.3151, 0.28677, 0.62315, 0.38495, 9.18314, 0.01203, 2.03368, 0.01204, 0.27521, -999.0, -999.0, -999.0, -999.0, -999.0</values>
						</upper_bound>
					</main_interval>
					<sample_size>
						<values>1000.0, 1000.0, 1000.0, 1000.0, 1000.0, 1000.0, 1000.0, 1000.0, 1000.0, 1000.0, 1000.0, 1000.0, 1000.0, -999.0, -999.0, -999.0, -999.0, -999.0</values>
					</sample_size>
				</sampling_intervals>
			</data>
		</threshold>
		<threshold>
			<threshold_value>GT 4.78765 (Pr=0.97)</threshold_value>
			<data>
				<values>0.45621, 0.00738, 0.46358, 1.0, 0.32888, 0.1826, 0.39752, 0.42163, 4.47794, 0.01006, 0.15593, 0.0055, 0.1771, -999.0, -999.0, -999.0, -999.0, -999.0</values>
				<sampling_intervals>
					<main_interval>
						<bounds>0.05, 0.95</bounds>
						<lower_bound>
							<values>0.39602, 0.00567, 0.42536, 1.0, 0.28743, 0.14902, 0.34085, 0.36928, 3.29083, 0.00833, 0.10099, 0.00421, 0.14459, -999.0, -999.0, -999.0, -999.0, -999.0</values>
						</lower_bound>
						<upper_bound>
							<values>0.49517, 0.05394, 0.50827, 1.0, 0.37893, 0.21629, 0.47578, 0.47515, 7.40028, 0.01194, 0.76542, 0.0069, 0.20951, -999.0, -999.0, -999.0, -999.0, -999.0</values>
						</upper_bound>
					</main_interval>
					<sample_size>
						<values>1000.0, 1000.0, 1000.0, 1000.0, 1000.0, 1000.0, 1000.0, 1000.0, 1000.0, 1000.0, 1000.0, 1000.0, 1000.0, -999.0, -999.0, -999.0, -999.0, -999.0</values>
					</sample_size>
				</sampling_intervals>
			</data>
		</threshold>
		<threshold>
			<threshold_value>GT 4.94953 (Pr=0.97162)</threshold_value>
			<data>
				<values>0.45366, 0.00737, 0.46102, 1.0, 0.34339, 0.17229, 0.37524, 0.43778, 4.23428, 0.00999, 0.13953, 0.00493, 0.16736, -999.0, -999.0, -999.0, -999.0, -999.0</values>
				<sampling_intervals>
					<main_interval>
						<bounds>0.05, 0.95</bounds>
						<lower_bound>
							<values>0.4002, 0.00614, 0.41634, 1.0, 0.29876, 0.13945, 0.32433, 0.38497, 3.22287, 0.00824, 0.09198, 0.00377, 0.13541, -999.0, -999.0, -999.0, -999.0, -999.0</values>
						</lower_bound>
						<upper_bound>
							<values>0.49006, 0.0249, 0.50358, 1.0, 0.39525, 0.206, 0.44645, 0.49118, 6.23076, 0.01183, 0.23026, 0.00626, 0.20055, -999.0, -999.0, -999.0, -999.0, -999.0</values>
						</upper_bound>
					</main_interval>
					<sample_size>
						<values>1000.0, 1000.0, 1000.0, 1000.0, 1000.0, 1000.0, 1000.0, 1000.0, 1000.0, 1000.0, 1000.0, 1000.0, 1000.0, -999.0, -999.0, -999.0, -999.0, -999.0</values>
					</sample_size>
				</sampling_intervals>
			</data>
		</threshold>
		<threshold>
			<threshold_value>GT 5.78233 (Pr=0.98)</threshold_value>
			<data>
				<values>0.39714, 0.01621, 0.41336, 1.0, 0.41796, 0.12616, 0.31105, 0.50927, 5.11785, 0.00862, 0.10034, 0.00256, 0.1236, -999.0, -999.0, -999.0, -999.0, -999.0</values>
				<sampling_intervals>
					<main_interval>
						<bounds>0.05, 0.95</bounds>
						<lower_bound>
							<values>0.34121, 0.00674, 0.35568, 1.0, 0.36185, 0.0956, 0.26012, 0.45853, 3.58523, 0.0072, 0.05416, 0.00184, 0.09375, -999.0, -999.0, -999.0, -999.0, -999.0</values>
						</lower_bound>
						<upper_bound>
							<values>0.44533, 0.03454, 0.46909, 1.0, 0.47963, 0.15944, 0.36527, 0.57117, 6.96497, 0.0103, 0.16795, 0.00342, 0.15638, -999.0, -999.0, -999.0, -999.0, -999.0</values>
						</upper_bound>
					</main_interval>
					<sample_size>
						<values>1000.0, 1000.0, 1000.0, 1000.0, 1000.0, 1000.0, 1000.0, 1000.0, 1000.0, 1000.0, 1000.0, 1000.0, 1000.0, -999.0, -999.0, -999.0, -999.0, -999.0</values>
					</sample_size>
				</sampling_intervals>
			</data>
		</threshold>
		<threshold>
			<threshold_value>GT 8.14638 (Pr=0.99)</threshold_value>
			<data>
				<values>0.30112, 0.05052, 0.35164, 1.0, 0.5933, 0.05394, 0.15952, 0.6689, 3.65594, 0.00601, 0.02286, 5.4E-4, 0.05339, -999.0, -999.0, -999.0, -999.0, -999.0</values>
				<sampling_intervals>
					<main_interval>
						<bounds>0.05, 0.95</bounds>
						<lower_bound>
							<values>0.24377, 0.02202, 0.28561, 1.0, 0.47923, 0.03648, 0.12788, 0.5698, 2.44113, 0.0046, 0.01437, 3.5E-4, 0.0361, -999.0, -999.0, -999.0, -999.0, -999.0</values>
						</lower_bound>
						<upper_bound>
							<values>0.38134, 0.07946, 0.43578, 1.0, 0.65797, 0.09548, 0.24026, 0.72442, 7.28729, 0.00748, 0.06683, 0.0010, 0.09453, -999.0, -999.0, -999.0, -999.0, -999.0</values>
						</upper_bound>
					</main_interval>
					<sample_size>
						<values>1000.0, 1000.0, 1000.0, 1000.0, 1000.0, 1000.0, 1000.0, 1000.0, 1000.0, 1000.0, 1000.0, 1000.0, 1000.0, -999.0, -999.0, -999.0, -999.0, -999.0</values>
					</sample_size>
				</sampling_intervals>
			</data>
		</threshold>
		<threshold>
			<threshold_value>GT 8.54627 (Pr=0.99178)</threshold_value>
			<data>
				<values>0.2922, 0.05347, 0.34567, 1.0, 0.6052, 0.05022, 0.15282, 0.6745, 4.69165, 0.00506, 0.02578, 4.2E-4, 0.0498, -999.0, -999.0, -999.0, -999.0, -999.0</values>
				<sampling_intervals>
					<main_interval>
						<bounds>0.05, 0.95</bounds>
						<lower_bound>
							<values>0.2297, 0.03157, 0.27576, 1.0, 0.53373, 0.03073, 0.10807, 0.6144, 2.51501, 0.00407, 0.01187, 2.4E-4, 0.0305, -999.0, -999.0, -999.0, -999.0, -999.0</values>
						</lower_bound>
						<upper_bound>
							<values>0.35332, 0.1031, 0.43394, 1.0, 0.68378, 0.0736, 0.19264, 0.74131, 7.1785, 0.00645, 0.04562, 6.5E-4, 0.07299, -999.0, -999.0, -999.0, -999.0, -999.0</values>
						</upper_bound>
					</main_interval>
					<sample_size>
						<values>1000.0, 1000.0, 1000.0, 1000.0, 1000.0, 1000.0, 1000.0, 1000.0, 1000.0, 1000.0, 1000.0, 1000.0, 1000.0, -999.0, -999.0, -999.0, -999.0, -999.0</values>
					</sample_size>
				</sampling_intervals>
			</data>
		</threshold>
		<threshold>
			<threshold_value>GT 10.59805 (Pr=0.995)</threshold_value>
			<data>
				<values>0.20286, 0.07512, 0.27798, 1.0, 0.7422, 0.01963, 0.07456, 0.77742, 4.70552, 0.00374, 0.01373, 1.0E-4, 0.01953, -999.0, -999.0, -999.0, -999.0, -999.0</values>
				<sampling_intervals>
					<main_interval>
						<bounds>0.05, 0.95</bounds>
						<lower_bound>
							<values>0.15084, 0.04179, 0.19957, 1.0, 0.63565, 0.01165, 0.05617, 0.69123, 2.6387, 0.00287, 0.00606, 5.0E-5, 0.01159, -999.0, -999.0, -999.0, -999.0, -999.0</values>
						</lower_bound>
						<upper_bound>
							<values>0.28553, 0.1352, 0.40476, 1.0, 0.79856, 0.04161, 0.12516, 0.82948, 7.74271, 0.00467, 0.02604, 2.1E-4, 0.04139, -999.0, -999.0, -999.0, -999.0, -999.0</values>
						</upper_bound>
					</main_interval>
					<sample_size>
						<values>1000.0, 1000.0, 1000.0, 1000.0, 1000.0, 1000.0, 1000.0, 1000.0, 1000.0, 1000.0, 1000.0, 1000.0, 1000.0, -999.0, -999.0, -999.0, -999.0, -999.0</values>
					</sample_size>
				</sampling_intervals>
			</data>
		</threshold>
		<threshold>
			<threshold_value>GT 16.4155 (Pr=0.999)</threshold_value>
			<data>
				<values>0.05876, 0.03833, 0.0971, 1.0, 0.92102, 0.00166, 0.02187, 0.92909, 12.33519, 9.8E-4, 0.00844, 0.0, 0.00166, -999.0, -999.0, -999.0, -999.0, -999.0</values>
				<sampling_intervals>
					<main_interval>
						<bounds>0.05, 0.95</bounds>
						<lower_bound>
							<values>-0.00931, 0.00201, 0.00581, 1.0, 0.84009, 1.0E-4, 0.01167, 0.85849, 5.41084, 6.4E-4, 0.00187, 0.0, 1.0E-4, -999.0, -999.0, -999.0, -999.0, -999.0</values>
						</lower_bound>
						<upper_bound>
							<values>0.11898, 0.09859, 0.20951, 1.0, 0.98076, 0.00702, 0.05441, 0.98282, 40.70611, 0.00142, 0.04291, 1.0E-5, 0.00701, -999.0, -999.0, -999.0, -999.0, -999.0</values>
						</upper_bound>
					</main_interval>
					<sample_size>
						<values>1000.0, 1000.0, 1000.0, 1000.0, 1000.0, 1000.0, 1000.0, 1000.0, 1000.0, 1000.0, 1000.0, 1000.0, 1000.0, -999.0, -999.0, -999.0, -999.0, -999.0</values>
					</sample_size>
				</sampling_intervals>
			</data>
		</threshold>
		<threshold>
			<threshold_value>GT 19.06553 (Pr=0.99946)</threshold_value>
			<data>
				<values>0.09128, 0.09596, 0.18724, 1.0, 0.89627, 0.00287, 0.01531, 0.90161, 12.58642, 5.5E-4, 0.00287, 0.0, 0.00286, -999.0, -999.0, -999.0, -999.0, -999.0</values>
				<sampling_intervals>
					<main_interval>
						<bounds>0.05, 0.95</bounds>
						<lower_bound>
							<values>-0.00465, 6.5E-4, 0.0, 1.0, 0.83624, 0.0, 0.0, 0.84146, 0.0, 3.3E-4, 0.0, 0.0, 0.0, -999.0, -999.0, -999.0, -999.0, -999.0</values>
						</lower_bound>
						<upper_bound>
							<values>0.14553, 0.19158, 0.32688, 1.0, 1.00061, 0.00734, 0.03497, 1.00118, 53.56046, 8.5E-4, 0.03014, 0.0, 0.00734, -999.0, -999.0, -999.0, -999.0, -999.0</values>
						</upper_bound>
					</main_interval>
					<sample_size>
						<values>1000.0, 1000.0, 1000.0, 1000.0, 1000.0, 1000.0, 1000.0, 1000.0, 1000.0, 1000.0, 1000.0, 1000.0, 1000.0, -999.0, -999.0, -999.0, -999.0, -999.0</values>
					</sample_size>
				</sampling_intervals>
			</data>
		</threshold>
		<threshold>
			<threshold_value>GT 26.49411 (Pr=0.99998)</threshold_value>
			<data>
				<values>-8.0E-5, 8.0E-5, 0.0, 1.0, 1.00008, 0.0, 0.0, 1.00015, 0.0, 8.0E-5, 0.0, 0.0, 0.0, -999.0, -999.0, -999.0, -999.0, -999.0</values>
				<sampling_intervals>
					<main_interval>
						<bounds>0.05, 0.95</bounds>
						<lower_bound>
							<values>-2.9E-4, 8.0E-5, 0.0, 1.0, 0.75585, 0.0, 0.0, 0.75588, 0.0, 6.0E-5, 0.0, 0.0, 0.0, -999.0, -999.0, -999.0, -999.0, -999.0</values>
						</lower_bound>
						<upper_bound>
							<values>-8.0E-5, 2.2E-4, 0.0, 1.0, 1.00021, 0.0, 0.0, 1.00042, 0.0, 2.1E-4, 0.0, 0.0, 0.0, -999.0, -999.0, -999.0, -999.0, -999.0</values>
						</upper_bound>
					</main_interval>
					<sample_size>
						<values>1000.0, 1000.0, 1000.0, 1000.0, 1000.0, 1000.0, 1000.0, 1000.0, 1000.0, 1000.0, 1000.0, 1000.0, 1000.0, -999.0, -999.0, -999.0, -999.0, -999.0</values>
					</sample_size>
				</sampling_intervals>
			</data>
		</threshold>
	</threshold_data>
</result></results>