<?xml version="1.0" standalone="yes"?><results>
<!--Result file containing the results for a single metric by lead period.
Some metrics, such as reliability diagrams, have results for specific thresholds 
(e.g. probability thresholds).  In that case, the results are stored by lead period 
and then by threshold value.  The actual data associated with a result always appears 
within a 'values' tag.  A metric result that comprises a single value will appear as a 
single value in this tag.  A metric result that comprises a 1D matrix will appear as a 
row of values separated by commas in the input order.  A metric result that comprises a 
2D matrix will appear as a sequence of rows, each with a 'values' tag, which are written 
in the input order.  For example, a diagram metric with an x and y axis will comprise 
two rows of data (i.e. two rows within two separate 'values' tags).  The default input 
order would be data for the x axis followed by data for the y axis.  Data that refer to 
cumulative probabilities are, by default, always defined in increasing size of probability.--><meta_data>
	<thresholds_type>true</thresholds_type>
	<original_file_id>03364000_CAL.Streamflow.ICK_INF_ONE_OBS_ONE_MEAN_1D_MEAN_INDEP.Brier_skill_score.xml</original_file_id>
</meta_data><result>
	<lead_hour>0.0</lead_hour>
	<threshold_data>
		<threshold>
			<threshold_value>GT 0.05 (Pr=0.0)</threshold_value>
			<data>
				<values>0.94375, 0.00531, 0.02827, 0.07921, 0.02126, 0.01842, 0.05342, 0.03694, 0.42436, 1.2E-4, 6.1E-4, 3.0E-5, 5.3E-4, 0.99424, 76.5143, 0.93677, 11.17665, -0.91971</values>
				<sampling_intervals>
					<main_interval>
						<bounds>0.05, 0.95</bounds>
						<lower_bound>
							<values>0.87105, 0.00298, 0.00617, 0.01989, 0.00331, 0.00463, 0.01761, 0.00402, 0.37157, 1.0E-5, 1.3E-4, 0.0, 1.2E-4, 0.96759, 6.62132, 0.84777, 1.06044, -0.97417</values>
						</lower_bound>
						<upper_bound>
							<values>0.98667, 0.02911, 0.12438, 0.21869, 0.06008, 0.05363, 0.11348, 0.07959, 0.83197, 5.2E-4, 0.00198, 2.5E-4, 0.0038, 0.99673, 286.13923, 0.98909, 22.25628, -0.81647</values>
						</upper_bound>
					</main_interval>
					<sample_size>
						<values>1000.0, 1000.0, 1000.0, 1000.0, 1000.0, 1000.0, 1000.0, 1000.0, 1000.0, 1000.0, 1000.0, 1000.0, 1000.0, 1000.0, 1000.0, 1000.0, 1000.0, 1000.0</values>
					</sample_size>
				</sampling_intervals>
			</data>
		</threshold>
		<threshold>
			<threshold_value>GT 0.08688 (Pr=0.025)</threshold_value>
			<data>
				<values>0.81624, 0.07918, 0.4534, 0.55798, 0.06808, 0.23651, 0.35219, 0.0925, 0.48557, 0.00259, 0.00457, 0.00486, 0.01608, 0.84909, 4.48655, 0.85109, 3.63971, -0.40684</values>
				<sampling_intervals>
					<main_interval>
						<bounds>0.05, 0.95</bounds>
						<lower_bound>
							<values>0.73227, 0.0591, 0.33053, 0.41628, 0.0238, 0.14687, 0.23975, 0.02926, 0.153, 7.7E-4, 0.00154, 0.00213, 0.01096, 0.62029, 1.37607, 0.66037, 1.00566, -0.61839</values>
						</lower_bound>
						<upper_bound>
							<values>0.86566, 0.14483, 0.75464, 0.85011, 0.15849, 0.46663, 0.59187, 0.17908, 0.93605, 0.00492, 0.01411, 0.0172, 0.03971, 0.89206, 10.93769, 0.94809, 9.57418, 0.0555</values>
						</upper_bound>
					</main_interval>
					<sample_size>
						<values>1000.0, 1000.0, 1000.0, 1000.0, 1000.0, 1000.0, 1000.0, 1000.0, 1000.0, 1000.0, 1000.0, 1000.0, 1000.0, 1000.0, 1000.0, 1000.0, 1000.0, 1000.0</values>
					</sample_size>
				</sampling_intervals>
			</data>
		</threshold>
		<threshold>
			<threshold_value>GT 0.11127 (Pr=0.05)</threshold_value>
			<data>
				<values>0.85492, 0.03729, 0.99176, 1.09955, 0.02787, 0.77794, 0.89514, 0.12549, 0.1717, 0.00368, 0.00289, 0.06132, 0.08334, 0.84967, 1.85316, 0.95079, 5.26999, 0.60526</values>
				<sampling_intervals>
					<main_interval>
						<bounds>0.05, 0.95</bounds>
						<lower_bound>
							<values>0.76482, 0.04002, 0.76107, 0.86308, 0.01245, 0.57828, 0.72975, 0.10385, 0.06852, 0.00259, 7.5E-4, 0.02766, 0.05375, 0.51015, 1.12952, 0.90232, 3.64619, 0.26576</values>
						</lower_bound>
						<upper_bound>
							<values>0.8721, 0.13555, 1.15135, 1.23902, 0.05654, 0.94052, 1.08958, 0.31314, 0.23574, 0.01136, 0.00585, 0.09212, 0.11236, 0.8604, 3.1514, 0.97748, 8.43715, 1.02988</values>
						</upper_bound>
					</main_interval>
					<sample_size>
						<values>1000.0, 1000.0, 1000.0, 1000.0, 1000.0, 1000.0, 1000.0, 1000.0, 1000.0, 1000.0, 1000.0, 1000.0, 1000.0, 1000.0, 1000.0, 1000.0, 1000.0, 1000.0</values>
					</sample_size>
				</sampling_intervals>
			</data>
		</threshold>
		<threshold>
			<threshold_value>GT 0.12516 (Pr=0.075)</threshold_value>
			<data>
				<values>0.83335, 0.04135, 1.19644, 1.32175, 0.02712, 0.97246, 1.11199, 0.19426, 0.13989, 0.00699, 0.00304, 0.12155, 0.11783, 0.77233, 1.37693, 0.95566, 5.14514, 1.03415</values>
				<sampling_intervals>
					<main_interval>
						<bounds>0.05, 0.95</bounds>
						<lower_bound>
							<values>0.7735, 0.04016, 0.9999, 1.11295, 0.01366, 0.80211, 0.9363, 0.11321, 0.06395, 0.00322, 8.9E-4, 0.07376, 0.08863, 0.44865, 0.95281, 0.91854, 3.67023, 0.71921</values>
						</lower_bound>
						<upper_bound>
							<values>0.8584, 0.10942, 1.39132, 1.49765, 0.05096, 1.14013, 1.28686, 0.35631, 0.23252, 0.01534, 0.0066, 0.18917, 0.15812, 0.79637, 2.16403, 0.97722, 7.75104, 1.4319</values>
						</upper_bound>
					</main_interval>
					<sample_size>
						<values>1000.0, 1000.0, 1000.0, 1000.0, 1000.0, 1000.0, 1000.0, 1000.0, 1000.0, 1000.0, 1000.0, 1000.0, 1000.0, 1000.0, 1000.0, 1000.0, 1000.0, 1000.0</values>
					</sample_size>
				</sampling_intervals>
			</data>
		</threshold>
		<threshold>
			<threshold_value>GT 0.13977 (Pr=0.1)</threshold_value>
			<data>
				<values>0.80098, 0.05534, 1.30007, 1.44375, 0.01675, 1.17798, 1.36025, 0.37585, 0.06587, 0.01657, 0.00132, 0.21005, 0.15817, 0.59171, 1.24424, 0.9739, 5.80772, 1.5606</values>
				<sampling_intervals>
					<main_interval>
						<bounds>0.05, 0.95</bounds>
						<lower_bound>
							<values>0.78936, 0.03157, 1.10624, 1.23864, 0.01499, 0.91974, 1.06051, 0.13313, 0.06605, 0.00471, 0.00135, 0.12176, 0.1269, 0.3838, 0.86548, 0.9344, 3.19068, 0.49984</values>
						</lower_bound>
						<upper_bound>
							<values>0.85386, 0.07537, 1.53138, 1.66021, 0.04182, 1.31109, 1.46768, 0.38714, 0.20478, 0.01786, 0.00672, 0.32406, 0.22042, 0.83361, 1.8182, 0.97589, 7.33332, 1.82248</values>
						</upper_bound>
					</main_interval>
					<sample_size>
						<values>1000.0, 1000.0, 1000.0, 1000.0, 1000.0, 1000.0, 1000.0, 1000.0, 1000.0, 1000.0, 1000.0, 1000.0, 1000.0, 1000.0, 1000.0, 1000.0, 1000.0, 1000.0</values>
					</sample_size>
				</sampling_intervals>
			</data>
		</threshold>
		<threshold>
			<threshold_value>GT 0.15487 (Pr=0.125)</threshold_value>
			<data>
				<values>0.84133, 0.02436, 1.3283, 1.46261, 0.01828, 1.15938, 1.29976, 0.18475, 0.1282, 0.00798, 0.00336, 0.21946, 0.25645, 0.82982, 1.1928, 0.96524, 3.41908, 0.76517</values>
				<sampling_intervals>
					<main_interval>
						<bounds>0.05, 0.95</bounds>
						<lower_bound>
							<values>0.80127, 0.02779, 1.15757, 1.28398, 0.01339, 0.9782, 1.11476, 0.11495, 0.0666, 0.00408, 0.00155, 0.15246, 0.17901, 0.44277, 0.8611, 0.93881, 2.60401, 0.54227</values>
						</lower_bound>
						<upper_bound>
							<values>0.85965, 0.05985, 1.57924, 1.70953, 0.03388, 1.38502, 1.53849, 0.39845, 0.22581, 0.01898, 0.00746, 0.42511, 0.31309, 0.83542, 1.60294, 0.97628, 6.18494, 1.8598</values>
						</upper_bound>
					</main_interval>
					<sample_size>
						<values>1000.0, 1000.0, 1000.0, 1000.0, 1000.0, 1000.0, 1000.0, 1000.0, 1000.0, 1000.0, 1000.0, 1000.0, 1000.0, 1000.0, 1000.0, 1000.0, 1000.0, 1000.0</values>
					</sample_size>
				</sampling_intervals>
			</data>
		</threshold>
		<threshold>
			<threshold_value>GT 0.16774 (Pr=0.15)</threshold_value>
			<data>
				<values>0.84132, 0.02755, 1.42013, 1.55126, 0.01736, 1.24721, 1.38853, 0.19869, 0.118, 0.00928, 0.00326, 0.28929, 0.29412, 0.76994, 1.11636, 0.96763, 3.40611, 0.8594</values>
				<sampling_intervals>
					<main_interval>
						<bounds>0.05, 0.95</bounds>
						<lower_bound>
							<values>0.80464, 0.02771, 1.27661, 1.41104, 0.01421, 1.0552, 1.20333, 0.11442, 0.08336, 0.0041, 0.00216, 0.21455, 0.24488, 0.47041, 0.85113, 0.93306, 2.4925, 0.63523</values>
						</lower_bound>
						<upper_bound>
							<values>0.85985, 0.05444, 1.64582, 1.76227, 0.03568, 1.41954, 1.56117, 0.25858, 0.24546, 0.01361, 0.00952, 0.41536, 0.36571, 0.79866, 1.39707, 0.97355, 4.14222, 1.03801</values>
						</upper_bound>
					</main_interval>
					<sample_size>
						<values>1000.0, 1000.0, 1000.0, 1000.0, 1000.0, 1000.0, 1000.0, 1000.0, 1000.0, 1000.0, 1000.0, 1000.0, 1000.0, 1000.0, 1000.0, 1000.0, 1000.0, 1000.0</values>
					</sample_size>
				</sampling_intervals>
			</data>
		</threshold>
		<threshold>
			<threshold_value>GT 0.18226 (Pr=0.175)</threshold_value>
			<data>
				<values>0.8325, 0.0335, 1.5702, 1.7042, 0.02756, 1.29945, 1.43939, 0.13897, 0.19193, 0.0058, 0.00773, 0.39965, 0.34228, 0.62058, 0.98135, 0.94973, 2.94973, 0.84358</values>
				<sampling_intervals>
					<main_interval>
						<bounds>0.05, 0.95</bounds>
						<lower_bound>
							<values>0.804, 0.02763, 1.40042, 1.53315, 0.01507, 1.16004, 1.30625, 0.11672, 0.10149, 0.00451, 0.0029, 0.29376, 0.29095, 0.3604, 0.79674, 0.93518, 2.48167, 0.72375</values>
						</lower_bound>
						<upper_bound>
							<values>0.86214, 0.05274, 1.72905, 1.85077, 0.0358, 1.49772, 1.63463, 0.24209, 0.23829, 0.01288, 0.01014, 0.51467, 0.40781, 0.75722, 1.2573, 0.97243, 3.82879, 1.07026</values>
						</upper_bound>
					</main_interval>
					<sample_size>
						<values>1000.0, 1000.0, 1000.0, 1000.0, 1000.0, 1000.0, 1000.0, 1000.0, 1000.0, 1000.0, 1000.0, 1000.0, 1000.0, 1000.0, 1000.0, 1000.0, 1000.0, 1000.0</values>
					</sample_size>
				</sampling_intervals>
			</data>
		</threshold>
		<threshold>
			<threshold_value>GT 0.19713 (Pr=0.2)</threshold_value>
			<data>
				<values>0.84465, 0.02206, 1.62764, 1.76093, 0.01807, 1.42391, 1.56119, 0.18716, 0.13054, 0.00914, 0.0044, 0.49616, 0.38706, 0.70619, 0.94689, 0.96739, 3.12816, 0.97386</values>
				<sampling_intervals>
					<main_interval>
						<bounds>0.05, 0.95</bounds>
						<lower_bound>
							<values>0.80805, 0.02563, 1.49369, 1.61633, 0.0139, 1.25294, 1.39781, 0.11852, 0.09833, 0.00504, 0.00301, 0.38559, 0.3344, 0.08592, 0.7866, 0.94169, 2.52602, 0.80618</values>
						</lower_bound>
						<upper_bound>
							<values>0.86337, 0.05464, 1.80559, 1.92917, 0.03213, 1.5647, 1.70244, 0.2404, 0.22419, 0.01256, 0.00996, 0.63335, 0.45005, 0.70357, 1.16664, 0.97471, 3.76056, 1.11121</values>
						</upper_bound>
					</main_interval>
					<sample_size>
						<values>1000.0, 1000.0, 1000.0, 1000.0, 1000.0, 1000.0, 1000.0, 1000.0, 1000.0, 1000.0, 1000.0, 1000.0, 1000.0, 1000.0, 1000.0, 1000.0, 1000.0, 1000.0</values>
					</sample_size>
				</sampling_intervals>
			</data>
		</threshold>
		<threshold>
			<threshold_value>GT 0.21456 (Pr=0.225)</threshold_value>
			<data>
				<values>0.84238, 0.03612, 1.68594, 1.80744, 0.01854, 1.45999, 1.59907, 0.17116, 0.14813, 0.00844, 0.00524, 0.60523, 0.42428, 0.33056, 0.95722, 0.96676, 3.0737, 0.99731</values>
				<sampling_intervals>
					<main_interval>
						<bounds>0.05, 0.95</bounds>
						<lower_bound>
							<values>0.81226, 0.0254, 1.54738, 1.67309, 0.01346, 1.3081, 1.45524, 0.13211, 0.09766, 0.00586, 0.00302, 0.47195, 0.3734, -0.17533, 0.78222, 0.94882, 2.56068, 0.86025</values>
						</lower_bound>
						<upper_bound>
							<values>0.86389, 0.0544, 1.84994, 1.97172, 0.02856, 1.63875, 1.77126, 0.23707, 0.20559, 0.01286, 0.0091, 0.75639, 0.48816, 0.62491, 1.14173, 0.97568, 3.64326, 1.13651</values>
						</upper_bound>
					</main_interval>
					<sample_size>
						<values>1000.0, 1000.0, 1000.0, 1000.0, 1000.0, 1000.0, 1000.0, 1000.0, 1000.0, 1000.0, 1000.0, 1000.0, 1000.0, 1000.0, 1000.0, 1000.0, 1000.0, 1000.0</values>
					</sample_size>
				</sampling_intervals>
			</data>
		</threshold>
		<threshold>
			<threshold_value>GT 0.23399 (Pr=0.25)</threshold_value>
			<data>
				<values>0.83412, 0.0294, 1.71462, 1.85111, 0.0195, 1.49065, 1.63704, 0.18711, 0.15199, 0.00958, 0.00587, 0.69719, 0.45637, 0.22573, 0.92854, 0.96513, 2.97014, 1.00566</values>
				<sampling_intervals>
					<main_interval>
						<bounds>0.05, 0.95</bounds>
						<lower_bound>
							<values>0.81387, 0.02386, 1.58252, 1.71634, 0.01357, 1.35652, 1.50488, 0.15056, 0.09667, 0.00685, 0.00331, 0.55344, 0.40725, -0.36023, 0.78774, 0.95549, 2.53919, 0.88321</values>
						</lower_bound>
						<upper_bound>
							<values>0.86062, 0.04817, 1.88242, 1.99864, 0.02502, 1.66807, 1.80127, 0.25414, 0.18505, 0.01409, 0.00833, 0.86063, 0.5252, 0.52333, 1.11053, 0.97535, 3.49415, 1.13932</values>
						</upper_bound>
					</main_interval>
					<sample_size>
						<values>1000.0, 1000.0, 1000.0, 1000.0, 1000.0, 1000.0, 1000.0, 1000.0, 1000.0, 1000.0, 1000.0, 1000.0, 1000.0, 1000.0, 1000.0, 1000.0, 1000.0, 1000.0</values>
					</sample_size>
				</sampling_intervals>
			</data>
		</threshold>
		<threshold>
			<threshold_value>GT 0.25486 (Pr=0.275)</threshold_value>
			<data>
				<values>0.83394, 0.02457, 1.74545, 1.88694, 0.01693, 1.54733, 1.69645, 0.22065, 0.13162, 0.01089, 0.00491, 0.78759, 0.4968, 0.16923, 0.90445, 0.96948, 2.91036, 1.01735</values>
				<sampling_intervals>
					<main_interval>
						<bounds>0.05, 0.95</bounds>
						<lower_bound>
							<values>0.81443, 0.02396, 1.62326, 1.76304, 0.01307, 1.41038, 1.55655, 0.16356, 0.09435, 0.00775, 0.00315, 0.62914, 0.44242, -0.68639, 0.76869, 0.95856, 2.44811, 0.87159</values>
						</lower_bound>
						<upper_bound>
							<values>0.85916, 0.04639, 1.9206, 2.04046, 0.02337, 1.71121, 1.85013, 0.27284, 0.17221, 0.01498, 0.0079, 0.96002, 0.57022, 0.39151, 1.05996, 0.97572, 3.36711, 1.13502</values>
						</upper_bound>
					</main_interval>
					<sample_size>
						<values>1000.0, 1000.0, 1000.0, 1000.0, 1000.0, 1000.0, 1000.0, 1000.0, 1000.0, 1000.0, 1000.0, 1000.0, 1000.0, 1000.0, 1000.0, 1000.0, 1000.0, 1000.0</values>
					</sample_size>
				</sampling_intervals>
			</data>
		</threshold>
		<threshold>
			<threshold_value>GT 0.27974 (Pr=0.3)</threshold_value>
			<data>
				<values>0.85082, 0.02594, 1.81854, 1.94178, 0.01421, 1.6305, 1.76547, 0.23539, 0.09501, 0.01291, 0.0034, 0.87103, 0.54734, -0.00844, 0.87962, 0.97407, 2.81227, 1.00681</values>
				<sampling_intervals>
					<main_interval>
						<bounds>0.05, 0.95</bounds>
						<lower_bound>
							<values>0.81444, 0.02446, 1.68081, 1.8139, 0.01286, 1.47021, 1.61802, 0.17546, 0.09106, 0.00865, 0.0032, 0.71023, 0.4821, -0.83139, 0.72624, 0.96141, 2.30381, 0.84808</values>
						</lower_bound>
						<upper_bound>
							<values>0.86009, 0.04522, 1.98273, 2.10123, 0.02103, 1.77061, 1.91323, 0.27675, 0.16282, 0.01549, 0.0071, 1.0624, 0.62488, 0.33058, 1.0073, 0.97612, 3.19003, 1.10983</values>
						</upper_bound>
					</main_interval>
					<sample_size>
						<values>1000.0, 1000.0, 1000.0, 1000.0, 1000.0, 1000.0, 1000.0, 1000.0, 1000.0, 1000.0, 1000.0, 1000.0, 1000.0, 1000.0, 1000.0, 1000.0, 1000.0, 1000.0</values>
					</sample_size>
				</sampling_intervals>
			</data>
		</threshold>
		<threshold>
			<threshold_value>GT 0.30829 (Pr=0.325)</threshold_value>
			<data>
				<values>0.84079, 0.02565, 1.89351, 2.02707, 0.01532, 1.69541, 1.8393, 0.24287, 0.10742, 0.01364, 0.00395, 0.96252, 0.5958, 0.11157, 0.7932, 0.97145, 2.53232, 0.95013</values>
				<sampling_intervals>
					<main_interval>
						<bounds>0.05, 0.95</bounds>
						<lower_bound>
							<values>0.79548, 0.02381, 1.7462, 1.8791, 0.01297, 1.52942, 1.67935, 0.188, 0.09239, 0.00965, 0.00335, 0.7842, 0.52295, -0.65837, 0.66625, 0.95736, 2.08796, 0.81115</values>
						</lower_bound>
						<upper_bound>
							<values>0.85764, 0.04206, 2.04646, 2.1866, 0.02206, 1.82684, 1.98548, 0.27699, 0.18646, 0.01629, 0.00756, 1.15965, 0.66684, 0.32576, 0.93662, 0.97565, 2.96477, 1.07025</values>
						</upper_bound>
					</main_interval>
					<sample_size>
						<values>1000.0, 1000.0, 1000.0, 1000.0, 1000.0, 1000.0, 1000.0, 1000.0, 1000.0, 1000.0, 1000.0, 1000.0, 1000.0, 1000.0, 1000.0, 1000.0, 1000.0, 1000.0</values>
					</sample_size>
				</sampling_intervals>
			</data>
		</threshold>
		<threshold>
			<threshold_value>GT 0.33708 (Pr=0.35)</threshold_value>
			<data>
				<values>0.80799, 0.02381, 1.92507, 2.09328, 0.01888, 1.71723, 1.89036, 0.25614, 0.15253, 0.01509, 0.00562, 1.017, 0.62626, 0.16847, 0.71589, 0.96417, 2.27921, 0.89678</values>
				<sampling_intervals>
					<main_interval>
						<bounds>0.05, 0.95</bounds>
						<lower_bound>
							<values>0.78429, 0.02309, 1.79377, 1.93885, 0.01425, 1.56985, 1.73594, 0.20254, 0.10109, 0.01095, 0.00382, 0.84864, 0.55487, -0.49269, 0.61618, 0.95373, 1.94429, 0.78095</values>
						</lower_bound>
						<upper_bound>
							<values>0.84785, 0.04193, 2.10034, 2.24862, 0.024, 1.86697, 2.03736, 0.29424, 0.19616, 0.01761, 0.0085, 1.22883, 0.70333, 0.34963, 0.86117, 0.97333, 2.71071, 1.0166</values>
						</upper_bound>
					</main_interval>
					<sample_size>
						<values>1000.0, 1000.0, 1000.0, 1000.0, 1000.0, 1000.0, 1000.0, 1000.0, 1000.0, 1000.0, 1000.0, 1000.0, 1000.0, 1000.0, 1000.0, 1000.0, 1000.0, 1000.0</values>
					</sample_size>
				</sampling_intervals>
			</data>
		</threshold>
		<threshold>
			<threshold_value>GT 0.36586 (Pr=0.375)</threshold_value>
			<data>
				<values>0.80647, 0.02247, 1.9902, 2.16126, 0.01988, 1.76827, 1.94193, 0.25531, 0.15633, 0.01543, 0.00633, 1.09613, 0.66013, 0.30753, 0.66724, 0.96169, 2.10741, 0.84926</values>
				<sampling_intervals>
					<main_interval>
						<bounds>0.05, 0.95</bounds>
						<lower_bound>
							<values>0.77875, 0.02352, 1.83656, 1.99371, 0.01613, 1.60783, 1.78109, 0.21254, 0.12102, 0.01228, 0.00463, 0.90966, 0.5802, -0.43799, 0.58355, 0.94998, 1.82444, 0.75561</values>
						</lower_bound>
						<upper_bound>
							<values>0.82994, 0.04428, 2.14395, 2.31324, 0.02546, 1.90326, 2.08594, 0.30471, 0.20176, 0.01882, 0.00942, 1.2962, 0.73015, 0.39463, 0.79609, 0.96956, 2.49028, 0.96052</values>
						</upper_bound>
					</main_interval>
					<sample_size>
						<values>1000.0, 1000.0, 1000.0, 1000.0, 1000.0, 1000.0, 1000.0, 1000.0, 1000.0, 1000.0, 1000.0, 1000.0, 1000.0, 1000.0, 1000.0, 1000.0, 1000.0, 1000.0</values>
					</sample_size>
				</sampling_intervals>
			</data>
		</threshold>
		<threshold>
			<threshold_value>GT 0.39638 (Pr=0.4)</threshold_value>
			<data>
				<values>0.79928, 0.02711, 2.01639, 2.19, 0.02161, 1.77706, 1.95617, 0.25842, 0.16772, 0.01601, 0.00744, 1.16784, 0.66771, 0.25316, 0.6443, 0.95796, 1.99152, 0.81117</values>
				<sampling_intervals>
					<main_interval>
						<bounds>0.05, 0.95</bounds>
						<lower_bound>
							<values>0.77558, 0.02491, 1.87358, 2.03632, 0.01775, 1.63209, 1.80793, 0.21808, 0.13271, 0.01317, 0.00545, 0.97019, 0.59719, -0.2834, 0.56321, 0.94754, 1.73229, 0.72391</values>
						</lower_bound>
						<upper_bound>
							<values>0.82005, 0.04613, 2.18801, 2.35214, 0.02681, 1.9342, 2.1148, 0.30832, 0.20598, 0.01953, 0.01016, 1.36449, 0.75232, 0.4122, 0.74861, 0.96573, 2.30215, 0.90705</values>
						</upper_bound>
					</main_interval>
					<sample_size>
						<values>1000.0, 1000.0, 1000.0, 1000.0, 1000.0, 1000.0, 1000.0, 1000.0, 1000.0, 1000.0, 1000.0, 1000.0, 1000.0, 1000.0, 1000.0, 1000.0, 1000.0, 1000.0</values>
					</sample_size>
				</sampling_intervals>
			</data>
		</threshold>
		<threshold>
			<threshold_value>GT 0.43003 (Pr=0.425)</threshold_value>
			<data>
				<values>0.78819, 0.0304, 2.04928, 2.23069, 0.02421, 1.79036, 1.97796, 0.23817, 0.19707, 0.01515, 0.00978, 1.22026, 0.68206, 0.28179, 0.60979, 0.95212, 1.84425, 0.76002</values>
				<sampling_intervals>
					<main_interval>
						<bounds>0.05, 0.95</bounds>
						<lower_bound>
							<values>0.76688, 0.0245, 1.90769, 2.07473, 0.01876, 1.65332, 1.83423, 0.22317, 0.13865, 0.01376, 0.00589, 1.0218, 0.60856, -0.23364, 0.53546, 0.94394, 1.63504, 0.70039</values>
						</lower_bound>
						<upper_bound>
							<values>0.81844, 0.04666, 2.22718, 2.40108, 0.02787, 1.96142, 2.14536, 0.3137, 0.208, 0.02115, 0.0105, 1.4212, 0.77688, 0.46517, 0.71328, 0.96357, 2.15853, 0.85717</values>
						</upper_bound>
					</main_interval>
					<sample_size>
						<values>1000.0, 1000.0, 1000.0, 1000.0, 1000.0, 1000.0, 1000.0, 1000.0, 1000.0, 1000.0, 1000.0, 1000.0, 1000.0, 1000.0, 1000.0, 1000.0, 1000.0, 1000.0</values>
					</sample_size>
				</sampling_intervals>
			</data>
		</threshold>
		<threshold>
			<threshold_value>GT 0.46524 (Pr=0.45)</threshold_value>
			<data>
				<values>0.78898, 0.02914, 2.09755, 2.27944, 0.02366, 1.83897, 2.02633, 0.2728, 0.17727, 0.01807, 0.00837, 1.28639, 0.70284, 0.33204, 0.58538, 0.9529, 1.77181, 0.74519</values>
				<sampling_intervals>
					<main_interval>
						<bounds>0.05, 0.95</bounds>
						<lower_bound>
							<values>0.75086, 0.02461, 1.94056, 2.10909, 0.01943, 1.67748, 1.8604, 0.23616, 0.13983, 0.01484, 0.00637, 1.07884, 0.61805, -0.25412, 0.50074, 0.93862, 1.52701, 0.67546</values>
						</lower_bound>
						<upper_bound>
							<values>0.81388, 0.04859, 2.27406, 2.45953, 0.03073, 1.99689, 2.19511, 0.33079, 0.21965, 0.02323, 0.01134, 1.48269, 0.79198, 0.53901, 0.68129, 0.96148, 2.02619, 0.8122</values>
						</upper_bound>
					</main_interval>
					<sample_size>
						<values>1000.0, 1000.0, 1000.0, 1000.0, 1000.0, 1000.0, 1000.0, 1000.0, 1000.0, 1000.0, 1000.0, 1000.0, 1000.0, 1000.0, 1000.0, 1000.0, 1000.0, 1000.0</values>
					</sample_size>
				</sampling_intervals>
			</data>
		</threshold>
		<threshold>
			<threshold_value>GT 0.50448 (Pr=0.475)</threshold_value>
			<data>
				<values>0.7715, 0.02536, 2.13142, 2.33456, 0.02606, 1.86772, 2.07017, 0.2975, 0.19146, 0.02027, 0.00917, 1.33243, 0.71534, 0.46346, 0.54246, 0.94741, 1.6442, 0.70972</values>
				<sampling_intervals>
					<main_interval>
						<bounds>0.05, 0.95</bounds>
						<lower_bound>
							<values>0.73429, 0.02513, 1.96723, 2.14903, 0.02089, 1.69431, 1.89044, 0.25769, 0.14842, 0.01636, 0.00682, 1.13165, 0.6252, -0.11921, 0.46682, 0.93136, 1.44002, 0.64893</values>
						</lower_bound>
						<upper_bound>
							<values>0.80725, 0.04766, 2.30795, 2.51116, 0.03366, 2.02333, 2.23219, 0.35675, 0.23452, 0.02585, 0.01262, 1.54837, 0.79868, 0.56432, 0.64374, 0.95882, 1.88251, 0.77746</values>
						</upper_bound>
					</main_interval>
					<sample_size>
						<values>1000.0, 1000.0, 1000.0, 1000.0, 1000.0, 1000.0, 1000.0, 1000.0, 1000.0, 1000.0, 1000.0, 1000.0, 1000.0, 1000.0, 1000.0, 1000.0, 1000.0, 1000.0</values>
					</sample_size>
				</sampling_intervals>
			</data>
		</threshold>
		<threshold>
			<threshold_value>GT 0.54201 (Pr=0.5)</threshold_value>
			<data>
				<values>0.74636, 0.0249, 2.13957, 2.36831, 0.03014, 1.86413, 2.08763, 0.31732, 0.2211, 0.02172, 0.01167, 1.378, 0.70417, 0.54552, 0.50345, 0.93883, 1.53311, 0.67933</values>
				<sampling_intervals>
					<main_interval>
						<bounds>0.05, 0.95</bounds>
						<lower_bound>
							<values>0.72179, 0.02566, 1.98172, 2.18205, 0.0228, 1.70062, 1.91066, 0.27834, 0.1621, 0.01822, 0.00759, 1.17216, 0.61902, 0.04089, 0.45257, 0.92507, 1.36999, 0.62048</values>
						</lower_bound>
						<upper_bound>
							<values>0.79173, 0.04543, 2.31291, 2.53093, 0.03672, 2.0208, 2.23619, 0.38221, 0.24371, 0.02861, 0.01398, 1.5995, 0.78555, 0.59957, 0.60326, 0.95418, 1.76128, 0.7415</values>
						</upper_bound>
					</main_interval>
					<sample_size>
						<values>1000.0, 1000.0, 1000.0, 1000.0, 1000.0, 1000.0, 1000.0, 1000.0, 1000.0, 1000.0, 1000.0, 1000.0, 1000.0, 1000.0, 1000.0, 1000.0, 1000.0, 1000.0</values>
					</sample_size>
				</sampling_intervals>
			</data>
		</threshold>
		<threshold>
			<threshold_value>GT 0.58144 (Pr=0.525)</threshold_value>
			<data>
				<values>0.73973, 0.02876, 2.12617, 2.35768, 0.03214, 1.83933, 2.06746, 0.34086, 0.2217, 0.02412, 0.01219, 1.41732, 0.67832, 0.53194, 0.49822, 0.93424, 1.46809, 0.64541</values>
				<sampling_intervals>
					<main_interval>
						<bounds>0.05, 0.95</bounds>
						<lower_bound>
							<values>0.70813, 0.02572, 1.96707, 2.19077, 0.02571, 1.6857, 1.90191, 0.30581, 0.17512, 0.0199, 0.00852, 1.21268, 0.60085, 0.11375, 0.44298, 0.91784, 1.30802, 0.59159</values>
						</lower_bound>
						<upper_bound>
							<values>0.77326, 0.04643, 2.30372, 2.52475, 0.03991, 2.00671, 2.23046, 0.42024, 0.24167, 0.03242, 0.01437, 1.635, 0.76667, 0.62694, 0.58145, 0.94833, 1.66406, 0.70423</values>
						</upper_bound>
					</main_interval>
					<sample_size>
						<values>1000.0, 1000.0, 1000.0, 1000.0, 1000.0, 1000.0, 1000.0, 1000.0, 1000.0, 1000.0, 1000.0, 1000.0, 1000.0, 1000.0, 1000.0, 1000.0, 1000.0, 1000.0</values>
					</sample_size>
				</sampling_intervals>
			</data>
		</threshold>
		<threshold>
			<threshold_value>GT 0.62382 (Pr=0.55)</threshold_value>
			<data>
				<values>0.72666, 0.02292, 2.08405, 2.33447, 0.03526, 1.79621, 2.03429, 0.40626, 0.21244, 0.02959, 0.01175, 1.41618, 0.64885, 0.6506, 0.48854, 0.92739, 1.41068, 0.61527</values>
				<sampling_intervals>
					<main_interval>
						<bounds>0.05, 0.95</bounds>
						<lower_bound>
							<values>0.69081, 0.02387, 1.93613, 2.17014, 0.02809, 1.6481, 1.88359, 0.33705, 0.1797, 0.02252, 0.00922, 1.23274, 0.57097, 0.17566, 0.43407, 0.9105, 1.25406, 0.56333</values>
						</lower_bound>
						<upper_bound>
							<values>0.76222, 0.0473, 2.27626, 2.51618, 0.04314, 1.96963, 2.20629, 0.47837, 0.24713, 0.0365, 0.01501, 1.65725, 0.73324, 0.68665, 0.56484, 0.9428, 1.57802, 0.66964</values>
						</upper_bound>
					</main_interval>
					<sample_size>
						<values>1000.0, 1000.0, 1000.0, 1000.0, 1000.0, 1000.0, 1000.0, 1000.0, 1000.0, 1000.0, 1000.0, 1000.0, 1000.0, 1000.0, 1000.0, 1000.0, 1000.0, 1000.0</values>
					</sample_size>
				</sampling_intervals>
			</data>
		</threshold>
		<threshold>
			<threshold_value>GT 0.66187 (Pr=0.575)</threshold_value>
			<data>
				<values>0.70324, 0.02232, 2.02972, 2.30417, 0.03906, 1.7434, 2.0011, 0.44653, 0.23504, 0.03126, 0.01429, 1.46015, 0.60176, 0.71853, 0.46714, 0.91924, 1.32618, 0.5809</values>
				<sampling_intervals>
					<main_interval>
						<bounds>0.05, 0.95</bounds>
						<lower_bound>
							<values>0.68216, 0.02391, 1.89402, 2.13667, 0.03117, 1.59771, 1.84235, 0.38798, 0.18675, 0.02635, 0.00975, 1.24721, 0.53553, 0.29617, 0.42642, 0.90644, 1.20423, 0.53362</values>
						</lower_bound>
						<upper_bound>
							<values>0.74655, 0.04773, 2.2364, 2.48138, 0.04499, 1.92123, 2.16963, 0.53257, 0.2476, 0.0399, 0.01532, 1.66331, 0.69355, 0.71929, 0.55533, 0.93647, 1.50077, 0.63482</values>
						</upper_bound>
					</main_interval>
					<sample_size>
						<values>1000.0, 1000.0, 1000.0, 1000.0, 1000.0, 1000.0, 1000.0, 1000.0, 1000.0, 1000.0, 1000.0, 1000.0, 1000.0, 1000.0, 1000.0, 1000.0, 1000.0, 1000.0</values>
					</sample_size>
				</sampling_intervals>
			</data>
		</threshold>
		<threshold>
			<threshold_value>GT 0.70991 (Pr=0.6)</threshold_value>
			<data>
				<values>0.71545, 0.01702, 1.99158, 2.25911, 0.03982, 1.70026, 1.945, 0.50426, 0.19626, 0.03712, 0.0113, 1.42931, 0.57435, 0.79509, 0.48384, 0.91688, 1.30417, 0.54498</values>
				<sampling_intervals>
					<main_interval>
						<bounds>0.05, 0.95</bounds>
						<lower_bound>
							<values>0.68258, 0.02304, 1.83754, 2.09754, 0.03428, 1.54954, 1.79699, 0.43472, 0.1859, 0.02983, 0.01011, 1.2361, 0.499, 0.39595, 0.42962, 0.90215, 1.17252, 0.5003</values>
						</lower_bound>
						<upper_bound>
							<values>0.73244, 0.04664, 2.17983, 2.43374, 0.04707, 1.86522, 2.11229, 0.56234, 0.23749, 0.04228, 0.01518, 1.65261, 0.65023, 0.75212, 0.55688, 0.92908, 1.44025, 0.59833</values>
						</upper_bound>
					</main_interval>
					<sample_size>
						<values>1000.0, 1000.0, 1000.0, 1000.0, 1000.0, 1000.0, 1000.0, 1000.0, 1000.0, 1000.0, 1000.0, 1000.0, 1000.0, 1000.0, 1000.0, 1000.0, 1000.0, 1000.0</values>
					</sample_size>
				</sampling_intervals>
			</data>
		</threshold>
		<threshold>
			<threshold_value>GT 0.75905 (Pr=0.625)</threshold_value>
			<data>
				<values>0.70929, 0.0163, 1.94637, 2.22078, 0.04232, 1.6507, 1.8991, 0.54224, 0.19591, 0.03935, 0.0119, 1.41965, 0.53509, 0.83002, 0.47822, 0.91135, 1.25124, 0.51216</values>
				<sampling_intervals>
					<main_interval>
						<bounds>0.05, 0.95</bounds>
						<lower_bound>
							<values>0.6771, 0.02226, 1.78981, 2.04764, 0.03603, 1.49627, 1.74448, 0.46445, 0.18203, 0.03183, 0.01018, 1.2199, 0.46433, 0.49076, 0.42748, 0.89463, 1.12737, 0.46761</values>
						</lower_bound>
						<upper_bound>
							<values>0.7308, 0.04293, 2.1208, 2.38471, 0.04994, 1.80316, 2.05598, 0.59602, 0.23138, 0.04509, 0.01495, 1.63379, 0.60901, 0.79036, 0.55842, 0.92483, 1.39133, 0.56023</values>
						</upper_bound>
					</main_interval>
					<sample_size>
						<values>1000.0, 1000.0, 1000.0, 1000.0, 1000.0, 1000.0, 1000.0, 1000.0, 1000.0, 1000.0, 1000.0, 1000.0, 1000.0, 1000.0, 1000.0, 1000.0, 1000.0, 1000.0</values>
					</sample_size>
				</sampling_intervals>
			</data>
		</threshold>
		<threshold>
			<threshold_value>GT 0.81462 (Pr=0.65)</threshold_value>
			<data>
				<values>0.69365, 0.01457, 1.89773, 2.18952, 0.04507, 1.60649, 1.86778, 0.57625, 0.20922, 0.04024, 0.01305, 1.38452, 0.49829, 0.86837, 0.45959, 0.905, 1.18796, 0.48257</values>
				<sampling_intervals>
					<main_interval>
						<bounds>0.05, 0.95</bounds>
						<lower_bound>
							<values>0.66891, 0.02218, 1.75058, 2.00995, 0.03793, 1.45731, 1.70646, 0.50221, 0.17783, 0.03372, 0.01028, 1.18303, 0.43256, 0.54927, 0.42081, 0.88731, 1.08819, 0.43887</values>
						</lower_bound>
						<upper_bound>
							<values>0.72701, 0.04244, 2.07036, 2.34656, 0.05321, 1.74619, 2.00912, 0.64685, 0.22849, 0.04862, 0.01487, 1.5852, 0.56805, 0.81432, 0.55447, 0.92023, 1.3244, 0.5258</values>
						</upper_bound>
					</main_interval>
					<sample_size>
						<values>1000.0, 1000.0, 1000.0, 1000.0, 1000.0, 1000.0, 1000.0, 1000.0, 1000.0, 1000.0, 1000.0, 1000.0, 1000.0, 1000.0, 1000.0, 1000.0, 1000.0, 1000.0</values>
					</sample_size>
				</sampling_intervals>
			</data>
		</threshold>
		<threshold>
			<threshold_value>GT 0.88311 (Pr=0.675)</threshold_value>
			<data>
				<values>0.68981, 0.01371, 1.83617, 2.13264, 0.04867, 1.53799, 1.79951, 0.61836, 0.1995, 0.04389, 0.01203, 1.27982, 0.45966, 0.88084, 0.47163, 0.89687, 1.16096, 0.45149</values>
				<sampling_intervals>
					<main_interval>
						<bounds>0.05, 0.95</bounds>
						<lower_bound>
							<values>0.66288, 0.02116, 1.70531, 1.97338, 0.04034, 1.40879, 1.66561, 0.54822, 0.17998, 0.03643, 0.01028, 1.13832, 0.40002, 0.60532, 0.42026, 0.87922, 1.04309, 0.40744</values>
						</lower_bound>
						<upper_bound>
							<values>0.71873, 0.04294, 2.02371, 2.30552, 0.05675, 1.69313, 1.95662, 0.69183, 0.22342, 0.05199, 0.01451, 1.52011, 0.52616, 0.84038, 0.54844, 0.91462, 1.27472, 0.49566</values>
						</upper_bound>
					</main_interval>
					<sample_size>
						<values>1000.0, 1000.0, 1000.0, 1000.0, 1000.0, 1000.0, 1000.0, 1000.0, 1000.0, 1000.0, 1000.0, 1000.0, 1000.0, 1000.0, 1000.0, 1000.0, 1000.0, 1000.0</values>
					</sample_size>
				</sampling_intervals>
			</data>
		</threshold>
		<threshold>
			<threshold_value>GT 0.94867 (Pr=0.7)</threshold_value>
			<data>
				<values>0.68634, 0.01423, 1.8098, 2.10924, 0.05182, 1.50114, 1.76299, 0.68509, 0.18856, 0.04717, 0.01172, 1.25789, 0.42368, 0.89473, 0.45437, 0.88957, 1.088, 0.4107</values>
				<sampling_intervals>
					<main_interval>
						<bounds>0.05, 0.95</bounds>
						<lower_bound>
							<values>0.65244, 0.02171, 1.6717, 1.94223, 0.04305, 1.36927, 1.62609, 0.59752, 0.17454, 0.03887, 0.01013, 1.09898, 0.36727, 0.64752, 0.40549, 0.86601, 0.9751, 0.36777</values>
						</lower_bound>
						<upper_bound>
							<values>0.71326, 0.04185, 1.9843, 2.27627, 0.0623, 1.64216, 1.90934, 0.75257, 0.21486, 0.05562, 0.01422, 1.46325, 0.48413, 0.85333, 0.54131, 0.90878, 1.21609, 0.46037</values>
						</upper_bound>
					</main_interval>
					<sample_size>
						<values>1000.0, 1000.0, 1000.0, 1000.0, 1000.0, 1000.0, 1000.0, 1000.0, 1000.0, 1000.0, 1000.0, 1000.0, 1000.0, 1000.0, 1000.0, 1000.0, 1000.0, 1000.0</values>
					</sample_size>
				</sampling_intervals>
			</data>
		</threshold>
		<threshold>
			<threshold_value>GT 1.02801 (Pr=0.725)</threshold_value>
			<data>
				<values>0.67379, 0.01469, 1.78202, 2.09354, 0.05734, 1.45912, 1.72798, 0.74005, 0.19197, 0.05059, 0.01218, 1.19503, 0.38764, 0.90138, 0.43427, 0.87653, 0.99819, 0.36516</values>
				<sampling_intervals>
					<main_interval>
						<bounds>0.05, 0.95</bounds>
						<lower_bound>
							<values>0.63691, 0.02301, 1.63821, 1.92047, 0.04711, 1.32474, 1.58449, 0.65053, 0.17363, 0.04167, 0.01008, 1.02545, 0.33521, 0.67708, 0.39425, 0.85008, 0.89586, 0.32051</values>
						</lower_bound>
						<upper_bound>
							<values>0.70348, 0.04276, 1.93087, 2.24353, 0.06909, 1.57641, 1.85296, 0.82186, 0.21458, 0.06026, 0.01486, 1.37414, 0.43916, 0.85601, 0.51848, 0.89929, 1.12751, 0.4123</values>
						</upper_bound>
					</main_interval>
					<sample_size>
						<values>1000.0, 1000.0, 1000.0, 1000.0, 1000.0, 1000.0, 1000.0, 1000.0, 1000.0, 1000.0, 1000.0, 1000.0, 1000.0, 1000.0, 1000.0, 1000.0, 1000.0, 1000.0</values>
					</sample_size>
				</sampling_intervals>
			</data>
		</threshold>
		<threshold>
			<threshold_value>GT 1.12102 (Pr=0.75)</threshold_value>
			<data>
				<values>0.6625, 0.01762, 1.70176, 2.02164, 0.06221, 1.37495, 1.65024, 0.77408, 0.20014, 0.05069, 0.01353, 1.07783, 0.3391, 0.89227, 0.43587, 0.86486, 0.93639, 0.32048</values>
				<sampling_intervals>
					<main_interval>
						<bounds>0.05, 0.95</bounds>
						<lower_bound>
							<values>0.6343, 0.02441, 1.58688, 1.88475, 0.05309, 1.25827, 1.52594, 0.71611, 0.17292, 0.0453, 0.01061, 0.93617, 0.29699, 0.71144, 0.39302, 0.83301, 0.8293, 0.268</values>
						</lower_bound>
						<upper_bound>
							<values>0.69187, 0.04169, 1.86834, 2.18966, 0.07679, 1.4966, 1.77541, 0.88346, 0.21024, 0.0638, 0.01469, 1.25946, 0.38923, 0.86385, 0.50636, 0.88579, 1.0338, 0.36283</values>
						</upper_bound>
					</main_interval>
					<sample_size>
						<values>1000.0, 1000.0, 1000.0, 1000.0, 1000.0, 1000.0, 1000.0, 1000.0, 1000.0, 1000.0, 1000.0, 1000.0, 1000.0, 1000.0, 1000.0, 1000.0, 1000.0, 1000.0</values>
					</sample_size>
				</sampling_intervals>
			</data>
		</threshold>
		<threshold>
			<threshold_value>GT 1.16125 (Pr=0.76)</threshold_value>
			<data>
				<values>0.65947, 0.01461, 1.69586, 2.02177, 0.06452, 1.36441, 1.64042, 0.80811, 0.19832, 0.05267, 0.01328, 1.06815, 0.32485, 0.91443, 0.42204, 0.85884, 0.88887, 0.2965</values>
				<sampling_intervals>
					<main_interval>
						<bounds>0.05, 0.95</bounds>
						<lower_bound>
							<values>0.63393, 0.02457, 1.57241, 1.87031, 0.0552, 1.23623, 1.50185, 0.7399, 0.16911, 0.04612, 0.01055, 0.88994, 0.28015, 0.71292, 0.39788, 0.82006, 0.79599, 0.24037</values>
						</lower_bound>
						<upper_bound>
							<values>0.69046, 0.04158, 1.85042, 2.15944, 0.0819, 1.46684, 1.73913, 0.91064, 0.20406, 0.06675, 0.01427, 1.21734, 0.36949, 0.87294, 0.50218, 0.87979, 0.9992, 0.3399</values>
						</upper_bound>
					</main_interval>
					<sample_size>
						<values>1000.0, 1000.0, 1000.0, 1000.0, 1000.0, 1000.0, 1000.0, 1000.0, 1000.0, 1000.0, 1000.0, 1000.0, 1000.0, 1000.0, 1000.0, 1000.0, 1000.0, 1000.0</values>
					</sample_size>
				</sampling_intervals>
			</data>
		</threshold>
		<threshold>
			<threshold_value>GT 1.21439 (Pr=0.77)</threshold_value>
			<data>
				<values>0.66442, 0.02284, 1.68824, 2.00098, 0.07066, 1.32161, 1.58652, 0.84267, 0.17696, 0.05712, 0.01185, 0.98524, 0.30817, 0.86367, 0.4448, 0.84448, 0.85661, 0.26169</values>
				<sampling_intervals>
					<main_interval>
						<bounds>0.05, 0.95</bounds>
						<lower_bound>
							<values>0.62911, 0.02544, 1.5542, 1.84806, 0.0571, 1.20799, 1.46978, 0.75777, 0.16332, 0.04695, 0.01035, 0.84432, 0.26592, 0.72301, 0.40255, 0.80709, 0.76432, 0.21413</values>
						</lower_bound>
						<upper_bound>
							<values>0.69094, 0.04169, 1.81631, 2.12757, 0.08649, 1.43025, 1.69828, 0.94019, 0.19989, 0.06883, 0.01394, 1.16616, 0.3503, 0.86993, 0.50815, 0.87541, 0.96452, 0.31697</values>
						</upper_bound>
					</main_interval>
					<sample_size>
						<values>1000.0, 1000.0, 1000.0, 1000.0, 1000.0, 1000.0, 1000.0, 1000.0, 1000.0, 1000.0, 1000.0, 1000.0, 1000.0, 1000.0, 1000.0, 1000.0, 1000.0, 1000.0</values>
					</sample_size>
				</sampling_intervals>
			</data>
		</threshold>
		<threshold>
			<threshold_value>GT 1.26092 (Pr=0.78)</threshold_value>
			<data>
				<values>0.6578, 0.02265, 1.6529, 1.97245, 0.07382, 1.28503, 1.5534, 0.86486, 0.17996, 0.05776, 0.01195, 0.93167, 0.28919, 0.86905, 0.44303, 0.83574, 0.82134, 0.23666</values>
				<sampling_intervals>
					<main_interval>
						<bounds>0.05, 0.95</bounds>
						<lower_bound>
							<values>0.62157, 0.02596, 1.53438, 1.82891, 0.05893, 1.17223, 1.43427, 0.786, 0.15832, 0.04821, 0.00987, 0.79376, 0.25181, 0.72102, 0.40183, 0.79335, 0.72802, 0.18917</values>
						</lower_bound>
						<upper_bound>
							<values>0.6909, 0.04282, 1.78892, 2.1001, 0.09231, 1.39145, 1.65754, 0.97175, 0.19302, 0.07179, 0.01389, 1.10404, 0.32867, 0.86737, 0.50986, 0.86996, 0.92646, 0.2886</values>
						</upper_bound>
					</main_interval>
					<sample_size>
						<values>1000.0, 1000.0, 1000.0, 1000.0, 1000.0, 1000.0, 1000.0, 1000.0, 1000.0, 1000.0, 1000.0, 1000.0, 1000.0, 1000.0, 1000.0, 1000.0, 1000.0, 1000.0</values>
					</sample_size>
				</sampling_intervals>
			</data>
		</threshold>
		<threshold>
			<threshold_value>GT 1.31441 (Pr=0.79)</threshold_value>
			<data>
				<values>0.65163, 0.02183, 1.61746, 1.944, 0.08059, 1.23583, 1.50361, 0.90538, 0.17453, 0.06148, 0.01159, 0.86419, 0.2697, 0.87653, 0.44316, 0.81974, 0.78333, 0.20681</values>
				<sampling_intervals>
					<main_interval>
						<bounds>0.05, 0.95</bounds>
						<lower_bound>
							<values>0.61407, 0.02662, 1.51259, 1.80939, 0.06319, 1.13586, 1.40108, 0.8167, 0.15848, 0.05018, 0.00981, 0.73675, 0.23602, 0.70171, 0.4016, 0.77808, 0.69073, 0.16392</values>
						</lower_bound>
						<upper_bound>
							<values>0.68753, 0.04506, 1.75324, 2.07502, 0.09846, 1.34821, 1.61313, 0.99906, 0.19277, 0.07291, 0.01396, 1.03819, 0.30866, 0.86911, 0.51228, 0.85931, 0.8915, 0.25931</values>
						</upper_bound>
					</main_interval>
					<sample_size>
						<values>1000.0, 1000.0, 1000.0, 1000.0, 1000.0, 1000.0, 1000.0, 1000.0, 1000.0, 1000.0, 1000.0, 1000.0, 1000.0, 1000.0, 1000.0, 1000.0, 1000.0, 1000.0</values>
					</sample_size>
				</sampling_intervals>
			</data>
		</threshold>
		<threshold>
			<threshold_value>GT 1.368 (Pr=0.8)</threshold_value>
			<data>
				<values>0.64348, 0.02686, 1.59476, 1.92442, 0.08776, 1.19354, 1.4623, 0.93613, 0.1729, 0.06413, 0.01175, 0.7981, 0.25284, 0.85008, 0.44511, 0.80216, 0.73691, 0.17588</values>
				<sampling_intervals>
					<main_interval>
						<bounds>0.05, 0.95</bounds>
						<lower_bound>
							<values>0.60794, 0.0289, 1.48505, 1.78807, 0.06703, 1.10455, 1.36914, 0.84235, 0.15962, 0.05206, 0.00976, 0.68428, 0.22088, 0.69307, 0.40107, 0.76403, 0.65911, 0.14167</values>
						</lower_bound>
						<upper_bound>
							<values>0.68354, 0.0477, 1.7301, 2.05681, 0.10452, 1.3037, 1.57194, 1.02096, 0.19063, 0.07415, 0.01398, 0.96824, 0.28993, 0.86214, 0.51081, 0.84929, 0.85059, 0.23034</values>
						</upper_bound>
					</main_interval>
					<sample_size>
						<values>1000.0, 1000.0, 1000.0, 1000.0, 1000.0, 1000.0, 1000.0, 1000.0, 1000.0, 1000.0, 1000.0, 1000.0, 1000.0, 1000.0, 1000.0, 1000.0, 1000.0, 1000.0</values>
					</sample_size>
				</sampling_intervals>
			</data>
		</threshold>
		<threshold>
			<threshold_value>GT 1.42878 (Pr=0.81)</threshold_value>
			<data>
				<values>0.63385, 0.03266, 1.57838, 1.91187, 0.09389, 1.16183, 1.43409, 0.97032, 0.17455, 0.06579, 0.0118, 0.74644, 0.23671, 0.82307, 0.43954, 0.78768, 0.69827, 0.15474</values>
				<sampling_intervals>
					<main_interval>
						<bounds>0.05, 0.95</bounds>
						<lower_bound>
							<values>0.60526, 0.03061, 1.46273, 1.77167, 0.07328, 1.06965, 1.33747, 0.86151, 0.15838, 0.05358, 0.00996, 0.62618, 0.20674, 0.68917, 0.40058, 0.75559, 0.63352, 0.12128</values>
						</lower_bound>
						<upper_bound>
							<values>0.67574, 0.04907, 1.70469, 2.03829, 0.10923, 1.26536, 1.5396, 1.04762, 0.18968, 0.0733, 0.01386, 0.89622, 0.2716, 0.85615, 0.51103, 0.83573, 0.81627, 0.20455</values>
						</upper_bound>
					</main_interval>
					<sample_size>
						<values>1000.0, 1000.0, 1000.0, 1000.0, 1000.0, 1000.0, 1000.0, 1000.0, 1000.0, 1000.0, 1000.0, 1000.0, 1000.0, 1000.0, 1000.0, 1000.0, 1000.0, 1000.0</values>
					</sample_size>
				</sampling_intervals>
			</data>
		</threshold>
		<threshold>
			<threshold_value>GT 1.50059 (Pr=0.82)</threshold_value>
			<data>
				<values>0.63233, 0.02903, 1.55855, 1.8972, 0.09906, 1.13272, 1.40134, 0.95115, 0.1716, 0.06323, 0.01181, 0.66518, 0.22353, 0.83939, 0.44586, 0.77655, 0.6949, 0.14394</values>
				<sampling_intervals>
					<main_interval>
						<bounds>0.05, 0.95</bounds>
						<lower_bound>
							<values>0.60379, 0.03304, 1.44486, 1.75935, 0.07984, 1.03969, 1.30355, 0.86957, 0.1576, 0.0545, 0.00996, 0.55933, 0.19298, 0.67823, 0.40259, 0.74673, 0.61577, 0.10368</values>
						</lower_bound>
						<upper_bound>
							<values>0.66682, 0.05183, 1.6745, 2.01162, 0.11346, 1.22701, 1.50365, 1.05494, 0.1858, 0.07112, 0.01349, 0.82212, 0.25671, 0.84582, 0.51636, 0.81818, 0.78682, 0.18894</values>
						</upper_bound>
					</main_interval>
					<sample_size>
						<values>1000.0, 1000.0, 1000.0, 1000.0, 1000.0, 1000.0, 1000.0, 1000.0, 1000.0, 1000.0, 1000.0, 1000.0, 1000.0, 1000.0, 1000.0, 1000.0, 1000.0, 1000.0</values>
					</sample_size>
				</sampling_intervals>
			</data>
		</threshold>
		<threshold>
			<threshold_value>GT 1.56945 (Pr=0.83)</threshold_value>
			<data>
				<values>0.6237, 0.03187, 1.52087, 1.8653, 0.10524, 1.0888, 1.35986, 0.96621, 0.16681, 0.0624, 0.01123, 0.59095, 0.20986, 0.82327, 0.45451, 0.76314, 0.69307, 0.13435</values>
				<sampling_intervals>
					<main_interval>
						<bounds>0.05, 0.95</bounds>
						<lower_bound>
							<values>0.60184, 0.03413, 1.41919, 1.73549, 0.0856, 1.00952, 1.27023, 0.86358, 0.15462, 0.05331, 0.00979, 0.51205, 0.18133, 0.67471, 0.40788, 0.74087, 0.61641, 0.09176</values>
						</lower_bound>
						<upper_bound>
							<values>0.66252, 0.0529, 1.65335, 1.99072, 0.11556, 1.19718, 1.47095, 1.05191, 0.1824, 0.06798, 0.01329, 0.74043, 0.24312, 0.84072, 0.5219, 0.80531, 0.78591, 0.182</values>
						</upper_bound>
					</main_interval>
					<sample_size>
						<values>1000.0, 1000.0, 1000.0, 1000.0, 1000.0, 1000.0, 1000.0, 1000.0, 1000.0, 1000.0, 1000.0, 1000.0, 1000.0, 1000.0, 1000.0, 1000.0, 1000.0, 1000.0</values>
					</sample_size>
				</sampling_intervals>
			</data>
		</threshold>
		<threshold>
			<threshold_value>GT 1.64811 (Pr=0.84)</threshold_value>
			<data>
				<values>0.62594, 0.03371, 1.5219, 1.86225, 0.10591, 1.08367, 1.35182, 0.93788, 0.16637, 0.0575, 0.01117, 0.54357, 0.20023, 0.8198, 0.45037, 0.76197, 0.69158, 0.13058</values>
				<sampling_intervals>
					<main_interval>
						<bounds>0.05, 0.95</bounds>
						<lower_bound>
							<values>0.60129, 0.03581, 1.40437, 1.72443, 0.08864, 0.99188, 1.25562, 0.85052, 0.15249, 0.05008, 0.00956, 0.46585, 0.17139, 0.65601, 0.4105, 0.73567, 0.61872, 0.08673</values>
						</lower_bound>
						<upper_bound>
							<values>0.65847, 0.05675, 1.65899, 1.99983, 0.11888, 1.18479, 1.45917, 1.03079, 0.18132, 0.06358, 0.01315, 0.66235, 0.23398, 0.8325, 0.52757, 0.79836, 0.78897, 0.17948</values>
						</upper_bound>
					</main_interval>
					<sample_size>
						<values>1000.0, 1000.0, 1000.0, 1000.0, 1000.0, 1000.0, 1000.0, 1000.0, 1000.0, 1000.0, 1000.0, 1000.0, 1000.0, 1000.0, 1000.0, 1000.0, 1000.0, 1000.0</values>
					</sample_size>
				</sampling_intervals>
			</data>
		</threshold>
		<threshold>
			<threshold_value>GT 1.73059 (Pr=0.85)</threshold_value>
			<data>
				<values>0.62584, 0.03635, 1.52171, 1.85953, 0.10619, 1.07951, 1.34749, 0.90166, 0.17161, 0.05204, 0.01171, 0.49623, 0.19054, 0.80745, 0.45162, 0.76181, 0.7017, 0.13372</values>
				<sampling_intervals>
					<main_interval>
						<bounds>0.05, 0.95</bounds>
						<lower_bound>
							<values>0.6006, 0.03874, 1.40779, 1.7169, 0.09068, 0.98173, 1.24219, 0.83158, 0.15126, 0.04668, 0.00945, 0.42568, 0.16221, 0.64411, 0.40606, 0.7314, 0.61566, 0.08359</values>
						</lower_bound>
						<upper_bound>
							<values>0.65835, 0.05976, 1.66351, 1.99532, 0.12069, 1.18045, 1.45613, 1.00798, 0.18266, 0.0597, 0.01289, 0.59611, 0.22447, 0.81884, 0.52568, 0.79385, 0.78643, 0.17875</values>
						</upper_bound>
					</main_interval>
					<sample_size>
						<values>1000.0, 1000.0, 1000.0, 1000.0, 1000.0, 1000.0, 1000.0, 1000.0, 1000.0, 1000.0, 1000.0, 1000.0, 1000.0, 1000.0, 1000.0, 1000.0, 1000.0, 1000.0</values>
					</sample_size>
				</sampling_intervals>
			</data>
		</threshold>
		<threshold>
			<threshold_value>GT 1.82914 (Pr=0.86)</threshold_value>
			<data>
				<values>0.62836, 0.03799, 1.53011, 1.86376, 0.10828, 1.07654, 1.33991, 0.89383, 0.16453, 0.04922, 0.01073, 0.45832, 0.18177, 0.80506, 0.44537, 0.75802, 0.69662, 0.12875</values>
				<sampling_intervals>
					<main_interval>
						<bounds>0.05, 0.95</bounds>
						<lower_bound>
							<values>0.59846, 0.04207, 1.40525, 1.7193, 0.09175, 0.97908, 1.23625, 0.81206, 0.15101, 0.04307, 0.00921, 0.39025, 0.15368, 0.64795, 0.397, 0.72871, 0.61911, 0.08364</values>
						</lower_bound>
						<upper_bound>
							<values>0.65819, 0.06206, 1.67692, 2.00769, 0.12283, 1.18365, 1.45707, 0.98555, 0.18461, 0.05531, 0.01256, 0.54453, 0.21567, 0.80727, 0.52356, 0.79112, 0.78826, 0.17775</values>
						</upper_bound>
					</main_interval>
					<sample_size>
						<values>1000.0, 1000.0, 1000.0, 1000.0, 1000.0, 1000.0, 1000.0, 1000.0, 1000.0, 1000.0, 1000.0, 1000.0, 1000.0, 1000.0, 1000.0, 1000.0, 1000.0, 1000.0</values>
					</sample_size>
				</sampling_intervals>
			</data>
		</threshold>
		<threshold>
			<threshold_value>GT 1.93454 (Pr=0.87)</threshold_value>
			<data>
				<values>0.62883, 0.03934, 1.52185, 1.85369, 0.10832, 1.06816, 1.33101, 0.85247, 0.17205, 0.04438, 0.01062, 0.41356, 0.1711, 0.80499, 0.44195, 0.75885, 0.70501, 0.13055</values>
				<sampling_intervals>
					<main_interval>
						<bounds>0.05, 0.95</bounds>
						<lower_bound>
							<values>0.59319, 0.04359, 1.41477, 1.72883, 0.09329, 0.97078, 1.23036, 0.79762, 0.15261, 0.03978, 0.00896, 0.34854, 0.14613, 0.64038, 0.38623, 0.71968, 0.61594, 0.08552</values>
						</lower_bound>
						<upper_bound>
							<values>0.65652, 0.06546, 1.67843, 2.00433, 0.12766, 1.17725, 1.45081, 0.95276, 0.18884, 0.05111, 0.01238, 0.50084, 0.20245, 0.80757, 0.51195, 0.7875, 0.78211, 0.17414</values>
						</upper_bound>
					</main_interval>
					<sample_size>
						<values>1000.0, 1000.0, 1000.0, 1000.0, 1000.0, 1000.0, 1000.0, 1000.0, 1000.0, 1000.0, 1000.0, 1000.0, 1000.0, 1000.0, 1000.0, 1000.0, 1000.0, 1000.0</values>
					</sample_size>
				</sampling_intervals>
			</data>
		</threshold>
		<threshold>
			<threshold_value>GT 2.05932 (Pr=0.88)</threshold_value>
			<data>
				<values>0.61751, 0.04187, 1.5377, 1.87831, 0.11594, 1.06366, 1.33021, 0.86474, 0.17203, 0.04293, 0.01021, 0.37216, 0.16241, 0.79693, 0.41789, 0.74309, 0.67588, 0.12403</values>
				<sampling_intervals>
					<main_interval>
						<bounds>0.05, 0.95</bounds>
						<lower_bound>
							<values>0.5901, 0.0456, 1.41259, 1.72415, 0.09418, 0.95894, 1.21762, 0.78175, 0.15694, 0.03667, 0.00878, 0.31571, 0.13584, 0.64227, 0.37473, 0.71643, 0.60536, 0.08261</values>
						</lower_bound>
						<upper_bound>
							<values>0.65281, 0.06738, 1.66288, 1.99146, 0.12969, 1.16797, 1.44364, 0.93329, 0.2037, 0.04743, 0.01273, 0.44825, 0.18912, 0.80129, 0.50408, 0.78575, 0.77652, 0.17253</values>
						</upper_bound>
					</main_interval>
					<sample_size>
						<values>1000.0, 1000.0, 1000.0, 1000.0, 1000.0, 1000.0, 1000.0, 1000.0, 1000.0, 1000.0, 1000.0, 1000.0, 1000.0, 1000.0, 1000.0, 1000.0, 1000.0, 1000.0</values>
					</sample_size>
				</sampling_intervals>
			</data>
		</threshold>
		<threshold>
			<threshold_value>GT 2.16972 (Pr=0.89)</threshold_value>
			<data>
				<values>0.61347, 0.04119, 1.50593, 1.85127, 0.11256, 1.05218, 1.32615, 0.84489, 0.18952, 0.03845, 0.01076, 0.34548, 0.1485, 0.81448, 0.40308, 0.74937, 0.6698, 0.12289</values>
				<sampling_intervals>
					<main_interval>
						<bounds>0.05, 0.95</bounds>
						<lower_bound>
							<values>0.57816, 0.04701, 1.39212, 1.70912, 0.09434, 0.94663, 1.21006, 0.77368, 0.16229, 0.03324, 0.00874, 0.2853, 0.12496, 0.6395, 0.36434, 0.71129, 0.59854, 0.07942</values>
						</lower_bound>
						<upper_bound>
							<values>0.64851, 0.07183, 1.66528, 1.99471, 0.13177, 1.16492, 1.44007, 0.91811, 0.21719, 0.04364, 0.01302, 0.41185, 0.17495, 0.80765, 0.48865, 0.78776, 0.7584, 0.16655</values>
						</upper_bound>
					</main_interval>
					<sample_size>
						<values>1000.0, 1000.0, 1000.0, 1000.0, 1000.0, 1000.0, 1000.0, 1000.0, 1000.0, 1000.0, 1000.0, 1000.0, 1000.0, 1000.0, 1000.0, 1000.0, 1000.0, 1000.0</values>
					</sample_size>
				</sampling_intervals>
			</data>
		</threshold>
		<threshold>
			<threshold_value>GT 2.341 (Pr=0.9)</threshold_value>
			<data>
				<values>0.60026, 0.04479, 1.48974, 1.84469, 0.11944, 1.02629, 1.3066, 0.818, 0.20496, 0.03495, 0.01121, 0.29093, 0.13548, 0.79703, 0.39836, 0.73264, 0.65837, 0.11472</values>
				<sampling_intervals>
					<main_interval>
						<bounds>0.05, 0.95</bounds>
						<lower_bound>
							<values>0.56155, 0.04969, 1.37892, 1.70301, 0.09678, 0.92908, 1.19893, 0.76023, 0.17337, 0.03095, 0.00888, 0.24667, 0.11289, 0.63334, 0.35865, 0.6957, 0.57762, 0.06931</values>
						</lower_bound>
						<upper_bound>
							<values>0.64264, 0.07474, 1.63842, 1.98223, 0.13727, 1.13647, 1.42568, 0.89493, 0.23613, 0.0398, 0.0139, 0.36145, 0.16146, 0.79662, 0.47133, 0.78063, 0.74189, 0.16221</values>
						</upper_bound>
					</main_interval>
					<sample_size>
						<values>1000.0, 1000.0, 1000.0, 1000.0, 1000.0, 1000.0, 1000.0, 1000.0, 1000.0, 1000.0, 1000.0, 1000.0, 1000.0, 1000.0, 1000.0, 1000.0, 1000.0, 1000.0</values>
					</sample_size>
				</sampling_intervals>
			</data>
		</threshold>
		<threshold>
			<threshold_value>GT 2.50324 (Pr=0.91)</threshold_value>
			<data>
				<values>0.57524, 0.03889, 1.44109, 1.82696, 0.12565, 0.99476, 1.29387, 0.81247, 0.23215, 0.03169, 0.01232, 0.24596, 0.12218, 0.82167, 0.37897, 0.71705, 0.65535, 0.11843</values>
				<sampling_intervals>
					<main_interval>
						<bounds>0.05, 0.95</bounds>
						<lower_bound>
							<values>0.54868, 0.05119, 1.36056, 1.69803, 0.10407, 0.90545, 1.18587, 0.74665, 0.18619, 0.02786, 0.00934, 0.20828, 0.10279, 0.62782, 0.34468, 0.68214, 0.57874, 0.0691</values>
						</lower_bound>
						<upper_bound>
							<values>0.62738, 0.07808, 1.62628, 1.99481, 0.14354, 1.12619, 1.42811, 0.87926, 0.25408, 0.0357, 0.01425, 0.30697, 0.14924, 0.78627, 0.45941, 0.7626, 0.73808, 0.1678</values>
						</upper_bound>
					</main_interval>
					<sample_size>
						<values>1000.0, 1000.0, 1000.0, 1000.0, 1000.0, 1000.0, 1000.0, 1000.0, 1000.0, 1000.0, 1000.0, 1000.0, 1000.0, 1000.0, 1000.0, 1000.0, 1000.0, 1000.0</values>
					</sample_size>
				</sampling_intervals>
			</data>
		</threshold>
		<threshold>
			<threshold_value>GT 2.70237 (Pr=0.92)</threshold_value>
			<data>
				<values>0.5763, 0.03538, 1.44401, 1.83234, 0.1268, 0.99535, 1.29225, 0.7544, 0.24162, 0.02673, 0.0121, 0.20686, 0.1139, 0.83695, 0.37617, 0.71612, 0.69467, 0.13287</values>
				<sampling_intervals>
					<main_interval>
						<bounds>0.05, 0.95</bounds>
						<lower_bound>
							<values>0.53307, 0.04978, 1.35062, 1.70965, 0.10993, 0.89003, 1.1813, 0.72326, 0.20674, 0.02409, 0.00958, 0.17084, 0.09327, 0.61849, 0.33525, 0.6661, 0.58608, 0.07458</values>
						</lower_bound>
						<upper_bound>
							<values>0.60725, 0.07831, 1.61922, 1.98911, 0.15113, 1.11335, 1.41974, 0.84952, 0.27353, 0.03138, 0.01455, 0.255, 0.13757, 0.79254, 0.44812, 0.75049, 0.76236, 0.18014</values>
						</upper_bound>
					</main_interval>
					<sample_size>
						<values>1000.0, 1000.0, 1000.0, 1000.0, 1000.0, 1000.0, 1000.0, 1000.0, 1000.0, 1000.0, 1000.0, 1000.0, 1000.0, 1000.0, 1000.0, 1000.0, 1000.0, 1000.0</values>
					</sample_size>
				</sampling_intervals>
			</data>
		</threshold>
		<threshold>
			<threshold_value>GT 2.93114 (Pr=0.93)</threshold_value>
			<data>
				<values>0.55577, 0.04644, 1.43279, 1.83059, 0.13318, 0.97632, 1.28737, 0.75297, 0.26045, 0.02344, 0.01236, 0.17042, 0.10145, 0.78911, 0.36352, 0.69902, 0.68632, 0.13278</values>
				<sampling_intervals>
					<main_interval>
						<bounds>0.05, 0.95</bounds>
						<lower_bound>
							<values>0.50317, 0.05393, 1.32117, 1.70044, 0.11572, 0.85459, 1.15324, 0.70025, 0.22043, 0.02066, 0.00965, 0.13881, 0.08328, 0.58099, 0.32332, 0.65362, 0.5915, 0.07584</values>
						</lower_bound>
						<upper_bound>
							<values>0.5905, 0.08364, 1.58566, 1.96484, 0.15766, 1.09144, 1.41702, 0.82209, 0.32676, 0.02747, 0.01534, 0.20772, 0.12321, 0.77592, 0.44194, 0.73807, 0.79769, 0.20996</values>
						</upper_bound>
					</main_interval>
					<sample_size>
						<values>1000.0, 1000.0, 1000.0, 1000.0, 1000.0, 1000.0, 1000.0, 1000.0, 1000.0, 1000.0, 1000.0, 1000.0, 1000.0, 1000.0, 1000.0, 1000.0, 1000.0, 1000.0</values>
					</sample_size>
				</sampling_intervals>
			</data>
		</threshold>
		<threshold>
			<threshold_value>GT 3.16265 (Pr=0.94)</threshold_value>
			<data>
				<values>0.51093, 0.04091, 1.31344, 1.76161, 0.13359, 0.92509, 1.28057, 0.72162, 0.34203, 0.01929, 0.01412, 0.13486, 0.08527, 0.80923, 0.34568, 0.69773, 0.75129, 0.17887</values>
				<sampling_intervals>
					<main_interval>
						<bounds>0.05, 0.95</bounds>
						<lower_bound>
							<values>0.4736, 0.05808, 1.2333, 1.6395, 0.11494, 0.81012, 1.13584, 0.65273, 0.25721, 0.01648, 0.01038, 0.1109, 0.06995, 0.55296, 0.30839, 0.65617, 0.63767, 0.09984</values>
						</lower_bound>
						<upper_bound>
							<values>0.56457, 0.09112, 1.49603, 1.90712, 0.15609, 1.05752, 1.42718, 0.79213, 0.40576, 0.02274, 0.01784, 0.16681, 0.10524, 0.75431, 0.4448, 0.73774, 0.87088, 0.24981</values>
						</upper_bound>
					</main_interval>
					<sample_size>
						<values>1000.0, 1000.0, 1000.0, 1000.0, 1000.0, 1000.0, 1000.0, 1000.0, 1000.0, 1000.0, 1000.0, 1000.0, 1000.0, 1000.0, 1000.0, 1000.0, 1000.0, 1000.0</values>
					</sample_size>
				</sampling_intervals>
			</data>
		</threshold>
		<threshold>
			<threshold_value>GT 3.46758 (Pr=0.95)</threshold_value>
			<data>
				<values>0.5053, 0.05131, 1.29808, 1.74147, 0.12774, 0.92699, 1.29395, 0.63127, 0.39996, 0.01448, 0.01595, 0.10821, 0.07507, 0.75557, 0.36443, 0.70701, 0.82561, 0.20729</values>
				<sampling_intervals>
					<main_interval>
						<bounds>0.05, 0.95</bounds>
						<lower_bound>
							<values>0.46531, 0.06864, 1.18008, 1.58739, 0.10976, 0.79126, 1.13833, 0.55883, 0.33419, 0.01235, 0.01209, 0.08647, 0.05829, 0.41315, 0.325, 0.66535, 0.70038, 0.13626</values>
						</lower_bound>
						<upper_bound>
							<values>0.54074, 0.1087, 1.50123, 1.91738, 0.15177, 1.05777, 1.44549, 0.72765, 0.48443, 0.01721, 0.02148, 0.1325, 0.09694, 0.71278, 0.46411, 0.74254, 0.97865, 0.30254</values>
						</upper_bound>
					</main_interval>
					<sample_size>
						<values>1000.0, 1000.0, 1000.0, 1000.0, 1000.0, 1000.0, 1000.0, 1000.0, 1000.0, 1000.0, 1000.0, 1000.0, 1000.0, 1000.0, 1000.0, 1000.0, 1000.0, 1000.0</values>
					</sample_size>
				</sampling_intervals>
			</data>
		</threshold>
		<threshold>
			<threshold_value>GT 4.0004 (Pr=0.96)</threshold_value>
			<data>
				<values>0.48814, 0.0636, 1.31205, 1.76031, 0.13979, 0.90965, 1.28172, 0.49828, 0.52804, 0.00956, 0.02088, 0.06429, 0.07651, 0.51354, 0.47246, 0.70952, 1.1683, 0.36603</values>
				<sampling_intervals>
					<main_interval>
						<bounds>0.05, 0.95</bounds>
						<lower_bound>
							<values>0.44854, 0.08189, 1.20105, 1.60399, 0.11781, 0.77864, 1.13849, 0.42334, 0.41564, 0.00781, 0.01524, 0.05039, 0.05328, -0.49209, 0.38524, 0.66404, 0.84835, 0.19484</values>
						</lower_bound>
						<upper_bound>
							<values>0.52423, 0.12928, 1.51147, 1.92147, 0.16601, 1.04851, 1.4396, 0.61938, 0.67332, 0.01222, 0.02674, 0.08712, 0.11068, 0.56036, 0.63021, 0.74935, 1.54486, 0.57452</values>
						</upper_bound>
					</main_interval>
					<sample_size>
						<values>1000.0, 1000.0, 1000.0, 1000.0, 1000.0, 1000.0, 1000.0, 1000.0, 1000.0, 1000.0, 1000.0, 1000.0, 1000.0, 1000.0, 1000.0, 1000.0, 1000.0, 1000.0</values>
					</sample_size>
				</sampling_intervals>
			</data>
		</threshold>
		<threshold>
			<threshold_value>GT 4.78765 (Pr=0.97)</threshold_value>
			<data>
				<values>0.445, 0.07901, 1.36295, 1.83893, 0.15729, 0.92165, 1.31936, 0.39131, 1.05136, 0.00598, 0.03116, 0.0358, 0.10855, -4.82574, 0.59878, 0.73993, 1.74471, 0.80486</values>
				<sampling_intervals>
					<main_interval>
						<bounds>0.05, 0.95</bounds>
						<lower_bound>
							<values>0.39027, 0.10922, 1.23519, 1.63256, 0.13217, 0.76647, 1.12533, 0.34059, 0.62065, 0.00503, 0.02057, 0.02852, 0.0619, -12.72225, 0.52893, 0.69273, 1.39296, 0.49694</values>
						</lower_bound>
						<upper_bound>
							<values>0.49735, 0.1708, 1.5752, 1.98472, 0.18587, 1.0681, 1.49459, 0.45988, 1.39234, 0.00735, 0.04156, 0.04594, 0.15072, -0.36608, 0.7829, 0.77637, 2.22981, 1.07143</values>
						</upper_bound>
					</main_interval>
					<sample_size>
						<values>1000.0, 1000.0, 1000.0, 1000.0, 1000.0, 1000.0, 1000.0, 1000.0, 1000.0, 1000.0, 1000.0, 1000.0, 1000.0, 1000.0, 1000.0, 1000.0, 1000.0, 1000.0</values>
					</sample_size>
				</sampling_intervals>
			</data>
		</threshold>
		<threshold>
			<threshold_value>GT 4.94953 (Pr=0.97162)</threshold_value>
			<data>
				<values>0.43247, 0.08372, 1.34654, 1.83035, 0.16443, 0.89856, 1.30166, 0.38566, 1.20628, 0.00575, 0.03454, 0.03207, 0.11263, -5.2104, 0.59575, 0.73838, 1.84946, 0.89518</values>
				<sampling_intervals>
					<main_interval>
						<bounds>0.05, 0.95</bounds>
						<lower_bound>
							<values>0.38659, 0.11296, 1.25153, 1.66852, 0.13207, 0.76342, 1.13446, 0.33247, 0.86642, 0.0046, 0.02573, 0.02567, 0.07422, -13.1915, 0.55071, 0.6971, 1.4651, 0.63155</values>
						</lower_bound>
						<upper_bound>
							<values>0.48892, 0.17656, 1.55007, 1.96113, 0.18763, 1.05325, 1.48424, 0.44503, 1.50577, 0.00681, 0.04364, 0.04162, 0.14844, -1.83004, 0.81731, 0.78292, 2.41748, 1.1524</values>
						</upper_bound>
					</main_interval>
					<sample_size>
						<values>1000.0, 1000.0, 1000.0, 1000.0, 1000.0, 1000.0, 1000.0, 1000.0, 1000.0, 1000.0, 1000.0, 1000.0, 1000.0, 1000.0, 1000.0, 1000.0, 1000.0, 1000.0</values>
					</sample_size>
				</sampling_intervals>
			</data>
		</threshold>
		<threshold>
			<threshold_value>GT 5.78233 (Pr=0.98)</threshold_value>
			<data>
				<values>0.42175, 0.12468, 1.2052, 1.65877, 0.15432, 0.80411, 1.22804, 0.33639, 1.73948, 0.00358, 0.04718, 0.01933, 0.0928, -3.63628, 0.75771, 0.77741, 2.8424, 1.38008</values>
				<sampling_intervals>
					<main_interval>
						<bounds>0.05, 0.95</bounds>
						<lower_bound>
							<values>0.35763, 0.13969, 1.10569, 1.52075, 0.12142, 0.65735, 1.03865, 0.28255, 1.34399, 0.00268, 0.03398, 0.01474, 0.06511, -17.36333, 0.64644, 0.71883, 2.18419, 1.02743</values>
						</lower_bound>
						<upper_bound>
							<values>0.48597, 0.22082, 1.42197, 1.80355, 0.1917, 0.96966, 1.43282, 0.39261, 2.32534, 0.00455, 0.06416, 0.0249, 0.13914, -1.61468, 1.08564, 0.82229, 3.84362, 1.79143</values>
						</upper_bound>
					</main_interval>
					<sample_size>
						<values>1000.0, 1000.0, 1000.0, 1000.0, 1000.0, 1000.0, 1000.0, 1000.0, 1000.0, 1000.0, 1000.0, 1000.0, 1000.0, 1000.0, 1000.0, 1000.0, 1000.0, 1000.0</values>
					</sample_size>
				</sampling_intervals>
			</data>
		</threshold>
		<threshold>
			<threshold_value>GT 8.14638 (Pr=0.99)</threshold_value>
			<data>
				<values>0.46718, 0.16259, 1.06063, 1.43085, 0.14982, 0.65565, 1.03864, 0.2914, 4.88849, 0.00155, 0.06853, 0.00688, 0.12408, -1.24924, 1.10802, 0.82351, 7.49566, 3.55045</values>
				<sampling_intervals>
					<main_interval>
						<bounds>0.05, 0.95</bounds>
						<lower_bound>
							<values>0.37185, 0.17852, 0.98247, 1.32658, 0.09972, 0.51648, 0.88316, 0.22306, 2.96555, 0.00101, 0.05118, 0.00522, 0.06251, -7.82399, 0.89372, 0.77396, 4.64626, 2.33889</values>
						</lower_bound>
						<upper_bound>
							<values>0.52789, 0.31785, 1.33071, 1.60709, 0.19332, 0.87721, 1.31981, 0.34198, 6.72092, 0.00211, 0.09736, 0.0103, 0.1974, -0.95035, 1.68209, 0.87743, 10.50045, 4.52389</values>
						</upper_bound>
					</main_interval>
					<sample_size>
						<values>1000.0, 1000.0, 1000.0, 1000.0, 1000.0, 1000.0, 1000.0, 1000.0, 1000.0, 1000.0, 1000.0, 1000.0, 1000.0, 1000.0, 1000.0, 1000.0, 1000.0, 1000.0</values>
					</sample_size>
				</sampling_intervals>
			</data>
		</threshold>
		<threshold>
			<threshold_value>GT 8.54627 (Pr=0.99178)</threshold_value>
			<data>
				<values>0.47302, 0.18492, 1.07078, 1.41284, 0.12357, 0.70274, 1.10614, 0.26192, 5.08563, 0.00105, 0.06643, 0.00611, 0.10514, -1.44799, 1.19253, 0.85548, 8.90506, 4.12329</values>
				<sampling_intervals>
					<main_interval>
						<bounds>0.05, 0.95</bounds>
						<lower_bound>
							<values>0.37999, 0.19419, 0.97737, 1.30137, 0.08769, 0.50298, 0.86676, 0.20084, 3.58084, 7.1E-4, 0.04743, 0.00413, 0.06236, -5.41001, 0.94513, 0.77674, 5.93062, 2.98478</values>
						</lower_bound>
						<upper_bound>
							<values>0.55064, 0.32831, 1.31004, 1.54143, 0.19322, 0.87774, 1.30851, 0.3443, 8.02385, 0.00172, 0.09846, 0.0084, 0.19499, -0.58367, 1.80768, 0.89687, 12.35858, 5.56744</values>
						</upper_bound>
					</main_interval>
					<sample_size>
						<values>1000.0, 1000.0, 1000.0, 1000.0, 1000.0, 1000.0, 1000.0, 1000.0, 1000.0, 1000.0, 1000.0, 1000.0, 1000.0, 1000.0, 1000.0, 1000.0, 1000.0, 1000.0</values>
					</sample_size>
				</sampling_intervals>
			</data>
		</threshold>
		<threshold>
			<threshold_value>GT 10.59805 (Pr=0.995)</threshold_value>
			<data>
				<values>0.51194, 0.19823, 0.96466, 1.25449, 0.14949, 0.53822, 0.87679, 0.26696, 7.72911, 7.6E-4, 0.05542, 0.00277, 0.09072, -1.10357, 1.76625, 0.83945, 20.85726, 8.3737</values>
				<sampling_intervals>
					<main_interval>
						<bounds>0.05, 0.95</bounds>
						<lower_bound>
							<values>0.36855, 0.20219, 0.87788, 1.17365, 0.09561, 0.35756, 0.65612, 0.18667, 4.5436, 4.7E-4, 0.03512, 0.00171, 0.04742, -5.327, 1.1294, 0.73271, 10.74867, 4.91141</values>
						</lower_bound>
						<upper_bound>
							<values>0.60248, 0.36688, 1.19697, 1.38697, 0.25014, 0.72757, 1.11956, 0.39346, 12.09, 0.00131, 0.08949, 0.00417, 0.16228, -0.45508, 2.92074, 0.89524, 30.42759, 10.45345</values>
						</upper_bound>
					</main_interval>
					<sample_size>
						<values>1000.0, 1000.0, 1000.0, 1000.0, 1000.0, 1000.0, 1000.0, 1000.0, 1000.0, 1000.0, 1000.0, 1000.0, 1000.0, 1000.0, 1000.0, 1000.0, 1000.0, 1000.0</values>
					</sample_size>
				</sampling_intervals>
			</data>
		</threshold>
		<threshold>
			<threshold_value>GT 16.4155 (Pr=0.999)</threshold_value>
			<data>
				<values>0.48701, 0.28275, 0.83219, 1.06243, 0.21654, 0.31974, 0.61619, 0.33566, 13.04434, 2.3E-4, 0.03451, 3.4E-4, 0.02437, -5.94239, 7.06691, 0.77871, 180.51581, 25.51893</values>
				<sampling_intervals>
					<main_interval>
						<bounds>0.05, 0.95</bounds>
						<lower_bound>
							<values>0.18839, 0.24505, 0.69823, 0.99705, 0.09659, 0.12965, 0.3705, 0.1887, 4.8953, 1.0E-4, 0.01529, 1.3E-4, 0.0058, -115.72026, 2.72335, 0.55278, 33.99615, 9.68555</values>
						</lower_bound>
						<upper_bound>
							<values>0.62509, 0.57762, 1.05904, 1.14455, 0.43775, 0.5218, 0.90662, 0.53502, 40.27555, 5.3E-4, 0.10501, 6.4E-4, 0.05252, -2.31538, 119.61571, 0.89918, 1697.05247, 48.95064</values>
						</upper_bound>
					</main_interval>
					<sample_size>
						<values>1000.0, 1000.0, 1000.0, 1000.0, 1000.0, 1000.0, 1000.0, 1000.0, 1000.0, 1000.0, 1000.0, 1000.0, 1000.0, 1000.0, 1000.0, 1000.0, 1000.0, 1000.0</values>
					</sample_size>
				</sampling_intervals>
			</data>
		</threshold>
		<threshold>
			<threshold_value>GT 19.06553 (Pr=0.99946)</threshold_value>
			<data>
				<values>0.27249, 0.42929, 0.80223, 1.10045, 0.33059, 0.22479, 0.62171, 0.42984, 35.75367, 2.0E-4, 0.06227, 1.4E-4, 0.01622, -3.0653, 2.89334, 0.66482, 70.26312, 35.9048</values>
				<sampling_intervals>
					<main_interval>
						<bounds>0.05, 0.95</bounds>
						<lower_bound>
							<values>-0.03985, 0.28741, 0.50861, 0.9955, 0.14408, 0.02264, 0.10506, 0.25857, 7.29855, 8.0E-5, 0.01338, 1.0E-5, 0.0015, -961.37263, 1.29605, 0.22595, 12.00577, 9.00809</values>
						</lower_bound>
						<upper_bound>
							<values>0.47348, 0.79744, 1.04679, 1.16365, 0.76536, 0.441, 1.0304, 0.79708, 91.2968, 5.4E-4, 0.16331, 2.6E-4, 0.04368, -1.43389, 2205588.12731, 0.84922, 1.996000438601E7, 86.10046</values>
						</upper_bound>
					</main_interval>
					<sample_size>
						<values>1000.0, 1000.0, 1000.0, 1000.0, 1000.0, 1000.0, 1000.0, 1000.0, 920.0, 1000.0, 920.0, 1000.0, 920.0, 1000.0, 934.0, 1000.0, 934.0, 934.0</values>
					</sample_size>
				</sampling_intervals>
			</data>
		</threshold>
		<threshold>
			<threshold_value>GT 26.49411 (Pr=0.99998)</threshold_value>
			<data>
				<values>0.0, 8.0E-5, 0.0, 0.99992, 1.0, 0.0, 0.0, 1.0, -999.0, 8.0E-5, -999.0, 0.0, -999.0, 0.0, -999.0, 0.0, -999.0, -999.0</values>
				<sampling_intervals>
					<main_interval>
						<bounds>0.05, 0.95</bounds>
						<lower_bound>
							<values>-0.0534, 8.0E-5, 0.0, 0.9997, 0.94092, 0.0, 0.0, 0.9409, 0.7546, 7.0E-5, 5.4E-4, 0.0, 0.0, -6156.6767, -0.50008, -4.0E-5, 27.26666, -0.22634</values>
						</lower_bound>
						<upper_bound>
							<values>0.03297, 0.67825, 0.68045, 0.99992, 1.00004, 9.0E-4, 0.08962, 0.99731, 74.19359, 2.3E-4, 0.10127, 0.0, 0.00287, -0.01358, 8.6428377E7, 0.05907, 8226267.81667, 91.56082</values>
						</upper_bound>
					</main_interval>
					<sample_size>
						<values>1000.0, 1000.0, 1000.0, 1000.0, 1000.0, 1000.0, 1000.0, 1000.0, 13.0, 1000.0, 13.0, 1000.0, 13.0, 1000.0, 17.0, 1000.0, 17.0, 17.0</values>
					</sample_size>
				</sampling_intervals>
			</data>
		</threshold>
	</threshold_data>
</result></results>