<?xml version="1.0" standalone="yes"?><results>
<!--Result file containing the results for a single metric by lead period.
Some metrics, such as reliability diagrams, have results for specific thresholds 
(e.g. probability thresholds).  In that case, the results are stored by lead period 
and then by threshold value.  The actual data associated with a result always appears 
within a 'values' tag.  A metric result that comprises a single value will appear as a 
single value in this tag.  A metric result that comprises a 1D matrix will appear as a 
row of values separated by commas in the input order.  A metric result that comprises a 
2D matrix will appear as a sequence of rows, each with a 'values' tag, which are written 
in the input order.  For example, a diagram metric with an x and y axis will comprise 
two rows of data (i.e. two rows within two separate 'values' tags).  The default input 
order would be data for the x axis followed by data for the y axis.  Data that refer to 
cumulative probabilities are, by default, always defined in increasing size of probability.--><meta_data>
	<thresholds_type>true</thresholds_type>
	<original_file_id>03451500_CAL.Streamflow.ICK_INF_ONE_OBS_ONE_MEAN_1D_MEAN_RAW.Brier_skill_score.xml</original_file_id>
</meta_data><result>
	<lead_hour>0.0</lead_hour>
	<threshold_data>
		<threshold>
			<threshold_value>GT 0.34 (Pr=0.0)</threshold_value>
			<data>
				<values>-28.10425, 28.10548, 0.00123, 1.0, 2.51198, 0.01722, 26.60949, 373030.6144, 0.73481, 23367.08322, 6.0E-5, 0.01722, 0.0, -999.0, -999.0, -999.0, -999.0, -999.0</values>
				<sampling_intervals>
					<main_interval>
						<bounds>0.05, 0.95</bounds>
						<lower_bound>
							<values>-37.32945, 2.49069, 0.0010, 1.0, 0.81826, 0.01608, 2.64383, 3458.93914, 0.50574, 216.25446, 4.0E-5, 0.01608, 0.0, -999.0, -999.0, -999.0, -999.0, -999.0</values>
						</lower_bound>
						<upper_bound>
							<values>-2.50059, 37.33038, 0.01783, 1.0, 3.69096, 0.07397, 34.84046, 494332.65592, 0.735, 39490.37065, 4.8E-4, 0.07395, 3.0E-5, -999.0, -999.0, -999.0, -999.0, -999.0</values>
						</upper_bound>
					</main_interval>
					<sample_size>
						<values>1000.0, 1000.0, 1000.0, 1000.0, 1000.0, 1000.0, 1000.0, 1000.0, 1000.0, 1000.0, 1000.0, 1000.0, 1000.0, -999.0, -999.0, -999.0, -999.0, -999.0</values>
					</sample_size>
				</sampling_intervals>
			</data>
		</threshold>
		<threshold>
			<threshold_value>GT 0.55075 (Pr=0.025)</threshold_value>
			<data>
				<values>0.17431, 0.07955, 0.25386, 1.0, 0.51269, 0.08542, 0.39842, 13.21277, 0.50978, 1.87849, 0.01185, 0.08329, 0.00212, -999.0, -999.0, -999.0, -999.0, -999.0</values>
				<sampling_intervals>
					<main_interval>
						<bounds>0.05, 0.95</bounds>
						<lower_bound>
							<values>-0.00334, 0.04145, 0.15918, 1.0, 0.43953, 0.05867, 0.30517, 6.95696, 0.42877, 0.97128, 0.00776, 0.05683, 0.00128, -999.0, -999.0, -999.0, -999.0, -999.0</values>
						</lower_bound>
						<upper_bound>
							<values>0.2967, 0.2149, 0.36949, 1.0, 0.59561, 0.12354, 0.57054, 28.48687, 0.57362, 4.3204, 0.01669, 0.12143, 0.00347, -999.0, -999.0, -999.0, -999.0, -999.0</values>
						</upper_bound>
					</main_interval>
					<sample_size>
						<values>1000.0, 1000.0, 1000.0, 1000.0, 1000.0, 1000.0, 1000.0, 1000.0, 1000.0, 1000.0, 1000.0, 1000.0, 1000.0, -999.0, -999.0, -999.0, -999.0, -999.0</values>
					</sample_size>
				</sampling_intervals>
			</data>
		</threshold>
		<threshold>
			<threshold_value>GT 0.6579 (Pr=0.05)</threshold_value>
			<data>
				<values>0.3176, 0.04174, 0.35934, 1.0, 0.43729, 0.11711, 0.36221, 5.10031, 0.46044, 0.87809, 0.01975, 0.1115, 0.0056, -999.0, -999.0, -999.0, -999.0, -999.0</values>
				<sampling_intervals>
					<main_interval>
						<bounds>0.05, 0.95</bounds>
						<lower_bound>
							<values>0.21686, 0.01514, 0.26857, 1.0, 0.34957, 0.07884, 0.2624, 2.65706, 0.35559, 0.42235, 0.01338, 0.07503, 0.0038, -999.0, -999.0, -999.0, -999.0, -999.0</values>
						</lower_bound>
						<upper_bound>
							<values>0.39573, 0.10422, 0.45662, 1.0, 0.5186, 0.17807, 0.49876, 9.2162, 0.54794, 1.75799, 0.03092, 0.16934, 0.00922, -999.0, -999.0, -999.0, -999.0, -999.0</values>
						</upper_bound>
					</main_interval>
					<sample_size>
						<values>1000.0, 1000.0, 1000.0, 1000.0, 1000.0, 1000.0, 1000.0, 1000.0, 1000.0, 1000.0, 1000.0, 1000.0, 1000.0, -999.0, -999.0, -999.0, -999.0, -999.0</values>
					</sample_size>
				</sampling_intervals>
			</data>
		</threshold>
		<threshold>
			<threshold_value>GT 0.75626 (Pr=0.075)</threshold_value>
			<data>
				<values>0.38165, 0.03138, 0.41304, 1.0, 0.37625, 0.15237, 0.39446, 3.25938, 0.40964, 0.66979, 0.02555, 0.14121, 0.01116, -999.0, -999.0, -999.0, -999.0, -999.0</values>
				<sampling_intervals>
					<main_interval>
						<bounds>0.05, 0.95</bounds>
						<lower_bound>
							<values>0.27043, 0.01615, 0.33984, 1.0, 0.32114, 0.11123, 0.29912, 1.76462, 0.32528, 0.32161, 0.01748, 0.1018, 0.00799, -999.0, -999.0, -999.0, -999.0, -999.0</values>
						</lower_bound>
						<upper_bound>
							<values>0.45121, 0.08931, 0.49864, 1.0, 0.44597, 0.20478, 0.50216, 5.89145, 0.49936, 1.32693, 0.03855, 0.18913, 0.01615, -999.0, -999.0, -999.0, -999.0, -999.0</values>
						</upper_bound>
					</main_interval>
					<sample_size>
						<values>1000.0, 1000.0, 1000.0, 1000.0, 1000.0, 1000.0, 1000.0, 1000.0, 1000.0, 1000.0, 1000.0, 1000.0, 1000.0, -999.0, -999.0, -999.0, -999.0, -999.0</values>
					</sample_size>
				</sampling_intervals>
			</data>
		</threshold>
		<threshold>
			<threshold_value>GT 0.82872 (Pr=0.1)</threshold_value>
			<data>
				<values>0.41849, 0.03007, 0.44856, 1.0, 0.35221, 0.16819, 0.3975, 2.38316, 0.38722, 0.56064, 0.03146, 0.15182, 0.01637, -999.0, -999.0, -999.0, -999.0, -999.0</values>
				<sampling_intervals>
					<main_interval>
						<bounds>0.05, 0.95</bounds>
						<lower_bound>
							<values>0.25264, 0.01823, 0.38216, 1.0, 0.2841, 0.12924, 0.32195, 1.44577, 0.20991, 0.30979, 0.01267, 0.11515, 0.01245, -999.0, -999.0, -999.0, -999.0, -999.0</values>
						</lower_bound>
						<upper_bound>
							<values>0.46379, 0.18857, 0.52427, 1.0, 0.41176, 0.28341, 0.66219, 5.96597, 0.47408, 2.00478, 0.04649, 0.25759, 0.02861, -999.0, -999.0, -999.0, -999.0, -999.0</values>
						</upper_bound>
					</main_interval>
					<sample_size>
						<values>1000.0, 1000.0, 1000.0, 1000.0, 1000.0, 1000.0, 1000.0, 1000.0, 1000.0, 1000.0, 1000.0, 1000.0, 1000.0, -999.0, -999.0, -999.0, -999.0, -999.0</values>
					</sample_size>
				</sampling_intervals>
			</data>
		</threshold>
		<threshold>
			<threshold_value>GT 0.89404 (Pr=0.125)</threshold_value>
			<data>
				<values>0.39252, 0.10371, 0.49623, 1.0, 0.29878, 0.25454, 0.56323, 3.17503, 0.24644, 1.08227, 0.02061, 0.22316, 0.03138, -999.0, -999.0, -999.0, -999.0, -999.0</values>
				<sampling_intervals>
					<main_interval>
						<bounds>0.05, 0.95</bounds>
						<lower_bound>
							<values>0.30863, 0.0397, 0.4343, 1.0, 0.26246, 0.19327, 0.44896, 1.83459, 0.19524, 0.55111, 0.01423, 0.16768, 0.02396, -999.0, -999.0, -999.0, -999.0, -999.0</values>
						</lower_bound>
						<upper_bound>
							<values>0.46666, 0.16532, 0.56129, 1.0, 0.34919, 0.2984, 0.63545, 4.38307, 0.34287, 1.54131, 0.03692, 0.26409, 0.039, -999.0, -999.0, -999.0, -999.0, -999.0</values>
						</upper_bound>
					</main_interval>
					<sample_size>
						<values>1000.0, 1000.0, 1000.0, 1000.0, 1000.0, 1000.0, 1000.0, 1000.0, 1000.0, 1000.0, 1000.0, 1000.0, 1000.0, -999.0, -999.0, -999.0, -999.0, -999.0</values>
					</sample_size>
				</sampling_intervals>
			</data>
		</threshold>
		<threshold>
			<threshold_value>GT 0.95661 (Pr=0.15)</threshold_value>
			<data>
				<values>0.43665, 0.09772, 0.53437, 1.0, 0.27947, 0.27138, 0.55526, 2.48916, 0.23044, 0.88137, 0.02197, 0.23138, 0.04, -999.0, -999.0, -999.0, -999.0, -999.0</values>
				<sampling_intervals>
					<main_interval>
						<bounds>0.05, 0.95</bounds>
						<lower_bound>
							<values>0.36787, 0.05441, 0.47708, 1.0, 0.24952, 0.22857, 0.48659, 1.71252, 0.189, 0.56765, 0.01614, 0.19271, 0.03304, -999.0, -999.0, -999.0, -999.0, -999.0</values>
						</lower_bound>
						<upper_bound>
							<values>0.49674, 0.14266, 0.58092, 1.0, 0.31547, 0.30593, 0.61449, 3.33304, 0.29085, 1.2049, 0.03319, 0.26274, 0.04793, -999.0, -999.0, -999.0, -999.0, -999.0</values>
						</upper_bound>
					</main_interval>
					<sample_size>
						<values>1000.0, 1000.0, 1000.0, 1000.0, 1000.0, 1000.0, 1000.0, 1000.0, 1000.0, 1000.0, 1000.0, 1000.0, 1000.0, -999.0, -999.0, -999.0, -999.0, -999.0</values>
					</sample_size>
				</sampling_intervals>
			</data>
		</threshold>
		<threshold>
			<threshold_value>GT 1.01598 (Pr=0.175)</threshold_value>
			<data>
				<values>0.46587, 0.08226, 0.54812, 1.0, 0.26618, 0.27835, 0.5463, 2.01269, 0.2266, 0.71154, 0.02458, 0.23042, 0.04793, -999.0, -999.0, -999.0, -999.0, -999.0</values>
				<sampling_intervals>
					<main_interval>
						<bounds>0.05, 0.95</bounds>
						<lower_bound>
							<values>0.40913, 0.05286, 0.50484, 1.0, 0.23856, 0.24449, 0.49287, 1.42981, 0.1908, 0.48997, 0.01851, 0.20019, 0.04059, -999.0, -999.0, -999.0, -999.0, -999.0</values>
						</lower_bound>
						<upper_bound>
							<values>0.51893, 0.11892, 0.59167, 1.0, 0.29668, 0.30803, 0.59443, 2.63414, 0.27313, 0.95143, 0.03483, 0.25687, 0.05694, -999.0, -999.0, -999.0, -999.0, -999.0</values>
						</upper_bound>
					</main_interval>
					<sample_size>
						<values>1000.0, 1000.0, 1000.0, 1000.0, 1000.0, 1000.0, 1000.0, 1000.0, 1000.0, 1000.0, 1000.0, 1000.0, 1000.0, -999.0, -999.0, -999.0, -999.0, -999.0</values>
					</sample_size>
				</sampling_intervals>
			</data>
		</threshold>
		<threshold>
			<threshold_value>GT 1.0726 (Pr=0.2)</threshold_value>
			<data>
				<values>0.49705, 0.06905, 0.5661, 1.0, 0.25172, 0.28608, 0.53732, 1.62528, 0.22434, 0.56874, 0.02744, 0.22919, 0.05689, -999.0, -999.0, -999.0, -999.0, -999.0</values>
				<sampling_intervals>
					<main_interval>
						<bounds>0.05, 0.95</bounds>
						<lower_bound>
							<values>0.4415, 0.04532, 0.52387, 1.0, 0.22916, 0.25319, 0.49257, 1.22833, 0.18972, 0.41128, 0.02061, 0.20206, 0.0482, -999.0, -999.0, -999.0, -999.0, -999.0</values>
						</lower_bound>
						<upper_bound>
							<values>0.53912, 0.10337, 0.60429, 1.0, 0.28162, 0.31312, 0.57942, 2.13225, 0.27017, 0.77299, 0.03759, 0.25273, 0.0662, -999.0, -999.0, -999.0, -999.0, -999.0</values>
						</upper_bound>
					</main_interval>
					<sample_size>
						<values>1000.0, 1000.0, 1000.0, 1000.0, 1000.0, 1000.0, 1000.0, 1000.0, 1000.0, 1000.0, 1000.0, 1000.0, 1000.0, -999.0, -999.0, -999.0, -999.0, -999.0</values>
					</sample_size>
				</sampling_intervals>
			</data>
		</threshold>
		<threshold>
			<threshold_value>GT 1.12862 (Pr=0.225)</threshold_value>
			<data>
				<values>0.51696, 0.06259, 0.57955, 1.0, 0.24361, 0.28922, 0.52865, 1.38096, 0.22762, 0.48193, 0.0303, 0.22516, 0.06405, -999.0, -999.0, -999.0, -999.0, -999.0</values>
				<sampling_intervals>
					<main_interval>
						<bounds>0.05, 0.95</bounds>
						<lower_bound>
							<values>0.46663, 0.0396, 0.54409, 1.0, 0.22197, 0.26068, 0.49068, 1.04252, 0.18994, 0.34745, 0.02278, 0.20117, 0.05591, -999.0, -999.0, -999.0, -999.0, -999.0</values>
						</lower_bound>
						<upper_bound>
							<values>0.55711, 0.09794, 0.6196, 1.0, 0.27156, 0.31569, 0.56608, 1.79908, 0.27133, 0.65386, 0.04102, 0.24667, 0.07443, -999.0, -999.0, -999.0, -999.0, -999.0</values>
						</upper_bound>
					</main_interval>
					<sample_size>
						<values>1000.0, 1000.0, 1000.0, 1000.0, 1000.0, 1000.0, 1000.0, 1000.0, 1000.0, 1000.0, 1000.0, 1000.0, 1000.0, -999.0, -999.0, -999.0, -999.0, -999.0</values>
					</sample_size>
				</sampling_intervals>
			</data>
		</threshold>
		<threshold>
			<threshold_value>GT 1.18986 (Pr=0.25)</threshold_value>
			<data>
				<values>0.52992, 0.05925, 0.58916, 1.0, 0.23887, 0.29224, 0.52345, 1.22286, 0.22465, 0.42592, 0.03261, 0.22039, 0.07186, -999.0, -999.0, -999.0, -999.0, -999.0</values>
				<sampling_intervals>
					<main_interval>
						<bounds>0.05, 0.95</bounds>
						<lower_bound>
							<values>0.48395, 0.03734, 0.55595, 1.0, 0.21632, 0.2671, 0.4874, 0.90387, 0.18946, 0.30281, 0.02511, 0.19896, 0.06331, -999.0, -999.0, -999.0, -999.0, -999.0</values>
						</lower_bound>
						<upper_bound>
							<values>0.5702, 0.09019, 0.6273, 1.0, 0.26636, 0.31679, 0.55439, 1.5448, 0.27085, 0.56999, 0.04448, 0.23958, 0.08272, -999.0, -999.0, -999.0, -999.0, -999.0</values>
						</upper_bound>
					</main_interval>
					<sample_size>
						<values>1000.0, 1000.0, 1000.0, 1000.0, 1000.0, 1000.0, 1000.0, 1000.0, 1000.0, 1000.0, 1000.0, 1000.0, 1000.0, -999.0, -999.0, -999.0, -999.0, -999.0</values>
					</sample_size>
				</sampling_intervals>
			</data>
		</threshold>
		<threshold>
			<threshold_value>GT 1.24271 (Pr=0.275)</threshold_value>
			<data>
				<values>0.54197, 0.05329, 0.59527, 1.0, 0.23622, 0.29047, 0.51228, 1.05962, 0.23122, 0.3677, 0.0368, 0.21095, 0.07953, -999.0, -999.0, -999.0, -999.0, -999.0</values>
				<sampling_intervals>
					<main_interval>
						<bounds>0.05, 0.95</bounds>
						<lower_bound>
							<values>0.4983, 0.03628, 0.56479, 1.0, 0.21281, 0.26914, 0.48675, 0.80979, 0.19517, 0.26945, 0.02794, 0.19413, 0.06997, -999.0, -999.0, -999.0, -999.0, -999.0</values>
						</lower_bound>
						<upper_bound>
							<values>0.58075, 0.08089, 0.63185, 1.0, 0.26181, 0.31444, 0.54087, 1.34919, 0.2695, 0.49488, 0.04767, 0.23075, 0.09066, -999.0, -999.0, -999.0, -999.0, -999.0</values>
						</upper_bound>
					</main_interval>
					<sample_size>
						<values>1000.0, 1000.0, 1000.0, 1000.0, 1000.0, 1000.0, 1000.0, 1000.0, 1000.0, 1000.0, 1000.0, 1000.0, 1000.0, -999.0, -999.0, -999.0, -999.0, -999.0</values>
					</sample_size>
				</sampling_intervals>
			</data>
		</threshold>
		<threshold>
			<threshold_value>GT 1.29709 (Pr=0.3)</threshold_value>
			<data>
				<values>0.55284, 0.0498, 0.60264, 1.0, 0.23328, 0.29075, 0.50463, 0.94867, 0.23531, 0.32844, 0.03994, 0.2044, 0.08635, -999.0, -999.0, -999.0, -999.0, -999.0</values>
				<sampling_intervals>
					<main_interval>
						<bounds>0.05, 0.95</bounds>
						<lower_bound>
							<values>0.5083, 0.03445, 0.5703, 1.0, 0.21169, 0.26876, 0.481, 0.73577, 0.20069, 0.23913, 0.03072, 0.18638, 0.07644, -999.0, -999.0, -999.0, -999.0, -999.0</values>
						</lower_bound>
						<upper_bound>
							<values>0.5886, 0.07403, 0.63529, 1.0, 0.26096, 0.31224, 0.53005, 1.20724, 0.27373, 0.43721, 0.05184, 0.2211, 0.09852, -999.0, -999.0, -999.0, -999.0, -999.0</values>
						</upper_bound>
					</main_interval>
					<sample_size>
						<values>1000.0, 1000.0, 1000.0, 1000.0, 1000.0, 1000.0, 1000.0, 1000.0, 1000.0, 1000.0, 1000.0, 1000.0, 1000.0, -999.0, -999.0, -999.0, -999.0, -999.0</values>
					</sample_size>
				</sampling_intervals>
			</data>
		</threshold>
		<threshold>
			<threshold_value>GT 1.3499 (Pr=0.325)</threshold_value>
			<data>
				<values>0.55423, 0.04567, 0.59991, 1.0, 0.23466, 0.28632, 0.49743, 0.87126, 0.24502, 0.2987, 0.04422, 0.19454, 0.09178, -999.0, -999.0, -999.0, -999.0, -999.0</values>
				<sampling_intervals>
					<main_interval>
						<bounds>0.05, 0.95</bounds>
						<lower_bound>
							<values>0.51679, 0.03219, 0.57156, 1.0, 0.21194, 0.26666, 0.47627, 0.66499, 0.20358, 0.21603, 0.03387, 0.17862, 0.08266, -999.0, -999.0, -999.0, -999.0, -999.0</values>
						</lower_bound>
						<upper_bound>
							<values>0.59404, 0.06802, 0.63671, 1.0, 0.25839, 0.30975, 0.5198, 1.08418, 0.28399, 0.3884, 0.05696, 0.21163, 0.10488, -999.0, -999.0, -999.0, -999.0, -999.0</values>
						</upper_bound>
					</main_interval>
					<sample_size>
						<values>1000.0, 1000.0, 1000.0, 1000.0, 1000.0, 1000.0, 1000.0, 1000.0, 1000.0, 1000.0, 1000.0, 1000.0, 1000.0, -999.0, -999.0, -999.0, -999.0, -999.0</values>
					</sample_size>
				</sampling_intervals>
			</data>
		</threshold>
		<threshold>
			<threshold_value>GT 1.40983 (Pr=0.35)</threshold_value>
			<data>
				<values>0.56341, 0.04257, 0.60598, 1.0, 0.23215, 0.28627, 0.49072, 0.7922, 0.2483, 0.26663, 0.04817, 0.18717, 0.0991, -999.0, -999.0, -999.0, -999.0, -999.0</values>
				<sampling_intervals>
					<main_interval>
						<bounds>0.05, 0.95</bounds>
						<lower_bound>
							<values>0.52383, 0.02998, 0.57285, 1.0, 0.21246, 0.26542, 0.47195, 0.62006, 0.2072, 0.19673, 0.03719, 0.17068, 0.08884, -999.0, -999.0, -999.0, -999.0, -999.0</values>
						</lower_bound>
						<upper_bound>
							<values>0.59708, 0.06187, 0.63703, 1.0, 0.25731, 0.30722, 0.51199, 0.98596, 0.29504, 0.34773, 0.06181, 0.20216, 0.11168, -999.0, -999.0, -999.0, -999.0, -999.0</values>
						</upper_bound>
					</main_interval>
					<sample_size>
						<values>1000.0, 1000.0, 1000.0, 1000.0, 1000.0, 1000.0, 1000.0, 1000.0, 1000.0, 1000.0, 1000.0, 1000.0, 1000.0, -999.0, -999.0, -999.0, -999.0, -999.0</values>
					</sample_size>
				</sampling_intervals>
			</data>
		</threshold>
		<threshold>
			<threshold_value>GT 1.47222 (Pr=0.375)</threshold_value>
			<data>
				<values>0.56323, 0.03859, 0.60182, 1.0, 0.23368, 0.28248, 0.48557, 0.73923, 0.25606, 0.24261, 0.05301, 0.17683, 0.10565, -999.0, -999.0, -999.0, -999.0, -999.0</values>
				<sampling_intervals>
					<main_interval>
						<bounds>0.05, 0.95</bounds>
						<lower_bound>
							<values>0.53175, 0.02825, 0.57478, 1.0, 0.21173, 0.26492, 0.46873, 0.57982, 0.21325, 0.18071, 0.04096, 0.16347, 0.09547, -999.0, -999.0, -999.0, -999.0, -999.0</values>
						</lower_bound>
						<upper_bound>
							<values>0.60031, 0.05624, 0.6385, 1.0, 0.25432, 0.30549, 0.50455, 0.89946, 0.30171, 0.30949, 0.0671, 0.1937, 0.11844, -999.0, -999.0, -999.0, -999.0, -999.0</values>
						</upper_bound>
					</main_interval>
					<sample_size>
						<values>1000.0, 1000.0, 1000.0, 1000.0, 1000.0, 1000.0, 1000.0, 1000.0, 1000.0, 1000.0, 1000.0, 1000.0, 1000.0, -999.0, -999.0, -999.0, -999.0, -999.0</values>
					</sample_size>
				</sampling_intervals>
			</data>
		</threshold>
		<threshold>
			<threshold_value>GT 1.52695 (Pr=0.4)</threshold_value>
			<data>
				<values>0.57219, 0.03543, 0.60762, 1.0, 0.2298, 0.28432, 0.48233, 0.68402, 0.25914, 0.21802, 0.05679, 0.17145, 0.11287, -999.0, -999.0, -999.0, -999.0, -999.0</values>
				<sampling_intervals>
					<main_interval>
						<bounds>0.05, 0.95</bounds>
						<lower_bound>
							<values>0.54275, 0.02575, 0.57971, 1.0, 0.21022, 0.26471, 0.46527, 0.54922, 0.21842, 0.16554, 0.04495, 0.15739, 0.10233, -999.0, -999.0, -999.0, -999.0, -999.0</values>
						</lower_bound>
						<upper_bound>
							<values>0.60352, 0.0496, 0.63995, 1.0, 0.24968, 0.30523, 0.49903, 0.81107, 0.30918, 0.27059, 0.07282, 0.1866, 0.12565, -999.0, -999.0, -999.0, -999.0, -999.0</values>
						</upper_bound>
					</main_interval>
					<sample_size>
						<values>1000.0, 1000.0, 1000.0, 1000.0, 1000.0, 1000.0, 1000.0, 1000.0, 1000.0, 1000.0, 1000.0, 1000.0, 1000.0, -999.0, -999.0, -999.0, -999.0, -999.0</values>
					</sample_size>
				</sampling_intervals>
			</data>
		</threshold>
		<threshold>
			<threshold_value>GT 1.57915 (Pr=0.425)</threshold_value>
			<data>
				<values>0.58195, 0.03089, 0.61284, 1.0, 0.22514, 0.28606, 0.47897, 0.62126, 0.27019, 0.19134, 0.06252, 0.16558, 0.12048, -999.0, -999.0, -999.0, -999.0, -999.0</values>
				<sampling_intervals>
					<main_interval>
						<bounds>0.05, 0.95</bounds>
						<lower_bound>
							<values>0.55378, 0.02366, 0.58745, 1.0, 0.20723, 0.2673, 0.46393, 0.51249, 0.22659, 0.15016, 0.04925, 0.15161, 0.11015, -999.0, -999.0, -999.0, -999.0, -999.0</values>
						</lower_bound>
						<upper_bound>
							<values>0.61055, 0.04386, 0.64572, 1.0, 0.2431, 0.30651, 0.4957, 0.73409, 0.32168, 0.23611, 0.07925, 0.18033, 0.13355, -999.0, -999.0, -999.0, -999.0, -999.0</values>
						</upper_bound>
					</main_interval>
					<sample_size>
						<values>1000.0, 1000.0, 1000.0, 1000.0, 1000.0, 1000.0, 1000.0, 1000.0, 1000.0, 1000.0, 1000.0, 1000.0, 1000.0, -999.0, -999.0, -999.0, -999.0, -999.0</values>
					</sample_size>
				</sampling_intervals>
			</data>
		</threshold>
		<threshold>
			<threshold_value>GT 1.63559 (Pr=0.45)</threshold_value>
			<data>
				<values>0.59254, 0.02913, 0.62167, 1.0, 0.21914, 0.29027, 0.47858, 0.56783, 0.27797, 0.16755, 0.06771, 0.1606, 0.12967, -999.0, -999.0, -999.0, -999.0, -999.0</values>
				<sampling_intervals>
					<main_interval>
						<bounds>0.05, 0.95</bounds>
						<lower_bound>
							<values>0.5624, 0.02202, 0.5919, 1.0, 0.20292, 0.26997, 0.46271, 0.46927, 0.23839, 0.13157, 0.0548, 0.14628, 0.11818, -999.0, -999.0, -999.0, -999.0, -999.0</values>
						</lower_bound>
						<upper_bound>
							<values>0.61884, 0.03933, 0.6516, 1.0, 0.23916, 0.30932, 0.49422, 0.66463, 0.33448, 0.20489, 0.08632, 0.17425, 0.14233, -999.0, -999.0, -999.0, -999.0, -999.0</values>
						</upper_bound>
					</main_interval>
					<sample_size>
						<values>1000.0, 1000.0, 1000.0, 1000.0, 1000.0, 1000.0, 1000.0, 1000.0, 1000.0, 1000.0, 1000.0, 1000.0, 1000.0, -999.0, -999.0, -999.0, -999.0, -999.0</values>
					</sample_size>
				</sampling_intervals>
			</data>
		</threshold>
		<threshold>
			<threshold_value>GT 1.69335 (Pr=0.475)</threshold_value>
			<data>
				<values>0.60036, 0.02713, 0.62749, 1.0, 0.21448, 0.29287, 0.47802, 0.51474, 0.29616, 0.14525, 0.07543, 0.15422, 0.13865, -999.0, -999.0, -999.0, -999.0, -999.0</values>
				<sampling_intervals>
					<main_interval>
						<bounds>0.05, 0.95</bounds>
						<lower_bound>
							<values>0.57274, 0.02123, 0.59935, 1.0, 0.19825, 0.27257, 0.46256, 0.43239, 0.25292, 0.11562, 0.06094, 0.14127, 0.12631, -999.0, -999.0, -999.0, -999.0, -999.0</values>
						</lower_bound>
						<upper_bound>
							<values>0.62674, 0.03626, 0.65779, 1.0, 0.23328, 0.31191, 0.49285, 0.60224, 0.35174, 0.17878, 0.09514, 0.1679, 0.15129, -999.0, -999.0, -999.0, -999.0, -999.0</values>
						</upper_bound>
					</main_interval>
					<sample_size>
						<values>1000.0, 1000.0, 1000.0, 1000.0, 1000.0, 1000.0, 1000.0, 1000.0, 1000.0, 1000.0, 1000.0, 1000.0, 1000.0, -999.0, -999.0, -999.0, -999.0, -999.0</values>
					</sample_size>
				</sampling_intervals>
			</data>
		</threshold>
		<threshold>
			<threshold_value>GT 1.74767 (Pr=0.5)</threshold_value>
			<data>
				<values>0.60615, 0.02489, 0.63104, 1.0, 0.21086, 0.2951, 0.47809, 0.4723, 0.31646, 0.12796, 0.08348, 0.14855, 0.14655, -999.0, -999.0, -999.0, -999.0, -999.0</values>
				<sampling_intervals>
					<main_interval>
						<bounds>0.05, 0.95</bounds>
						<lower_bound>
							<values>0.58013, 0.02031, 0.60364, 1.0, 0.19473, 0.27584, 0.46258, 0.39832, 0.26905, 0.10223, 0.067, 0.13569, 0.13464, -999.0, -999.0, -999.0, -999.0, -999.0</values>
						</lower_bound>
						<upper_bound>
							<values>0.63366, 0.03402, 0.66317, 1.0, 0.22872, 0.31432, 0.49146, 0.54994, 0.37556, 0.1559, 0.10454, 0.16169, 0.16014, -999.0, -999.0, -999.0, -999.0, -999.0</values>
						</upper_bound>
					</main_interval>
					<sample_size>
						<values>1000.0, 1000.0, 1000.0, 1000.0, 1000.0, 1000.0, 1000.0, 1000.0, 1000.0, 1000.0, 1000.0, 1000.0, 1000.0, -999.0, -999.0, -999.0, -999.0, -999.0</values>
					</sample_size>
				</sampling_intervals>
			</data>
		</threshold>
		<threshold>
			<threshold_value>GT 1.81041 (Pr=0.525)</threshold_value>
			<data>
				<values>0.61334, 0.02496, 0.6383, 1.0, 0.2075, 0.29776, 0.47693, 0.43273, 0.33577, 0.11208, 0.09245, 0.14149, 0.15627, -999.0, -999.0, -999.0, -999.0, -999.0</values>
				<sampling_intervals>
					<main_interval>
						<bounds>0.05, 0.95</bounds>
						<lower_bound>
							<values>0.58636, 0.01981, 0.60834, 1.0, 0.19251, 0.27836, 0.46149, 0.36952, 0.2862, 0.09026, 0.07458, 0.12951, 0.14268, -999.0, -999.0, -999.0, -999.0, -999.0</values>
						</lower_bound>
						<upper_bound>
							<values>0.6364, 0.03247, 0.66643, 1.0, 0.22627, 0.31619, 0.49121, 0.50452, 0.40073, 0.13831, 0.11534, 0.15368, 0.16842, -999.0, -999.0, -999.0, -999.0, -999.0</values>
						</upper_bound>
					</main_interval>
					<sample_size>
						<values>1000.0, 1000.0, 1000.0, 1000.0, 1000.0, 1000.0, 1000.0, 1000.0, 1000.0, 1000.0, 1000.0, 1000.0, 1000.0, -999.0, -999.0, -999.0, -999.0, -999.0</values>
					</sample_size>
				</sampling_intervals>
			</data>
		</threshold>
		<threshold>
			<threshold_value>GT 1.87826 (Pr=0.55)</threshold_value>
			<data>
				<values>0.61615, 0.02414, 0.64029, 1.0, 0.20668, 0.29804, 0.47522, 0.40795, 0.35479, 0.10199, 0.1009, 0.13509, 0.16295, -999.0, -999.0, -999.0, -999.0, -999.0</values>
				<sampling_intervals>
					<main_interval>
						<bounds>0.05, 0.95</bounds>
						<lower_bound>
							<values>0.59208, 0.01985, 0.61339, 1.0, 0.19213, 0.27952, 0.45974, 0.34652, 0.30867, 0.08082, 0.08335, 0.12319, 0.15047, -999.0, -999.0, -999.0, -999.0, -999.0</values>
						</lower_bound>
						<upper_bound>
							<values>0.63922, 0.03156, 0.66744, 1.0, 0.22321, 0.31603, 0.48922, 0.46586, 0.4269, 0.12232, 0.12768, 0.14571, 0.17687, -999.0, -999.0, -999.0, -999.0, -999.0</values>
						</upper_bound>
					</main_interval>
					<sample_size>
						<values>1000.0, 1000.0, 1000.0, 1000.0, 1000.0, 1000.0, 1000.0, 1000.0, 1000.0, 1000.0, 1000.0, 1000.0, 1000.0, -999.0, -999.0, -999.0, -999.0, -999.0</values>
					</sample_size>
				</sampling_intervals>
			</data>
		</threshold>
		<threshold>
			<threshold_value>GT 1.93763 (Pr=0.575)</threshold_value>
			<data>
				<values>0.61695, 0.02424, 0.64119, 1.0, 0.20667, 0.29754, 0.47392, 0.37999, 0.38713, 0.09121, 0.1133, 0.12735, 0.17018, -999.0, -999.0, -999.0, -999.0, -999.0</values>
				<sampling_intervals>
					<main_interval>
						<bounds>0.05, 0.95</bounds>
						<lower_bound>
							<values>0.59391, 0.01983, 0.61527, 1.0, 0.19167, 0.27991, 0.45905, 0.32394, 0.33513, 0.07238, 0.09393, 0.11666, 0.15718, -999.0, -999.0, -999.0, -999.0, -999.0</values>
						</lower_bound>
						<upper_bound>
							<values>0.64006, 0.03108, 0.66998, 1.0, 0.22278, 0.31659, 0.48883, 0.43061, 0.46174, 0.10929, 0.14164, 0.13767, 0.18466, -999.0, -999.0, -999.0, -999.0, -999.0</values>
						</upper_bound>
					</main_interval>
					<sample_size>
						<values>1000.0, 1000.0, 1000.0, 1000.0, 1000.0, 1000.0, 1000.0, 1000.0, 1000.0, 1000.0, 1000.0, 1000.0, 1000.0, -999.0, -999.0, -999.0, -999.0, -999.0</values>
					</sample_size>
				</sampling_intervals>
			</data>
		</threshold>
		<threshold>
			<threshold_value>GT 1.99893 (Pr=0.6)</threshold_value>
			<data>
				<values>0.61816, 0.02422, 0.64238, 1.0, 0.2057, 0.29866, 0.47481, 0.35543, 0.42068, 0.08149, 0.12628, 0.1209, 0.17776, -999.0, -999.0, -999.0, -999.0, -999.0</values>
				<sampling_intervals>
					<main_interval>
						<bounds>0.05, 0.95</bounds>
						<lower_bound>
							<values>0.59589, 0.01997, 0.61735, 1.0, 0.19139, 0.28158, 0.46023, 0.30486, 0.36485, 0.06511, 0.10492, 0.11035, 0.16583, -999.0, -999.0, -999.0, -999.0, -999.0</values>
						</lower_bound>
						<upper_bound>
							<values>0.63958, 0.0313, 0.66972, 1.0, 0.22088, 0.3171, 0.48978, 0.39763, 0.50461, 0.09605, 0.15785, 0.13024, 0.19277, -999.0, -999.0, -999.0, -999.0, -999.0</values>
						</upper_bound>
					</main_interval>
					<sample_size>
						<values>1000.0, 1000.0, 1000.0, 1000.0, 1000.0, 1000.0, 1000.0, 1000.0, 1000.0, 1000.0, 1000.0, 1000.0, 1000.0, -999.0, -999.0, -999.0, -999.0, -999.0</values>
					</sample_size>
				</sampling_intervals>
			</data>
		</threshold>
		<threshold>
			<threshold_value>GT 2.07422 (Pr=0.625)</threshold_value>
			<data>
				<values>0.6238, 0.02539, 0.64919, 1.0, 0.20221, 0.30341, 0.4774, 0.32421, 0.46234, 0.07047, 0.14158, 0.1142, 0.18921, -999.0, -999.0, -999.0, -999.0, -999.0</values>
				<sampling_intervals>
					<main_interval>
						<bounds>0.05, 0.95</bounds>
						<lower_bound>
							<values>0.59701, 0.02062, 0.61965, 1.0, 0.19004, 0.28439, 0.46193, 0.28514, 0.39634, 0.05809, 0.11607, 0.10408, 0.17489, -999.0, -999.0, -999.0, -999.0, -999.0</values>
						</lower_bound>
						<upper_bound>
							<values>0.64294, 0.032, 0.6732, 1.0, 0.21838, 0.31884, 0.49234, 0.3704, 0.55313, 0.08507, 0.17593, 0.12305, 0.20276, -999.0, -999.0, -999.0, -999.0, -999.0</values>
						</upper_bound>
					</main_interval>
					<sample_size>
						<values>1000.0, 1000.0, 1000.0, 1000.0, 1000.0, 1000.0, 1000.0, 1000.0, 1000.0, 1000.0, 1000.0, 1000.0, 1000.0, -999.0, -999.0, -999.0, -999.0, -999.0</values>
					</sample_size>
				</sampling_intervals>
			</data>
		</threshold>
		<threshold>
			<threshold_value>GT 2.1483 (Pr=0.65)</threshold_value>
			<data>
				<values>0.62331, 0.02619, 0.6495, 1.0, 0.20175, 0.30478, 0.47972, 0.30736, 0.50374, 0.06329, 0.15718, 0.1076, 0.19718, -999.0, -999.0, -999.0, -999.0, -999.0</values>
				<sampling_intervals>
					<main_interval>
						<bounds>0.05, 0.95</bounds>
						<lower_bound>
							<values>0.59739, 0.02111, 0.62114, 1.0, 0.18975, 0.2865, 0.46444, 0.26961, 0.43374, 0.05166, 0.13086, 0.09799, 0.18272, -999.0, -999.0, -999.0, -999.0, -999.0</values>
						</lower_bound>
						<upper_bound>
							<values>0.64115, 0.03282, 0.67219, 1.0, 0.21723, 0.32036, 0.49532, 0.3466, 0.60345, 0.07563, 0.19541, 0.1158, 0.21162, -999.0, -999.0, -999.0, -999.0, -999.0</values>
						</upper_bound>
					</main_interval>
					<sample_size>
						<values>1000.0, 1000.0, 1000.0, 1000.0, 1000.0, 1000.0, 1000.0, 1000.0, 1000.0, 1000.0, 1000.0, 1000.0, 1000.0, -999.0, -999.0, -999.0, -999.0, -999.0</values>
					</sample_size>
				</sampling_intervals>
			</data>
		</threshold>
		<threshold>
			<threshold_value>GT 2.22776 (Pr=0.675)</threshold_value>
			<data>
				<values>0.61669, 0.02566, 0.64235, 1.0, 0.20337, 0.30414, 0.48408, 0.29247, 0.56987, 0.05658, 0.17903, 0.0996, 0.20454, -999.0, -999.0, -999.0, -999.0, -999.0</values>
				<sampling_intervals>
					<main_interval>
						<bounds>0.05, 0.95</bounds>
						<lower_bound>
							<values>0.59311, 0.02147, 0.61758, 1.0, 0.19034, 0.28729, 0.46836, 0.25623, 0.48086, 0.04672, 0.14512, 0.09092, 0.19094, -999.0, -999.0, -999.0, -999.0, -999.0</values>
						</lower_bound>
						<upper_bound>
							<values>0.63838, 0.03343, 0.66879, 1.0, 0.21723, 0.32097, 0.50028, 0.32954, 0.67739, 0.06747, 0.22062, 0.10768, 0.21953, -999.0, -999.0, -999.0, -999.0, -999.0</values>
						</upper_bound>
					</main_interval>
					<sample_size>
						<values>1000.0, 1000.0, 1000.0, 1000.0, 1000.0, 1000.0, 1000.0, 1000.0, 1000.0, 1000.0, 1000.0, 1000.0, 1000.0, -999.0, -999.0, -999.0, -999.0, -999.0</values>
					</sample_size>
				</sampling_intervals>
			</data>
		</threshold>
		<threshold>
			<threshold_value>GT 2.31541 (Pr=0.7)</threshold_value>
			<data>
				<values>0.61187, 0.0262, 0.63806, 1.0, 0.20288, 0.30571, 0.49097, 0.28046, 0.63781, 0.05094, 0.19657, 0.09212, 0.2136, -999.0, -999.0, -999.0, -999.0, -999.0</values>
				<sampling_intervals>
					<main_interval>
						<bounds>0.05, 0.95</bounds>
						<lower_bound>
							<values>0.58714, 0.02189, 0.61302, 1.0, 0.18945, 0.28943, 0.47441, 0.24597, 0.53203, 0.04185, 0.15793, 0.08421, 0.19965, -999.0, -999.0, -999.0, -999.0, -999.0</values>
						</lower_bound>
						<upper_bound>
							<values>0.63535, 0.03442, 0.66713, 1.0, 0.21764, 0.32374, 0.50732, 0.31345, 0.76192, 0.05998, 0.24653, 0.1003, 0.22875, -999.0, -999.0, -999.0, -999.0, -999.0</values>
						</upper_bound>
					</main_interval>
					<sample_size>
						<values>1000.0, 1000.0, 1000.0, 1000.0, 1000.0, 1000.0, 1000.0, 1000.0, 1000.0, 1000.0, 1000.0, 1000.0, 1000.0, -999.0, -999.0, -999.0, -999.0, -999.0</values>
					</sample_size>
				</sampling_intervals>
			</data>
		</threshold>
		<threshold>
			<threshold_value>GT 2.41789 (Pr=0.725)</threshold_value>
			<data>
				<values>0.61163, 0.02829, 0.63992, 1.0, 0.19968, 0.31111, 0.4998, 0.26798, 0.70264, 0.04488, 0.2154, 0.08617, 0.22494, -999.0, -999.0, -999.0, -999.0, -999.0</values>
				<sampling_intervals>
					<main_interval>
						<bounds>0.05, 0.95</bounds>
						<lower_bound>
							<values>0.58319, 0.02302, 0.61042, 1.0, 0.18642, 0.29246, 0.4824, 0.2379, 0.59053, 0.03765, 0.17233, 0.07794, 0.20923, -999.0, -999.0, -999.0, -999.0, -999.0</values>
						</lower_bound>
						<upper_bound>
							<values>0.63436, 0.03637, 0.66634, 1.0, 0.21579, 0.32748, 0.5169, 0.30082, 0.8482, 0.05341, 0.27198, 0.09351, 0.23956, -999.0, -999.0, -999.0, -999.0, -999.0</values>
						</upper_bound>
					</main_interval>
					<sample_size>
						<values>1000.0, 1000.0, 1000.0, 1000.0, 1000.0, 1000.0, 1000.0, 1000.0, 1000.0, 1000.0, 1000.0, 1000.0, 1000.0, -999.0, -999.0, -999.0, -999.0, -999.0</values>
					</sample_size>
				</sampling_intervals>
			</data>
		</threshold>
		<threshold>
			<threshold_value>GT 2.5275 (Pr=0.75)</threshold_value>
			<data>
				<values>0.60909, 0.02966, 0.63875, 1.0, 0.19542, 0.317, 0.51249, 0.2589, 0.78297, 0.03993, 0.22814, 0.07985, 0.23715, -999.0, -999.0, -999.0, -999.0, -999.0</values>
				<sampling_intervals>
					<main_interval>
						<bounds>0.05, 0.95</bounds>
						<lower_bound>
							<values>0.57783, 0.02417, 0.60738, 1.0, 0.18227, 0.2965, 0.49261, 0.23056, 0.65749, 0.03346, 0.18434, 0.07178, 0.22016, -999.0, -999.0, -999.0, -999.0, -999.0</values>
						</lower_bound>
						<upper_bound>
							<values>0.6331, 0.03886, 0.66539, 1.0, 0.21403, 0.3347, 0.53014, 0.28981, 0.96116, 0.04685, 0.29956, 0.08685, 0.25179, -999.0, -999.0, -999.0, -999.0, -999.0</values>
						</upper_bound>
					</main_interval>
					<sample_size>
						<values>1000.0, 1000.0, 1000.0, 1000.0, 1000.0, 1000.0, 1000.0, 1000.0, 1000.0, 1000.0, 1000.0, 1000.0, 1000.0, -999.0, -999.0, -999.0, -999.0, -999.0</values>
					</sample_size>
				</sampling_intervals>
			</data>
		</threshold>
		<threshold>
			<threshold_value>GT 2.57441 (Pr=0.76)</threshold_value>
			<data>
				<values>0.60661, 0.03032, 0.63693, 1.0, 0.19467, 0.31854, 0.51726, 0.25503, 0.82913, 0.03781, 0.23804, 0.07677, 0.24177, -999.0, -999.0, -999.0, -999.0, -999.0</values>
				<sampling_intervals>
					<main_interval>
						<bounds>0.05, 0.95</bounds>
						<lower_bound>
							<values>0.57635, 0.02454, 0.60616, 1.0, 0.18118, 0.29888, 0.49837, 0.22637, 0.69135, 0.03185, 0.19012, 0.06942, 0.22584, -999.0, -999.0, -999.0, -999.0, -999.0</values>
						</lower_bound>
						<upper_bound>
							<values>0.63189, 0.03977, 0.66533, 1.0, 0.21248, 0.33657, 0.53574, 0.28365, 1.00033, 0.04423, 0.3049, 0.08412, 0.25724, -999.0, -999.0, -999.0, -999.0, -999.0</values>
						</upper_bound>
					</main_interval>
					<sample_size>
						<values>1000.0, 1000.0, 1000.0, 1000.0, 1000.0, 1000.0, 1000.0, 1000.0, 1000.0, 1000.0, 1000.0, 1000.0, 1000.0, -999.0, -999.0, -999.0, -999.0, -999.0</values>
					</sample_size>
				</sampling_intervals>
			</data>
		</threshold>
		<threshold>
			<threshold_value>GT 2.62475 (Pr=0.77)</threshold_value>
			<data>
				<values>0.60537, 0.03112, 0.63649, 1.0, 0.19293, 0.32126, 0.52296, 0.25146, 0.87091, 0.03577, 0.24591, 0.07425, 0.24701, -999.0, -999.0, -999.0, -999.0, -999.0</values>
				<sampling_intervals>
					<main_interval>
						<bounds>0.05, 0.95</bounds>
						<lower_bound>
							<values>0.57416, 0.02517, 0.60634, 1.0, 0.17932, 0.30055, 0.50295, 0.22278, 0.72378, 0.0302, 0.19382, 0.06709, 0.23012, -999.0, -999.0, -999.0, -999.0, -999.0</values>
						</lower_bound>
						<upper_bound>
							<values>0.63022, 0.04088, 0.66419, 1.0, 0.21059, 0.33944, 0.54128, 0.28022, 1.05516, 0.04218, 0.31519, 0.08115, 0.26218, -999.0, -999.0, -999.0, -999.0, -999.0</values>
						</upper_bound>
					</main_interval>
					<sample_size>
						<values>1000.0, 1000.0, 1000.0, 1000.0, 1000.0, 1000.0, 1000.0, 1000.0, 1000.0, 1000.0, 1000.0, 1000.0, 1000.0, -999.0, -999.0, -999.0, -999.0, -999.0</values>
					</sample_size>
				</sampling_intervals>
			</data>
		</threshold>
		<threshold>
			<threshold_value>GT 2.67249 (Pr=0.78)</threshold_value>
			<data>
				<values>0.6029, 0.03198, 0.63488, 1.0, 0.19174, 0.32307, 0.52844, 0.24695, 0.92823, 0.03393, 0.25371, 0.0712, 0.25187, -999.0, -999.0, -999.0, -999.0, -999.0</values>
				<sampling_intervals>
					<main_interval>
						<bounds>0.05, 0.95</bounds>
						<lower_bound>
							<values>0.57319, 0.02525, 0.60477, 1.0, 0.17844, 0.3027, 0.50766, 0.22107, 0.76271, 0.02868, 0.19896, 0.06445, 0.23464, -999.0, -999.0, -999.0, -999.0, -999.0</values>
						</lower_bound>
						<upper_bound>
							<values>0.62926, 0.04158, 0.66234, 1.0, 0.20882, 0.34148, 0.547, 0.27635, 1.11026, 0.04017, 0.32442, 0.07832, 0.26714, -999.0, -999.0, -999.0, -999.0, -999.0</values>
						</upper_bound>
					</main_interval>
					<sample_size>
						<values>1000.0, 1000.0, 1000.0, 1000.0, 1000.0, 1000.0, 1000.0, 1000.0, 1000.0, 1000.0, 1000.0, 1000.0, 1000.0, -999.0, -999.0, -999.0, -999.0, -999.0</values>
					</sample_size>
				</sampling_intervals>
			</data>
		</threshold>
		<threshold>
			<threshold_value>GT 2.73097 (Pr=0.79)</threshold_value>
			<data>
				<values>0.60217, 0.03131, 0.63348, 1.0, 0.18999, 0.32485, 0.53269, 0.2453, 0.97091, 0.03253, 0.25466, 0.06829, 0.25657, -999.0, -999.0, -999.0, -999.0, -999.0</values>
				<sampling_intervals>
					<main_interval>
						<bounds>0.05, 0.95</bounds>
						<lower_bound>
							<values>0.56991, 0.02517, 0.60339, 1.0, 0.17643, 0.30448, 0.51257, 0.21816, 0.81025, 0.0273, 0.20613, 0.06185, 0.23874, -999.0, -999.0, -999.0, -999.0, -999.0</values>
						</lower_bound>
						<upper_bound>
							<values>0.62851, 0.04291, 0.6623, 1.0, 0.20739, 0.34317, 0.5525, 0.27172, 1.17062, 0.03795, 0.33376, 0.07501, 0.27225, -999.0, -999.0, -999.0, -999.0, -999.0</values>
						</upper_bound>
					</main_interval>
					<sample_size>
						<values>1000.0, 1000.0, 1000.0, 1000.0, 1000.0, 1000.0, 1000.0, 1000.0, 1000.0, 1000.0, 1000.0, 1000.0, 1000.0, -999.0, -999.0, -999.0, -999.0, -999.0</values>
					</sample_size>
				</sampling_intervals>
			</data>
		</threshold>
		<threshold>
			<threshold_value>GT 2.786 (Pr=0.8)</threshold_value>
			<data>
				<values>0.60069, 0.03139, 0.63208, 1.0, 0.18819, 0.32799, 0.53911, 0.23935, 1.03515, 0.03053, 0.26568, 0.06593, 0.26206, -999.0, -999.0, -999.0, -999.0, -999.0</values>
				<sampling_intervals>
					<main_interval>
						<bounds>0.05, 0.95</bounds>
						<lower_bound>
							<values>0.56804, 0.02555, 0.60113, 1.0, 0.17623, 0.30652, 0.51735, 0.21536, 0.8606, 0.026, 0.21505, 0.05916, 0.24365, -999.0, -999.0, -999.0, -999.0, -999.0</values>
						</lower_bound>
						<upper_bound>
							<values>0.62646, 0.04257, 0.66005, 1.0, 0.2063, 0.34541, 0.55762, 0.26741, 1.25371, 0.03576, 0.3407, 0.0718, 0.27682, -999.0, -999.0, -999.0, -999.0, -999.0</values>
						</upper_bound>
					</main_interval>
					<sample_size>
						<values>1000.0, 1000.0, 1000.0, 1000.0, 1000.0, 1000.0, 1000.0, 1000.0, 1000.0, 1000.0, 1000.0, 1000.0, 1000.0, -999.0, -999.0, -999.0, -999.0, -999.0</values>
					</sample_size>
				</sampling_intervals>
			</data>
		</threshold>
		<threshold>
			<threshold_value>GT 2.8451 (Pr=0.81)</threshold_value>
			<data>
				<values>0.59967, 0.0325, 0.63217, 1.0, 0.1875, 0.32958, 0.54242, 0.23471, 1.10305, 0.02871, 0.27873, 0.06286, 0.26672, -999.0, -999.0, -999.0, -999.0, -999.0</values>
				<sampling_intervals>
					<main_interval>
						<bounds>0.05, 0.95</bounds>
						<lower_bound>
							<values>0.56473, 0.02571, 0.59749, 1.0, 0.17585, 0.30768, 0.5213, 0.21244, 0.92026, 0.02469, 0.22586, 0.05644, 0.24784, -999.0, -999.0, -999.0, -999.0, -999.0</values>
						</lower_bound>
						<upper_bound>
							<values>0.62325, 0.04275, 0.65632, 1.0, 0.20472, 0.34555, 0.56332, 0.26593, 1.33412, 0.03383, 0.35098, 0.06861, 0.28107, -999.0, -999.0, -999.0, -999.0, -999.0</values>
						</upper_bound>
					</main_interval>
					<sample_size>
						<values>1000.0, 1000.0, 1000.0, 1000.0, 1000.0, 1000.0, 1000.0, 1000.0, 1000.0, 1000.0, 1000.0, 1000.0, 1000.0, -999.0, -999.0, -999.0, -999.0, -999.0</values>
					</sample_size>
				</sampling_intervals>
			</data>
		</threshold>
		<threshold>
			<threshold_value>GT 2.91118 (Pr=0.82)</threshold_value>
			<data>
				<values>0.59019, 0.03177, 0.62196, 1.0, 0.18997, 0.32657, 0.54641, 0.23735, 1.19414, 0.02759, 0.29324, 0.05886, 0.26771, -999.0, -999.0, -999.0, -999.0, -999.0</values>
				<sampling_intervals>
					<main_interval>
						<bounds>0.05, 0.95</bounds>
						<lower_bound>
							<values>0.55993, 0.02618, 0.59373, 1.0, 0.17577, 0.30789, 0.52476, 0.2109, 0.99234, 0.02342, 0.23692, 0.05365, 0.25139, -999.0, -999.0, -999.0, -999.0, -999.0</values>
						</lower_bound>
						<upper_bound>
							<values>0.61787, 0.04322, 0.652, 1.0, 0.20469, 0.34588, 0.5691, 0.26281, 1.44433, 0.0322, 0.36951, 0.06504, 0.28455, -999.0, -999.0, -999.0, -999.0, -999.0</values>
						</upper_bound>
					</main_interval>
					<sample_size>
						<values>1000.0, 1000.0, 1000.0, 1000.0, 1000.0, 1000.0, 1000.0, 1000.0, 1000.0, 1000.0, 1000.0, 1000.0, 1000.0, -999.0, -999.0, -999.0, -999.0, -999.0</values>
					</sample_size>
				</sampling_intervals>
			</data>
		</threshold>
		<threshold>
			<threshold_value>GT 2.96863 (Pr=0.83)</threshold_value>
			<data>
				<values>0.58224, 0.03387, 0.61611, 1.0, 0.19099, 0.32639, 0.55316, 0.23556, 1.30035, 0.02604, 0.31407, 0.05585, 0.27054, -999.0, -999.0, -999.0, -999.0, -999.0</values>
				<sampling_intervals>
					<main_interval>
						<bounds>0.05, 0.95</bounds>
						<lower_bound>
							<values>0.55322, 0.02738, 0.58853, 1.0, 0.17511, 0.30846, 0.53043, 0.21004, 1.06425, 0.02202, 0.2453, 0.05058, 0.25432, -999.0, -999.0, -999.0, -999.0, -999.0</values>
						</lower_bound>
						<upper_bound>
							<values>0.61496, 0.04372, 0.65065, 1.0, 0.20529, 0.34703, 0.57622, 0.26025, 1.55142, 0.0301, 0.38836, 0.06177, 0.28905, -999.0, -999.0, -999.0, -999.0, -999.0</values>
						</upper_bound>
					</main_interval>
					<sample_size>
						<values>1000.0, 1000.0, 1000.0, 1000.0, 1000.0, 1000.0, 1000.0, 1000.0, 1000.0, 1000.0, 1000.0, 1000.0, 1000.0, -999.0, -999.0, -999.0, -999.0, -999.0</values>
					</sample_size>
				</sampling_intervals>
			</data>
		</threshold>
		<threshold>
			<threshold_value>GT 3.04529 (Pr=0.84)</threshold_value>
			<data>
				<values>0.58241, 0.0354, 0.61781, 1.0, 0.18826, 0.32983, 0.55916, 0.23291, 1.38055, 0.02434, 0.31973, 0.05308, 0.27675, -999.0, -999.0, -999.0, -999.0, -999.0</values>
				<sampling_intervals>
					<main_interval>
						<bounds>0.05, 0.95</bounds>
						<lower_bound>
							<values>0.54909, 0.02838, 0.58718, 1.0, 0.17362, 0.30974, 0.53554, 0.20824, 1.13805, 0.02083, 0.25346, 0.04771, 0.25822, -999.0, -999.0, -999.0, -999.0, -999.0</values>
						</lower_bound>
						<upper_bound>
							<values>0.61175, 0.0458, 0.64745, 1.0, 0.20497, 0.3495, 0.58417, 0.25796, 1.68988, 0.02822, 0.41216, 0.05876, 0.29402, -999.0, -999.0, -999.0, -999.0, -999.0</values>
						</upper_bound>
					</main_interval>
					<sample_size>
						<values>1000.0, 1000.0, 1000.0, 1000.0, 1000.0, 1000.0, 1000.0, 1000.0, 1000.0, 1000.0, 1000.0, 1000.0, 1000.0, -999.0, -999.0, -999.0, -999.0, -999.0</values>
					</sample_size>
				</sampling_intervals>
			</data>
		</threshold>
		<threshold>
			<threshold_value>GT 3.12383 (Pr=0.85)</threshold_value>
			<data>
				<values>0.57971, 0.03513, 0.61484, 1.0, 0.18618, 0.33239, 0.56649, 0.22964, 1.49571, 0.02274, 0.32668, 0.05005, 0.28234, -999.0, -999.0, -999.0, -999.0, -999.0</values>
				<sampling_intervals>
					<main_interval>
						<bounds>0.05, 0.95</bounds>
						<lower_bound>
							<values>0.54555, 0.02991, 0.58543, 1.0, 0.17251, 0.312, 0.54141, 0.20551, 1.23773, 0.01954, 0.26228, 0.04489, 0.264, -999.0, -999.0, -999.0, -999.0, -999.0</values>
						</lower_bound>
						<upper_bound>
							<values>0.61106, 0.04676, 0.64719, 1.0, 0.20326, 0.35268, 0.59225, 0.25352, 1.83036, 0.02617, 0.42546, 0.05579, 0.29968, -999.0, -999.0, -999.0, -999.0, -999.0</values>
						</upper_bound>
					</main_interval>
					<sample_size>
						<values>1000.0, 1000.0, 1000.0, 1000.0, 1000.0, 1000.0, 1000.0, 1000.0, 1000.0, 1000.0, 1000.0, 1000.0, 1000.0, -999.0, -999.0, -999.0, -999.0, -999.0</values>
					</sample_size>
				</sampling_intervals>
			</data>
		</threshold>
		<threshold>
			<threshold_value>GT 3.21153 (Pr=0.86)</threshold_value>
			<data>
				<values>0.57818, 0.0379, 0.61608, 1.0, 0.18382, 0.33588, 0.57388, 0.22613, 1.62227, 0.02094, 0.33947, 0.04708, 0.2888, -999.0, -999.0, -999.0, -999.0, -999.0</values>
				<sampling_intervals>
					<main_interval>
						<bounds>0.05, 0.95</bounds>
						<lower_bound>
							<values>0.54145, 0.03084, 0.58385, 1.0, 0.17089, 0.31372, 0.5467, 0.20575, 1.33479, 0.01809, 0.26966, 0.04204, 0.26908, -999.0, -999.0, -999.0, -999.0, -999.0</values>
						</lower_bound>
						<upper_bound>
							<values>0.60817, 0.04843, 0.64608, 1.0, 0.20205, 0.35543, 0.60025, 0.25164, 1.97829, 0.02437, 0.44037, 0.05228, 0.30509, -999.0, -999.0, -999.0, -999.0, -999.0</values>
						</upper_bound>
					</main_interval>
					<sample_size>
						<values>1000.0, 1000.0, 1000.0, 1000.0, 1000.0, 1000.0, 1000.0, 1000.0, 1000.0, 1000.0, 1000.0, 1000.0, 1000.0, -999.0, -999.0, -999.0, -999.0, -999.0</values>
					</sample_size>
				</sampling_intervals>
			</data>
		</threshold>
		<threshold>
			<threshold_value>GT 3.30239 (Pr=0.87)</threshold_value>
			<data>
				<values>0.56682, 0.03926, 0.60608, 1.0, 0.18438, 0.3358, 0.58459, 0.22707, 1.81008, 0.01949, 0.36194, 0.04372, 0.29208, -999.0, -999.0, -999.0, -999.0, -999.0</values>
				<sampling_intervals>
					<main_interval>
						<bounds>0.05, 0.95</bounds>
						<lower_bound>
							<values>0.53688, 0.02853, 0.57892, 1.0, 0.16928, 0.31506, 0.55263, 0.20465, 1.44876, 0.01698, 0.26892, 0.03919, 0.27346, -999.0, -999.0, -999.0, -999.0, -999.0</values>
						</lower_bound>
						<upper_bound>
							<values>0.60214, 0.05003, 0.64007, 1.0, 0.20063, 0.35672, 0.60958, 0.25423, 2.16882, 0.02282, 0.45629, 0.04871, 0.31005, -999.0, -999.0, -999.0, -999.0, -999.0</values>
						</upper_bound>
					</main_interval>
					<sample_size>
						<values>1000.0, 1000.0, 1000.0, 1000.0, 1000.0, 1000.0, 1000.0, 1000.0, 1000.0, 1000.0, 1000.0, 1000.0, 1000.0, -999.0, -999.0, -999.0, -999.0, -999.0</values>
					</sample_size>
				</sampling_intervals>
			</data>
		</threshold>
		<threshold>
			<threshold_value>GT 3.42208 (Pr=0.88)</threshold_value>
			<data>
				<values>0.5643, 0.03388, 0.59818, 1.0, 0.18314, 0.33483, 0.58739, 0.23291, 1.91954, 0.01863, 0.34239, 0.04026, 0.29457, -999.0, -999.0, -999.0, -999.0, -999.0</values>
				<sampling_intervals>
					<main_interval>
						<bounds>0.05, 0.95</bounds>
						<lower_bound>
							<values>0.53025, 0.02289, 0.57035, 1.0, 0.16857, 0.31407, 0.55385, 0.20764, 1.52318, 0.0159, 0.23863, 0.03587, 0.2768, -999.0, -999.0, -999.0, -999.0, -999.0</values>
						</lower_bound>
						<upper_bound>
							<values>0.60095, 0.04985, 0.63426, 1.0, 0.20103, 0.35619, 0.61676, 0.26114, 2.35575, 0.02182, 0.46634, 0.04502, 0.31309, -999.0, -999.0, -999.0, -999.0, -999.0</values>
						</upper_bound>
					</main_interval>
					<sample_size>
						<values>1000.0, 1000.0, 1000.0, 1000.0, 1000.0, 1000.0, 1000.0, 1000.0, 1000.0, 1000.0, 1000.0, 1000.0, 1000.0, -999.0, -999.0, -999.0, -999.0, -999.0</values>
					</sample_size>
				</sampling_intervals>
			</data>
		</threshold>
		<threshold>
			<threshold_value>GT 3.58373 (Pr=0.89)</threshold_value>
			<data>
				<values>0.56937, 0.02651, 0.59588, 1.0, 0.18281, 0.33146, 0.57929, 0.24593, 1.92201, 0.01813, 0.2939, 0.03653, 0.29494, -999.0, -999.0, -999.0, -999.0, -999.0</values>
				<sampling_intervals>
					<main_interval>
						<bounds>0.05, 0.95</bounds>
						<lower_bound>
							<values>0.52872, 0.01275, 0.56597, 1.0, 0.16837, 0.31102, 0.54773, 0.21423, 1.50611, 0.01521, 0.17339, 0.0326, 0.27697, -999.0, -999.0, -999.0, -999.0, -999.0</values>
						</lower_bound>
						<upper_bound>
							<values>0.60133, 0.04706, 0.62815, 1.0, 0.19962, 0.35312, 0.61957, 0.27441, 2.5062, 0.02109, 0.45689, 0.04096, 0.31424, -999.0, -999.0, -999.0, -999.0, -999.0</values>
						</upper_bound>
					</main_interval>
					<sample_size>
						<values>1000.0, 1000.0, 1000.0, 1000.0, 1000.0, 1000.0, 1000.0, 1000.0, 1000.0, 1000.0, 1000.0, 1000.0, 1000.0, -999.0, -999.0, -999.0, -999.0, -999.0</values>
					</sample_size>
				</sampling_intervals>
			</data>
		</threshold>
		<threshold>
			<threshold_value>GT 3.75508 (Pr=0.9)</threshold_value>
			<data>
				<values>0.57468, 0.01463, 0.5893, 1.0, 0.18173, 0.32958, 0.57317, 0.25947, 1.91038, 0.01771, 0.20771, 0.03311, 0.29647, -999.0, -999.0, -999.0, -999.0, -999.0</values>
				<sampling_intervals>
					<main_interval>
						<bounds>0.05, 0.95</bounds>
						<lower_bound>
							<values>0.53267, 0.00418, 0.55921, 1.0, 0.16694, 0.30884, 0.54076, 0.22723, 1.52146, 0.01464, 0.11056, 0.02955, 0.27855, -999.0, -999.0, -999.0, -999.0, -999.0</values>
						</lower_bound>
						<upper_bound>
							<values>0.60582, 0.03847, 0.62132, 1.0, 0.19902, 0.35198, 0.61175, 0.2846, 2.60798, 0.02022, 0.40596, 0.03725, 0.31577, -999.0, -999.0, -999.0, -999.0, -999.0</values>
						</upper_bound>
					</main_interval>
					<sample_size>
						<values>1000.0, 1000.0, 1000.0, 1000.0, 1000.0, 1000.0, 1000.0, 1000.0, 1000.0, 1000.0, 1000.0, 1000.0, 1000.0, -999.0, -999.0, -999.0, -999.0, -999.0</values>
					</sample_size>
				</sampling_intervals>
			</data>
		</threshold>
		<threshold>
			<threshold_value>GT 3.91633 (Pr=0.91)</threshold_value>
			<data>
				<values>0.57749, 0.00399, 0.58148, 1.0, 0.18121, 0.33002, 0.57132, 0.26661, 1.98785, 0.01668, 0.13749, 0.02989, 0.30013, -999.0, -999.0, -999.0, -999.0, -999.0</values>
				<sampling_intervals>
					<main_interval>
						<bounds>0.05, 0.95</bounds>
						<lower_bound>
							<values>0.5405, 0.00339, 0.55331, 1.0, 0.16749, 0.30333, 0.52743, 0.23985, 1.51458, 0.01428, 0.09055, 0.02598, 0.27606, -999.0, -999.0, -999.0, -999.0, -999.0</values>
						</lower_bound>
						<upper_bound>
							<values>0.60676, 0.0219, 0.61614, 1.0, 0.20245, 0.34928, 0.6077, 0.29944, 2.57893, 0.01936, 0.2811, 0.03316, 0.31768, -999.0, -999.0, -999.0, -999.0, -999.0</values>
						</upper_bound>
					</main_interval>
					<sample_size>
						<values>1000.0, 1000.0, 1000.0, 1000.0, 1000.0, 1000.0, 1000.0, 1000.0, 1000.0, 1000.0, 1000.0, 1000.0, 1000.0, -999.0, -999.0, -999.0, -999.0, -999.0</values>
					</sample_size>
				</sampling_intervals>
			</data>
		</threshold>
		<threshold>
			<threshold_value>GT 4.16847 (Pr=0.92)</threshold_value>
			<data>
				<values>0.57304, 0.0036, 0.57663, 1.0, 0.19252, 0.31571, 0.55015, 0.28632, 2.0359, 0.01593, 0.11758, 0.02538, 0.29033, -999.0, -999.0, -999.0, -999.0, -999.0</values>
				<sampling_intervals>
					<main_interval>
						<bounds>0.05, 0.95</bounds>
						<lower_bound>
							<values>0.54274, 0.00314, 0.5467, 1.0, 0.17484, 0.28783, 0.50703, 0.25542, 1.5895, 0.01362, 0.08069, 0.02219, 0.26505, -999.0, -999.0, -999.0, -999.0, -999.0</values>
						</lower_bound>
						<upper_bound>
							<values>0.60282, 0.01107, 0.61096, 1.0, 0.2165, 0.33851, 0.59276, 0.32212, 2.62902, 0.01857, 0.17048, 0.02855, 0.31185, -999.0, -999.0, -999.0, -999.0, -999.0</values>
						</upper_bound>
					</main_interval>
					<sample_size>
						<values>1000.0, 1000.0, 1000.0, 1000.0, 1000.0, 1000.0, 1000.0, 1000.0, 1000.0, 1000.0, 1000.0, 1000.0, 1000.0, -999.0, -999.0, -999.0, -999.0, -999.0</values>
					</sample_size>
				</sampling_intervals>
			</data>
		</threshold>
		<threshold>
			<threshold_value>GT 4.4451 (Pr=0.93)</threshold_value>
			<data>
				<values>0.56215, 0.0066, 0.56875, 1.0, 0.20932, 0.29568, 0.52421, 0.30831, 2.15177, 0.01524, 0.10253, 0.02078, 0.2749, -999.0, -999.0, -999.0, -999.0, -999.0</values>
				<sampling_intervals>
					<main_interval>
						<bounds>0.05, 0.95</bounds>
						<lower_bound>
							<values>0.53086, 0.00324, 0.53771, 1.0, 0.18557, 0.26758, 0.48036, 0.27434, 1.66669, 0.01286, 0.06889, 0.01819, 0.24893, -999.0, -999.0, -999.0, -999.0, -999.0</values>
						</lower_bound>
						<upper_bound>
							<values>0.5932, 0.01476, 0.60433, 1.0, 0.23513, 0.3243, 0.5724, 0.34555, 2.80352, 0.01771, 0.14925, 0.02385, 0.30172, -999.0, -999.0, -999.0, -999.0, -999.0</values>
						</upper_bound>
					</main_interval>
					<sample_size>
						<values>1000.0, 1000.0, 1000.0, 1000.0, 1000.0, 1000.0, 1000.0, 1000.0, 1000.0, 1000.0, 1000.0, 1000.0, 1000.0, -999.0, -999.0, -999.0, -999.0, -999.0</values>
					</sample_size>
				</sampling_intervals>
			</data>
		</threshold>
		<threshold>
			<threshold_value>GT 4.8501 (Pr=0.94)</threshold_value>
			<data>
				<values>0.54798, 0.01114, 0.55912, 1.0, 0.23928, 0.26375, 0.47649, 0.34704, 2.09664, 0.01497, 0.07495, 0.01583, 0.24792, -999.0, -999.0, -999.0, -999.0, -999.0</values>
				<sampling_intervals>
					<main_interval>
						<bounds>0.05, 0.95</bounds>
						<lower_bound>
							<values>0.51795, 0.00513, 0.52775, 1.0, 0.20065, 0.2405, 0.43933, 0.29441, 1.60555, 0.01208, 0.05221, 0.01394, 0.22692, -999.0, -999.0, -999.0, -999.0, -999.0</values>
						</lower_bound>
						<upper_bound>
							<values>0.58489, 0.0233, 0.60033, 1.0, 0.26274, 0.30532, 0.54392, 0.37616, 2.98515, 0.01716, 0.1282, 0.019, 0.28679, -999.0, -999.0, -999.0, -999.0, -999.0</values>
						</upper_bound>
					</main_interval>
					<sample_size>
						<values>1000.0, 1000.0, 1000.0, 1000.0, 1000.0, 1000.0, 1000.0, 1000.0, 1000.0, 1000.0, 1000.0, 1000.0, 1000.0, -999.0, -999.0, -999.0, -999.0, -999.0</values>
					</sample_size>
				</sampling_intervals>
			</data>
		</threshold>
		<threshold>
			<threshold_value>GT 5.21887 (Pr=0.95)</threshold_value>
			<data>
				<values>0.53184, 0.01267, 0.54451, 1.0, 0.25918, 0.24379, 0.45277, 0.36711, 2.37722, 0.01352, 0.07059, 0.01226, 0.23154, -999.0, -999.0, -999.0, -999.0, -999.0</values>
				<sampling_intervals>
					<main_interval>
						<bounds>0.05, 0.95</bounds>
						<lower_bound>
							<values>0.50139, 0.00756, 0.51474, 1.0, 0.22547, 0.21626, 0.40614, 0.32412, 1.74293, 0.01115, 0.04669, 0.01043, 0.20571, -999.0, -999.0, -999.0, -999.0, -999.0</values>
						</lower_bound>
						<upper_bound>
							<values>0.57175, 0.02866, 0.59088, 1.0, 0.29022, 0.27751, 0.50137, 0.4006, 3.15624, 0.01565, 0.10392, 0.01439, 0.26286, -999.0, -999.0, -999.0, -999.0, -999.0</values>
						</upper_bound>
					</main_interval>
					<sample_size>
						<values>1000.0, 1000.0, 1000.0, 1000.0, 1000.0, 1000.0, 1000.0, 1000.0, 1000.0, 1000.0, 1000.0, 1000.0, 1000.0, -999.0, -999.0, -999.0, -999.0, -999.0</values>
					</sample_size>
				</sampling_intervals>
			</data>
		</threshold>
		<threshold>
			<threshold_value>GT 5.6902 (Pr=0.96)</threshold_value>
			<data>
				<values>0.52475, 0.01703, 0.54178, 1.0, 0.2782, 0.22606, 0.4231, 0.38715, 2.58943, 0.01149, 0.06182, 0.00904, 0.21701, -999.0, -999.0, -999.0, -999.0, -999.0</values>
				<sampling_intervals>
					<main_interval>
						<bounds>0.05, 0.95</bounds>
						<lower_bound>
							<values>0.48483, 0.00981, 0.50439, 1.0, 0.24832, 0.19257, 0.37941, 0.34924, 1.89028, 0.00985, 0.0392, 0.0074, 0.18535, -999.0, -999.0, -999.0, -999.0, -999.0</values>
						</lower_bound>
						<upper_bound>
							<values>0.56024, 0.03526, 0.58593, 1.0, 0.31871, 0.25366, 0.46189, 0.43255, 3.56944, 0.01368, 0.09464, 0.01068, 0.2432, -999.0, -999.0, -999.0, -999.0, -999.0</values>
						</upper_bound>
					</main_interval>
					<sample_size>
						<values>1000.0, 1000.0, 1000.0, 1000.0, 1000.0, 1000.0, 1000.0, 1000.0, 1000.0, 1000.0, 1000.0, 1000.0, 1000.0, -999.0, -999.0, -999.0, -999.0, -999.0</values>
					</sample_size>
				</sampling_intervals>
			</data>
		</threshold>
		<threshold>
			<threshold_value>GT 6.34882 (Pr=0.97)</threshold_value>
			<data>
				<values>0.48995, 0.02026, 0.51021, 1.0, 0.3116, 0.19758, 0.39603, 0.42537, 3.22311, 0.00967, 0.05805, 0.00598, 0.1916, -999.0, -999.0, -999.0, -999.0, -999.0</values>
				<sampling_intervals>
					<main_interval>
						<bounds>0.05, 0.95</bounds>
						<lower_bound>
							<values>0.44534, 0.01155, 0.46498, 1.0, 0.26965, 0.16821, 0.35822, 0.37478, 2.35835, 0.00789, 0.03905, 0.00485, 0.16338, -999.0, -999.0, -999.0, -999.0, -999.0</values>
						</lower_bound>
						<upper_bound>
							<values>0.53435, 0.03576, 0.56075, 1.0, 0.35153, 0.23231, 0.44485, 0.47262, 4.43648, 0.01122, 0.08886, 0.00731, 0.22566, -999.0, -999.0, -999.0, -999.0, -999.0</values>
						</upper_bound>
					</main_interval>
					<sample_size>
						<values>1000.0, 1000.0, 1000.0, 1000.0, 1000.0, 1000.0, 1000.0, 1000.0, 1000.0, 1000.0, 1000.0, 1000.0, 1000.0, -999.0, -999.0, -999.0, -999.0, -999.0</values>
					</sample_size>
				</sampling_intervals>
			</data>
		</threshold>
		<threshold>
			<threshold_value>GT 7.4902 (Pr=0.98)</threshold_value>
			<data>
				<values>0.47455, 0.03052, 0.50508, 1.0, 0.34052, 0.17535, 0.36028, 0.45214, 4.11712, 0.00693, 0.04721, 0.00351, 0.17184, -999.0, -999.0, -999.0, -999.0, -999.0</values>
				<sampling_intervals>
					<main_interval>
						<bounds>0.05, 0.95</bounds>
						<lower_bound>
							<values>0.42657, 0.01833, 0.45351, 1.0, 0.28612, 0.14559, 0.31532, 0.38837, 2.87378, 0.00552, 0.02899, 0.00278, 0.14266, -999.0, -999.0, -999.0, -999.0, -999.0</values>
						</lower_bound>
						<upper_bound>
							<values>0.5252, 0.05211, 0.5639, 1.0, 0.38616, 0.21762, 0.42375, 0.49856, 6.34938, 0.00825, 0.08553, 0.00452, 0.2132, -999.0, -999.0, -999.0, -999.0, -999.0</values>
						</upper_bound>
					</main_interval>
					<sample_size>
						<values>1000.0, 1000.0, 1000.0, 1000.0, 1000.0, 1000.0, 1000.0, 1000.0, 1000.0, 1000.0, 1000.0, 1000.0, 1000.0, -999.0, -999.0, -999.0, -999.0, -999.0</values>
					</sample_size>
				</sampling_intervals>
			</data>
		</threshold>
		<threshold>
			<threshold_value>GT 9.3651 (Pr=0.99)</threshold_value>
			<data>
				<values>0.45058, 0.03115, 0.48173, 1.0, 0.37287, 0.15256, 0.32911, 0.48069, 7.32743, 0.00378, 0.0507, 0.00153, 0.15103, -999.0, -999.0, -999.0, -999.0, -999.0</values>
				<sampling_intervals>
					<main_interval>
						<bounds>0.05, 0.95</bounds>
						<lower_bound>
							<values>0.38234, 0.01582, 0.41188, 1.0, 0.32439, 0.10601, 0.25522, 0.42569, 3.95781, 0.00302, 0.02092, 0.00102, 0.10504, -999.0, -999.0, -999.0, -999.0, -999.0</values>
						</lower_bound>
						<upper_bound>
							<values>0.49553, 0.06451, 0.5386, 1.0, 0.45672, 0.1856, 0.38916, 0.56224, 12.24746, 0.00495, 0.09453, 0.00198, 0.18394, -999.0, -999.0, -999.0, -999.0, -999.0</values>
						</upper_bound>
					</main_interval>
					<sample_size>
						<values>1000.0, 1000.0, 1000.0, 1000.0, 1000.0, 1000.0, 1000.0, 1000.0, 1000.0, 1000.0, 1000.0, 1000.0, 1000.0, -999.0, -999.0, -999.0, -999.0, -999.0</values>
					</sample_size>
				</sampling_intervals>
			</data>
		</threshold>
		<threshold>
			<threshold_value>GT 10.91388 (Pr=0.99298)</threshold_value>
			<data>
				<values>0.40859, 0.03105, 0.43964, 1.0, 0.43556, 0.11644, 0.27229, 0.53953, 7.87433, 0.0031, 0.03422, 8.2E-4, 0.11562, -999.0, -999.0, -999.0, -999.0, -999.0</values>
				<sampling_intervals>
					<main_interval>
						<bounds>0.05, 0.95</bounds>
						<lower_bound>
							<values>0.35931, 0.01937, 0.39331, 1.0, 0.36482, 0.08984, 0.22722, 0.46905, 4.71742, 0.00236, 0.0184, 6.1E-4, 0.08915, -999.0, -999.0, -999.0, -999.0, -999.0</values>
						</lower_bound>
						<upper_bound>
							<values>0.46876, 0.07095, 0.51717, 1.0, 0.49236, 0.15742, 0.33921, 0.59016, 13.60745, 0.00392, 0.06923, 0.00118, 0.15628, -999.0, -999.0, -999.0, -999.0, -999.0</values>
						</upper_bound>
					</main_interval>
					<sample_size>
						<values>1000.0, 1000.0, 1000.0, 1000.0, 1000.0, 1000.0, 1000.0, 1000.0, 1000.0, 1000.0, 1000.0, 1000.0, 1000.0, -999.0, -999.0, -999.0, -999.0, -999.0</values>
					</sample_size>
				</sampling_intervals>
			</data>
		</threshold>
		<threshold>
			<threshold_value>GT 12.0251 (Pr=0.995)</threshold_value>
			<data>
				<values>0.35125, 0.02464, 0.37589, 1.0, 0.48589, 0.09227, 0.25513, 0.57976, 14.11996, 0.00249, 0.05038, 4.7E-4, 0.0918, -999.0, -999.0, -999.0, -999.0, -999.0</values>
				<sampling_intervals>
					<main_interval>
						<bounds>0.05, 0.95</bounds>
						<lower_bound>
							<values>0.3093, 0.0196, 0.34541, 1.0, 0.39136, 0.07235, 0.21182, 0.491, 7.82071, 0.00181, 0.02555, 3.5E-4, 0.072, -999.0, -999.0, -999.0, -999.0, -999.0</values>
						</lower_bound>
						<upper_bound>
							<values>0.44703, 0.07457, 0.49826, 1.0, 0.53563, 0.14046, 0.31807, 0.62231, 21.08003, 0.00306, 0.08325, 7.5E-4, 0.13968, -999.0, -999.0, -999.0, -999.0, -999.0</values>
						</upper_bound>
					</main_interval>
					<sample_size>
						<values>1000.0, 1000.0, 1000.0, 1000.0, 1000.0, 1000.0, 1000.0, 1000.0, 1000.0, 1000.0, 1000.0, 1000.0, 1000.0, -999.0, -999.0, -999.0, -999.0, -999.0</values>
					</sample_size>
				</sampling_intervals>
			</data>
		</threshold>
		<threshold>
			<threshold_value>GT 18.1304 (Pr=0.999)</threshold_value>
			<data>
				<values>0.32143, 0.05698, 0.37842, 1.0, 0.57092, 0.05979, 0.16743, 0.61063, 64.41709, 6.1E-4, 0.12769, 6.0E-5, 0.05973, -999.0, -999.0, -999.0, -999.0, -999.0</values>
				<sampling_intervals>
					<main_interval>
						<bounds>0.05, 0.95</bounds>
						<lower_bound>
							<values>0.19229, 0.02452, 0.23716, 1.0, 0.43938, 0.02988, 0.10915, 0.47477, 27.89214, 3.8E-4, 0.04419, 3.0E-5, 0.02985, -999.0, -999.0, -999.0, -999.0, -999.0</values>
						</lower_bound>
						<upper_bound>
							<values>0.44372, 0.1585, 0.58053, 1.0, 0.68414, 0.11363, 0.27208, 0.71218, 186.44641, 8.9E-4, 0.41358, 1.3E-4, 0.11353, -999.0, -999.0, -999.0, -999.0, -999.0</values>
						</upper_bound>
					</main_interval>
					<sample_size>
						<values>1000.0, 1000.0, 1000.0, 1000.0, 1000.0, 1000.0, 1000.0, 1000.0, 1000.0, 1000.0, 1000.0, 1000.0, 1000.0, -999.0, -999.0, -999.0, -999.0, -999.0</values>
					</sample_size>
				</sampling_intervals>
			</data>
		</threshold>
		<threshold>
			<threshold_value>GT 20.55606 (Pr=0.99957)</threshold_value>
			<data>
				<values>0.16629, 0.13907, 0.30535, 1.0, 0.69491, 0.02769, 0.16649, 0.72515, 238.63951, 3.2E-4, 0.32668, 1.0E-5, 0.02768, -999.0, -999.0, -999.0, -999.0, -999.0</values>
				<sampling_intervals>
					<main_interval>
						<bounds>0.05, 0.95</bounds>
						<lower_bound>
							<values>-0.03449, 0.01642, 0.07979, 1.0, 0.47739, 0.00373, 0.02782, 0.52226, 24.4156, 1.9E-4, 0.01036, 0.0, 0.00373, -999.0, -999.0, -999.0, -999.0, -999.0</values>
						</lower_bound>
						<upper_bound>
							<values>0.36409, 0.35592, 0.66657, 1.0, 0.88179, 0.09354, 0.36677, 0.88857, 805.28579, 5.8E-4, 1.38945, 4.0E-5, 0.09349, -999.0, -999.0, -999.0, -999.0, -999.0</values>
						</upper_bound>
					</main_interval>
					<sample_size>
						<values>1000.0, 1000.0, 1000.0, 1000.0, 1000.0, 1000.0, 1000.0, 1000.0, 1000.0, 1000.0, 1000.0, 1000.0, 1000.0, -999.0, -999.0, -999.0, -999.0, -999.0</values>
					</sample_size>
				</sampling_intervals>
			</data>
		</threshold>
	</threshold_data>
</result></results>