<?xml version="1.0" standalone="yes"?><results>
<!--Result file containing the results for a single metric by lead period.
Some metrics, such as reliability diagrams, have results for specific thresholds 
(e.g. probability thresholds).  In that case, the results are stored by lead period 
and then by threshold value.  The actual data associated with a result always appears 
within a 'values' tag.  A metric result that comprises a single value will appear as a 
single value in this tag.  A metric result that comprises a 1D matrix will appear as a 
row of values separated by commas in the input order.  A metric result that comprises a 
2D matrix will appear as a sequence of rows, each with a 'values' tag, which are written 
in the input order.  For example, a diagram metric with an x and y axis will comprise 
two rows of data (i.e. two rows within two separate 'values' tags).  The default input 
order would be data for the x axis followed by data for the y axis.  Data that refer to 
cumulative probabilities are, by default, always defined in increasing size of probability.--><meta_data>
	<thresholds_type>true</thresholds_type>
	<original_file_id>03451500_CAL.Streamflow.ICK_INF_ONE_OBS_ONE_MEAN_1D_MEAN_INDEP.Brier_skill_score.xml</original_file_id>
</meta_data><result>
	<lead_hour>0.0</lead_hour>
	<threshold_data>
		<threshold>
			<threshold_value>GT 0.34 (Pr=0.0)</threshold_value>
			<data>
				<values>0.92239, 0.04325, 0.0, 0.03436, 0.03441, 0.0, 0.0432, 0.04437, 1.36111, 5.0E-5, 1.0E-4, 0.0, 0.0, 0.95521, -0.99939, 0.60133, -0.99999, -0.95275</values>
				<sampling_intervals>
					<main_interval>
						<bounds>0.05, 0.95</bounds>
						<lower_bound>
							<values>0.73618, 0.02512, 0.0, 0.0256, 0.02211, 0.0, 0.0056, 0.00489, 1.27036, 2.0E-5, 1.0E-4, 0.0, 0.0, 0.84393, -0.99969, -0.03822, -1.0, -0.99322</values>
						</lower_bound>
						<upper_bound>
							<values>0.94422, 0.12111, 0.13549, 0.28245, 0.24109, 0.00204, 0.10176, 0.10628, 1.36066, 3.5E-4, 0.00101, 0.0, 1.0E-5, 0.97395, 70.93163, 0.77214, -0.60359, -0.88531</values>
						</upper_bound>
					</main_interval>
					<sample_size>
						<values>1000.0, 1000.0, 1000.0, 1000.0, 1000.0, 1000.0, 1000.0, 1000.0, 1000.0, 1000.0, 1000.0, 1000.0, 1000.0, 1000.0, 1000.0, 1000.0, 1000.0, 1000.0</values>
					</sample_size>
				</sampling_intervals>
			</data>
		</threshold>
		<threshold>
			<threshold_value>GT 0.55075 (Pr=0.025)</threshold_value>
			<data>
				<values>0.66402, 0.07385, 0.94899, 1.21111, 0.09491, 0.62824, 0.86931, 0.38067, 0.30643, 0.00853, 0.00378, 0.03828, 0.02531, 0.23344, 2.08661, 0.84715, 5.07285, 0.80158</values>
				<sampling_intervals>
					<main_interval>
						<bounds>0.05, 0.95</bounds>
						<lower_bound>
							<values>0.58326, 0.07072, 0.76341, 0.97263, 0.0419, 0.47898, 0.71933, 0.26057, 0.20131, 0.00524, 0.00162, 0.01751, 0.0167, -0.87244, 1.21645, 0.79782, 3.85507, 0.33769</values>
						</lower_bound>
						<upper_bound>
							<values>0.75525, 0.13351, 1.21415, 1.42947, 0.12774, 0.90355, 1.15219, 0.58324, 0.36292, 0.01727, 0.00497, 0.07839, 0.04256, 0.63319, 3.8039, 0.92519, 7.23309, 1.40953</values>
						</upper_bound>
					</main_interval>
					<sample_size>
						<values>1000.0, 1000.0, 1000.0, 1000.0, 1000.0, 1000.0, 1000.0, 1000.0, 1000.0, 1000.0, 1000.0, 1000.0, 1000.0, 1000.0, 1000.0, 1000.0, 1000.0, 1000.0</values>
					</sample_size>
				</sampling_intervals>
			</data>
		</threshold>
		<threshold>
			<threshold_value>GT 0.6579 (Pr=0.05)</threshold_value>
			<data>
				<values>0.71663, 0.04647, 1.22853, 1.46543, 0.05313, 0.96162, 1.19186, 0.414, 0.21067, 0.01169, 0.00363, 0.12251, 0.06818, 0.24024, 1.333, 0.91709, 4.60356, 1.24543</values>
				<sampling_intervals>
					<main_interval>
						<bounds>0.05, 0.95</bounds>
						<lower_bound>
							<values>0.66954, 0.05157, 1.0693, 1.26851, 0.03688, 0.79339, 1.00531, 0.24102, 0.17567, 0.00668, 0.00256, 0.0641, 0.05162, -2.20845, 0.89398, 0.886, 2.63668, 0.57887</values>
						</lower_bound>
						<upper_bound>
							<values>0.77841, 0.09695, 1.46437, 1.66914, 0.0736, 1.1555, 1.40093, 0.55532, 0.281, 0.01711, 0.00553, 0.22028, 0.10005, 0.57304, 2.14512, 0.93808, 6.67928, 1.91038</values>
						</upper_bound>
					</main_interval>
					<sample_size>
						<values>1000.0, 1000.0, 1000.0, 1000.0, 1000.0, 1000.0, 1000.0, 1000.0, 1000.0, 1000.0, 1000.0, 1000.0, 1000.0, 1000.0, 1000.0, 1000.0, 1000.0, 1000.0</values>
					</sample_size>
				</sampling_intervals>
			</data>
		</threshold>
		<threshold>
			<threshold_value>GT 0.75626 (Pr=0.075)</threshold_value>
			<data>
				<values>0.74764, 0.03543, 1.40029, 1.61722, 0.04215, 1.13822, 1.34842, 0.32144, 0.20892, 0.01145, 0.00446, 0.20012, 0.12583, 0.30183, 1.09635, 0.93072, 3.61921, 1.11375</values>
				<sampling_intervals>
					<main_interval>
						<bounds>0.05, 0.95</bounds>
						<lower_bound>
							<values>0.68558, 0.03968, 1.16116, 1.35607, 0.034, 0.89249, 1.0925, 0.20244, 0.17605, 0.0069, 0.00348, 0.10039, 0.09664, -1.16458, 0.75199, 0.89515, 2.39441, 0.59275</values>
						</lower_bound>
						<upper_bound>
							<values>0.78754, 0.07712, 1.61987, 1.83689, 0.0606, 1.31927, 1.56131, 0.49366, 0.34208, 0.0176, 0.00777, 0.35495, 0.17511, 0.66, 1.61883, 0.94378, 4.99475, 1.65373</values>
						</upper_bound>
					</main_interval>
					<sample_size>
						<values>1000.0, 1000.0, 1000.0, 1000.0, 1000.0, 1000.0, 1000.0, 1000.0, 1000.0, 1000.0, 1000.0, 1000.0, 1000.0, 1000.0, 1000.0, 1000.0, 1000.0, 1000.0</values>
					</sample_size>
				</sampling_intervals>
			</data>
		</threshold>
		<threshold>
			<threshold_value>GT 0.82872 (Pr=0.1)</threshold_value>
			<data>
				<values>0.73139, 0.03143, 1.48248, 1.71965, 0.04513, 1.20799, 1.43146, 0.30883, 0.24191, 0.01256, 0.00641, 0.26607, 0.1766, 0.3922, 0.92188, 0.92548, 3.17653, 1.09412</values>
				<sampling_intervals>
					<main_interval>
						<bounds>0.05, 0.95</bounds>
						<lower_bound>
							<values>0.69255, 0.03171, 1.12, 1.31703, 0.03297, 0.89508, 1.0756, 0.13187, 0.19622, 0.00517, 0.00497, 0.10097, 0.14559, -0.44463, 0.64758, 0.89452, 1.42587, 0.24026</values>
						</lower_bound>
						<upper_bound>
							<values>0.7915, 0.06616, 1.65137, 1.88343, 0.05832, 1.35491, 1.58512, 0.39837, 0.49462, 0.0162, 0.01338, 0.43138, 0.32816, 0.86262, 1.26819, 0.94289, 4.17186, 1.49818</values>
						</upper_bound>
					</main_interval>
					<sample_size>
						<values>1000.0, 1000.0, 1000.0, 1000.0, 1000.0, 1000.0, 1000.0, 1000.0, 1000.0, 1000.0, 1000.0, 1000.0, 1000.0, 1000.0, 1000.0, 1000.0, 1000.0, 1000.0</values>
					</sample_size>
				</sampling_intervals>
			</data>
		</threshold>
		<threshold>
			<threshold_value>GT 0.89404 (Pr=0.125)</threshold_value>
			<data>
				<values>0.73995, 0.02144, 1.40753, 1.64615, 0.04334, 1.15532, 1.37203, 0.1705, 0.42228, 0.00792, 0.01301, 0.1938, 0.35108, 0.87444, 0.72307, 0.91187, 1.75726, 0.47981</values>
				<sampling_intervals>
					<main_interval>
						<bounds>0.05, 0.95</bounds>
						<lower_bound>
							<values>0.70434, 0.02894, 1.22918, 1.4403, 0.03271, 0.98306, 1.18751, 0.14174, 0.28055, 0.00601, 0.00832, 0.13501, 0.26518, 0.5202, 0.55113, 0.89217, 1.35575, 0.30792</values>
						</lower_bound>
						<upper_bound>
							<values>0.77632, 0.05393, 1.66613, 1.88889, 0.05374, 1.377, 1.59626, 0.22293, 0.53399, 0.01074, 0.01724, 0.33019, 0.45777, 0.86947, 0.97349, 0.93454, 2.47252, 0.78641</values>
						</upper_bound>
					</main_interval>
					<sample_size>
						<values>1000.0, 1000.0, 1000.0, 1000.0, 1000.0, 1000.0, 1000.0, 1000.0, 1000.0, 1000.0, 1000.0, 1000.0, 1000.0, 1000.0, 1000.0, 1000.0, 1000.0, 1000.0</values>
					</sample_size>
				</sampling_intervals>
			</data>
		</threshold>
		<threshold>
			<threshold_value>GT 0.95661 (Pr=0.15)</threshold_value>
			<data>
				<values>0.73098, 0.02011, 1.52619, 1.7751, 0.04182, 1.27225, 1.49945, 0.18454, 0.42676, 0.00935, 0.01465, 0.2455, 0.4584, 0.88404, 0.60897, 0.91571, 1.64102, 0.5213</values>
				<sampling_intervals>
					<main_interval>
						<bounds>0.05, 0.95</bounds>
						<lower_bound>
							<values>0.6876, 0.02656, 1.3253, 1.55504, 0.0352, 1.08103, 1.30174, 0.15597, 0.36268, 0.00721, 0.01191, 0.17693, 0.3773, 0.63473, 0.49016, 0.89343, 1.32377, 0.3732</values>
						</lower_bound>
						<upper_bound>
							<values>0.75306, 0.05227, 1.74335, 1.99654, 0.05417, 1.45753, 1.70093, 0.21967, 0.56012, 0.01174, 0.02026, 0.34519, 0.5722, 0.86573, 0.78525, 0.92816, 1.99909, 0.68499</values>
						</upper_bound>
					</main_interval>
					<sample_size>
						<values>1000.0, 1000.0, 1000.0, 1000.0, 1000.0, 1000.0, 1000.0, 1000.0, 1000.0, 1000.0, 1000.0, 1000.0, 1000.0, 1000.0, 1000.0, 1000.0, 1000.0, 1000.0</values>
					</sample_size>
				</sampling_intervals>
			</data>
		</threshold>
		<threshold>
			<threshold_value>GT 1.01598 (Pr=0.175)</threshold_value>
			<data>
				<values>0.69742, 0.0319, 1.60152, 1.8722, 0.04583, 1.3323, 1.58905, 0.20509, 0.48268, 0.01098, 0.01825, 0.29269, 0.54072, 0.79283, 0.56064, 0.90804, 1.55661, 0.55365</values>
				<sampling_intervals>
					<main_interval>
						<bounds>0.05, 0.95</bounds>
						<lower_bound>
							<values>0.66761, 0.02647, 1.42642, 1.67391, 0.0365, 1.1681, 1.40634, 0.16612, 0.39155, 0.00809, 0.01395, 0.22018, 0.46041, 0.59374, 0.46421, 0.89371, 1.31917, 0.42797</values>
						</lower_bound>
						<upper_bound>
							<values>0.73678, 0.05565, 1.82024, 2.09026, 0.05378, 1.52309, 1.78467, 0.24076, 0.57508, 0.01333, 0.02275, 0.39581, 0.66747, 0.84921, 0.69911, 0.9263, 1.83705, 0.69022</values>
						</upper_bound>
					</main_interval>
					<sample_size>
						<values>1000.0, 1000.0, 1000.0, 1000.0, 1000.0, 1000.0, 1000.0, 1000.0, 1000.0, 1000.0, 1000.0, 1000.0, 1000.0, 1000.0, 1000.0, 1000.0, 1000.0, 1000.0</values>
					</sample_size>
				</sampling_intervals>
			</data>
		</threshold>
		<threshold>
			<threshold_value>GT 1.0726 (Pr=0.2)</threshold_value>
			<data>
				<values>0.69674, 0.0362, 1.7212, 1.98827, 0.04484, 1.43604, 1.69447, 0.19265, 0.5022, 0.01023, 0.02039, 0.35601, 0.64028, 0.73633, 0.52921, 0.91041, 1.52467, 0.5861</values>
				<sampling_intervals>
					<main_interval>
						<bounds>0.05, 0.95</bounds>
						<lower_bound>
							<values>0.65508, 0.02561, 1.52851, 1.78659, 0.03629, 1.25768, 1.50715, 0.17078, 0.41308, 0.00884, 0.01579, 0.27124, 0.5399, 0.56159, 0.43632, 0.89265, 1.32526, 0.47795</values>
						</lower_bound>
						<upper_bound>
							<values>0.73159, 0.05408, 1.90637, 2.17456, 0.05494, 1.60582, 1.87257, 0.24897, 0.58677, 0.01419, 0.02533, 0.45602, 0.76657, 0.83691, 0.63236, 0.92611, 1.76858, 0.69795</values>
						</upper_bound>
					</main_interval>
					<sample_size>
						<values>1000.0, 1000.0, 1000.0, 1000.0, 1000.0, 1000.0, 1000.0, 1000.0, 1000.0, 1000.0, 1000.0, 1000.0, 1000.0, 1000.0, 1000.0, 1000.0, 1000.0, 1000.0</values>
					</sample_size>
				</sampling_intervals>
			</data>
		</threshold>
		<threshold>
			<threshold_value>GT 1.12862 (Pr=0.225)</threshold_value>
			<data>
				<values>0.69077, 0.03709, 1.79808, 2.07022, 0.0447, 1.50655, 1.77109, 0.21557, 0.47088, 0.01272, 0.02074, 0.41027, 0.70804, 0.71376, 0.49866, 0.91137, 1.51621, 0.61829</values>
				<sampling_intervals>
					<main_interval>
						<bounds>0.05, 0.95</bounds>
						<lower_bound>
							<values>0.65149, 0.02502, 1.61587, 1.87371, 0.03483, 1.33666, 1.59755, 0.17783, 0.40851, 0.00977, 0.01634, 0.31806, 0.62433, 0.49973, 0.42029, 0.89447, 1.32785, 0.52086</values>
						</lower_bound>
						<upper_bound>
							<values>0.73122, 0.05565, 1.9861, 2.26256, 0.05432, 1.68182, 1.95357, 0.2473, 0.56531, 0.01514, 0.02674, 0.52091, 0.86533, 0.84769, 0.58501, 0.92954, 1.70978, 0.71959</values>
						</upper_bound>
					</main_interval>
					<sample_size>
						<values>1000.0, 1000.0, 1000.0, 1000.0, 1000.0, 1000.0, 1000.0, 1000.0, 1000.0, 1000.0, 1000.0, 1000.0, 1000.0, 1000.0, 1000.0, 1000.0, 1000.0, 1000.0</values>
					</sample_size>
				</sampling_intervals>
			</data>
		</threshold>
		<threshold>
			<threshold_value>GT 1.18986 (Pr=0.25)</threshold_value>
			<data>
				<values>0.70403, 0.01816, 1.84947, 2.12729, 0.03792, 1.59914, 1.85719, 0.22436, 0.42307, 0.01459, 0.01743, 0.46358, 0.82276, 0.8559, 0.47566, 0.92538, 1.57225, 0.66784</values>
				<sampling_intervals>
					<main_interval>
						<bounds>0.05, 0.95</bounds>
						<lower_bound>
							<values>0.65228, 0.0242, 1.68068, 1.93, 0.03416, 1.40433, 1.66113, 0.17821, 0.40178, 0.01087, 0.01658, 0.35918, 0.70005, 0.45395, 0.40542, 0.89793, 1.35539, 0.56457</values>
						</lower_bound>
						<upper_bound>
							<values>0.72929, 0.05273, 2.05511, 2.33004, 0.0528, 1.75092, 2.02441, 0.25374, 0.56662, 0.01631, 0.02733, 0.57748, 0.96862, 0.83668, 0.55387, 0.93212, 1.70391, 0.7413</values>
						</upper_bound>
					</main_interval>
					<sample_size>
						<values>1000.0, 1000.0, 1000.0, 1000.0, 1000.0, 1000.0, 1000.0, 1000.0, 1000.0, 1000.0, 1000.0, 1000.0, 1000.0, 1000.0, 1000.0, 1000.0, 1000.0, 1000.0</values>
					</sample_size>
				</sampling_intervals>
			</data>
		</threshold>
		<threshold>
			<threshold_value>GT 1.24271 (Pr=0.275)</threshold_value>
			<data>
				<values>0.68076, 0.02678, 1.89083, 2.18329, 0.04408, 1.60691, 1.88207, 0.20599, 0.5149, 0.01344, 0.02417, 0.50443, 0.87148, 0.76979, 0.45489, 0.91452, 1.53382, 0.68276</values>
				<sampling_intervals>
					<main_interval>
						<bounds>0.05, 0.95</bounds>
						<lower_bound>
							<values>0.65553, 0.02481, 1.72007, 1.98537, 0.03495, 1.44654, 1.70745, 0.18115, 0.40494, 0.01163, 0.01766, 0.39991, 0.77725, 0.5524, 0.39398, 0.9045, 1.38555, 0.60148</values>
						</lower_bound>
						<upper_bound>
							<values>0.72218, 0.04644, 2.09288, 2.37466, 0.04996, 1.80142, 2.07756, 0.25349, 0.57399, 0.01729, 0.0275, 0.63357, 1.02541, 0.81867, 0.53262, 0.93142, 1.70199, 0.7603</values>
						</upper_bound>
					</main_interval>
					<sample_size>
						<values>1000.0, 1000.0, 1000.0, 1000.0, 1000.0, 1000.0, 1000.0, 1000.0, 1000.0, 1000.0, 1000.0, 1000.0, 1000.0, 1000.0, 1000.0, 1000.0, 1000.0, 1000.0</values>
					</sample_size>
				</sampling_intervals>
			</data>
		</threshold>
		<threshold>
			<threshold_value>GT 1.29709 (Pr=0.3)</threshold_value>
			<data>
				<values>0.68273, 0.02747, 1.94652, 2.23632, 0.04262, 1.66167, 1.93632, 0.21589, 0.48993, 0.0152, 0.02328, 0.55063, 0.93778, 0.75334, 0.44434, 0.91831, 1.55561, 0.71582</values>
				<sampling_intervals>
					<main_interval>
						<bounds>0.05, 0.95</bounds>
						<lower_bound>
							<values>0.65114, 0.0262, 1.75399, 2.0198, 0.03556, 1.47368, 1.7413, 0.1842, 0.42243, 0.01221, 0.01917, 0.43457, 0.82939, 0.51625, 0.38604, 0.90356, 1.40881, 0.63574</values>
						</lower_bound>
						<upper_bound>
							<values>0.71667, 0.04635, 2.13148, 2.41338, 0.05112, 1.83007, 2.10876, 0.25117, 0.57171, 0.01801, 0.02917, 0.6743, 1.08738, 0.8046, 0.52646, 0.9307, 1.72663, 0.78509</values>
						</upper_bound>
					</main_interval>
					<sample_size>
						<values>1000.0, 1000.0, 1000.0, 1000.0, 1000.0, 1000.0, 1000.0, 1000.0, 1000.0, 1000.0, 1000.0, 1000.0, 1000.0, 1000.0, 1000.0, 1000.0, 1000.0, 1000.0</values>
					</sample_size>
				</sampling_intervals>
			</data>
		</threshold>
		<threshold>
			<threshold_value>GT 1.3499 (Pr=0.325)</threshold_value>
			<data>
				<values>0.68637, 0.03237, 1.96206, 2.24332, 0.04113, 1.67747, 1.94997, 0.22417, 0.46372, 0.01623, 0.02246, 0.58314, 0.97827, 0.68408, 0.45793, 0.92186, 1.61158, 0.74744</values>
				<sampling_intervals>
					<main_interval>
						<bounds>0.05, 0.95</bounds>
						<lower_bound>
							<values>0.64469, 0.02544, 1.78009, 2.06295, 0.03631, 1.5011, 1.77391, 0.1889, 0.42729, 0.01304, 0.02013, 0.46622, 0.8717, 0.45633, 0.38417, 0.90484, 1.42549, 0.66733</values>
						</lower_bound>
						<upper_bound>
							<values>0.70916, 0.04815, 2.16105, 2.44778, 0.05083, 1.85514, 2.1362, 0.25584, 0.58028, 0.01928, 0.03041, 0.71512, 1.15779, 0.80163, 0.51864, 0.9298, 1.73634, 0.80781</values>
						</upper_bound>
					</main_interval>
					<sample_size>
						<values>1000.0, 1000.0, 1000.0, 1000.0, 1000.0, 1000.0, 1000.0, 1000.0, 1000.0, 1000.0, 1000.0, 1000.0, 1000.0, 1000.0, 1000.0, 1000.0, 1000.0, 1000.0</values>
					</sample_size>
				</sampling_intervals>
			</data>
		</threshold>
		<threshold>
			<threshold_value>GT 1.40983 (Pr=0.35)</threshold_value>
			<data>
				<values>0.66755, 0.02654, 1.98456, 2.29047, 0.04398, 1.70031, 1.98878, 0.24055, 0.4877, 0.01798, 0.02487, 0.61267, 1.03498, 0.72783, 0.42982, 0.91729, 1.59311, 0.76941</values>
				<sampling_intervals>
					<main_interval>
						<bounds>0.05, 0.95</bounds>
						<lower_bound>
							<values>0.63445, 0.02528, 1.80231, 2.09935, 0.03762, 1.51149, 1.79451, 0.20153, 0.43065, 0.01403, 0.02139, 0.49312, 0.90999, 0.42935, 0.37192, 0.90159, 1.4379, 0.68992</values>
						</lower_bound>
						<upper_bound>
							<values>0.70066, 0.04678, 2.17734, 2.47247, 0.05283, 1.87612, 2.16394, 0.26693, 0.59303, 0.02062, 0.03293, 0.73966, 1.21125, 0.78385, 0.50701, 0.9281, 1.74272, 0.82937</values>
						</upper_bound>
					</main_interval>
					<sample_size>
						<values>1000.0, 1000.0, 1000.0, 1000.0, 1000.0, 1000.0, 1000.0, 1000.0, 1000.0, 1000.0, 1000.0, 1000.0, 1000.0, 1000.0, 1000.0, 1000.0, 1000.0, 1000.0</values>
					</sample_size>
				</sampling_intervals>
			</data>
		</threshold>
		<threshold>
			<threshold_value>GT 1.47222 (Pr=0.375)</threshold_value>
			<data>
				<values>0.65206, 0.0295, 1.97109, 2.28952, 0.04795, 1.67487, 1.97486, 0.24245, 0.5299, 0.01848, 0.02983, 0.61947, 1.06856, 0.66611, 0.43052, 0.91038, 1.58971, 0.7764</values>
				<sampling_intervals>
					<main_interval>
						<bounds>0.05, 0.95</bounds>
						<lower_bound>
							<values>0.61968, 0.02644, 1.82445, 2.13361, 0.04008, 1.51872, 1.8185, 0.21375, 0.44656, 0.01552, 0.0236, 0.51741, 0.9515, 0.38685, 0.36539, 0.89473, 1.41746, 0.70659</values>
						</lower_bound>
						<upper_bound>
							<values>0.68688, 0.04781, 2.17988, 2.49241, 0.05698, 1.87286, 2.17363, 0.2804, 0.63026, 0.02235, 0.03771, 0.76241, 1.25316, 0.74798, 0.49582, 0.92405, 1.72682, 0.84024</values>
						</upper_bound>
					</main_interval>
					<sample_size>
						<values>1000.0, 1000.0, 1000.0, 1000.0, 1000.0, 1000.0, 1000.0, 1000.0, 1000.0, 1000.0, 1000.0, 1000.0, 1000.0, 1000.0, 1000.0, 1000.0, 1000.0, 1000.0</values>
					</sample_size>
				</sampling_intervals>
			</data>
		</threshold>
		<threshold>
			<threshold_value>GT 1.52695 (Pr=0.4)</threshold_value>
			<data>
				<values>0.64436, 0.02862, 2.01046, 2.33748, 0.05049, 1.70107, 2.00621, 0.25495, 0.53061, 0.02029, 0.03167, 0.64155, 1.11485, 0.65447, 0.41551, 0.906, 1.5596, 0.77946</values>
				<sampling_intervals>
					<main_interval>
						<bounds>0.05, 0.95</bounds>
						<lower_bound>
							<values>0.59987, 0.02669, 1.85597, 2.18086, 0.04303, 1.54227, 1.85006, 0.22724, 0.45945, 0.01698, 0.02589, 0.53874, 0.9746, 0.33828, 0.35208, 0.88777, 1.39298, 0.71751</values>
						</lower_bound>
						<upper_bound>
							<values>0.67094, 0.04821, 2.19134, 2.50838, 0.06067, 1.8696, 2.18209, 0.2957, 0.65373, 0.02413, 0.04129, 0.77031, 1.28457, 0.72535, 0.47998, 0.91895, 1.70255, 0.84483</values>
						</upper_bound>
					</main_interval>
					<sample_size>
						<values>1000.0, 1000.0, 1000.0, 1000.0, 1000.0, 1000.0, 1000.0, 1000.0, 1000.0, 1000.0, 1000.0, 1000.0, 1000.0, 1000.0, 1000.0, 1000.0, 1000.0, 1000.0</values>
					</sample_size>
				</sampling_intervals>
			</data>
		</threshold>
		<threshold>
			<threshold_value>GT 1.57915 (Pr=0.425)</threshold_value>
			<data>
				<values>0.61777, 0.02814, 2.03796, 2.39205, 0.05508, 1.72125, 2.0484, 0.27977, 0.55365, 0.02232, 0.03484, 0.67042, 1.12167, 0.61914, 0.39021, 0.89772, 1.51545, 0.78786</values>
				<sampling_intervals>
					<main_interval>
						<bounds>0.05, 0.95</bounds>
						<lower_bound>
							<values>0.57688, 0.02578, 1.89332, 2.23638, 0.04703, 1.57277, 1.89164, 0.24385, 0.47787, 0.01824, 0.0288, 0.5692, 0.99323, 0.29879, 0.32821, 0.88032, 1.35587, 0.72343</values>
						</lower_bound>
						<upper_bound>
							<values>0.65429, 0.0492, 2.21272, 2.56373, 0.0644, 1.88064, 2.21234, 0.3099, 0.67313, 0.02568, 0.04419, 0.7867, 1.29997, 0.70114, 0.45533, 0.91212, 1.66918, 0.84491</values>
						</upper_bound>
					</main_interval>
					<sample_size>
						<values>1000.0, 1000.0, 1000.0, 1000.0, 1000.0, 1000.0, 1000.0, 1000.0, 1000.0, 1000.0, 1000.0, 1000.0, 1000.0, 1000.0, 1000.0, 1000.0, 1000.0, 1000.0</values>
					</sample_size>
				</sampling_intervals>
			</data>
		</threshold>
		<threshold>
			<threshold_value>GT 1.63559 (Pr=0.45)</threshold_value>
			<data>
				<values>0.59172, 0.02731, 2.07328, 2.45425, 0.05934, 1.75038, 2.09933, 0.29687, 0.59204, 0.0238, 0.03853, 0.69492, 1.1462, 0.61806, 0.35886, 0.88968, 1.45707, 0.78734</values>
				<sampling_intervals>
					<main_interval>
						<bounds>0.05, 0.95</bounds>
						<lower_bound>
							<values>0.55889, 0.02681, 1.92676, 2.2936, 0.05056, 1.60165, 1.936, 0.25854, 0.50687, 0.01937, 0.03184, 0.59927, 1.00084, 0.25791, 0.31252, 0.87283, 1.32486, 0.72911</values>
						</lower_bound>
						<upper_bound>
							<values>0.63445, 0.04916, 2.24627, 2.62255, 0.06852, 1.90847, 2.25934, 0.32735, 0.66327, 0.02737, 0.04641, 0.8084, 1.30468, 0.67504, 0.42874, 0.90588, 1.60942, 0.84416</values>
						</upper_bound>
					</main_interval>
					<sample_size>
						<values>1000.0, 1000.0, 1000.0, 1000.0, 1000.0, 1000.0, 1000.0, 1000.0, 1000.0, 1000.0, 1000.0, 1000.0, 1000.0, 1000.0, 1000.0, 1000.0, 1000.0, 1000.0</values>
					</sample_size>
				</sampling_intervals>
			</data>
		</threshold>
		<threshold>
			<threshold_value>GT 1.69335 (Pr=0.475)</threshold_value>
			<data>
				<values>0.57954, 0.02519, 2.10699, 2.50226, 0.06202, 1.7764, 2.13484, 0.31197, 0.58998, 0.02515, 0.03991, 0.72625, 1.13483, 0.62899, 0.3419, 0.88444, 1.42403, 0.78478</values>
				<sampling_intervals>
					<main_interval>
						<bounds>0.05, 0.95</bounds>
						<lower_bound>
							<values>0.54943, 0.02686, 1.95992, 2.34166, 0.05299, 1.62413, 1.97617, 0.2703, 0.51561, 0.02098, 0.03309, 0.62755, 0.9951, 0.23993, 0.30083, 0.87013, 1.31068, 0.73128</values>
						</lower_bound>
						<upper_bound>
							<values>0.6189, 0.04802, 2.28443, 2.66794, 0.07022, 1.93558, 2.29322, 0.34597, 0.6575, 0.02899, 0.04652, 0.83729, 1.2966, 0.65034, 0.40867, 0.90037, 1.56853, 0.8407</values>
						</upper_bound>
					</main_interval>
					<sample_size>
						<values>1000.0, 1000.0, 1000.0, 1000.0, 1000.0, 1000.0, 1000.0, 1000.0, 1000.0, 1000.0, 1000.0, 1000.0, 1000.0, 1000.0, 1000.0, 1000.0, 1000.0, 1000.0</values>
					</sample_size>
				</sampling_intervals>
			</data>
		</threshold>
		<threshold>
			<threshold_value>GT 1.74767 (Pr=0.5)</threshold_value>
			<data>
				<values>0.58569, 0.02707, 2.15178, 2.53902, 0.06103, 1.81278, 2.16607, 0.31626, 0.5587, 0.02565, 0.03768, 0.76095, 1.12043, 0.57166, 0.34299, 0.88601, 1.41944, 0.78441</values>
				<sampling_intervals>
					<main_interval>
						<bounds>0.05, 0.95</bounds>
						<lower_bound>
							<values>0.54693, 0.02727, 1.99958, 2.3823, 0.05367, 1.65257, 2.005, 0.27218, 0.50989, 0.02156, 0.03317, 0.65504, 0.9683, 0.18131, 0.29534, 0.86747, 1.29347, 0.73399</values>
						</lower_bound>
						<upper_bound>
							<values>0.6186, 0.04845, 2.32457, 2.70829, 0.0715, 1.96127, 2.32554, 0.35855, 0.64307, 0.02974, 0.0466, 0.86408, 1.29402, 0.63113, 0.40011, 0.89926, 1.54045, 0.83399</values>
						</upper_bound>
					</main_interval>
					<sample_size>
						<values>1000.0, 1000.0, 1000.0, 1000.0, 1000.0, 1000.0, 1000.0, 1000.0, 1000.0, 1000.0, 1000.0, 1000.0, 1000.0, 1000.0, 1000.0, 1000.0, 1000.0, 1000.0</values>
					</sample_size>
				</sampling_intervals>
			</data>
		</threshold>
		<threshold>
			<threshold_value>GT 1.81041 (Pr=0.525)</threshold_value>
			<data>
				<values>0.57844, 0.02856, 2.19323, 2.58624, 0.06328, 1.84086, 2.19914, 0.30453, 0.58816, 0.025, 0.04119, 0.78159, 1.11257, 0.55765, 0.32859, 0.88207, 1.39048, 0.78293</values>
				<sampling_intervals>
					<main_interval>
						<bounds>0.05, 0.95</bounds>
						<lower_bound>
							<values>0.54567, 0.02738, 2.03763, 2.42274, 0.05428, 1.67799, 2.03293, 0.28054, 0.50529, 0.02204, 0.03302, 0.67831, 0.95623, 0.15815, 0.28893, 0.86642, 1.2851, 0.73753</values>
						</lower_bound>
						<upper_bound>
							<values>0.61494, 0.04928, 2.35727, 2.74002, 0.07244, 1.98751, 2.3484, 0.35905, 0.63162, 0.03084, 0.0457, 0.89177, 1.27159, 0.63083, 0.38857, 0.89808, 1.51453, 0.82938</values>
						</upper_bound>
					</main_interval>
					<sample_size>
						<values>1000.0, 1000.0, 1000.0, 1000.0, 1000.0, 1000.0, 1000.0, 1000.0, 1000.0, 1000.0, 1000.0, 1000.0, 1000.0, 1000.0, 1000.0, 1000.0, 1000.0, 1000.0</values>
					</sample_size>
				</sampling_intervals>
			</data>
		</threshold>
		<threshold>
			<threshold_value>GT 1.87826 (Pr=0.55)</threshold_value>
			<data>
				<values>0.57872, 0.02364, 2.20753, 2.60517, 0.06458, 1.84965, 2.20635, 0.34081, 0.53288, 0.0289, 0.03593, 0.78887, 1.0941, 0.6241, 0.32341, 0.88006, 1.38221, 0.78217</values>
				<sampling_intervals>
					<main_interval>
						<bounds>0.05, 0.95</bounds>
						<lower_bound>
							<values>0.53736, 0.02591, 2.05689, 2.45501, 0.05655, 1.69344, 2.05587, 0.29519, 0.50024, 0.02359, 0.03284, 0.68933, 0.94111, 0.18693, 0.28062, 0.8604, 1.27485, 0.73783</values>
						</lower_bound>
						<upper_bound>
							<values>0.60704, 0.04893, 2.36275, 2.75515, 0.07566, 1.98788, 2.35514, 0.37296, 0.62493, 0.03251, 0.04605, 0.89898, 1.22719, 0.63095, 0.37485, 0.89433, 1.48713, 0.83178</values>
						</upper_bound>
					</main_interval>
					<sample_size>
						<values>1000.0, 1000.0, 1000.0, 1000.0, 1000.0, 1000.0, 1000.0, 1000.0, 1000.0, 1000.0, 1000.0, 1000.0, 1000.0, 1000.0, 1000.0, 1000.0, 1000.0, 1000.0</values>
					</sample_size>
				</sampling_intervals>
			</data>
		</threshold>
		<threshold>
			<threshold_value>GT 1.93763 (Pr=0.575)</threshold_value>
			<data>
				<values>0.55742, 0.02219, 2.19024, 2.61063, 0.06895, 1.83107, 2.2047, 0.36005, 0.55083, 0.03014, 0.03834, 0.79003, 1.03629, 0.64929, 0.30846, 0.8722, 1.35733, 0.78197</values>
				<sampling_intervals>
					<main_interval>
						<bounds>0.05, 0.95</bounds>
						<lower_bound>
							<values>0.52312, 0.0269, 2.06217, 2.47439, 0.05999, 1.69655, 2.06644, 0.31688, 0.50196, 0.02542, 0.03313, 0.70116, 0.89703, 0.18547, 0.27556, 0.85522, 1.25537, 0.73324</values>
						</lower_bound>
						<upper_bound>
							<values>0.58914, 0.05103, 2.36081, 2.76213, 0.0789, 1.97998, 2.355, 0.39203, 0.62278, 0.03386, 0.04676, 0.90048, 1.17023, 0.61193, 0.35911, 0.88727, 1.45941, 0.83074</values>
						</upper_bound>
					</main_interval>
					<sample_size>
						<values>1000.0, 1000.0, 1000.0, 1000.0, 1000.0, 1000.0, 1000.0, 1000.0, 1000.0, 1000.0, 1000.0, 1000.0, 1000.0, 1000.0, 1000.0, 1000.0, 1000.0, 1000.0</values>
					</sample_size>
				</sampling_intervals>
			</data>
		</threshold>
		<threshold>
			<threshold_value>GT 1.99893 (Pr=0.6)</threshold_value>
			<data>
				<values>0.54558, 0.02557, 2.19002, 2.61887, 0.07213, 1.82177, 2.20406, 0.38067, 0.54603, 0.03158, 0.03857, 0.7923, 0.98419, 0.5969, 0.3018, 0.86611, 1.32918, 0.77253</values>
				<sampling_intervals>
					<main_interval>
						<bounds>0.05, 0.95</bounds>
						<lower_bound>
							<values>0.51136, 0.02825, 2.06167, 2.48266, 0.06351, 1.68556, 2.06645, 0.33672, 0.50094, 0.02646, 0.03433, 0.70617, 0.84161, 0.1821, 0.26525, 0.84858, 1.22857, 0.72374</values>
						</lower_bound>
						<upper_bound>
							<values>0.57563, 0.05058, 2.35333, 2.76792, 0.08222, 1.96393, 2.35101, 0.41118, 0.61595, 0.03537, 0.04742, 0.89847, 1.11852, 0.59965, 0.34861, 0.88101, 1.42706, 0.82238</values>
						</upper_bound>
					</main_interval>
					<sample_size>
						<values>1000.0, 1000.0, 1000.0, 1000.0, 1000.0, 1000.0, 1000.0, 1000.0, 1000.0, 1000.0, 1000.0, 1000.0, 1000.0, 1000.0, 1000.0, 1000.0, 1000.0, 1000.0</values>
					</sample_size>
				</sampling_intervals>
			</data>
		</threshold>
		<threshold>
			<threshold_value>GT 2.07422 (Pr=0.625)</threshold_value>
			<data>
				<values>0.53244, 0.0255, 2.21611, 2.65817, 0.07617, 1.8345, 2.2259, 0.39651, 0.55012, 0.03251, 0.0401, 0.80119, 0.93088, 0.62214, 0.28421, 0.8583, 1.27462, 0.75406</values>
				<sampling_intervals>
					<main_interval>
						<bounds>0.05, 0.95</bounds>
						<lower_bound>
							<values>0.49969, 0.02692, 2.06449, 2.4973, 0.06719, 1.68653, 2.07337, 0.35694, 0.50271, 0.02798, 0.03448, 0.70267, 0.79541, 0.25338, 0.25469, 0.84058, 1.18722, 0.70682</values>
						</lower_bound>
						<upper_bound>
							<values>0.56253, 0.04698, 2.3601, 2.79201, 0.08591, 1.96082, 2.35176, 0.43973, 0.60421, 0.0373, 0.04575, 0.89385, 1.06897, 0.62848, 0.33644, 0.8739, 1.39155, 0.80663</values>
						</upper_bound>
					</main_interval>
					<sample_size>
						<values>1000.0, 1000.0, 1000.0, 1000.0, 1000.0, 1000.0, 1000.0, 1000.0, 1000.0, 1000.0, 1000.0, 1000.0, 1000.0, 1000.0, 1000.0, 1000.0, 1000.0, 1000.0</values>
					</sample_size>
				</sampling_intervals>
			</data>
		</threshold>
		<threshold>
			<threshold_value>GT 2.1483 (Pr=0.65)</threshold_value>
			<data>
				<values>0.51549, 0.02048, 2.19068, 2.65471, 0.08042, 1.81105, 2.21514, 0.43339, 0.54167, 0.03524, 0.03799, 0.78357, 0.87618, 0.70549, 0.27052, 0.84985, 1.23838, 0.73941</values>
				<sampling_intervals>
					<main_interval>
						<bounds>0.05, 0.95</bounds>
						<lower_bound>
							<values>0.48899, 0.02664, 2.05422, 2.49651, 0.07067, 1.66721, 2.06673, 0.375, 0.49624, 0.02967, 0.03382, 0.69369, 0.74256, 0.28254, 0.24777, 0.83312, 1.15688, 0.68679</values>
						</lower_bound>
						<upper_bound>
							<values>0.55444, 0.04671, 2.35896, 2.79264, 0.08956, 1.94789, 2.34372, 0.46563, 0.59648, 0.0387, 0.0446, 0.87994, 1.00052, 0.64715, 0.32895, 0.86766, 1.34734, 0.78878</values>
						</upper_bound>
					</main_interval>
					<sample_size>
						<values>1000.0, 1000.0, 1000.0, 1000.0, 1000.0, 1000.0, 1000.0, 1000.0, 1000.0, 1000.0, 1000.0, 1000.0, 1000.0, 1000.0, 1000.0, 1000.0, 1000.0, 1000.0</values>
					</sample_size>
				</sampling_intervals>
			</data>
		</threshold>
		<threshold>
			<threshold_value>GT 2.22776 (Pr=0.675)</threshold_value>
			<data>
				<values>0.52235, 0.01736, 2.14857, 2.60886, 0.08341, 1.7593, 2.15353, 0.43268, 0.52504, 0.03608, 0.03713, 0.75508, 0.79583, 0.74068, 0.28211, 0.84279, 1.21722, 0.70523</values>
				<sampling_intervals>
					<main_interval>
						<bounds>0.05, 0.95</bounds>
						<lower_bound>
							<values>0.48525, 0.02783, 2.0216, 2.46662, 0.07422, 1.62072, 2.02094, 0.38281, 0.49065, 0.03111, 0.03305, 0.66803, 0.67492, 0.24648, 0.24679, 0.8175, 1.11477, 0.65043</values>
						</lower_bound>
						<upper_bound>
							<values>0.5474, 0.04835, 2.32812, 2.76598, 0.09637, 1.90123, 2.30135, 0.48062, 0.59574, 0.04135, 0.04467, 0.84848, 0.92882, 0.6297, 0.33361, 0.85957, 1.31306, 0.76415</values>
						</upper_bound>
					</main_interval>
					<sample_size>
						<values>1000.0, 1000.0, 1000.0, 1000.0, 1000.0, 1000.0, 1000.0, 1000.0, 1000.0, 1000.0, 1000.0, 1000.0, 1000.0, 1000.0, 1000.0, 1000.0, 1000.0, 1000.0</values>
					</sample_size>
				</sampling_intervals>
			</data>
		</threshold>
		<threshold>
			<threshold_value>GT 2.31541 (Pr=0.7)</threshold_value>
			<data>
				<values>0.5081, 0.01829, 2.10281, 2.57643, 0.09272, 1.69163, 2.09081, 0.43893, 0.54591, 0.0387, 0.03935, 0.70541, 0.71924, 0.72906, 0.27914, 0.82262, 1.1477, 0.6529</values>
				<sampling_intervals>
					<main_interval>
						<bounds>0.05, 0.95</bounds>
						<lower_bound>
							<values>0.47708, 0.02727, 1.98705, 2.43633, 0.08031, 1.56355, 1.95707, 0.40091, 0.49182, 0.03302, 0.03337, 0.61973, 0.6133, 0.25727, 0.24479, 0.78677, 1.03321, 0.58499</values>
						</lower_bound>
						<upper_bound>
							<values>0.54126, 0.04864, 2.29153, 2.74832, 0.1114, 1.84037, 2.24099, 0.4968, 0.58898, 0.04758, 0.04454, 0.80385, 0.84941, 0.63001, 0.33247, 0.84642, 1.26134, 0.7166</values>
						</upper_bound>
					</main_interval>
					<sample_size>
						<values>1000.0, 1000.0, 1000.0, 1000.0, 1000.0, 1000.0, 1000.0, 1000.0, 1000.0, 1000.0, 1000.0, 1000.0, 1000.0, 1000.0, 1000.0, 1000.0, 1000.0, 1000.0</values>
					</sample_size>
				</sampling_intervals>
			</data>
		</threshold>
		<threshold>
			<threshold_value>GT 2.41789 (Pr=0.725)</threshold_value>
			<data>
				<values>0.49667, 0.02523, 2.09676, 2.57486, 0.1084, 1.62734, 2.02228, 0.49325, 0.51336, 0.04565, 0.03776, 0.65324, 0.65035, 0.65365, 0.27254, 0.78917, 1.0315, 0.57142</values>
				<sampling_intervals>
					<main_interval>
						<bounds>0.05, 0.95</bounds>
						<lower_bound>
							<values>0.46045, 0.02883, 1.94464, 2.40188, 0.09194, 1.48758, 1.87865, 0.44107, 0.47967, 0.03722, 0.03321, 0.56647, 0.54526, 0.20593, 0.23514, 0.75162, 0.92377, 0.51059</values>
						</lower_bound>
						<upper_bound>
							<values>0.5243, 0.04992, 2.25791, 2.72642, 0.12786, 1.76449, 2.17149, 0.54779, 0.56933, 0.05356, 0.04325, 0.73959, 0.76306, 0.64883, 0.32777, 0.82226, 1.16787, 0.65124</values>
						</upper_bound>
					</main_interval>
					<sample_size>
						<values>1000.0, 1000.0, 1000.0, 1000.0, 1000.0, 1000.0, 1000.0, 1000.0, 1000.0, 1000.0, 1000.0, 1000.0, 1000.0, 1000.0, 1000.0, 1000.0, 1000.0, 1000.0</values>
					</sample_size>
				</sampling_intervals>
			</data>
		</threshold>
		<threshold>
			<threshold_value>GT 2.5275 (Pr=0.75)</threshold_value>
			<data>
				<values>0.477, 0.02738, 2.06255, 2.55817, 0.12359, 1.55873, 1.95814, 0.54482, 0.50157, 0.05011, 0.03708, 0.59279, 0.5822, 0.63909, 0.26224, 0.75278, 0.92214, 0.4936</values>
				<sampling_intervals>
					<main_interval>
						<bounds>0.05, 0.95</bounds>
						<lower_bound>
							<values>0.43745, 0.03217, 1.89222, 2.37049, 0.10677, 1.41747, 1.81396, 0.49606, 0.46374, 0.04306, 0.03274, 0.51838, 0.47959, 0.17328, 0.22514, 0.71008, 0.8237, 0.44111</values>
						</lower_bound>
						<upper_bound>
							<values>0.50793, 0.05509, 2.22347, 2.71325, 0.14535, 1.68596, 2.09586, 0.60806, 0.5575, 0.05837, 0.04216, 0.66787, 0.68439, 0.63242, 0.32281, 0.78627, 1.05404, 0.56042</values>
						</upper_bound>
					</main_interval>
					<sample_size>
						<values>1000.0, 1000.0, 1000.0, 1000.0, 1000.0, 1000.0, 1000.0, 1000.0, 1000.0, 1000.0, 1000.0, 1000.0, 1000.0, 1000.0, 1000.0, 1000.0, 1000.0, 1000.0</values>
					</sample_size>
				</sampling_intervals>
			</data>
		</threshold>
		<threshold>
			<threshold_value>GT 2.57441 (Pr=0.76)</threshold_value>
			<data>
				<values>0.45957, 0.02656, 2.02812, 2.542, 0.13042, 1.52239, 1.93241, 0.56601, 0.51565, 0.05157, 0.03756, 0.56597, 0.54823, 0.65543, 0.25265, 0.73645, 0.88012, 0.46964</values>
				<sampling_intervals>
					<main_interval>
						<bounds>0.05, 0.95</bounds>
						<lower_bound>
							<values>0.42938, 0.03477, 1.88701, 2.36874, 0.11319, 1.39201, 1.78891, 0.51792, 0.46228, 0.04487, 0.03272, 0.49777, 0.45905, 0.09988, 0.2205, 0.69444, 0.78351, 0.41163</values>
						</lower_bound>
						<upper_bound>
							<values>0.49813, 0.05946, 2.22058, 2.71924, 0.152, 1.66478, 2.08107, 0.63479, 0.54699, 0.06061, 0.04151, 0.64607, 0.65423, 0.61593, 0.31808, 0.77236, 1.00212, 0.5275</values>
						</upper_bound>
					</main_interval>
					<sample_size>
						<values>1000.0, 1000.0, 1000.0, 1000.0, 1000.0, 1000.0, 1000.0, 1000.0, 1000.0, 1000.0, 1000.0, 1000.0, 1000.0, 1000.0, 1000.0, 1000.0, 1000.0, 1000.0</values>
					</sample_size>
				</sampling_intervals>
			</data>
		</threshold>
		<threshold>
			<threshold_value>GT 2.62475 (Pr=0.77)</threshold_value>
			<data>
				<values>0.45379, 0.03659, 2.0244, 2.53402, 0.13908, 1.48814, 1.89527, 0.60558, 0.48918, 0.05423, 0.03636, 0.53976, 0.51847, 0.53602, 0.25515, 0.71552, 0.828, 0.43018</values>
				<sampling_intervals>
					<main_interval>
						<bounds>0.05, 0.95</bounds>
						<lower_bound>
							<values>0.4249, 0.03653, 1.87107, 2.3649, 0.11915, 1.36431, 1.7653, 0.54319, 0.45187, 0.04636, 0.03211, 0.47325, 0.4327, 0.01374, 0.22102, 0.67779, 0.75235, 0.38436</values>
						</lower_bound>
						<upper_bound>
							<values>0.48709, 0.06527, 2.20224, 2.69969, 0.15887, 1.63031, 2.04772, 0.65877, 0.53439, 0.06192, 0.04029, 0.61636, 0.62105, 0.61283, 0.30989, 0.75613, 0.95185, 0.4942</values>
						</upper_bound>
					</main_interval>
					<sample_size>
						<values>1000.0, 1000.0, 1000.0, 1000.0, 1000.0, 1000.0, 1000.0, 1000.0, 1000.0, 1000.0, 1000.0, 1000.0, 1000.0, 1000.0, 1000.0, 1000.0, 1000.0, 1000.0</values>
					</sample_size>
				</sampling_intervals>
			</data>
		</threshold>
		<threshold>
			<threshold_value>GT 2.67249 (Pr=0.78)</threshold_value>
			<data>
				<values>0.44621, 0.03506, 1.99953, 2.51826, 0.14281, 1.4638, 1.87478, 0.62511, 0.48668, 0.05409, 0.03604, 0.51878, 0.4882, 0.56458, 0.25066, 0.70423, 0.79921, 0.40883</values>
				<sampling_intervals>
					<main_interval>
						<bounds>0.05, 0.95</bounds>
						<lower_bound>
							<values>0.4185, 0.03983, 1.8631, 2.35171, 0.12619, 1.34101, 1.73781, 0.57057, 0.43962, 0.04785, 0.03093, 0.45196, 0.41236, -0.04549, 0.22063, 0.66168, 0.71677, 0.35897</values>
						</lower_bound>
						<upper_bound>
							<values>0.47871, 0.07105, 2.1863, 2.68557, 0.16549, 1.59964, 2.01477, 0.68791, 0.51947, 0.06313, 0.03884, 0.59144, 0.58623, 0.58728, 0.30914, 0.73906, 0.89459, 0.46031</values>
						</upper_bound>
					</main_interval>
					<sample_size>
						<values>1000.0, 1000.0, 1000.0, 1000.0, 1000.0, 1000.0, 1000.0, 1000.0, 1000.0, 1000.0, 1000.0, 1000.0, 1000.0, 1000.0, 1000.0, 1000.0, 1000.0, 1000.0</values>
					</sample_size>
				</sampling_intervals>
			</data>
		</threshold>
		<threshold>
			<threshold_value>GT 2.73097 (Pr=0.79)</threshold_value>
			<data>
				<values>0.44455, 0.04932, 2.00754, 2.51367, 0.14974, 1.43959, 1.8453, 0.65, 0.46569, 0.05515, 0.03385, 0.49078, 0.46587, 0.37331, 0.26072, 0.68645, 0.76295, 0.3781</values>
				<sampling_intervals>
					<main_interval>
						<bounds>0.05, 0.95</bounds>
						<lower_bound>
							<values>0.41059, 0.0422, 1.84942, 2.3399, 0.1317, 1.31316, 1.70793, 0.59815, 0.42532, 0.04885, 0.02971, 0.42908, 0.38903, -0.03418, 0.22197, 0.64459, 0.68369, 0.33503</values>
						</lower_bound>
						<upper_bound>
							<values>0.47497, 0.07052, 2.17971, 2.68506, 0.17239, 1.57778, 1.98801, 0.71466, 0.50279, 0.0644, 0.03716, 0.56721, 0.5544, 0.55917, 0.31102, 0.72334, 0.85129, 0.42825</values>
						</upper_bound>
					</main_interval>
					<sample_size>
						<values>1000.0, 1000.0, 1000.0, 1000.0, 1000.0, 1000.0, 1000.0, 1000.0, 1000.0, 1000.0, 1000.0, 1000.0, 1000.0, 1000.0, 1000.0, 1000.0, 1000.0, 1000.0</values>
					</sample_size>
				</sampling_intervals>
			</data>
		</threshold>
		<threshold>
			<threshold_value>GT 2.786 (Pr=0.8)</threshold_value>
			<data>
				<values>0.44053, 0.04356, 1.9884, 2.50431, 0.15643, 1.41297, 1.81601, 0.68518, 0.44392, 0.05696, 0.03176, 0.47381, 0.4355, 0.44584, 0.25617, 0.66809, 0.72021, 0.34509</values>
				<sampling_intervals>
					<main_interval>
						<bounds>0.05, 0.95</bounds>
						<lower_bound>
							<values>0.40334, 0.04325, 1.82941, 2.32658, 0.13714, 1.27928, 1.6741, 0.62121, 0.41689, 0.04935, 0.02849, 0.4057, 0.36471, -0.02984, 0.21719, 0.62887, 0.65778, 0.31119</values>
						</lower_bound>
						<upper_bound>
							<values>0.47324, 0.06962, 2.15877, 2.67203, 0.17873, 1.5462, 1.96108, 0.74397, 0.48914, 0.06467, 0.03547, 0.54031, 0.51928, 0.53682, 0.30878, 0.70828, 0.81073, 0.3954</values>
						</upper_bound>
					</main_interval>
					<sample_size>
						<values>1000.0, 1000.0, 1000.0, 1000.0, 1000.0, 1000.0, 1000.0, 1000.0, 1000.0, 1000.0, 1000.0, 1000.0, 1000.0, 1000.0, 1000.0, 1000.0, 1000.0, 1000.0</values>
					</sample_size>
				</sampling_intervals>
			</data>
		</threshold>
		<threshold>
			<threshold_value>GT 2.8451 (Pr=0.81)</threshold_value>
			<data>
				<values>0.42501, 0.03265, 1.95557, 2.49791, 0.16352, 1.38746, 1.79893, 0.72072, 0.44342, 0.0577, 0.03081, 0.45139, 0.40751, 0.59789, 0.23841, 0.65086, 0.6853, 0.32771</values>
				<sampling_intervals>
					<main_interval>
						<bounds>0.05, 0.95</bounds>
						<lower_bound>
							<values>0.40116, 0.04201, 1.80323, 2.30169, 0.14271, 1.24728, 1.64153, 0.65033, 0.398, 0.04993, 0.02682, 0.38108, 0.33977, -0.07145, 0.21772, 0.61392, 0.6349, 0.28752</values>
						</lower_bound>
						<upper_bound>
							<values>0.4653, 0.0727, 2.12645, 2.64637, 0.18459, 1.51015, 1.92748, 0.76985, 0.47129, 0.06464, 0.03389, 0.51251, 0.48244, 0.55838, 0.31036, 0.69196, 0.77418, 0.36973</values>
						</upper_bound>
					</main_interval>
					<sample_size>
						<values>1000.0, 1000.0, 1000.0, 1000.0, 1000.0, 1000.0, 1000.0, 1000.0, 1000.0, 1000.0, 1000.0, 1000.0, 1000.0, 1000.0, 1000.0, 1000.0, 1000.0, 1000.0</values>
					</sample_size>
				</sampling_intervals>
			</data>
		</threshold>
		<threshold>
			<threshold_value>GT 2.91118 (Pr=0.82)</threshold_value>
			<data>
				<values>0.43124, 0.04369, 1.9151, 2.44017, 0.16754, 1.33367, 1.73489, 0.73758, 0.41614, 0.0566, 0.02878, 0.41504, 0.3752, 0.43641, 0.26186, 0.63857, 0.67361, 0.30117</values>
				<sampling_intervals>
					<main_interval>
						<bounds>0.05, 0.95</bounds>
						<lower_bound>
							<values>0.39958, 0.04229, 1.76983, 2.28054, 0.14797, 1.21446, 1.60807, 0.68409, 0.38597, 0.05019, 0.02533, 0.35635, 0.31441, -0.04908, 0.2245, 0.60153, 0.61051, 0.26335</values>
						</lower_bound>
						<upper_bound>
							<values>0.45841, 0.07057, 2.08238, 2.60492, 0.18863, 1.46456, 1.87948, 0.79533, 0.4567, 0.06386, 0.03224, 0.48352, 0.44639, 0.54957, 0.30917, 0.67666, 0.74091, 0.34503</values>
						</upper_bound>
					</main_interval>
					<sample_size>
						<values>1000.0, 1000.0, 1000.0, 1000.0, 1000.0, 1000.0, 1000.0, 1000.0, 1000.0, 1000.0, 1000.0, 1000.0, 1000.0, 1000.0, 1000.0, 1000.0, 1000.0, 1000.0</values>
					</sample_size>
				</sampling_intervals>
			</data>
		</threshold>
		<threshold>
			<threshold_value>GT 2.96863 (Pr=0.83)</threshold_value>
			<data>
				<values>0.43391, 0.03462, 1.86224, 2.39371, 0.16771, 1.29893, 1.69731, 0.75812, 0.39759, 0.05511, 0.02674, 0.39419, 0.3459, 0.57294, 0.26272, 0.63315, 0.66257, 0.28185</values>
				<sampling_intervals>
					<main_interval>
						<bounds>0.05, 0.95</bounds>
						<lower_bound>
							<values>0.39376, 0.04128, 1.73166, 2.24489, 0.15164, 1.18353, 1.57594, 0.71077, 0.37432, 0.04979, 0.02337, 0.33601, 0.2892, 0.0358, 0.2242, 0.58731, 0.58815, 0.24141</values>
						</lower_bound>
						<upper_bound>
							<values>0.45572, 0.06805, 2.05959, 2.58174, 0.19235, 1.42891, 1.84129, 0.81873, 0.43462, 0.06283, 0.03023, 0.45484, 0.41799, 0.56088, 0.31189, 0.66187, 0.71742, 0.32025</values>
						</upper_bound>
					</main_interval>
					<sample_size>
						<values>1000.0, 1000.0, 1000.0, 1000.0, 1000.0, 1000.0, 1000.0, 1000.0, 1000.0, 1000.0, 1000.0, 1000.0, 1000.0, 1000.0, 1000.0, 1000.0, 1000.0, 1000.0</values>
					</sample_size>
				</sampling_intervals>
			</data>
		</threshold>
		<threshold>
			<threshold_value>GT 3.04529 (Pr=0.84)</threshold_value>
			<data>
				<values>0.41643, 0.03432, 1.84543, 2.39468, 0.17637, 1.27685, 1.68405, 0.79688, 0.39593, 0.0552, 0.02498, 0.36841, 0.32407, 0.59509, 0.24738, 0.60878, 0.61662, 0.25768</values>
				<sampling_intervals>
					<main_interval>
						<bounds>0.05, 0.95</bounds>
						<lower_bound>
							<values>0.38802, 0.04092, 1.70471, 2.22251, 0.15455, 1.15938, 1.54907, 0.73542, 0.36435, 0.0485, 0.02189, 0.31616, 0.26995, 0.042, 0.22207, 0.57432, 0.56134, 0.22124</values>
						</lower_bound>
						<upper_bound>
							<values>0.4552, 0.07096, 2.03928, 2.56664, 0.19608, 1.41073, 1.81907, 0.84263, 0.42113, 0.06126, 0.02823, 0.42844, 0.39091, 0.58711, 0.31174, 0.65121, 0.69328, 0.29715</values>
						</upper_bound>
					</main_interval>
					<sample_size>
						<values>1000.0, 1000.0, 1000.0, 1000.0, 1000.0, 1000.0, 1000.0, 1000.0, 1000.0, 1000.0, 1000.0, 1000.0, 1000.0, 1000.0, 1000.0, 1000.0, 1000.0, 1000.0</values>
					</sample_size>
				</sampling_intervals>
			</data>
		</threshold>
		<threshold>
			<threshold_value>GT 3.12383 (Pr=0.85)</threshold_value>
			<data>
				<values>0.41794, 0.04195, 1.83922, 2.37933, 0.17761, 1.26208, 1.66654, 0.8123, 0.38266, 0.05283, 0.02343, 0.34782, 0.30124, 0.49812, 0.25723, 0.59906, 0.59584, 0.23643</values>
				<sampling_intervals>
					<main_interval>
						<bounds>0.05, 0.95</bounds>
						<lower_bound>
							<values>0.385, 0.04095, 1.68468, 2.20282, 0.15746, 1.13905, 1.53559, 0.7553, 0.35899, 0.04676, 0.02051, 0.29624, 0.2503, 0.09516, 0.22077, 0.56409, 0.54116, 0.20132</values>
						</lower_bound>
						<upper_bound>
							<values>0.4514, 0.06955, 2.02267, 2.55913, 0.19784, 1.39889, 1.81025, 0.85919, 0.41539, 0.05865, 0.02628, 0.40386, 0.36217, 0.5819, 0.30809, 0.63887, 0.66546, 0.27759</values>
						</upper_bound>
					</main_interval>
					<sample_size>
						<values>1000.0, 1000.0, 1000.0, 1000.0, 1000.0, 1000.0, 1000.0, 1000.0, 1000.0, 1000.0, 1000.0, 1000.0, 1000.0, 1000.0, 1000.0, 1000.0, 1000.0, 1000.0</values>
					</sample_size>
				</sampling_intervals>
			</data>
		</threshold>
		<threshold>
			<threshold_value>GT 3.21153 (Pr=0.86)</threshold_value>
			<data>
				<values>0.41041, 0.03324, 1.81433, 2.37068, 0.17654, 1.25785, 1.67089, 0.82116, 0.39157, 0.04941, 0.0224, 0.32887, 0.28122, 0.63007, 0.24224, 0.59488, 0.57968, 0.22816</values>
				<sampling_intervals>
					<main_interval>
						<bounds>0.05, 0.95</bounds>
						<lower_bound>
							<values>0.38694, 0.0419, 1.66063, 2.1839, 0.15659, 1.12644, 1.52055, 0.75357, 0.35553, 0.04346, 0.01941, 0.27792, 0.2306, 0.14, 0.22148, 0.56165, 0.52738, 0.18347</values>
						</lower_bound>
						<upper_bound>
							<values>0.44849, 0.06955, 2.00601, 2.5418, 0.1962, 1.3854, 1.80027, 0.86863, 0.41586, 0.05481, 0.02515, 0.37872, 0.33965, 0.58444, 0.31166, 0.63034, 0.64884, 0.26263</values>
						</upper_bound>
					</main_interval>
					<sample_size>
						<values>1000.0, 1000.0, 1000.0, 1000.0, 1000.0, 1000.0, 1000.0, 1000.0, 1000.0, 1000.0, 1000.0, 1000.0, 1000.0, 1000.0, 1000.0, 1000.0, 1000.0, 1000.0</values>
					</sample_size>
				</sampling_intervals>
			</data>
		</threshold>
		<threshold>
			<threshold_value>GT 3.30239 (Pr=0.87)</threshold_value>
			<data>
				<values>0.42889, 0.04057, 1.778, 2.30853, 0.16853, 1.23242, 1.63501, 0.78996, 0.3877, 0.04418, 0.02206, 0.30611, 0.25653, 0.55232, 0.27076, 0.60408, 0.58982, 0.21153</values>
				<sampling_intervals>
					<main_interval>
						<bounds>0.05, 0.95</bounds>
						<lower_bound>
							<values>0.39338, 0.04312, 1.63569, 2.15623, 0.15282, 1.10409, 1.50299, 0.72976, 0.35717, 0.03925, 0.01889, 0.25393, 0.21245, -0.03092, 0.23399, 0.56071, 0.52356, 0.17055</values>
						</lower_bound>
						<upper_bound>
							<values>0.45355, 0.07426, 1.99363, 2.51082, 0.19525, 1.37322, 1.78491, 0.85876, 0.42436, 0.05046, 0.02451, 0.35307, 0.31979, 0.57338, 0.32457, 0.63262, 0.644, 0.25228</values>
						</upper_bound>
					</main_interval>
					<sample_size>
						<values>1000.0, 1000.0, 1000.0, 1000.0, 1000.0, 1000.0, 1000.0, 1000.0, 1000.0, 1000.0, 1000.0, 1000.0, 1000.0, 1000.0, 1000.0, 1000.0, 1000.0, 1000.0</values>
					</sample_size>
				</sampling_intervals>
			</data>
		</threshold>
		<threshold>
			<threshold_value>GT 3.42208 (Pr=0.88)</threshold_value>
			<data>
				<values>0.43276, 0.04552, 1.77343, 2.29515, 0.16699, 1.22611, 1.62636, 0.75467, 0.40084, 0.03932, 0.02193, 0.27579, 0.24484, 0.41451, 0.29174, 0.60272, 0.59549, 0.20637</values>
				<sampling_intervals>
					<main_interval>
						<bounds>0.05, 0.95</bounds>
						<lower_bound>
							<values>0.39521, 0.04754, 1.6248, 2.13314, 0.15041, 1.09518, 1.48795, 0.70257, 0.36443, 0.0353, 0.01877, 0.22552, 0.19679, -0.29372, 0.24954, 0.55644, 0.52223, 0.15843</values>
						</lower_bound>
						<upper_bound>
							<values>0.45747, 0.07804, 1.97753, 2.49852, 0.19409, 1.35966, 1.77277, 0.8316, 0.44775, 0.0454, 0.0246, 0.32104, 0.30891, 0.52805, 0.3419, 0.63092, 0.64763, 0.25176</values>
						</upper_bound>
					</main_interval>
					<sample_size>
						<values>1000.0, 1000.0, 1000.0, 1000.0, 1000.0, 1000.0, 1000.0, 1000.0, 1000.0, 1000.0, 1000.0, 1000.0, 1000.0, 1000.0, 1000.0, 1000.0, 1000.0, 1000.0</values>
					</sample_size>
				</sampling_intervals>
			</data>
		</threshold>
		<threshold>
			<threshold_value>GT 3.58373 (Pr=0.89)</threshold_value>
			<data>
				<values>0.41637, 0.04025, 1.77879, 2.32216, 0.1763, 1.22128, 1.62861, 0.72888, 0.43356, 0.03561, 0.02184, 0.23566, 0.24348, 0.34615, 0.2855, 0.58469, 0.58668, 0.21069</values>
				<sampling_intervals>
					<main_interval>
						<bounds>0.05, 0.95</bounds>
						<lower_bound>
							<values>0.38755, 0.05254, 1.61868, 2.11433, 0.15277, 1.09115, 1.48264, 0.65798, 0.38044, 0.03111, 0.01887, 0.19703, 0.18708, -1.24997, 0.25968, 0.54936, 0.52389, 0.15596</values>
						</lower_bound>
						<upper_bound>
							<values>0.45452, 0.08051, 2.00104, 2.52391, 0.19794, 1.3635, 1.77477, 0.79243, 0.48932, 0.04043, 0.0257, 0.28131, 0.3128, 0.3993, 0.35983, 0.62577, 0.65407, 0.25585</values>
						</upper_bound>
					</main_interval>
					<sample_size>
						<values>1000.0, 1000.0, 1000.0, 1000.0, 1000.0, 1000.0, 1000.0, 1000.0, 1000.0, 1000.0, 1000.0, 1000.0, 1000.0, 1000.0, 1000.0, 1000.0, 1000.0, 1000.0</values>
					</sample_size>
				</sampling_intervals>
			</data>
		</threshold>
		<threshold>
			<threshold_value>GT 3.75508 (Pr=0.9)</threshold_value>
			<data>
				<values>0.41729, 0.04474, 1.81318, 2.35114, 0.18048, 1.23107, 1.63329, 0.67716, 0.46783, 0.03097, 0.02254, 0.20274, 0.24655, -0.30095, 0.30865, 0.5776, 0.58871, 0.212</values>
				<sampling_intervals>
					<main_interval>
						<bounds>0.05, 0.95</bounds>
						<lower_bound>
							<values>0.37492, 0.05321, 1.63631, 2.1384, 0.15603, 1.09577, 1.49228, 0.62277, 0.41164, 0.02657, 0.01952, 0.17055, 0.18336, -6.27645, 0.27334, 0.54261, 0.52535, 0.16162</values>
						</lower_bound>
						<upper_bound>
							<values>0.44825, 0.0818, 1.99587, 2.5297, 0.20111, 1.37398, 1.8036, 0.74672, 0.57988, 0.03528, 0.02863, 0.24117, 0.31281, 0.18415, 0.36882, 0.62253, 0.65946, 0.27339</values>
						</upper_bound>
					</main_interval>
					<sample_size>
						<values>1000.0, 1000.0, 1000.0, 1000.0, 1000.0, 1000.0, 1000.0, 1000.0, 1000.0, 1000.0, 1000.0, 1000.0, 1000.0, 1000.0, 1000.0, 1000.0, 1000.0, 1000.0</values>
					</sample_size>
				</sampling_intervals>
			</data>
		</threshold>
		<threshold>
			<threshold_value>GT 3.91633 (Pr=0.91)</threshold_value>
			<data>
				<values>0.39049, 0.04322, 1.80051, 2.36679, 0.17782, 1.24794, 1.67963, 0.64293, 0.5645, 0.02615, 0.02593, 0.17914, 0.24122, -3.57939, 0.30829, 0.58539, 0.59769, 0.24214</values>
				<sampling_intervals>
					<main_interval>
						<bounds>0.05, 0.95</bounds>
						<lower_bound>
							<values>0.36343, 0.05464, 1.65357, 2.17947, 0.15692, 1.1055, 1.51662, 0.58204, 0.46662, 0.02265, 0.02126, 0.14608, 0.1854, -8.27374, 0.2735, 0.54838, 0.53685, 0.1775</values>
						</lower_bound>
						<upper_bound>
							<values>0.42938, 0.08503, 1.99856, 2.53236, 0.20329, 1.38232, 1.81539, 0.69834, 0.64414, 0.02998, 0.03008, 0.20747, 0.31147, -0.60013, 0.37909, 0.62546, 0.68982, 0.31531</values>
						</upper_bound>
					</main_interval>
					<sample_size>
						<values>1000.0, 1000.0, 1000.0, 1000.0, 1000.0, 1000.0, 1000.0, 1000.0, 1000.0, 1000.0, 1000.0, 1000.0, 1000.0, 1000.0, 1000.0, 1000.0, 1000.0, 1000.0</values>
					</sample_size>
				</sampling_intervals>
			</data>
		</threshold>
		<threshold>
			<threshold_value>GT 4.16847 (Pr=0.92)</threshold_value>
			<data>
				<values>0.38453, 0.04301, 1.76967, 2.34213, 0.18085, 1.22173, 1.65635, 0.59625, 0.6464, 0.02203, 0.02834, 0.14645, 0.23562, -4.10721, 0.31033, 0.59892, 0.65227, 0.28547</values>
				<sampling_intervals>
					<main_interval>
						<bounds>0.05, 0.95</bounds>
						<lower_bound>
							<values>0.36159, 0.06054, 1.65275, 2.18721, 0.15862, 1.09956, 1.52272, 0.53217, 0.56248, 0.0188, 0.02374, 0.1215, 0.18194, -9.94669, 0.28402, 0.55756, 0.57132, 0.21576</values>
						</lower_bound>
						<upper_bound>
							<values>0.41764, 0.09563, 1.98106, 2.51384, 0.20415, 1.3597, 1.79547, 0.65391, 0.7321, 0.02512, 0.03424, 0.17305, 0.30252, -1.87357, 0.38636, 0.64606, 0.7684, 0.36673</values>
						</upper_bound>
					</main_interval>
					<sample_size>
						<values>1000.0, 1000.0, 1000.0, 1000.0, 1000.0, 1000.0, 1000.0, 1000.0, 1000.0, 1000.0, 1000.0, 1000.0, 1000.0, 1000.0, 1000.0, 1000.0, 1000.0, 1000.0</values>
					</sample_size>
				</sampling_intervals>
			</data>
		</threshold>
		<threshold>
			<threshold_value>GT 4.4451 (Pr=0.93)</threshold_value>
			<data>
				<values>0.37774, 0.04728, 1.70891, 2.28389, 0.1804, 1.18053, 1.62238, 0.55382, 0.75198, 0.01806, 0.03275, 0.11781, 0.22334, -2.13432, 0.31559, 0.62263, 0.74816, 0.3551</values>
				<sampling_intervals>
					<main_interval>
						<bounds>0.05, 0.95</bounds>
						<lower_bound>
							<values>0.35625, 0.06373, 1.59604, 2.12579, 0.15811, 1.05269, 1.4744, 0.49755, 0.64619, 0.01541, 0.02685, 0.09678, 0.17514, -10.43713, 0.29204, 0.58092, 0.63388, 0.2672</values>
						</lower_bound>
						<upper_bound>
							<values>0.41308, 0.10203, 1.93086, 2.45429, 0.2029, 1.33801, 1.77618, 0.59988, 0.87417, 0.02052, 0.03838, 0.14114, 0.28884, -1.37449, 0.40807, 0.66602, 0.88735, 0.44512</values>
						</upper_bound>
					</main_interval>
					<sample_size>
						<values>1000.0, 1000.0, 1000.0, 1000.0, 1000.0, 1000.0, 1000.0, 1000.0, 1000.0, 1000.0, 1000.0, 1000.0, 1000.0, 1000.0, 1000.0, 1000.0, 1000.0, 1000.0</values>
					</sample_size>
				</sampling_intervals>
			</data>
		</threshold>
		<threshold>
			<threshold_value>GT 4.8501 (Pr=0.94)</threshold_value>
			<data>
				<values>0.37443, 0.0486, 1.63531, 2.21228, 0.19014, 1.10535, 1.54078, 0.51292, 0.91768, 0.01495, 0.03508, 0.08639, 0.22401, -0.97238, 0.32208, 0.64081, 0.89439, 0.46165</values>
				<sampling_intervals>
					<main_interval>
						<bounds>0.05, 0.95</bounds>
						<lower_bound>
							<values>0.342, 0.07409, 1.5483, 2.07561, 0.1624, 0.99865, 1.41893, 0.45364, 0.76002, 0.0128, 0.03021, 0.07335, 0.16277, -7.35601, 0.29708, 0.5989, 0.72099, 0.33969</values>
						</lower_bound>
						<upper_bound>
							<values>0.41686, 0.11894, 1.8938, 2.40936, 0.21037, 1.28489, 1.72872, 0.56231, 1.02714, 0.01708, 0.04071, 0.10958, 0.29745, -0.81503, 0.4229, 0.68554, 1.04794, 0.55409</values>
						</upper_bound>
					</main_interval>
					<sample_size>
						<values>1000.0, 1000.0, 1000.0, 1000.0, 1000.0, 1000.0, 1000.0, 1000.0, 1000.0, 1000.0, 1000.0, 1000.0, 1000.0, 1000.0, 1000.0, 1000.0, 1000.0, 1000.0</values>
					</sample_size>
				</sampling_intervals>
			</data>
		</threshold>
		<threshold>
			<threshold_value>GT 5.21887 (Pr=0.95)</threshold_value>
			<data>
				<values>0.40506, 0.0686, 1.60968, 2.13602, 0.18259, 1.06962, 1.48198, 0.45426, 1.0054, 0.01165, 0.03705, 0.06857, 0.20006, -1.53503, 0.38398, 0.67018, 1.05404, 0.53233</values>
				<sampling_intervals>
					<main_interval>
						<bounds>0.05, 0.95</bounds>
						<lower_bound>
							<values>0.36295, 0.08739, 1.51102, 2.00725, 0.16064, 0.95843, 1.3533, 0.42378, 0.90171, 0.01014, 0.03123, 0.05689, 0.15051, -5.7915, 0.32554, 0.62893, 0.86792, 0.43807</values>
						</lower_bound>
						<upper_bound>
							<values>0.43452, 0.13317, 1.86086, 2.33948, 0.20905, 1.24033, 1.67627, 0.50461, 1.18414, 0.0135, 0.046, 0.08507, 0.2749, -0.72402, 0.47103, 0.70432, 1.21907, 0.65708</values>
						</upper_bound>
					</main_interval>
					<sample_size>
						<values>1000.0, 1000.0, 1000.0, 1000.0, 1000.0, 1000.0, 1000.0, 1000.0, 1000.0, 1000.0, 1000.0, 1000.0, 1000.0, 1000.0, 1000.0, 1000.0, 1000.0, 1000.0</values>
					</sample_size>
				</sampling_intervals>
			</data>
		</threshold>
		<threshold>
			<threshold_value>GT 5.6902 (Pr=0.96)</threshold_value>
			<data>
				<values>0.39445, 0.06559, 1.56421, 2.10417, 0.1808, 1.05185, 1.4766, 0.44323, 1.18792, 0.00875, 0.04272, 0.05165, 0.18533, -0.83046, 0.37211, 0.69115, 1.21134, 0.65859</values>
				<sampling_intervals>
					<main_interval>
						<bounds>0.05, 0.95</bounds>
						<lower_bound>
							<values>0.35583, 0.09554, 1.46331, 1.9435, 0.15975, 0.90669, 1.30286, 0.40488, 1.03133, 0.00761, 0.03508, 0.04141, 0.13535, -4.5742, 0.32827, 0.64361, 1.01598, 0.54514</values>
						</lower_bound>
						<upper_bound>
							<values>0.43651, 0.14707, 1.7985, 2.28588, 0.20967, 1.19722, 1.63714, 0.48475, 1.39821, 0.01042, 0.04949, 0.06233, 0.25494, -0.48976, 0.49535, 0.7264, 1.44778, 0.789</values>
						</upper_bound>
					</main_interval>
					<sample_size>
						<values>1000.0, 1000.0, 1000.0, 1000.0, 1000.0, 1000.0, 1000.0, 1000.0, 1000.0, 1000.0, 1000.0, 1000.0, 1000.0, 1000.0, 1000.0, 1000.0, 1000.0, 1000.0</values>
					</sample_size>
				</sampling_intervals>
			</data>
		</threshold>
		<threshold>
			<threshold_value>GT 6.34882 (Pr=0.97)</threshold_value>
			<data>
				<values>0.41053, 0.08908, 1.46018, 1.96057, 0.16762, 0.98227, 1.40412, 0.39464, 1.41327, 0.00599, 0.03828, 0.03565, 0.15074, -1.24236, 0.45975, 0.72562, 1.53578, 0.80838</values>
				<sampling_intervals>
					<main_interval>
						<bounds>0.05, 0.95</bounds>
						<lower_bound>
							<values>0.35647, 0.11817, 1.35547, 1.80773, 0.14051, 0.83571, 1.23232, 0.35337, 1.20041, 0.00492, 0.03327, 0.02835, 0.10889, -6.09709, 0.39249, 0.67715, 1.2513, 0.66287</values>
						</lower_bound>
						<upper_bound>
							<values>0.4449, 0.18286, 1.70853, 2.15997, 0.19948, 1.17349, 1.63536, 0.45195, 1.73703, 0.00723, 0.04869, 0.04502, 0.20919, -0.87063, 0.62684, 0.76462, 1.79821, 0.93982</values>
						</upper_bound>
					</main_interval>
					<sample_size>
						<values>1000.0, 1000.0, 1000.0, 1000.0, 1000.0, 1000.0, 1000.0, 1000.0, 1000.0, 1000.0, 1000.0, 1000.0, 1000.0, 1000.0, 1000.0, 1000.0, 1000.0, 1000.0</values>
					</sample_size>
				</sampling_intervals>
			</data>
		</threshold>
		<threshold>
			<threshold_value>GT 7.4902 (Pr=0.98)</threshold_value>
			<data>
				<values>0.43947, 0.09756, 1.44017, 1.90314, 0.17387, 0.92728, 1.31394, 0.39558, 1.44808, 0.00398, 0.03686, 0.02155, 0.11598, -0.67943, 0.49825, 0.7317, 1.77863, 0.91633</values>
				<sampling_intervals>
					<main_interval>
						<bounds>0.05, 0.95</bounds>
						<lower_bound>
							<values>0.34853, 0.13495, 1.3143, 1.73784, 0.13398, 0.77294, 1.14421, 0.3323, 1.30189, 0.00309, 0.03142, 0.01703, 0.07396, -4.7424, 0.43821, 0.67629, 1.42181, 0.77353</values>
						</lower_bound>
						<upper_bound>
							<values>0.50127, 0.22508, 1.74681, 2.11355, 0.21088, 1.15657, 1.58713, 0.44397, 1.78296, 0.00499, 0.04657, 0.02876, 0.17641, -0.5172, 0.69392, 0.78574, 2.17409, 1.10226</values>
						</upper_bound>
					</main_interval>
					<sample_size>
						<values>1000.0, 1000.0, 1000.0, 1000.0, 1000.0, 1000.0, 1000.0, 1000.0, 1000.0, 1000.0, 1000.0, 1000.0, 1000.0, 1000.0, 1000.0, 1000.0, 1000.0, 1000.0</values>
					</sample_size>
				</sampling_intervals>
			</data>
		</threshold>
		<threshold>
			<threshold_value>GT 9.3651 (Pr=0.99)</threshold_value>
			<data>
				<values>0.45224, 0.16673, 1.43906, 1.82009, 0.13307, 0.97023, 1.38492, 0.28491, 2.24817, 0.0015, 0.02544, 0.01113, 0.07202, -1.9407, 0.64129, 0.80393, 2.49421, 1.31204</values>
				<sampling_intervals>
					<main_interval>
						<bounds>0.05, 0.95</bounds>
						<lower_bound>
							<values>0.339, 0.19826, 1.27873, 1.60524, 0.11092, 0.69209, 1.06623, 0.25772, 1.69398, 0.00123, 0.02075, 0.00746, 0.04122, -9.49359, 0.57955, 0.72415, 1.95675, 1.07287</values>
						</lower_bound>
						<upper_bound>
							<values>0.50452, 0.3489, 1.7112, 1.97592, 0.19611, 1.12138, 1.57871, 0.38268, 3.1725, 0.00226, 0.035, 0.014, 0.121, -1.06904, 0.96625, 0.83235, 3.23153, 1.62158</values>
						</upper_bound>
					</main_interval>
					<sample_size>
						<values>1000.0, 1000.0, 1000.0, 1000.0, 1000.0, 1000.0, 1000.0, 1000.0, 1000.0, 1000.0, 1000.0, 1000.0, 1000.0, 1000.0, 1000.0, 1000.0, 1000.0, 1000.0</values>
					</sample_size>
				</sampling_intervals>
			</data>
		</threshold>
		<threshold>
			<threshold_value>GT 10.91388 (Pr=0.99298)</threshold_value>
			<data>
				<values>0.40266, 0.19757, 1.29109, 1.69087, 0.21623, 0.69782, 1.07893, 0.40428, 2.45441, 0.00167, 0.02052, 0.00541, 0.05204, -2.76276, 0.7368, 0.7064, 2.54422, 1.34342</values>
				<sampling_intervals>
					<main_interval>
						<bounds>0.05, 0.95</bounds>
						<lower_bound>
							<values>0.30161, 0.23327, 1.22613, 1.55974, 0.1385, 0.53181, 0.89107, 0.29713, 1.91527, 0.00107, 0.01555, 0.00391, 0.03178, -9.1863, 0.61588, 0.62087, 2.01302, 1.14385</values>
						</lower_bound>
						<upper_bound>
							<values>0.48766, 0.40998, 1.62484, 1.88015, 0.28884, 0.96239, 1.407, 0.5028, 3.27833, 0.00226, 0.02956, 0.00817, 0.09231, -1.22739, 1.05213, 0.79902, 3.21115, 1.62041</values>
						</upper_bound>
					</main_interval>
					<sample_size>
						<values>1000.0, 1000.0, 1000.0, 1000.0, 1000.0, 1000.0, 1000.0, 1000.0, 1000.0, 1000.0, 1000.0, 1000.0, 1000.0, 1000.0, 1000.0, 1000.0, 1000.0, 1000.0</values>
					</sample_size>
				</sampling_intervals>
			</data>
		</threshold>
		<threshold>
			<threshold_value>GT 12.0251 (Pr=0.995)</threshold_value>
			<data>
				<values>0.44825, 0.25893, 1.2486, 1.54142, 0.19939, 0.63206, 0.98442, 0.40471, 1.73055, 0.00114, 0.01125, 0.0036, 0.02889, -5.81773, 1.15499, 0.73378, 3.44409, 1.50322</values>
				<sampling_intervals>
					<main_interval>
						<bounds>0.05, 0.95</bounds>
						<lower_bound>
							<values>0.27532, 0.21922, 1.13051, 1.4547, 0.13254, 0.46122, 0.8048, 0.28984, 1.42031, 7.2E-4, 0.00886, 0.00243, 0.01767, -8.74319, 0.67149, 0.58918, 1.94404, 1.08479</values>
						</lower_bound>
						<upper_bound>
							<values>0.53664, 0.41152, 1.56885, 1.80854, 0.30848, 0.87634, 1.28732, 0.54383, 2.74348, 0.00181, 0.01851, 0.00534, 0.05247, -1.34457, 1.30981, 0.81628, 4.15482, 1.81621</values>
						</upper_bound>
					</main_interval>
					<sample_size>
						<values>1000.0, 1000.0, 1000.0, 1000.0, 1000.0, 1000.0, 1000.0, 1000.0, 1000.0, 1000.0, 1000.0, 1000.0, 1000.0, 1000.0, 1000.0, 1000.0, 1000.0, 1000.0</values>
					</sample_size>
				</sampling_intervals>
			</data>
		</threshold>
		<threshold>
			<threshold_value>GT 18.1304 (Pr=0.999)</threshold_value>
			<data>
				<values>-0.25535, 0.75658, 0.97492, 1.4737, 0.76997, 0.11322, 0.5986, 0.97504, 3.74829, 9.1E-4, 0.00624, 1.3E-4, 0.00119, -8.00921, 0.74819, 0.08486, 0.28502, 1.42602</values>
				<sampling_intervals>
					<main_interval>
						<bounds>0.05, 0.95</bounds>
						<lower_bound>
							<values>-0.46117, 0.59792, 0.85449, 1.23567, 0.40144, 0.04015, 0.30378, 0.6235, 1.96098, 4.6E-4, 0.00332, 5.0E-5, 3.4E-4, -28.69758, 0.43802, -0.11738, -0.29644, 0.59076</values>
						</lower_bound>
						<upper_bound>
							<values>0.09178, 1.23659, 1.62803, 1.8182, 0.92068, 0.39498, 1.12008, 1.10421, 4.84843, 0.00129, 0.01015, 5.4E-4, 0.00437, -2.03812, 2.35665, 0.48054, 2.12258, 2.34673</values>
						</upper_bound>
					</main_interval>
					<sample_size>
						<values>1000.0, 1000.0, 1000.0, 1000.0, 1000.0, 1000.0, 1000.0, 1000.0, 1000.0, 1000.0, 1000.0, 1000.0, 1000.0, 1000.0, 1000.0, 1000.0, 1000.0, 1000.0</values>
					</sample_size>
				</sampling_intervals>
			</data>
		</threshold>
		<threshold>
			<threshold_value>GT 20.55606 (Pr=0.99957)</threshold_value>
			<data>
				<values>-0.3394, 0.8894, 0.74945, 1.19945, 0.69987, 0.0669, 0.70643, 0.9045, 4.23421, 3.7E-4, 0.00504, 4.0E-5, 2.3E-4, -4.33201, 1.04625, 0.16033, 1.01418, 2.53741</values>
				<sampling_intervals>
					<main_interval>
						<bounds>0.05, 0.95</bounds>
						<lower_bound>
							<values>-0.78946, 0.33983, 0.41378, 0.98356, 0.38797, 0.00906, 0.13242, 0.66737, 1.77445, 1.9E-4, 0.00157, 0.0, 3.0E-5, -30.88681, 0.08569, -0.19725, -0.55318, 0.64912</values>
						</lower_bound>
						<upper_bound>
							<values>0.07889, 1.58971, 1.44649, 1.57956, 0.97459, 0.29183, 1.27929, 1.1695, 9.5403, 6.9E-4, 0.00961, 1.9E-4, 0.00175, -0.72423, 5.89651, 0.46577, 4.83449, 5.60659</values>
						</upper_bound>
					</main_interval>
					<sample_size>
						<values>1000.0, 1000.0, 1000.0, 1000.0, 1000.0, 1000.0, 1000.0, 1000.0, 1000.0, 1000.0, 1000.0, 1000.0, 1000.0, 1000.0, 1000.0, 1000.0, 1000.0, 1000.0</values>
					</sample_size>
				</sampling_intervals>
			</data>
		</threshold>
	</threshold_data>
</result></results>