<?xml version="1.0" standalone="yes"?><results>
<!--Result file containing the results for a single metric by lead period.
Some metrics, such as reliability diagrams, have results for specific thresholds 
(e.g. probability thresholds).  In that case, the results are stored by lead period 
and then by threshold value.  The actual data associated with a result always appears 
within a 'values' tag.  A metric result that comprises a single value will appear as a 
single value in this tag.  A metric result that comprises a 1D matrix will appear as a 
row of values separated by commas in the input order.  A metric result that comprises a 
2D matrix will appear as a sequence of rows, each with a 'values' tag, which are written 
in the input order.  For example, a diagram metric with an x and y axis will comprise 
two rows of data (i.e. two rows within two separate 'values' tags).  The default input 
order would be data for the x axis followed by data for the y axis.  Data that refer to 
cumulative probabilities are, by default, always defined in increasing size of probability.--><meta_data>
	<thresholds_type>true</thresholds_type>
	<original_file_id>05455500_CAL.Streamflow.ICK_INF_ONE_OBS_ONE_MEAN_1D_MEAN_RAW.Brier_skill_score.xml</original_file_id>
</meta_data><result>
	<lead_hour>0.0</lead_hour>
	<threshold_data>
		<threshold>
			<threshold_value>GT 0.0 (Pr=0.0)</threshold_value>
			<data>
				<values>-0.87142, 0.97121, 0.09979, 1.0, 0.76018, 0.04648, 1.15772, 261.44604, 0.58188, 38.05796, 0.00284, 0.04625, 2.3E-4, -999.0, -999.0, -999.0, -999.0, -999.0</values>
				<sampling_intervals>
					<main_interval>
						<bounds>0.05, 0.95</bounds>
						<lower_bound>
							<values>-9.05901, 0.3438, 3.2E-4, 1.0, 0.63703, 9.3E-4, 0.53571, 46.68052, 0.53783, 6.59077, 4.5E-4, 9.3E-4, 0.0, -999.0, -999.0, -999.0, -999.0, -999.0</values>
						</lower_bound>
						<upper_bound>
							<values>-0.12849, 9.03172, 0.21517, 1.0, 2.13819, 0.05867, 7.86449, 14843.58521, 0.94687, 1998.98693, 0.00678, 0.05809, 6.1E-4, -999.0, -999.0, -999.0, -999.0, -999.0</values>
						</upper_bound>
					</main_interval>
					<sample_size>
						<values>1000.0, 1000.0, 1000.0, 1000.0, 1000.0, 1000.0, 1000.0, 1000.0, 1000.0, 1000.0, 1000.0, 1000.0, 1000.0, -999.0, -999.0, -999.0, -999.0, -999.0</values>
					</sample_size>
				</sampling_intervals>
			</data>
		</threshold>
		<threshold>
			<threshold_value>GT 0.00583 (Pr=0.025)</threshold_value>
			<data>
				<values>-0.87142, 0.97121, 0.09979, 1.0, 0.76018, 0.04648, 1.15772, 261.44604, 0.58188, 38.05796, 0.00284, 0.04625, 2.3E-4, -999.0, -999.0, -999.0, -999.0, -999.0</values>
				<sampling_intervals>
					<main_interval>
						<bounds>0.05, 0.95</bounds>
						<lower_bound>
							<values>-6.64663, 0.28085, 0.00271, 1.0, 0.63703, 0.00475, 0.46525, 32.98511, 0.53785, 5.32144, 5.8E-4, 0.00474, 1.0E-5, -999.0, -999.0, -999.0, -999.0, -999.0</values>
						</lower_bound>
						<upper_bound>
							<values>-0.10538, 6.58915, 0.21517, 1.0, 1.79989, 0.05829, 5.91981, 8566.78251, 0.827, 1178.36637, 0.0086, 0.0579, 6.1E-4, -999.0, -999.0, -999.0, -999.0, -999.0</values>
						</upper_bound>
					</main_interval>
					<sample_size>
						<values>1000.0, 1000.0, 1000.0, 1000.0, 1000.0, 1000.0, 1000.0, 1000.0, 1000.0, 1000.0, 1000.0, 1000.0, 1000.0, -999.0, -999.0, -999.0, -999.0, -999.0</values>
					</sample_size>
				</sampling_intervals>
			</data>
		</threshold>
		<threshold>
			<threshold_value>GT 0.01221 (Pr=0.05)</threshold_value>
			<data>
				<values>0.0814, 0.04112, 0.12251, 1.0, 0.69013, 0.02927, 0.25775, 6.51378, 0.68961, 1.16645, 0.02629, 0.02812, 0.00115, -999.0, -999.0, -999.0, -999.0, -999.0</values>
				<sampling_intervals>
					<main_interval>
						<bounds>0.05, 0.95</bounds>
						<lower_bound>
							<values>-0.48979, 0.01707, 0.06012, 1.0, 0.63866, 0.01664, 0.20142, 3.56156, 0.58296, 0.63366, 0.00469, 0.01612, 2.9E-4, -999.0, -999.0, -999.0, -999.0, -999.0</values>
						</lower_bound>
						<upper_bound>
							<values>0.16308, 0.61423, 0.1972, 1.0, 0.78554, 0.04664, 0.81273, 107.73754, 0.75232, 17.38475, 0.03646, 0.04608, 0.00189, -999.0, -999.0, -999.0, -999.0, -999.0</values>
						</upper_bound>
					</main_interval>
					<sample_size>
						<values>1000.0, 1000.0, 1000.0, 1000.0, 1000.0, 1000.0, 1000.0, 1000.0, 1000.0, 1000.0, 1000.0, 1000.0, 1000.0, -999.0, -999.0, -999.0, -999.0, -999.0</values>
					</sample_size>
				</sampling_intervals>
			</data>
		</threshold>
		<threshold>
			<threshold_value>GT 0.01738 (Pr=0.075)</threshold_value>
			<data>
				<values>0.0814, 0.04112, 0.12251, 1.0, 0.69013, 0.02927, 0.25775, 6.51378, 0.68961, 1.16645, 0.02629, 0.02812, 0.00115, -999.0, -999.0, -999.0, -999.0, -999.0</values>
				<sampling_intervals>
					<main_interval>
						<bounds>0.05, 0.95</bounds>
						<lower_bound>
							<values>-0.03052, 0.01229, 0.0786, 1.0, 0.63701, 0.01805, 0.1671, 2.05352, 0.64506, 0.37071, 0.01914, 0.01747, 6.3E-4, -999.0, -999.0, -999.0, -999.0, -999.0</values>
						</lower_bound>
						<upper_bound>
							<values>0.18808, 0.11653, 0.21381, 1.0, 0.75313, 0.0416, 0.32966, 11.56153, 0.7629, 2.11805, 0.04994, 0.03959, 0.0023, -999.0, -999.0, -999.0, -999.0, -999.0</values>
						</upper_bound>
					</main_interval>
					<sample_size>
						<values>1000.0, 1000.0, 1000.0, 1000.0, 1000.0, 1000.0, 1000.0, 1000.0, 1000.0, 1000.0, 1000.0, 1000.0, 1000.0, -999.0, -999.0, -999.0, -999.0, -999.0</values>
					</sample_size>
				</sampling_intervals>
			</data>
		</threshold>
		<threshold>
			<threshold_value>GT 0.02291 (Pr=0.1)</threshold_value>
			<data>
				<values>0.188, 0.019, 0.207, 1.0, 0.68515, 0.03133, 0.15819, 1.4344, 0.75218, 0.26347, 0.06342, 0.02859, 0.00275, -999.0, -999.0, -999.0, -999.0, -999.0</values>
				<sampling_intervals>
					<main_interval>
						<bounds>0.05, 0.95</bounds>
						<lower_bound>
							<values>0.08558, 0.01045, 0.12345, 1.0, 0.63227, 0.02086, 0.13187, 0.94928, 0.67395, 0.17182, 0.03039, 0.01923, 0.00122, -999.0, -999.0, -999.0, -999.0, -999.0</values>
						</lower_bound>
						<upper_bound>
							<values>0.23834, 0.04828, 0.2727, 1.0, 0.74049, 0.0434, 0.24352, 5.25923, 0.81309, 1.00506, 0.08197, 0.0395, 0.00419, -999.0, -999.0, -999.0, -999.0, -999.0</values>
						</upper_bound>
					</main_interval>
					<sample_size>
						<values>1000.0, 1000.0, 1000.0, 1000.0, 1000.0, 1000.0, 1000.0, 1000.0, 1000.0, 1000.0, 1000.0, 1000.0, 1000.0, -999.0, -999.0, -999.0, -999.0, -999.0</values>
					</sample_size>
				</sampling_intervals>
			</data>
		</threshold>
		<threshold>
			<threshold_value>GT 0.02881 (Pr=0.125)</threshold_value>
			<data>
				<values>0.188, 0.019, 0.207, 1.0, 0.68515, 0.03133, 0.15819, 1.4344, 0.75218, 0.26347, 0.06342, 0.02859, 0.00275, -999.0, -999.0, -999.0, -999.0, -999.0</values>
				<sampling_intervals>
					<main_interval>
						<bounds>0.05, 0.95</bounds>
						<lower_bound>
							<values>0.14846, 0.01305, 0.17009, 1.0, 0.5793, 0.02289, 0.12983, 0.74154, 0.67587, 0.13131, 0.05397, 0.02069, 0.00204, -999.0, -999.0, -999.0, -999.0, -999.0</values>
						</lower_bound>
						<upper_bound>
							<values>0.27496, 0.05302, 0.31467, 1.0, 0.73311, 0.05974, 0.21234, 1.86893, 0.82099, 0.35659, 0.09491, 0.05326, 0.00678, -999.0, -999.0, -999.0, -999.0, -999.0</values>
						</upper_bound>
					</main_interval>
					<sample_size>
						<values>1000.0, 1000.0, 1000.0, 1000.0, 1000.0, 1000.0, 1000.0, 1000.0, 1000.0, 1000.0, 1000.0, 1000.0, 1000.0, -999.0, -999.0, -999.0, -999.0, -999.0</values>
					</sample_size>
				</sampling_intervals>
			</data>
		</threshold>
		<threshold>
			<threshold_value>GT 0.03539 (Pr=0.15)</threshold_value>
			<data>
				<values>0.23979, 0.03798, 0.27777, 1.0, 0.63217, 0.04753, 0.17557, 0.78273, 0.75684, 0.14628, 0.09123, 0.04135, 0.00618, -999.0, -999.0, -999.0, -999.0, -999.0</values>
				<sampling_intervals>
					<main_interval>
						<bounds>0.05, 0.95</bounds>
						<lower_bound>
							<values>0.17763, 0.01489, 0.20949, 1.0, 0.55201, 0.02985, 0.13892, 0.53651, 0.6595, 0.0961, 0.06976, 0.0262, 0.00336, -999.0, -999.0, -999.0, -999.0, -999.0</values>
						</lower_bound>
						<upper_bound>
							<values>0.2934, 0.06614, 0.33869, 1.0, 0.70744, 0.07044, 0.24538, 1.33641, 0.83735, 0.28418, 0.12041, 0.06063, 0.00973, -999.0, -999.0, -999.0, -999.0, -999.0</values>
						</upper_bound>
					</main_interval>
					<sample_size>
						<values>1000.0, 1000.0, 1000.0, 1000.0, 1000.0, 1000.0, 1000.0, 1000.0, 1000.0, 1000.0, 1000.0, 1000.0, 1000.0, -999.0, -999.0, -999.0, -999.0, -999.0</values>
					</sample_size>
				</sampling_intervals>
			</data>
		</threshold>
		<threshold>
			<threshold_value>GT 0.04239 (Pr=0.175)</threshold_value>
			<data>
				<values>0.25326, 0.0262, 0.27946, 1.0, 0.59023, 0.0599, 0.2164, 0.77247, 0.74158, 0.16199, 0.11188, 0.04989, 0.01001, -999.0, -999.0, -999.0, -999.0, -999.0</values>
				<sampling_intervals>
					<main_interval>
						<bounds>0.05, 0.95</bounds>
						<lower_bound>
							<values>0.19047, 0.01466, 0.22435, 1.0, 0.53084, 0.03787, 0.15235, 0.51045, 0.66179, 0.09233, 0.08296, 0.03204, 0.00548, -999.0, -999.0, -999.0, -999.0, -999.0</values>
						</lower_bound>
						<upper_bound>
							<values>0.30288, 0.0683, 0.3418, 1.0, 0.68279, 0.07952, 0.25462, 1.18078, 0.84058, 0.26187, 0.1356, 0.06616, 0.01314, -999.0, -999.0, -999.0, -999.0, -999.0</values>
						</upper_bound>
					</main_interval>
					<sample_size>
						<values>1000.0, 1000.0, 1000.0, 1000.0, 1000.0, 1000.0, 1000.0, 1000.0, 1000.0, 1000.0, 1000.0, 1000.0, 1000.0, -999.0, -999.0, -999.0, -999.0, -999.0</values>
					</sample_size>
				</sampling_intervals>
			</data>
		</threshold>
		<threshold>
			<threshold_value>GT 0.04995 (Pr=0.2)</threshold_value>
			<data>
				<values>0.25326, 0.0262, 0.27946, 1.0, 0.59023, 0.0599, 0.2164, 0.77247, 0.74158, 0.16199, 0.11188, 0.04989, 0.01001, -999.0, -999.0, -999.0, -999.0, -999.0</values>
				<sampling_intervals>
					<main_interval>
						<bounds>0.05, 0.95</bounds>
						<lower_bound>
							<values>0.20113, 0.01753, 0.23738, 1.0, 0.51445, 0.04462, 0.18064, 0.49801, 0.66544, 0.09836, 0.09587, 0.03638, 0.0077, -999.0, -999.0, -999.0, -999.0, -999.0</values>
						</lower_bound>
						<upper_bound>
							<values>0.31091, 0.05855, 0.34392, 1.0, 0.65574, 0.08767, 0.2633, 1.00204, 0.84763, 0.228, 0.15837, 0.07066, 0.01679, -999.0, -999.0, -999.0, -999.0, -999.0</values>
						</upper_bound>
					</main_interval>
					<sample_size>
						<values>1000.0, 1000.0, 1000.0, 1000.0, 1000.0, 1000.0, 1000.0, 1000.0, 1000.0, 1000.0, 1000.0, 1000.0, 1000.0, -999.0, -999.0, -999.0, -999.0, -999.0</values>
					</sample_size>
				</sampling_intervals>
			</data>
		</threshold>
		<threshold>
			<threshold_value>GT 0.05868 (Pr=0.225)</threshold_value>
			<data>
				<values>0.26204, 0.03442, 0.29646, 1.0, 0.57993, 0.06622, 0.22425, 0.61309, 0.76921, 0.13176, 0.13688, 0.05297, 0.01326, -999.0, -999.0, -999.0, -999.0, -999.0</values>
				<sampling_intervals>
					<main_interval>
						<bounds>0.05, 0.95</bounds>
						<lower_bound>
							<values>0.20851, 0.01286, 0.25258, 1.0, 0.43094, 0.05074, 0.19355, 0.43114, 0.57125, 0.08726, 0.09253, 0.03951, 0.01032, -999.0, -999.0, -999.0, -999.0, -999.0</values>
						</lower_bound>
						<upper_bound>
							<values>0.32235, 0.06435, 0.35539, 1.0, 0.64522, 0.11988, 0.38552, 1.23416, 0.87716, 0.31034, 0.18353, 0.09358, 0.02503, -999.0, -999.0, -999.0, -999.0, -999.0</values>
						</upper_bound>
					</main_interval>
					<sample_size>
						<values>1000.0, 1000.0, 1000.0, 1000.0, 1000.0, 1000.0, 1000.0, 1000.0, 1000.0, 1000.0, 1000.0, 1000.0, 1000.0, -999.0, -999.0, -999.0, -999.0, -999.0</values>
					</sample_size>
				</sampling_intervals>
			</data>
		</threshold>
		<threshold>
			<threshold_value>GT 0.07052 (Pr=0.25)</threshold_value>
			<data>
				<values>0.30582, 0.01287, 0.31869, 1.0, 0.45446, 0.11029, 0.35001, 0.81443, 0.65432, 0.19463, 0.12928, 0.08283, 0.02746, -999.0, -999.0, -999.0, -999.0, -999.0</values>
				<sampling_intervals>
					<main_interval>
						<bounds>0.05, 0.95</bounds>
						<lower_bound>
							<values>0.21892, 0.01008, 0.26679, 1.0, 0.39593, 0.05592, 0.20263, 0.39294, 0.54249, 0.07906, 0.09188, 0.04279, 0.0131, -999.0, -999.0, -999.0, -999.0, -999.0</values>
						</lower_bound>
						<upper_bound>
							<values>0.34624, 0.07069, 0.36584, 1.0, 0.63018, 0.13891, 0.42258, 1.24491, 0.8891, 0.31983, 0.20394, 0.10621, 0.03408, -999.0, -999.0, -999.0, -999.0, -999.0</values>
						</upper_bound>
					</main_interval>
					<sample_size>
						<values>1000.0, 1000.0, 1000.0, 1000.0, 1000.0, 1000.0, 1000.0, 1000.0, 1000.0, 1000.0, 1000.0, 1000.0, 1000.0, -999.0, -999.0, -999.0, -999.0, -999.0</values>
					</sample_size>
				</sampling_intervals>
			</data>
		</threshold>
		<threshold>
			<threshold_value>GT 0.08354 (Pr=0.275)</threshold_value>
			<data>
				<values>0.31412, 0.01459, 0.32871, 1.0, 0.43171, 0.12121, 0.37537, 0.80982, 0.64044, 0.19453, 0.13211, 0.0887, 0.03251, -999.0, -999.0, -999.0, -999.0, -999.0</values>
				<sampling_intervals>
					<main_interval>
						<bounds>0.05, 0.95</bounds>
						<lower_bound>
							<values>0.2407, 0.01089, 0.27904, 1.0, 0.3752, 0.06955, 0.22081, 0.40112, 0.53547, 0.08494, 0.09708, 0.05119, 0.01824, -999.0, -999.0, -999.0, -999.0, -999.0</values>
						</lower_bound>
						<upper_bound>
							<values>0.36045, 0.068, 0.37573, 1.0, 0.59677, 0.15068, 0.43618, 1.1677, 0.87526, 0.29955, 0.20648, 0.11135, 0.04144, -999.0, -999.0, -999.0, -999.0, -999.0</values>
						</upper_bound>
					</main_interval>
					<sample_size>
						<values>1000.0, 1000.0, 1000.0, 1000.0, 1000.0, 1000.0, 1000.0, 1000.0, 1000.0, 1000.0, 1000.0, 1000.0, 1000.0, -999.0, -999.0, -999.0, -999.0, -999.0</values>
					</sample_size>
				</sampling_intervals>
			</data>
		</threshold>
		<threshold>
			<threshold_value>GT 0.09664 (Pr=0.3)</threshold_value>
			<data>
				<values>0.31922, 0.01631, 0.33553, 1.0, 0.41686, 0.12913, 0.39305, 0.79091, 0.63638, 0.18857, 0.13741, 0.09203, 0.0371, -999.0, -999.0, -999.0, -999.0, -999.0</values>
				<sampling_intervals>
					<main_interval>
						<bounds>0.05, 0.95</bounds>
						<lower_bound>
							<values>0.26665, 0.00989, 0.29367, 1.0, 0.35949, 0.1011, 0.33176, 0.54412, 0.53201, 0.11884, 0.10282, 0.07112, 0.02914, -999.0, -999.0, -999.0, -999.0, -999.0</values>
						</lower_bound>
						<upper_bound>
							<values>0.3742, 0.03294, 0.38734, 1.0, 0.48196, 0.16279, 0.44354, 1.05224, 0.76389, 0.27161, 0.18937, 0.11596, 0.04867, -999.0, -999.0, -999.0, -999.0, -999.0</values>
						</upper_bound>
					</main_interval>
					<sample_size>
						<values>1000.0, 1000.0, 1000.0, 1000.0, 1000.0, 1000.0, 1000.0, 1000.0, 1000.0, 1000.0, 1000.0, 1000.0, 1000.0, -999.0, -999.0, -999.0, -999.0, -999.0</values>
					</sample_size>
				</sampling_intervals>
			</data>
		</threshold>
		<threshold>
			<threshold_value>GT 0.11002 (Pr=0.325)</threshold_value>
			<data>
				<values>0.34296, 0.01361, 0.35656, 1.0, 0.38857, 0.14648, 0.41495, 0.69554, 0.63851, 0.16347, 0.14918, 0.09888, 0.0476, -999.0, -999.0, -999.0, -999.0, -999.0</values>
				<sampling_intervals>
					<main_interval>
						<bounds>0.05, 0.95</bounds>
						<lower_bound>
							<values>0.28333, 0.00864, 0.30822, 1.0, 0.34167, 0.11284, 0.36249, 0.53277, 0.53212, 0.11567, 0.11008, 0.07667, 0.03507, -999.0, -999.0, -999.0, -999.0, -999.0</values>
						</lower_bound>
						<upper_bound>
							<values>0.39433, 0.03083, 0.40695, 1.0, 0.45581, 0.175, 0.44908, 0.93088, 0.75669, 0.23747, 0.19476, 0.12012, 0.05674, -999.0, -999.0, -999.0, -999.0, -999.0</values>
						</upper_bound>
					</main_interval>
					<sample_size>
						<values>1000.0, 1000.0, 1000.0, 1000.0, 1000.0, 1000.0, 1000.0, 1000.0, 1000.0, 1000.0, 1000.0, 1000.0, 1000.0, -999.0, -999.0, -999.0, -999.0, -999.0</values>
					</sample_size>
				</sampling_intervals>
			</data>
		</threshold>
		<threshold>
			<threshold_value>GT 0.12405 (Pr=0.35)</threshold_value>
			<data>
				<values>0.36215, 0.01381, 0.37596, 1.0, 0.37405, 0.1565, 0.4203, 0.6379, 0.63783, 0.14826, 0.15467, 0.10288, 0.05362, -999.0, -999.0, -999.0, -999.0, -999.0</values>
				<sampling_intervals>
					<main_interval>
						<bounds>0.05, 0.95</bounds>
						<lower_bound>
							<values>0.30437, 0.00788, 0.32667, 1.0, 0.32872, 0.12534, 0.38248, 0.4991, 0.53611, 0.10699, 0.11745, 0.08212, 0.04227, -999.0, -999.0, -999.0, -999.0, -999.0</values>
						</lower_bound>
						<upper_bound>
							<values>0.41157, 0.03053, 0.42558, 1.0, 0.43297, 0.18604, 0.45208, 0.81821, 0.75656, 0.20605, 0.20401, 0.12326, 0.06542, -999.0, -999.0, -999.0, -999.0, -999.0</values>
						</upper_bound>
					</main_interval>
					<sample_size>
						<values>1000.0, 1000.0, 1000.0, 1000.0, 1000.0, 1000.0, 1000.0, 1000.0, 1000.0, 1000.0, 1000.0, 1000.0, 1000.0, -999.0, -999.0, -999.0, -999.0, -999.0</values>
					</sample_size>
				</sampling_intervals>
			</data>
		</threshold>
		<threshold>
			<threshold_value>GT 0.13877 (Pr=0.375)</threshold_value>
			<data>
				<values>0.38057, 0.0124, 0.39297, 1.0, 0.35949, 0.16714, 0.42708, 0.58493, 0.63891, 0.13407, 0.16023, 0.10683, 0.06032, -999.0, -999.0, -999.0, -999.0, -999.0</values>
				<sampling_intervals>
					<main_interval>
						<bounds>0.05, 0.95</bounds>
						<lower_bound>
							<values>0.32478, 0.00831, 0.34846, 1.0, 0.31872, 0.13814, 0.39498, 0.45163, 0.55025, 0.09524, 0.12789, 0.08635, 0.04983, -999.0, -999.0, -999.0, -999.0, -999.0</values>
						</lower_bound>
						<upper_bound>
							<values>0.428, 0.03018, 0.44054, 1.0, 0.41438, 0.19649, 0.45605, 0.72536, 0.76849, 0.18145, 0.21404, 0.12377, 0.07393, -999.0, -999.0, -999.0, -999.0, -999.0</values>
						</upper_bound>
					</main_interval>
					<sample_size>
						<values>1000.0, 1000.0, 1000.0, 1000.0, 1000.0, 1000.0, 1000.0, 1000.0, 1000.0, 1000.0, 1000.0, 1000.0, 1000.0, -999.0, -999.0, -999.0, -999.0, -999.0</values>
					</sample_size>
				</sampling_intervals>
			</data>
		</threshold>
		<threshold>
			<threshold_value>GT 0.15396 (Pr=0.4)</threshold_value>
			<data>
				<values>0.39565, 0.01503, 0.41068, 1.0, 0.34735, 0.17789, 0.43489, 0.51233, 0.66392, 0.11566, 0.17638, 0.10799, 0.0699, -999.0, -999.0, -999.0, -999.0, -999.0</values>
				<sampling_intervals>
					<main_interval>
						<bounds>0.05, 0.95</bounds>
						<lower_bound>
							<values>0.34476, 0.0093, 0.3663, 1.0, 0.31005, 0.15015, 0.40604, 0.41548, 0.57039, 0.08607, 0.14032, 0.09044, 0.05797, -999.0, -999.0, -999.0, -999.0, -999.0</values>
						</lower_bound>
						<upper_bound>
							<values>0.43721, 0.03149, 0.45329, 1.0, 0.39493, 0.204, 0.46066, 0.64721, 0.78069, 0.15752, 0.22793, 0.12434, 0.08222, -999.0, -999.0, -999.0, -999.0, -999.0</values>
						</upper_bound>
					</main_interval>
					<sample_size>
						<values>1000.0, 1000.0, 1000.0, 1000.0, 1000.0, 1000.0, 1000.0, 1000.0, 1000.0, 1000.0, 1000.0, 1000.0, 1000.0, -999.0, -999.0, -999.0, -999.0, -999.0</values>
					</sample_size>
				</sampling_intervals>
			</data>
		</threshold>
		<threshold>
			<threshold_value>GT 0.1722 (Pr=0.425)</threshold_value>
			<data>
				<values>0.40299, 0.01796, 0.42095, 1.0, 0.33947, 0.18625, 0.4438, 0.46121, 0.6962, 0.10136, 0.19386, 0.10764, 0.07861, -999.0, -999.0, -999.0, -999.0, -999.0</values>
				<sampling_intervals>
					<main_interval>
						<bounds>0.05, 0.95</bounds>
						<lower_bound>
							<values>0.35639, 0.01052, 0.38034, 1.0, 0.30376, 0.15922, 0.41541, 0.37675, 0.58799, 0.07624, 0.15192, 0.09196, 0.06478, -999.0, -999.0, -999.0, -999.0, -999.0</values>
						</lower_bound>
						<upper_bound>
							<values>0.4448, 0.03452, 0.46345, 1.0, 0.3841, 0.21153, 0.46489, 0.57738, 0.80815, 0.13846, 0.24255, 0.1236, 0.09097, -999.0, -999.0, -999.0, -999.0, -999.0</values>
						</upper_bound>
					</main_interval>
					<sample_size>
						<values>1000.0, 1000.0, 1000.0, 1000.0, 1000.0, 1000.0, 1000.0, 1000.0, 1000.0, 1000.0, 1000.0, 1000.0, 1000.0, -999.0, -999.0, -999.0, -999.0, -999.0</values>
					</sample_size>
				</sampling_intervals>
			</data>
		</threshold>
		<threshold>
			<threshold_value>GT 0.19267 (Pr=0.45)</threshold_value>
			<data>
				<values>0.40927, 0.01975, 0.42902, 1.0, 0.33315, 0.19257, 0.45015, 0.43358, 0.71723, 0.09345, 0.20762, 0.10669, 0.08588, -999.0, -999.0, -999.0, -999.0, -999.0</values>
				<sampling_intervals>
					<main_interval>
						<bounds>0.05, 0.95</bounds>
						<lower_bound>
							<values>0.36353, 0.01216, 0.39063, 1.0, 0.298, 0.16703, 0.42422, 0.35164, 0.61484, 0.06932, 0.1647, 0.09245, 0.07239, -999.0, -999.0, -999.0, -999.0, -999.0</values>
						</lower_bound>
						<upper_bound>
							<values>0.45355, 0.03852, 0.47505, 1.0, 0.37764, 0.21915, 0.4699, 0.52767, 0.84496, 0.12357, 0.26374, 0.12288, 0.09941, -999.0, -999.0, -999.0, -999.0, -999.0</values>
						</upper_bound>
					</main_interval>
					<sample_size>
						<values>1000.0, 1000.0, 1000.0, 1000.0, 1000.0, 1000.0, 1000.0, 1000.0, 1000.0, 1000.0, 1000.0, 1000.0, 1000.0, -999.0, -999.0, -999.0, -999.0, -999.0</values>
					</sample_size>
				</sampling_intervals>
			</data>
		</threshold>
		<threshold>
			<threshold_value>GT 0.20892 (Pr=0.475)</threshold_value>
			<data>
				<values>0.41167, 0.02325, 0.43492, 1.0, 0.33201, 0.19607, 0.45239, 0.40496, 0.74523, 0.08559, 0.22142, 0.10566, 0.09041, -999.0, -999.0, -999.0, -999.0, -999.0</values>
				<sampling_intervals>
					<main_interval>
						<bounds>0.05, 0.95</bounds>
						<lower_bound>
							<values>0.36995, 0.01541, 0.40224, 1.0, 0.29248, 0.1742, 0.43135, 0.32368, 0.64269, 0.06239, 0.18044, 0.09199, 0.08001, -999.0, -999.0, -999.0, -999.0, -999.0</values>
						</lower_bound>
						<upper_bound>
							<values>0.46305, 0.04302, 0.48571, 1.0, 0.3692, 0.22738, 0.47522, 0.46613, 0.87874, 0.10664, 0.28282, 0.12158, 0.10782, -999.0, -999.0, -999.0, -999.0, -999.0</values>
						</upper_bound>
					</main_interval>
					<sample_size>
						<values>1000.0, 1000.0, 1000.0, 1000.0, 1000.0, 1000.0, 1000.0, 1000.0, 1000.0, 1000.0, 1000.0, 1000.0, 1000.0, -999.0, -999.0, -999.0, -999.0, -999.0</values>
					</sample_size>
				</sampling_intervals>
			</data>
		</threshold>
		<threshold>
			<threshold_value>GT 0.23194 (Pr=0.5)</threshold_value>
			<data>
				<values>0.42911, 0.03015, 0.45926, 1.0, 0.32019, 0.21084, 0.46155, 0.34742, 0.79284, 0.07011, 0.24884, 0.10578, 0.10506, -999.0, -999.0, -999.0, -999.0, -999.0</values>
				<sampling_intervals>
					<main_interval>
						<bounds>0.05, 0.95</bounds>
						<lower_bound>
							<values>0.3766, 0.01901, 0.41585, 1.0, 0.28698, 0.18339, 0.43897, 0.29458, 0.6743, 0.05457, 0.19787, 0.09115, 0.08937, -999.0, -999.0, -999.0, -999.0, -999.0</values>
						</lower_bound>
						<upper_bound>
							<values>0.46965, 0.04911, 0.49772, 1.0, 0.36208, 0.23584, 0.48204, 0.42038, 0.92778, 0.09249, 0.30942, 0.12034, 0.11791, -999.0, -999.0, -999.0, -999.0, -999.0</values>
						</upper_bound>
					</main_interval>
					<sample_size>
						<values>1000.0, 1000.0, 1000.0, 1000.0, 1000.0, 1000.0, 1000.0, 1000.0, 1000.0, 1000.0, 1000.0, 1000.0, 1000.0, -999.0, -999.0, -999.0, -999.0, -999.0</values>
					</sample_size>
				</sampling_intervals>
			</data>
		</threshold>
		<threshold>
			<threshold_value>GT 0.25327 (Pr=0.525)</threshold_value>
			<data>
				<values>0.43321, 0.03531, 0.46851, 1.0, 0.31553, 0.21873, 0.46999, 0.3198, 0.83482, 0.0622, 0.26916, 0.1049, 0.11383, -999.0, -999.0, -999.0, -999.0, -999.0</values>
				<sampling_intervals>
					<main_interval>
						<bounds>0.05, 0.95</bounds>
						<lower_bound>
							<values>0.38608, 0.02315, 0.42824, 1.0, 0.2839, 0.19283, 0.4468, 0.26918, 0.71769, 0.04794, 0.21809, 0.0911, 0.09853, -999.0, -999.0, -999.0, -999.0, -999.0</values>
						</lower_bound>
						<upper_bound>
							<values>0.47211, 0.05505, 0.5059, 1.0, 0.35472, 0.24335, 0.49053, 0.38135, 0.98138, 0.08058, 0.33682, 0.11813, 0.12828, -999.0, -999.0, -999.0, -999.0, -999.0</values>
						</upper_bound>
					</main_interval>
					<sample_size>
						<values>1000.0, 1000.0, 1000.0, 1000.0, 1000.0, 1000.0, 1000.0, 1000.0, 1000.0, 1000.0, 1000.0, 1000.0, 1000.0, -999.0, -999.0, -999.0, -999.0, -999.0</values>
					</sample_size>
				</sampling_intervals>
			</data>
		</threshold>
		<threshold>
			<threshold_value>GT 0.27598 (Pr=0.55)</threshold_value>
			<data>
				<values>0.42955, 0.04239, 0.47194, 1.0, 0.31619, 0.22313, 0.47739, 0.29884, 0.89298, 0.05575, 0.29685, 0.102, 0.12113, -999.0, -999.0, -999.0, -999.0, -999.0</values>
				<sampling_intervals>
					<main_interval>
						<bounds>0.05, 0.95</bounds>
						<lower_bound>
							<values>0.38839, 0.0289, 0.43699, 1.0, 0.28291, 0.20013, 0.45477, 0.24675, 0.77185, 0.04198, 0.24166, 0.0899, 0.10663, -999.0, -999.0, -999.0, -999.0, -999.0</values>
						</lower_bound>
						<upper_bound>
							<values>0.47071, 0.06453, 0.51214, 1.0, 0.35026, 0.2501, 0.50018, 0.34818, 1.04798, 0.06972, 0.3712, 0.11469, 0.13745, -999.0, -999.0, -999.0, -999.0, -999.0</values>
						</upper_bound>
					</main_interval>
					<sample_size>
						<values>1000.0, 1000.0, 1000.0, 1000.0, 1000.0, 1000.0, 1000.0, 1000.0, 1000.0, 1000.0, 1000.0, 1000.0, 1000.0, -999.0, -999.0, -999.0, -999.0, -999.0</values>
					</sample_size>
				</sampling_intervals>
			</data>
		</threshold>
		<threshold>
			<threshold_value>GT 0.30218 (Pr=0.575)</threshold_value>
			<data>
				<values>0.42923, 0.05127, 0.4805, 1.0, 0.3137, 0.23182, 0.48888, 0.27378, 0.96765, 0.04814, 0.33325, 0.09922, 0.1326, -999.0, -999.0, -999.0, -999.0, -999.0</values>
				<sampling_intervals>
					<main_interval>
						<bounds>0.05, 0.95</bounds>
						<lower_bound>
							<values>0.38484, 0.03562, 0.44601, 1.0, 0.28317, 0.20778, 0.46399, 0.22745, 0.83218, 0.03692, 0.27127, 0.08768, 0.11585, -999.0, -999.0, -999.0, -999.0, -999.0</values>
						</lower_bound>
						<upper_bound>
							<values>0.46935, 0.07331, 0.5187, 1.0, 0.34914, 0.25674, 0.51022, 0.3197, 1.12794, 0.06075, 0.40839, 0.11158, 0.14807, -999.0, -999.0, -999.0, -999.0, -999.0</values>
						</upper_bound>
					</main_interval>
					<sample_size>
						<values>1000.0, 1000.0, 1000.0, 1000.0, 1000.0, 1000.0, 1000.0, 1000.0, 1000.0, 1000.0, 1000.0, 1000.0, 1000.0, -999.0, -999.0, -999.0, -999.0, -999.0</values>
					</sample_size>
				</sampling_intervals>
			</data>
		</threshold>
		<threshold>
			<threshold_value>GT 0.32627 (Pr=0.6)</threshold_value>
			<data>
				<values>0.42427, 0.06057, 0.48483, 1.0, 0.31632, 0.23603, 0.49544, 0.25555, 1.04204, 0.04308, 0.36931, 0.09609, 0.13994, -999.0, -999.0, -999.0, -999.0, -999.0</values>
				<sampling_intervals>
					<main_interval>
						<bounds>0.05, 0.95</bounds>
						<lower_bound>
							<values>0.37992, 0.04357, 0.45262, 1.0, 0.28408, 0.21436, 0.47298, 0.21122, 0.90224, 0.03231, 0.30269, 0.08501, 0.12532, -999.0, -999.0, -999.0, -999.0, -999.0</values>
						</lower_bound>
						<upper_bound>
							<values>0.46776, 0.0848, 0.52563, 1.0, 0.34984, 0.26409, 0.5222, 0.29566, 1.2235, 0.05357, 0.45582, 0.10791, 0.15953, -999.0, -999.0, -999.0, -999.0, -999.0</values>
						</upper_bound>
					</main_interval>
					<sample_size>
						<values>1000.0, 1000.0, 1000.0, 1000.0, 1000.0, 1000.0, 1000.0, 1000.0, 1000.0, 1000.0, 1000.0, 1000.0, 1000.0, -999.0, -999.0, -999.0, -999.0, -999.0</values>
					</sample_size>
				</sampling_intervals>
			</data>
		</threshold>
		<threshold>
			<threshold_value>GT 0.35511 (Pr=0.625)</threshold_value>
			<data>
				<values>0.4193, 0.07266, 0.49196, 1.0, 0.31767, 0.24477, 0.5078, 0.23114, 1.15336, 0.03645, 0.4226, 0.09278, 0.152, -999.0, -999.0, -999.0, -999.0, -999.0</values>
				<sampling_intervals>
					<main_interval>
						<bounds>0.05, 0.95</bounds>
						<lower_bound>
							<values>0.37461, 0.05139, 0.45773, 1.0, 0.28224, 0.22169, 0.48486, 0.19604, 0.96634, 0.02806, 0.33522, 0.08223, 0.13519, -999.0, -999.0, -999.0, -999.0, -999.0</values>
						</lower_bound>
						<upper_bound>
							<values>0.46593, 0.0974, 0.53461, 1.0, 0.3507, 0.27251, 0.53406, 0.27251, 1.3377, 0.04648, 0.50957, 0.10547, 0.17173, -999.0, -999.0, -999.0, -999.0, -999.0</values>
						</upper_bound>
					</main_interval>
					<sample_size>
						<values>1000.0, 1000.0, 1000.0, 1000.0, 1000.0, 1000.0, 1000.0, 1000.0, 1000.0, 1000.0, 1000.0, 1000.0, 1000.0, -999.0, -999.0, -999.0, -999.0, -999.0</values>
					</sample_size>
				</sampling_intervals>
			</data>
		</threshold>
		<threshold>
			<threshold_value>GT 0.39605 (Pr=0.65)</threshold_value>
			<data>
				<values>0.42047, 0.08054, 0.50101, 1.0, 0.31185, 0.25584, 0.52353, 0.21719, 1.24047, 0.03222, 0.46164, 0.09059, 0.16525, -999.0, -999.0, -999.0, -999.0, -999.0</values>
				<sampling_intervals>
					<main_interval>
						<bounds>0.05, 0.95</bounds>
						<lower_bound>
							<values>0.36876, 0.06057, 0.46396, 1.0, 0.27755, 0.22955, 0.50007, 0.18143, 1.05151, 0.02435, 0.37057, 0.0795, 0.14715, -999.0, -999.0, -999.0, -999.0, -999.0</values>
						</lower_bound>
						<upper_bound>
							<values>0.4654, 0.10948, 0.54166, 1.0, 0.35052, 0.28448, 0.55064, 0.25318, 1.47506, 0.04055, 0.57487, 0.10299, 0.18612, -999.0, -999.0, -999.0, -999.0, -999.0</values>
						</upper_bound>
					</main_interval>
					<sample_size>
						<values>1000.0, 1000.0, 1000.0, 1000.0, 1000.0, 1000.0, 1000.0, 1000.0, 1000.0, 1000.0, 1000.0, 1000.0, 1000.0, -999.0, -999.0, -999.0, -999.0, -999.0</values>
					</sample_size>
				</sampling_intervals>
			</data>
		</threshold>
		<threshold>
			<threshold_value>GT 0.43383 (Pr=0.675)</threshold_value>
			<data>
				<values>0.41475, 0.09359, 0.50835, 1.0, 0.30969, 0.26784, 0.5434, 0.20004, 1.3777, 0.02734, 0.52139, 0.08761, 0.18023, -999.0, -999.0, -999.0, -999.0, -999.0</values>
				<sampling_intervals>
					<main_interval>
						<bounds>0.05, 0.95</bounds>
						<lower_bound>
							<values>0.3632, 0.06994, 0.47069, 1.0, 0.27339, 0.24044, 0.51818, 0.16979, 1.15469, 0.02115, 0.41254, 0.07674, 0.15978, -999.0, -999.0, -999.0, -999.0, -999.0</values>
						</lower_bound>
						<upper_bound>
							<values>0.46281, 0.12136, 0.54701, 1.0, 0.34799, 0.29605, 0.56969, 0.23607, 1.62608, 0.03503, 0.64281, 0.09989, 0.20009, -999.0, -999.0, -999.0, -999.0, -999.0</values>
						</upper_bound>
					</main_interval>
					<sample_size>
						<values>1000.0, 1000.0, 1000.0, 1000.0, 1000.0, 1000.0, 1000.0, 1000.0, 1000.0, 1000.0, 1000.0, 1000.0, 1000.0, -999.0, -999.0, -999.0, -999.0, -999.0</values>
					</sample_size>
				</sampling_intervals>
			</data>
		</threshold>
		<threshold>
			<threshold_value>GT 0.48206 (Pr=0.7)</threshold_value>
			<data>
				<values>0.40635, 0.10633, 0.51268, 1.0, 0.30691, 0.27913, 0.56587, 0.1883, 1.53323, 0.02376, 0.58372, 0.08413, 0.19501, -999.0, -999.0, -999.0, -999.0, -999.0</values>
				<sampling_intervals>
					<main_interval>
						<bounds>0.05, 0.95</bounds>
						<lower_bound>
							<values>0.355, 0.07908, 0.47487, 1.0, 0.26859, 0.25245, 0.53911, 0.15911, 1.26692, 0.01849, 0.45761, 0.07395, 0.17468, -999.0, -999.0, -999.0, -999.0, -999.0</values>
						</lower_bound>
						<upper_bound>
							<values>0.45997, 0.13623, 0.55563, 1.0, 0.34526, 0.30962, 0.59183, 0.22122, 1.81398, 0.03072, 0.72111, 0.09638, 0.21648, -999.0, -999.0, -999.0, -999.0, -999.0</values>
						</upper_bound>
					</main_interval>
					<sample_size>
						<values>1000.0, 1000.0, 1000.0, 1000.0, 1000.0, 1000.0, 1000.0, 1000.0, 1000.0, 1000.0, 1000.0, 1000.0, 1000.0, -999.0, -999.0, -999.0, -999.0, -999.0</values>
					</sample_size>
				</sampling_intervals>
			</data>
		</threshold>
		<threshold>
			<threshold_value>GT 0.53796 (Pr=0.725)</threshold_value>
			<data>
				<values>0.40071, 0.11903, 0.51974, 1.0, 0.30387, 0.29146, 0.58687, 0.17653, 1.69908, 0.02053, 0.65156, 0.08093, 0.21053, -999.0, -999.0, -999.0, -999.0, -999.0</values>
				<sampling_intervals>
					<main_interval>
						<bounds>0.05, 0.95</bounds>
						<lower_bound>
							<values>0.34329, 0.08764, 0.481, 1.0, 0.26156, 0.26374, 0.56095, 0.15066, 1.3829, 0.01601, 0.50158, 0.07037, 0.18918, -999.0, -999.0, -999.0, -999.0, -999.0</values>
						</lower_bound>
						<upper_bound>
							<values>0.46013, 0.15273, 0.56482, 1.0, 0.34334, 0.32288, 0.61441, 0.21167, 2.03404, 0.02697, 0.81044, 0.09232, 0.23363, -999.0, -999.0, -999.0, -999.0, -999.0</values>
						</upper_bound>
					</main_interval>
					<sample_size>
						<values>1000.0, 1000.0, 1000.0, 1000.0, 1000.0, 1000.0, 1000.0, 1000.0, 1000.0, 1000.0, 1000.0, 1000.0, 1000.0, -999.0, -999.0, -999.0, -999.0, -999.0</values>
					</sample_size>
				</sampling_intervals>
			</data>
		</threshold>
		<threshold>
			<threshold_value>GT 0.60975 (Pr=0.75)</threshold_value>
			<data>
				<values>0.40165, 0.12661, 0.52827, 1.0, 0.29535, 0.30364, 0.60663, 0.17367, 1.84705, 0.01855, 0.70803, 0.07706, 0.22658, -999.0, -999.0, -999.0, -999.0, -999.0</values>
				<sampling_intervals>
					<main_interval>
						<bounds>0.05, 0.95</bounds>
						<lower_bound>
							<values>0.3337, 0.09859, 0.48522, 1.0, 0.25627, 0.27543, 0.58202, 0.14424, 1.53376, 0.01402, 0.55927, 0.06675, 0.20428, -999.0, -999.0, -999.0, -999.0, -999.0</values>
						</lower_bound>
						<upper_bound>
							<values>0.45793, 0.1695, 0.57248, 1.0, 0.33944, 0.33715, 0.63831, 0.20515, 2.29255, 0.0237, 0.91901, 0.08773, 0.25276, -999.0, -999.0, -999.0, -999.0, -999.0</values>
						</upper_bound>
					</main_interval>
					<sample_size>
						<values>1000.0, 1000.0, 1000.0, 1000.0, 1000.0, 1000.0, 1000.0, 1000.0, 1000.0, 1000.0, 1000.0, 1000.0, 1000.0, -999.0, -999.0, -999.0, -999.0, -999.0</values>
					</sample_size>
				</sampling_intervals>
			</data>
		</threshold>
		<threshold>
			<threshold_value>GT 0.63792 (Pr=0.76)</threshold_value>
			<data>
				<values>0.39891, 0.13618, 0.53509, 1.0, 0.29385, 0.31065, 0.6179, 0.16899, 1.94842, 0.01711, 0.7499, 0.07544, 0.23522, -999.0, -999.0, -999.0, -999.0, -999.0</values>
				<sampling_intervals>
					<main_interval>
						<bounds>0.05, 0.95</bounds>
						<lower_bound>
							<values>0.33044, 0.10368, 0.48916, 1.0, 0.25434, 0.27957, 0.59127, 0.14204, 1.60895, 0.01332, 0.58218, 0.06537, 0.21043, -999.0, -999.0, -999.0, -999.0, -999.0</values>
						</lower_bound>
						<upper_bound>
							<values>0.4551, 0.17577, 0.57529, 1.0, 0.33629, 0.34236, 0.64932, 0.20354, 2.39813, 0.02227, 0.96015, 0.08573, 0.25866, -999.0, -999.0, -999.0, -999.0, -999.0</values>
						</upper_bound>
					</main_interval>
					<sample_size>
						<values>1000.0, 1000.0, 1000.0, 1000.0, 1000.0, 1000.0, 1000.0, 1000.0, 1000.0, 1000.0, 1000.0, 1000.0, 1000.0, -999.0, -999.0, -999.0, -999.0, -999.0</values>
					</sample_size>
				</sampling_intervals>
			</data>
		</threshold>
		<threshold>
			<threshold_value>GT 0.67213 (Pr=0.77)</threshold_value>
			<data>
				<values>0.39259, 0.14257, 0.53516, 1.0, 0.2919, 0.31644, 0.63195, 0.16698, 2.07638, 0.01606, 0.79491, 0.07299, 0.24345, -999.0, -999.0, -999.0, -999.0, -999.0</values>
				<sampling_intervals>
					<main_interval>
						<bounds>0.05, 0.95</bounds>
						<lower_bound>
							<values>0.32583, 0.10956, 0.4908, 1.0, 0.25497, 0.28432, 0.60194, 0.13984, 1.69111, 0.01262, 0.61627, 0.06362, 0.21753, -999.0, -999.0, -999.0, -999.0, -999.0</values>
						</lower_bound>
						<upper_bound>
							<values>0.44895, 0.18162, 0.57425, 1.0, 0.33531, 0.34738, 0.66093, 0.19972, 2.52562, 0.02103, 1.0052, 0.0834, 0.26637, -999.0, -999.0, -999.0, -999.0, -999.0</values>
						</upper_bound>
					</main_interval>
					<sample_size>
						<values>1000.0, 1000.0, 1000.0, 1000.0, 1000.0, 1000.0, 1000.0, 1000.0, 1000.0, 1000.0, 1000.0, 1000.0, 1000.0, -999.0, -999.0, -999.0, -999.0, -999.0</values>
					</sample_size>
				</sampling_intervals>
			</data>
		</threshold>
		<threshold>
			<threshold_value>GT 0.70442 (Pr=0.78)</threshold_value>
			<data>
				<values>0.38386, 0.14885, 0.53271, 1.0, 0.29322, 0.31855, 0.64147, 0.16699, 2.19368, 0.01544, 0.83939, 0.0706, 0.24796, -999.0, -999.0, -999.0, -999.0, -999.0</values>
				<sampling_intervals>
					<main_interval>
						<bounds>0.05, 0.95</bounds>
						<lower_bound>
							<values>0.31778, 0.1158, 0.49233, 1.0, 0.25487, 0.28867, 0.61306, 0.13864, 1.77728, 0.01185, 0.65028, 0.06176, 0.22454, -999.0, -999.0, -999.0, -999.0, -999.0</values>
						</lower_bound>
						<upper_bound>
							<values>0.44399, 0.19113, 0.57265, 1.0, 0.33463, 0.35164, 0.67247, 0.19807, 2.66112, 0.01985, 1.06185, 0.0808, 0.2735, -999.0, -999.0, -999.0, -999.0, -999.0</values>
						</upper_bound>
					</main_interval>
					<sample_size>
						<values>1000.0, 1000.0, 1000.0, 1000.0, 1000.0, 1000.0, 1000.0, 1000.0, 1000.0, 1000.0, 1000.0, 1000.0, 1000.0, -999.0, -999.0, -999.0, -999.0, -999.0</values>
					</sample_size>
				</sampling_intervals>
			</data>
		</threshold>
		<threshold>
			<threshold_value>GT 0.73877 (Pr=0.79)</threshold_value>
			<data>
				<values>0.38069, 0.154, 0.53469, 1.0, 0.2918, 0.32222, 0.64973, 0.16623, 2.28936, 0.01484, 0.87398, 0.06876, 0.25346, -999.0, -999.0, -999.0, -999.0, -999.0</values>
				<sampling_intervals>
					<main_interval>
						<bounds>0.05, 0.95</bounds>
						<lower_bound>
							<values>0.30904, 0.12111, 0.49211, 1.0, 0.25333, 0.29291, 0.62424, 0.13872, 1.89044, 0.01132, 0.68442, 0.05959, 0.2304, -999.0, -999.0, -999.0, -999.0, -999.0</values>
						</lower_bound>
						<upper_bound>
							<values>0.43698, 0.1994, 0.57318, 1.0, 0.33369, 0.35499, 0.6856, 0.19601, 2.8379, 0.01879, 1.12364, 0.07805, 0.28014, -999.0, -999.0, -999.0, -999.0, -999.0</values>
						</upper_bound>
					</main_interval>
					<sample_size>
						<values>1000.0, 1000.0, 1000.0, 1000.0, 1000.0, 1000.0, 1000.0, 1000.0, 1000.0, 1000.0, 1000.0, 1000.0, 1000.0, -999.0, -999.0, -999.0, -999.0, -999.0</values>
					</sample_size>
				</sampling_intervals>
			</data>
		</threshold>
		<threshold>
			<threshold_value>GT 0.77845 (Pr=0.8)</threshold_value>
			<data>
				<values>0.36784, 0.16426, 0.53209, 1.0, 0.29204, 0.32795, 0.66808, 0.16341, 2.48407, 0.01375, 0.93912, 0.06624, 0.2617, -999.0, -999.0, -999.0, -999.0, -999.0</values>
				<sampling_intervals>
					<main_interval>
						<bounds>0.05, 0.95</bounds>
						<lower_bound>
							<values>0.29825, 0.12724, 0.49021, 1.0, 0.25288, 0.29668, 0.63798, 0.13799, 2.01962, 0.01063, 0.72317, 0.05747, 0.23623, -999.0, -999.0, -999.0, -999.0, -999.0</values>
						</lower_bound>
						<upper_bound>
							<values>0.42832, 0.20794, 0.57177, 1.0, 0.33483, 0.35951, 0.69971, 0.19527, 3.02894, 0.01778, 1.19335, 0.07537, 0.2873, -999.0, -999.0, -999.0, -999.0, -999.0</values>
						</upper_bound>
					</main_interval>
					<sample_size>
						<values>1000.0, 1000.0, 1000.0, 1000.0, 1000.0, 1000.0, 1000.0, 1000.0, 1000.0, 1000.0, 1000.0, 1000.0, 1000.0, -999.0, -999.0, -999.0, -999.0, -999.0</values>
					</sample_size>
				</sampling_intervals>
			</data>
		</threshold>
		<threshold>
			<threshold_value>GT 0.81629 (Pr=0.81)</threshold_value>
			<data>
				<values>0.3583, 0.17044, 0.52875, 1.0, 0.29132, 0.33099, 0.68137, 0.16551, 2.63937, 0.01322, 0.9895, 0.06371, 0.26728, -999.0, -999.0, -999.0, -999.0, -999.0</values>
				<sampling_intervals>
					<main_interval>
						<bounds>0.05, 0.95</bounds>
						<lower_bound>
							<values>0.28667, 0.1327, 0.48924, 1.0, 0.25287, 0.3001, 0.65173, 0.13905, 2.16081, 0.01011, 0.76906, 0.05507, 0.24168, -999.0, -999.0, -999.0, -999.0, -999.0</values>
						</lower_bound>
						<upper_bound>
							<values>0.42202, 0.21825, 0.5703, 1.0, 0.33407, 0.36305, 0.71462, 0.19616, 3.2336, 0.01699, 1.26678, 0.07267, 0.294, -999.0, -999.0, -999.0, -999.0, -999.0</values>
						</upper_bound>
					</main_interval>
					<sample_size>
						<values>1000.0, 1000.0, 1000.0, 1000.0, 1000.0, 1000.0, 1000.0, 1000.0, 1000.0, 1000.0, 1000.0, 1000.0, 1000.0, -999.0, -999.0, -999.0, -999.0, -999.0</values>
					</sample_size>
				</sampling_intervals>
			</data>
		</threshold>
		<threshold>
			<threshold_value>GT 0.86652 (Pr=0.82)</threshold_value>
			<data>
				<values>0.35043, 0.18024, 0.53067, 1.0, 0.29004, 0.33677, 0.69629, 0.16458, 2.83396, 0.01234, 1.05593, 0.06119, 0.27558, -999.0, -999.0, -999.0, -999.0, -999.0</values>
				<sampling_intervals>
					<main_interval>
						<bounds>0.05, 0.95</bounds>
						<lower_bound>
							<values>0.27807, 0.13795, 0.48594, 1.0, 0.25201, 0.30283, 0.66408, 0.13894, 2.29458, 0.00967, 0.81521, 0.05241, 0.24806, -999.0, -999.0, -999.0, -999.0, -999.0</values>
						</lower_bound>
						<upper_bound>
							<values>0.41402, 0.22652, 0.56603, 1.0, 0.33403, 0.36542, 0.7286, 0.19727, 3.48, 0.01629, 1.34914, 0.06936, 0.30035, -999.0, -999.0, -999.0, -999.0, -999.0</values>
						</upper_bound>
					</main_interval>
					<sample_size>
						<values>1000.0, 1000.0, 1000.0, 1000.0, 1000.0, 1000.0, 1000.0, 1000.0, 1000.0, 1000.0, 1000.0, 1000.0, 1000.0, -999.0, -999.0, -999.0, -999.0, -999.0</values>
					</sample_size>
				</sampling_intervals>
			</data>
		</threshold>
		<threshold>
			<threshold_value>GT 0.91549 (Pr=0.83)</threshold_value>
			<data>
				<values>0.33608, 0.18576, 0.52183, 1.0, 0.2925, 0.33576, 0.70718, 0.16841, 3.05905, 0.01212, 1.13072, 0.05756, 0.2782, -999.0, -999.0, -999.0, -999.0, -999.0</values>
				<sampling_intervals>
					<main_interval>
						<bounds>0.05, 0.95</bounds>
						<lower_bound>
							<values>0.26251, 0.14178, 0.4833, 1.0, 0.25148, 0.30602, 0.67377, 0.1395, 2.45234, 0.00917, 0.86316, 0.04981, 0.2534, -999.0, -999.0, -999.0, -999.0, -999.0</values>
						</lower_bound>
						<upper_bound>
							<values>0.40521, 0.23664, 0.56479, 1.0, 0.33478, 0.36945, 0.74173, 0.19802, 3.76722, 0.01557, 1.4497, 0.06634, 0.30622, -999.0, -999.0, -999.0, -999.0, -999.0</values>
						</upper_bound>
					</main_interval>
					<sample_size>
						<values>1000.0, 1000.0, 1000.0, 1000.0, 1000.0, 1000.0, 1000.0, 1000.0, 1000.0, 1000.0, 1000.0, 1000.0, 1000.0, -999.0, -999.0, -999.0, -999.0, -999.0</values>
					</sample_size>
				</sampling_intervals>
			</data>
		</threshold>
		<threshold>
			<threshold_value>GT 0.98156 (Pr=0.84)</threshold_value>
			<data>
				<values>0.33518, 0.18939, 0.52457, 1.0, 0.28845, 0.34099, 0.71736, 0.16924, 3.25906, 0.01149, 1.19523, 0.05469, 0.2863, -999.0, -999.0, -999.0, -999.0, -999.0</values>
				<sampling_intervals>
					<main_interval>
						<bounds>0.05, 0.95</bounds>
						<lower_bound>
							<values>0.25263, 0.14894, 0.48082, 1.0, 0.25175, 0.30762, 0.6842, 0.13983, 2.64812, 0.00877, 0.92607, 0.04708, 0.25814, -999.0, -999.0, -999.0, -999.0, -999.0</values>
						</lower_bound>
						<upper_bound>
							<values>0.3981, 0.24399, 0.56517, 1.0, 0.33354, 0.3724, 0.75373, 0.19857, 4.04981, 0.01491, 1.54652, 0.06322, 0.313, -999.0, -999.0, -999.0, -999.0, -999.0</values>
						</upper_bound>
					</main_interval>
					<sample_size>
						<values>1000.0, 1000.0, 1000.0, 1000.0, 1000.0, 1000.0, 1000.0, 1000.0, 1000.0, 1000.0, 1000.0, 1000.0, 1000.0, -999.0, -999.0, -999.0, -999.0, -999.0</values>
					</sample_size>
				</sampling_intervals>
			</data>
		</threshold>
		<threshold>
			<threshold_value>GT 1.04274 (Pr=0.85)</threshold_value>
			<data>
				<values>0.32405, 0.19771, 0.52175, 1.0, 0.28935, 0.34433, 0.73094, 0.16858, 3.54311, 0.01082, 1.28941, 0.05177, 0.29256, -999.0, -999.0, -999.0, -999.0, -999.0</values>
				<sampling_intervals>
					<main_interval>
						<bounds>0.05, 0.95</bounds>
						<lower_bound>
							<values>0.24236, 0.15697, 0.47974, 1.0, 0.25184, 0.31018, 0.69544, 0.14115, 2.85243, 0.0083, 1.00818, 0.04445, 0.2631, -999.0, -999.0, -999.0, -999.0, -999.0</values>
						</lower_bound>
						<upper_bound>
							<values>0.39092, 0.25174, 0.56297, 1.0, 0.33383, 0.37684, 0.76774, 0.20123, 4.3569, 0.01414, 1.65635, 0.06011, 0.31851, -999.0, -999.0, -999.0, -999.0, -999.0</values>
						</upper_bound>
					</main_interval>
					<sample_size>
						<values>1000.0, 1000.0, 1000.0, 1000.0, 1000.0, 1000.0, 1000.0, 1000.0, 1000.0, 1000.0, 1000.0, 1000.0, 1000.0, -999.0, -999.0, -999.0, -999.0, -999.0</values>
					</sample_size>
				</sampling_intervals>
			</data>
		</threshold>
		<threshold>
			<threshold_value>GT 1.1118 (Pr=0.86)</threshold_value>
			<data>
				<values>0.30929, 0.20719, 0.51648, 1.0, 0.2917, 0.34488, 0.74389, 0.17263, 3.86493, 0.01038, 1.3975, 0.04839, 0.29649, -999.0, -999.0, -999.0, -999.0, -999.0</values>
				<sampling_intervals>
					<main_interval>
						<bounds>0.05, 0.95</bounds>
						<lower_bound>
							<values>0.2311, 0.16594, 0.47567, 1.0, 0.25241, 0.31165, 0.70898, 0.14055, 3.10197, 0.00784, 1.08482, 0.04174, 0.26782, -999.0, -999.0, -999.0, -999.0, -999.0</values>
						</lower_bound>
						<upper_bound>
							<values>0.38219, 0.26168, 0.56472, 1.0, 0.33318, 0.38152, 0.78228, 0.20005, 4.7539, 0.01312, 1.77986, 0.05661, 0.3267, -999.0, -999.0, -999.0, -999.0, -999.0</values>
						</upper_bound>
					</main_interval>
					<sample_size>
						<values>1000.0, 1000.0, 1000.0, 1000.0, 1000.0, 1000.0, 1000.0, 1000.0, 1000.0, 1000.0, 1000.0, 1000.0, 1000.0, -999.0, -999.0, -999.0, -999.0, -999.0</values>
					</sample_size>
				</sampling_intervals>
			</data>
		</threshold>
		<threshold>
			<threshold_value>GT 1.17709 (Pr=0.87)</threshold_value>
			<data>
				<values>0.3024, 0.22227, 0.52467, 1.0, 0.29089, 0.35691, 0.76362, 0.16208, 4.25602, 0.00907, 1.53232, 0.04669, 0.31022, -999.0, -999.0, -999.0, -999.0, -999.0</values>
				<sampling_intervals>
					<main_interval>
						<bounds>0.05, 0.95</bounds>
						<lower_bound>
							<values>0.21813, 0.17168, 0.4742, 1.0, 0.25406, 0.31605, 0.71937, 0.1409, 3.36986, 0.00733, 1.17897, 0.03915, 0.27609, -999.0, -999.0, -999.0, -999.0, -999.0</values>
						</lower_bound>
						<upper_bound>
							<values>0.37464, 0.27165, 0.56386, 1.0, 0.33391, 0.385, 0.79902, 0.20147, 5.21587, 0.01238, 1.93701, 0.05304, 0.3344, -999.0, -999.0, -999.0, -999.0, -999.0</values>
						</upper_bound>
					</main_interval>
					<sample_size>
						<values>1000.0, 1000.0, 1000.0, 1000.0, 1000.0, 1000.0, 1000.0, 1000.0, 1000.0, 1000.0, 1000.0, 1000.0, 1000.0, -999.0, -999.0, -999.0, -999.0, -999.0</values>
					</sample_size>
				</sampling_intervals>
			</data>
		</threshold>
		<threshold>
			<threshold_value>GT 1.27093 (Pr=0.88)</threshold_value>
			<data>
				<values>0.28619, 0.22769, 0.51388, 1.0, 0.29325, 0.35362, 0.77418, 0.17194, 4.68431, 0.00893, 1.66936, 0.04246, 0.31116, -999.0, -999.0, -999.0, -999.0, -999.0</values>
				<sampling_intervals>
					<main_interval>
						<bounds>0.05, 0.95</bounds>
						<lower_bound>
							<values>0.20598, 0.17646, 0.46911, 1.0, 0.25507, 0.31725, 0.72687, 0.144, 3.70214, 0.00694, 1.27504, 0.03624, 0.27888, -999.0, -999.0, -999.0, -999.0, -999.0</values>
						</lower_bound>
						<upper_bound>
							<values>0.36384, 0.2824, 0.5578, 1.0, 0.33671, 0.38416, 0.81442, 0.20557, 5.74106, 0.01181, 2.11046, 0.04909, 0.3382, -999.0, -999.0, -999.0, -999.0, -999.0</values>
						</upper_bound>
					</main_interval>
					<sample_size>
						<values>1000.0, 1000.0, 1000.0, 1000.0, 1000.0, 1000.0, 1000.0, 1000.0, 1000.0, 1000.0, 1000.0, 1000.0, 1000.0, -999.0, -999.0, -999.0, -999.0, -999.0</values>
					</sample_size>
				</sampling_intervals>
			</data>
		</threshold>
		<threshold>
			<threshold_value>GT 1.37508 (Pr=0.89)</threshold_value>
			<data>
				<values>0.26984, 0.23367, 0.50351, 1.0, 0.29723, 0.34851, 0.78145, 0.17978, 5.16055, 0.00884, 1.81969, 0.03851, 0.31, -999.0, -999.0, -999.0, -999.0, -999.0</values>
				<sampling_intervals>
					<main_interval>
						<bounds>0.05, 0.95</bounds>
						<lower_bound>
							<values>0.19084, 0.17752, 0.46415, 1.0, 0.25492, 0.31471, 0.72821, 0.15039, 3.99604, 0.00677, 1.36276, 0.03305, 0.27967, -999.0, -999.0, -999.0, -999.0, -999.0</values>
						</lower_bound>
						<upper_bound>
							<values>0.35828, 0.29638, 0.55064, 1.0, 0.33837, 0.38245, 0.8265, 0.21292, 6.42533, 0.01154, 2.34066, 0.04512, 0.34006, -999.0, -999.0, -999.0, -999.0, -999.0</values>
						</upper_bound>
					</main_interval>
					<sample_size>
						<values>1000.0, 1000.0, 1000.0, 1000.0, 1000.0, 1000.0, 1000.0, 1000.0, 1000.0, 1000.0, 1000.0, 1000.0, 1000.0, -999.0, -999.0, -999.0, -999.0, -999.0</values>
					</sample_size>
				</sampling_intervals>
			</data>
		</threshold>
		<threshold>
			<threshold_value>GT 1.509 (Pr=0.9)</threshold_value>
			<data>
				<values>0.273, 0.23321, 0.50622, 1.0, 0.2945, 0.34785, 0.78034, 0.18496, 5.57212, 0.00854, 1.94986, 0.035, 0.31285, -999.0, -999.0, -999.0, -999.0, -999.0</values>
				<sampling_intervals>
					<main_interval>
						<bounds>0.05, 0.95</bounds>
						<lower_bound>
							<values>0.17263, 0.17584, 0.45497, 1.0, 0.25413, 0.30776, 0.72262, 0.15723, 4.33939, 0.00669, 1.45091, 0.02937, 0.27729, -999.0, -999.0, -999.0, -999.0, -999.0</values>
						</lower_bound>
						<upper_bound>
							<values>0.35695, 0.29967, 0.54683, 1.0, 0.34152, 0.37893, 0.83442, 0.22285, 7.08093, 0.01145, 2.58134, 0.0406, 0.34091, -999.0, -999.0, -999.0, -999.0, -999.0</values>
						</upper_bound>
					</main_interval>
					<sample_size>
						<values>1000.0, 1000.0, 1000.0, 1000.0, 1000.0, 1000.0, 1000.0, 1000.0, 1000.0, 1000.0, 1000.0, 1000.0, 1000.0, -999.0, -999.0, -999.0, -999.0, -999.0</values>
					</sample_size>
				</sampling_intervals>
			</data>
		</threshold>
		<threshold>
			<threshold_value>GT 1.65653 (Pr=0.91)</threshold_value>
			<data>
				<values>0.27578, 0.22827, 0.50405, 1.0, 0.29085, 0.3448, 0.77817, 0.19175, 6.09015, 0.00831, 2.08666, 0.03113, 0.31367, -999.0, -999.0, -999.0, -999.0, -999.0</values>
				<sampling_intervals>
					<main_interval>
						<bounds>0.05, 0.95</bounds>
						<lower_bound>
							<values>0.16906, 0.17119, 0.45094, 1.0, 0.25494, 0.29939, 0.71978, 0.16612, 4.74551, 0.00657, 1.56203, 0.02583, 0.27251, -999.0, -999.0, -999.0, -999.0, -999.0</values>
						</lower_bound>
						<upper_bound>
							<values>0.34761, 0.29689, 0.54265, 1.0, 0.34077, 0.37469, 0.83287, 0.23613, 7.77511, 0.01136, 2.79704, 0.03601, 0.34054, -999.0, -999.0, -999.0, -999.0, -999.0</values>
						</upper_bound>
					</main_interval>
					<sample_size>
						<values>1000.0, 1000.0, 1000.0, 1000.0, 1000.0, 1000.0, 1000.0, 1000.0, 1000.0, 1000.0, 1000.0, 1000.0, 1000.0, -999.0, -999.0, -999.0, -999.0, -999.0</values>
					</sample_size>
				</sampling_intervals>
			</data>
		</threshold>
		<threshold>
			<threshold_value>GT 1.8356 (Pr=0.92)</threshold_value>
			<data>
				<values>0.2555, 0.22625, 0.48175, 1.0, 0.29719, 0.32851, 0.77583, 0.21071, 6.86358, 0.00856, 2.28153, 0.02636, 0.30215, -999.0, -999.0, -999.0, -999.0, -999.0</values>
				<sampling_intervals>
					<main_interval>
						<bounds>0.05, 0.95</bounds>
						<lower_bound>
							<values>0.16971, 0.16451, 0.43698, 1.0, 0.26068, 0.28353, 0.7021, 0.17711, 5.24927, 0.00661, 1.6703, 0.02173, 0.26071, -999.0, -999.0, -999.0, -999.0, -999.0</values>
						</lower_bound>
						<upper_bound>
							<values>0.33699, 0.29344, 0.52813, 1.0, 0.34141, 0.36449, 0.83149, 0.25775, 8.64114, 0.01168, 3.0008, 0.03105, 0.33547, -999.0, -999.0, -999.0, -999.0, -999.0</values>
						</upper_bound>
					</main_interval>
					<sample_size>
						<values>1000.0, 1000.0, 1000.0, 1000.0, 1000.0, 1000.0, 1000.0, 1000.0, 1000.0, 1000.0, 1000.0, 1000.0, 1000.0, -999.0, -999.0, -999.0, -999.0, -999.0</values>
					</sample_size>
				</sampling_intervals>
			</data>
		</threshold>
		<threshold>
			<threshold_value>GT 2.09857 (Pr=0.93)</threshold_value>
			<data>
				<values>0.24546, 0.21473, 0.4602, 1.0, 0.30597, 0.30535, 0.75392, 0.23721, 7.60702, 0.0090, 2.47384, 0.02143, 0.28391, -999.0, -999.0, -999.0, -999.0, -999.0</values>
				<sampling_intervals>
					<main_interval>
						<bounds>0.05, 0.95</bounds>
						<lower_bound>
							<values>0.15773, 0.15051, 0.4139, 1.0, 0.273, 0.25685, 0.66767, 0.19793, 5.69483, 0.00683, 1.77842, 0.01739, 0.23895, -999.0, -999.0, -999.0, -999.0, -999.0</values>
						</lower_bound>
						<upper_bound>
							<values>0.32906, 0.2856, 0.50402, 1.0, 0.3499, 0.34482, 0.82274, 0.28879, 9.65574, 0.01244, 3.27593, 0.02532, 0.32052, -999.0, -999.0, -999.0, -999.0, -999.0</values>
						</upper_bound>
					</main_interval>
					<sample_size>
						<values>1000.0, 1000.0, 1000.0, 1000.0, 1000.0, 1000.0, 1000.0, 1000.0, 1000.0, 1000.0, 1000.0, 1000.0, 1000.0, -999.0, -999.0, -999.0, -999.0, -999.0</values>
					</sample_size>
				</sampling_intervals>
			</data>
		</threshold>
		<threshold>
			<threshold_value>GT 2.45624 (Pr=0.94)</threshold_value>
			<data>
				<values>0.2617, 0.18478, 0.44648, 1.0, 0.31369, 0.27144, 0.69605, 0.27609, 7.94019, 0.00991, 2.48057, 0.01637, 0.25507, -999.0, -999.0, -999.0, -999.0, -999.0</values>
				<sampling_intervals>
					<main_interval>
						<bounds>0.05, 0.95</bounds>
						<lower_bound>
							<values>0.14323, 0.12772, 0.39777, 1.0, 0.27799, 0.22969, 0.61724, 0.22931, 5.82081, 0.00727, 1.68132, 0.01316, 0.21607, -999.0, -999.0, -999.0, -999.0, -999.0</values>
						</lower_bound>
						<upper_bound>
							<values>0.34306, 0.27853, 0.49042, 1.0, 0.36264, 0.31485, 0.79599, 0.32875, 11.07157, 0.01306, 3.68564, 0.01982, 0.296, -999.0, -999.0, -999.0, -999.0, -999.0</values>
						</upper_bound>
					</main_interval>
					<sample_size>
						<values>1000.0, 1000.0, 1000.0, 1000.0, 1000.0, 1000.0, 1000.0, 1000.0, 1000.0, 1000.0, 1000.0, 1000.0, 1000.0, -999.0, -999.0, -999.0, -999.0, -999.0</values>
					</sample_size>
				</sampling_intervals>
			</data>
		</threshold>
		<threshold>
			<threshold_value>GT 2.9322 (Pr=0.95)</threshold_value>
			<data>
				<values>0.25844, 0.17031, 0.42875, 1.0, 0.32486, 0.24148, 0.65818, 0.31912, 8.76096, 0.01011, 2.52247, 0.01208, 0.22939, -999.0, -999.0, -999.0, -999.0, -999.0</values>
				<sampling_intervals>
					<main_interval>
						<bounds>0.05, 0.95</bounds>
						<lower_bound>
							<values>0.15994, 0.1164, 0.38696, 1.0, 0.28113, 0.20452, 0.57258, 0.26773, 6.09501, 0.00776, 1.64526, 0.0098, 0.19367, -999.0, -999.0, -999.0, -999.0, -999.0</values>
						</lower_bound>
						<upper_bound>
							<values>0.35344, 0.24635, 0.48591, 1.0, 0.37011, 0.28411, 0.73963, 0.36661, 12.03184, 0.01287, 3.76785, 0.01516, 0.2693, -999.0, -999.0, -999.0, -999.0, -999.0</values>
						</upper_bound>
					</main_interval>
					<sample_size>
						<values>1000.0, 1000.0, 1000.0, 1000.0, 1000.0, 1000.0, 1000.0, 1000.0, 1000.0, 1000.0, 1000.0, 1000.0, 1000.0, -999.0, -999.0, -999.0, -999.0, -999.0</values>
					</sample_size>
				</sampling_intervals>
			</data>
		</threshold>
		<threshold>
			<threshold_value>GT 3.55216 (Pr=0.96)</threshold_value>
			<data>
				<values>0.29002, 0.14255, 0.43257, 1.0, 0.33689, 0.20829, 0.58138, 0.36495, 8.94115, 0.01014, 2.26771, 0.00838, 0.19991, -999.0, -999.0, -999.0, -999.0, -999.0</values>
				<sampling_intervals>
					<main_interval>
						<bounds>0.05, 0.95</bounds>
						<lower_bound>
							<values>0.17883, 0.08403, 0.38025, 1.0, 0.29222, 0.15948, 0.47554, 0.30785, 5.77971, 0.00752, 1.09683, 0.0062, 0.1531, -999.0, -999.0, -999.0, -999.0, -999.0</values>
						</lower_bound>
						<upper_bound>
							<values>0.36851, 0.22738, 0.47645, 1.0, 0.38996, 0.25524, 0.69277, 0.44052, 13.38144, 0.0138, 3.86234, 0.01077, 0.24504, -999.0, -999.0, -999.0, -999.0, -999.0</values>
						</upper_bound>
					</main_interval>
					<sample_size>
						<values>1000.0, 1000.0, 1000.0, 1000.0, 1000.0, 1000.0, 1000.0, 1000.0, 1000.0, 1000.0, 1000.0, 1000.0, 1000.0, -999.0, -999.0, -999.0, -999.0, -999.0</values>
					</sample_size>
				</sampling_intervals>
			</data>
		</threshold>
		<threshold>
			<threshold_value>GT 4.52265 (Pr=0.97)</threshold_value>
			<data>
				<values>0.30407, 0.08233, 0.38641, 1.0, 0.38784, 0.14654, 0.45463, 0.46701, 8.0874, 0.01091, 1.15216, 0.0044, 0.14214, -999.0, -999.0, -999.0, -999.0, -999.0</values>
				<sampling_intervals>
					<main_interval>
						<bounds>0.05, 0.95</bounds>
						<lower_bound>
							<values>0.20531, 0.03305, 0.33242, 1.0, 0.33664, 0.09829, 0.26917, 0.3903, 2.61749, 0.00803, 0.053, 0.00288, 0.09532, -999.0, -999.0, -999.0, -999.0, -999.0</values>
						</lower_bound>
						<upper_bound>
							<values>0.3774, 0.16749, 0.44456, 1.0, 0.47608, 0.19552, 0.58154, 0.57002, 13.53003, 0.01503, 2.88046, 0.00603, 0.18998, -999.0, -999.0, -999.0, -999.0, -999.0</values>
						</upper_bound>
					</main_interval>
					<sample_size>
						<values>1000.0, 1000.0, 1000.0, 1000.0, 1000.0, 1000.0, 1000.0, 1000.0, 1000.0, 1000.0, 1000.0, 1000.0, 1000.0, -999.0, -999.0, -999.0, -999.0, -999.0</values>
					</sample_size>
				</sampling_intervals>
			</data>
		</threshold>
		<threshold>
			<threshold_value>GT 5.62808 (Pr=0.97734)</threshold_value>
			<data>
				<values>0.33367, 0.03082, 0.36449, 1.0, 0.50775, 0.08479, 0.24336, 0.60054, 3.45556, 0.01195, 0.05308, 0.00195, 0.08284, -999.0, -999.0, -999.0, -999.0, -999.0</values>
				<sampling_intervals>
					<main_interval>
						<bounds>0.05, 0.95</bounds>
						<lower_bound>
							<values>0.23492, 0.01484, 0.29742, 1.0, 0.42193, 0.05937, 0.19121, 0.49755, 2.27593, 0.00856, 0.02828, 0.00128, 0.05803, -999.0, -999.0, -999.0, -999.0, -999.0</values>
						</lower_bound>
						<upper_bound>
							<values>0.37993, 0.09638, 0.41392, 1.0, 0.57959, 0.12529, 0.42953, 0.66919, 11.88476, 0.0147, 1.30035, 0.0029, 0.12249, -999.0, -999.0, -999.0, -999.0, -999.0</values>
						</upper_bound>
					</main_interval>
					<sample_size>
						<values>1000.0, 1000.0, 1000.0, 1000.0, 1000.0, 1000.0, 1000.0, 1000.0, 1000.0, 1000.0, 1000.0, 1000.0, 1000.0, -999.0, -999.0, -999.0, -999.0, -999.0</values>
					</sample_size>
				</sampling_intervals>
			</data>
		</threshold>
		<threshold>
			<threshold_value>GT 6.1203 (Pr=0.98)</threshold_value>
			<data>
				<values>0.30305, 0.02506, 0.32811, 1.0, 0.55525, 0.06697, 0.20867, 0.64355, 3.31349, 0.01132, 0.04144, 0.00134, 0.06563, -999.0, -999.0, -999.0, -999.0, -999.0</values>
				<sampling_intervals>
					<main_interval>
						<bounds>0.05, 0.95</bounds>
						<lower_bound>
							<values>0.24885, 0.01361, 0.28209, 1.0, 0.47039, 0.05059, 0.17501, 0.55682, 2.34174, 0.00878, 0.02494, 9.6E-4, 0.0495, -999.0, -999.0, -999.0, -999.0, -999.0</values>
						</lower_bound>
						<upper_bound>
							<values>0.35766, 0.05145, 0.38992, 1.0, 0.60755, 0.1004, 0.29338, 0.69066, 6.48894, 0.01375, 0.11764, 0.00209, 0.09844, -999.0, -999.0, -999.0, -999.0, -999.0</values>
						</upper_bound>
					</main_interval>
					<sample_size>
						<values>1000.0, 1000.0, 1000.0, 1000.0, 1000.0, 1000.0, 1000.0, 1000.0, 1000.0, 1000.0, 1000.0, 1000.0, 1000.0, -999.0, -999.0, -999.0, -999.0, -999.0</values>
					</sample_size>
				</sampling_intervals>
			</data>
		</threshold>
		<threshold>
			<threshold_value>GT 6.56721 (Pr=0.98277)</threshold_value>
			<data>
				<values>0.28741, 0.02801, 0.31542, 1.0, 0.57504, 0.06016, 0.19771, 0.65787, 3.81382, 0.01013, 0.03939, 0.00104, 0.05912, -999.0, -999.0, -999.0, -999.0, -999.0</values>
				<sampling_intervals>
					<main_interval>
						<bounds>0.05, 0.95</bounds>
						<lower_bound>
							<values>0.23896, 0.01429, 0.26631, 1.0, 0.50779, 0.04388, 0.16045, 0.59824, 2.48469, 0.00814, 0.02274, 7.0E-4, 0.04315, -999.0, -999.0, -999.0, -999.0, -999.0</values>
						</lower_bound>
						<upper_bound>
							<values>0.33821, 0.05186, 0.37151, 1.0, 0.63117, 0.08418, 0.24798, 0.71144, 5.91579, 0.01244, 0.07284, 0.00151, 0.08266, -999.0, -999.0, -999.0, -999.0, -999.0</values>
						</upper_bound>
					</main_interval>
					<sample_size>
						<values>1000.0, 1000.0, 1000.0, 1000.0, 1000.0, 1000.0, 1000.0, 1000.0, 1000.0, 1000.0, 1000.0, 1000.0, 1000.0, -999.0, -999.0, -999.0, -999.0, -999.0</values>
					</sample_size>
				</sampling_intervals>
			</data>
		</threshold>
		<threshold>
			<threshold_value>GT 8.8108 (Pr=0.99)</threshold_value>
			<data>
				<values>0.22459, 0.04653, 0.27112, 1.0, 0.66571, 0.03494, 0.14464, 0.73547, 4.71382, 0.00675, 0.01908, 3.5E-4, 0.03459, -999.0, -999.0, -999.0, -999.0, -999.0</values>
				<sampling_intervals>
					<main_interval>
						<bounds>0.05, 0.95</bounds>
						<lower_bound>
							<values>0.16141, 0.02411, 0.20493, 1.0, 0.57282, 0.01977, 0.10511, 0.65469, 2.65287, 0.00526, 0.00863, 1.9E-4, 0.01959, -999.0, -999.0, -999.0, -999.0, -999.0</values>
						</lower_bound>
						<upper_bound>
							<values>0.2981, 0.08485, 0.35655, 1.0, 0.74326, 0.06009, 0.1984, 0.79967, 8.09814, 0.00857, 0.04529, 6.1E-4, 0.05951, -999.0, -999.0, -999.0, -999.0, -999.0</values>
						</upper_bound>
					</main_interval>
					<sample_size>
						<values>1000.0, 1000.0, 1000.0, 1000.0, 1000.0, 1000.0, 1000.0, 1000.0, 1000.0, 1000.0, 1000.0, 1000.0, 1000.0, -999.0, -999.0, -999.0, -999.0, -999.0</values>
					</sample_size>
				</sampling_intervals>
			</data>
		</threshold>
		<threshold>
			<threshold_value>GT 9.11855 (Pr=0.99083)</threshold_value>
			<data>
				<values>0.22018, 0.04341, 0.26359, 1.0, 0.67385, 0.03304, 0.13901, 0.74222, 4.82816, 0.00626, 0.01733, 3.0E-4, 0.03274, -999.0, -999.0, -999.0, -999.0, -999.0</values>
				<sampling_intervals>
					<main_interval>
						<bounds>0.05, 0.95</bounds>
						<lower_bound>
							<values>0.15799, 0.02703, 0.19975, 1.0, 0.58148, 0.01835, 0.09796, 0.66301, 2.7263, 0.0049, 0.00794, 1.6E-4, 0.0182, -999.0, -999.0, -999.0, -999.0, -999.0</values>
						</lower_bound>
						<upper_bound>
							<values>0.29764, 0.09081, 0.36564, 1.0, 0.75186, 0.05745, 0.18984, 0.80502, 8.46145, 0.00796, 0.04054, 5.3E-4, 0.05684, -999.0, -999.0, -999.0, -999.0, -999.0</values>
						</upper_bound>
					</main_interval>
					<sample_size>
						<values>1000.0, 1000.0, 1000.0, 1000.0, 1000.0, 1000.0, 1000.0, 1000.0, 1000.0, 1000.0, 1000.0, 1000.0, 1000.0, -999.0, -999.0, -999.0, -999.0, -999.0</values>
					</sample_size>
				</sampling_intervals>
			</data>
		</threshold>
		<threshold>
			<threshold_value>GT 11.21765 (Pr=0.995)</threshold_value>
			<data>
				<values>0.14009, 0.02716, 0.16724, 1.0, 0.76485, 0.01611, 0.11117, 0.8124, 10.27785, 0.00386, 0.02307, 8.0E-5, 0.01603, -999.0, -999.0, -999.0, -999.0, -999.0</values>
				<sampling_intervals>
					<main_interval>
						<bounds>0.05, 0.95</bounds>
						<lower_bound>
							<values>0.09147, 0.01599, 0.11925, 1.0, 0.64074, 0.00735, 0.06381, 0.70789, 3.7271, 0.00282, 0.00767, 4.0E-5, 0.00732, -999.0, -999.0, -999.0, -999.0, -999.0</values>
						</lower_bound>
						<upper_bound>
							<values>0.26351, 0.09195, 0.33953, 1.0, 0.83901, 0.04011, 0.15156, 0.86964, 14.68117, 0.00504, 0.03759, 2.1E-4, 0.0399, -999.0, -999.0, -999.0, -999.0, -999.0</values>
						</upper_bound>
					</main_interval>
					<sample_size>
						<values>1000.0, 1000.0, 1000.0, 1000.0, 1000.0, 1000.0, 1000.0, 1000.0, 1000.0, 1000.0, 1000.0, 1000.0, 1000.0, -999.0, -999.0, -999.0, -999.0, -999.0</values>
					</sample_size>
				</sampling_intervals>
			</data>
		</threshold>
		<threshold>
			<threshold_value>GT 13.87869 (Pr=0.99769)</threshold_value>
			<data>
				<values>0.11642, 0.02977, 0.14619, 1.0, 0.80947, 0.01021, 0.08432, 0.84466, 17.35362, 0.00191, 0.0218, 2.0E-5, 0.01018, -999.0, -999.0, -999.0, -999.0, -999.0</values>
				<sampling_intervals>
					<main_interval>
						<bounds>0.05, 0.95</bounds>
						<lower_bound>
							<values>0.04635, 0.01284, 0.078, 1.0, 0.7049, 0.00311, 0.04429, 0.7503, 6.15036, 0.00139, 0.00432, 1.0E-5, 0.0031, -999.0, -999.0, -999.0, -999.0, -999.0</values>
						</lower_bound>
						<upper_bound>
							<values>0.21285, 0.11045, 0.29783, 1.0, 0.89288, 0.02591, 0.12911, 0.91448, 31.14842, 0.00251, 0.05002, 6.0E-5, 0.02585, -999.0, -999.0, -999.0, -999.0, -999.0</values>
						</upper_bound>
					</main_interval>
					<sample_size>
						<values>1000.0, 1000.0, 1000.0, 1000.0, 1000.0, 1000.0, 1000.0, 1000.0, 1000.0, 1000.0, 1000.0, 1000.0, 1000.0, -999.0, -999.0, -999.0, -999.0, -999.0</values>
					</sample_size>
				</sampling_intervals>
			</data>
		</threshold>
		<threshold>
			<threshold_value>GT 18.42083 (Pr=0.999)</threshold_value>
			<data>
				<values>0.13027, 0.10405, 0.23432, 1.0, 0.82565, 0.00842, 0.05251, 0.85167, 17.81749, 8.8E-4, 0.00511, 1.0E-5, 0.00841, -999.0, -999.0, -999.0, -999.0, -999.0</values>
				<sampling_intervals>
					<main_interval>
						<bounds>0.05, 0.95</bounds>
						<lower_bound>
							<values>0.01768, 0.0127, 0.03692, 1.0, 0.69143, 2.5E-4, 0.00638, 0.73592, 0.80397, 6.0E-4, 6.0E-5, 0.0, 2.5E-4, -999.0, -999.0, -999.0, -999.0, -999.0</values>
						</lower_bound>
						<upper_bound>
							<values>0.24918, 0.20467, 0.41633, 1.0, 0.96983, 0.02846, 0.10328, 0.97285, 44.392, 0.00141, 0.02043, 3.0E-5, 0.02843, -999.0, -999.0, -999.0, -999.0, -999.0</values>
						</upper_bound>
					</main_interval>
					<sample_size>
						<values>1000.0, 1000.0, 1000.0, 1000.0, 1000.0, 1000.0, 1000.0, 1000.0, 1000.0, 1000.0, 1000.0, 1000.0, 1000.0, -999.0, -999.0, -999.0, -999.0, -999.0</values>
					</sample_size>
				</sampling_intervals>
			</data>
		</threshold>
	</threshold_data>
</result></results>