<?xml version="1.0" standalone="yes"?><results>
<!--Result file containing the results for a single metric by lead period.
Some metrics, such as reliability diagrams, have results for specific thresholds 
(e.g. probability thresholds).  In that case, the results are stored by lead period 
and then by threshold value.  The actual data associated with a result always appears 
within a 'values' tag.  A metric result that comprises a single value will appear as a 
single value in this tag.  A metric result that comprises a 1D matrix will appear as a 
row of values separated by commas in the input order.  A metric result that comprises a 
2D matrix will appear as a sequence of rows, each with a 'values' tag, which are written 
in the input order.  For example, a diagram metric with an x and y axis will comprise 
two rows of data (i.e. two rows within two separate 'values' tags).  The default input 
order would be data for the x axis followed by data for the y axis.  Data that refer to 
cumulative probabilities are, by default, always defined in increasing size of probability.--><meta_data>
	<thresholds_type>true</thresholds_type>
	<original_file_id>05455500_CAL.Streamflow.ICK_INF_ONE_OBS_ONE_MEAN_1D_MEAN_INDEP.Reliability_diagram.xml</original_file_id>
</meta_data><result>
	<lead_hour>0.0</lead_hour>
	<threshold_data>
		<threshold>
			<threshold_value>GT 0.00583 (Pr=0.025)</threshold_value>
			<data>
				<values>0.06532, -999.0, 0.58, 0.62955, 0.99903</values>
				<values>0.09677, -999.0, 1.0, 0.97887, 1.0</values>
				<values>62.0, 0.0, 12.0, 426.0, 12649.0</values>
				<values>0.99506, -999.0, 0.99506, 0.99506, 0.99506</values>
				<values>0.53019, -999.0, 0.78753, 0.81231, 0.99704</values>
				<sampling_intervals>
					<main_interval>
						<bounds>0.05, 0.95</bounds>
						<lower_bound>
							<values>0.01212, 0.31871, 0.45804, 0.63005, 0.99682</values>
							<values>0.02934, 0.06358, 0.62024, 0.92683, 0.99976</values>
							<values>3.16667, 0.0, 0.0, 14.4, 12428.5</values>
							<values>0.98588, 0.96412, 0.98004, 0.98509, 0.98509</values>
							<values>0.50463, 0.65006, 0.72364, 0.81199, 0.99196</values>
						</lower_bound>
						<upper_bound>
							<values>0.0805, 0.4, 0.6, 0.75002, 0.99942</values>
							<values>0.33178, 0.986, 0.99953, 0.99889, 1.0</values>
							<values>142.66667, 0.0, 416.0, 615.5, 12838.0</values>
							<values>0.99922, 0.99778, 0.99949, 0.99921, 0.99921</values>
							<values>0.53637, 0.69753, 0.79853, 0.87202, 0.99878</values>
						</upper_bound>
					</main_interval>
					<sample_size>
						<values>991.0, 47.0, 528.0, 1000.0, 1000.0</values>
					</sample_size>
				</sampling_intervals>
			</data>
		</threshold>
		<threshold>
			<threshold_value>GT 0.02291 (Pr=0.1)</threshold_value>
			<data>
				<values>0.02707, 0.38778, 0.49468, 0.75739, 0.99473</values>
				<values>0.02008, 0.10816, 0.51613, 0.75275, 0.9964</values>
				<values>498.0, 564.0, 62.0, 364.0, 11661.0</values>
				<values>0.91231, 0.91231, 0.91231, 0.91231, 0.91231</values>
				<values>0.46969, 0.65005, 0.7035, 0.83485, 0.95352</values>
				<sampling_intervals>
					<main_interval>
						<bounds>0.05, 0.95</bounds>
						<lower_bound>
							<values>0.00918, 0.0, 0.43593, 0.65686, 0.9913</values>
							<values>0.01171, 0.0, 0.11345, 0.59574, 0.98893</values>
							<values>338.5, 12.83333, 33.75, 65.6, 11448.0</values>
							<values>0.89269, 0.0, 0.89269, 0.89269, 0.89269</values>
							<values>0.46144, 0.0, 0.67173, 0.79314, 0.9425</values>
						</lower_bound>
						<upper_bound>
							<values>0.10239, 0.0, 0.57218, 0.76639, 0.99613</values>
							<values>0.10256, 0.0, 0.88986, 0.92274, 0.99975</values>
							<values>802.0, 631.0, 723.33333, 692.0, 11961.0</values>
							<values>0.95361, 0.0, 0.95361, 0.95361, 0.95361</values>
							<values>0.52112, 0.0, 0.75776, 0.84234, 0.974</values>
						</upper_bound>
					</main_interval>
					<sample_size>
						<values>1000.0, 999.0, 1000.0, 1000.0, 1000.0</values>
					</sample_size>
				</sampling_intervals>
			</data>
		</threshold>
		<threshold>
			<threshold_value>GT 0.07052 (Pr=0.25)</threshold_value>
			<data>
				<values>0.02823, 0.31297, 0.52755, 0.71714, 0.99221</values>
				<values>0.02034, 0.2219, 0.46078, 0.64835, 0.99384</values>
				<values>2852.0, 347.0, 102.0, 273.0, 9575.0</values>
				<values>0.75101, 0.75101, 0.75101, 0.75101, 0.75101</values>
				<values>0.38962, 0.53199, 0.63928, 0.73408, 0.87161</values>
				<sampling_intervals>
					<main_interval>
						<bounds>0.05, 0.95</bounds>
						<lower_bound>
							<values>0.01931, 0.26409, 0.4735, 0.69179, 0.98998</values>
							<values>0.01745, 0.18909, 0.27957, 0.63141, 0.99355</values>
							<values>2438.0, 183.5, 102.0, 194.33333, 9129.0</values>
							<values>0.7318, 0.7318, 0.7318, 0.7318, 0.7318</values>
							<values>0.3777, 0.50619, 0.6122, 0.71822, 0.8613</values>
						</lower_bound>
						<upper_bound>
							<values>0.03406, 0.31793, 0.53421, 0.73756, 0.99362</values>
							<values>0.04325, 0.4532, 0.72078, 0.89521, 0.99831</values>
							<values>3164.0, 458.5, 332.0, 412.33333, 9938.0</values>
							<values>0.79093, 0.79093, 0.79093, 0.79093, 0.79093</values>
							<values>0.40936, 0.54776, 0.65442, 0.75933, 0.89184</values>
						</upper_bound>
					</main_interval>
					<sample_size>
						<values>1000.0, 1000.0, 1000.0, 1000.0, 1000.0</values>
					</sample_size>
				</sampling_intervals>
			</data>
		</threshold>
		<threshold>
			<threshold_value>GT 0.23194 (Pr=0.5)</threshold_value>
			<data>
				<values>0.01884, 0.26736, 0.5015, 0.73435, 0.97429</values>
				<values>0.01542, 0.28571, 0.41729, 0.64516, 0.98753</values>
				<values>6030.0, 322.0, 266.0, 434.0, 6097.0</values>
				<values>0.50171, 0.50171, 0.50171, 0.50171, 0.50171</values>
				<values>0.26027, 0.38454, 0.50161, 0.61803, 0.738</values>
				<sampling_intervals>
					<main_interval>
						<bounds>0.05, 0.95</bounds>
						<lower_bound>
							<values>0.01434, 0.25921, 0.487, 0.71251, 0.9704</values>
							<values>0.01286, 0.22527, 0.34222, 0.60134, 0.98098</values>
							<values>5585.0, 278.25, 125.33333, 321.0, 5737.0</values>
							<values>0.47448, 0.47448, 0.47448, 0.47448, 0.47448</values>
							<values>0.24582, 0.372, 0.48849, 0.59847, 0.7242</values>
						</lower_bound>
						<upper_bound>
							<values>0.02076, 0.29227, 0.53427, 0.74188, 0.97769</values>
							<values>0.02228, 0.36242, 0.62179, 0.75581, 0.99171</values>
							<values>6396.0, 481.0, 310.6, 532.25, 6522.5</values>
							<values>0.53654, 0.53654, 0.53654, 0.53654, 0.53654</values>
							<values>0.27777, 0.40849, 0.52758, 0.63573, 0.75572</values>
						</upper_bound>
					</main_interval>
					<sample_size>
						<values>1000.0, 1000.0, 1000.0, 1000.0, 1000.0</values>
					</sample_size>
				</sampling_intervals>
			</data>
		</threshold>
		<threshold>
			<threshold_value>GT 0.60975 (Pr=0.75)</threshold_value>
			<data>
				<values>0.01256, 0.29144, 0.52767, 0.70662, 0.96987</values>
				<values>0.01443, 0.32646, 0.50162, 0.73472, 0.97579</values>
				<values>9358.0, 291.0, 309.0, 671.0, 2520.0</values>
				<values>0.25378, 0.25378, 0.25378, 0.25378, 0.25378</values>
				<values>0.13317, 0.27261, 0.39073, 0.4802, 0.61183</values>
				<sampling_intervals>
					<main_interval>
						<bounds>0.05, 0.95</bounds>
						<lower_bound>
							<values>0.01008, 0.27651, 0.47942, 0.69662, 0.96542</values>
							<values>0.01126, 0.23404, 0.39421, 0.66492, 0.9679</values>
							<values>8967.5, 271.0, 168.125, 522.33333, 2294.0</values>
							<values>0.23021, 0.23021, 0.23021, 0.23021, 0.23021</values>
							<values>0.12078, 0.25954, 0.36122, 0.47106, 0.59958</values>
						</lower_bound>
						<upper_bound>
							<values>0.01403, 0.31535, 0.52856, 0.73057, 0.97349</values>
							<values>0.0166, 0.35154, 0.63743, 0.77741, 0.98259</values>
							<values>9597.0, 555.0, 473.0, 755.66667, 2807.0</values>
							<values>0.27485, 0.27485, 0.27485, 0.27485, 0.27485</values>
							<values>0.14379, 0.28751, 0.39521, 0.49656, 0.6233</values>
						</upper_bound>
					</main_interval>
					<sample_size>
						<values>1000.0, 1000.0, 1000.0, 1000.0, 1000.0</values>
					</sample_size>
				</sampling_intervals>
			</data>
		</threshold>
		<threshold>
			<threshold_value>GT 1.509 (Pr=0.9)</threshold_value>
			<data>
				<values>0.00784, 0.29727, 0.49669, 0.71642, 0.95749</values>
				<values>0.00933, 0.28571, 0.51379, 0.75986, 0.97043</values>
				<values>11367.0, 469.0, 290.0, 279.0, 744.0</values>
				<values>0.10062, 0.10062, 0.10062, 0.10062, 0.10062</values>
				<values>0.05423, 0.19894, 0.29865, 0.40852, 0.52905</values>
				<sampling_intervals>
					<main_interval>
						<bounds>0.05, 0.95</bounds>
						<lower_bound>
							<values>0.00722, 0.2867, 0.49159, 0.70623, 0.95343</values>
							<values>0.00747, 0.21918, 0.4816, 0.69778, 0.9436</values>
							<values>11166.0, 393.75, 255.6, 236.81818, 645.5</values>
							<values>0.08974, 0.08974, 0.08974, 0.08974, 0.08974</values>
							<values>0.04866, 0.19079, 0.29288, 0.40052, 0.52337</values>
						</lower_bound>
						<upper_bound>
							<values>0.00917, 0.3017, 0.5051, 0.72049, 0.96424</values>
							<values>0.01149, 0.31614, 0.60751, 0.81203, 0.98003</values>
							<values>11539.28571, 530.25, 352.0, 323.5, 853.0</values>
							<values>0.11205, 0.11205, 0.11205, 0.11205, 0.11205</values>
							<values>0.06026, 0.2043, 0.30605, 0.41427, 0.53717</values>
						</upper_bound>
					</main_interval>
					<sample_size>
						<values>1000.0, 1000.0, 1000.0, 1000.0, 1000.0</values>
					</sample_size>
				</sampling_intervals>
			</data>
		</threshold>
		<threshold>
			<threshold_value>GT 2.9322 (Pr=0.95)</threshold_value>
			<data>
				<values>0.00515, 0.28975, 0.50183, 0.70491, 0.94272</values>
				<values>0.00642, 0.25088, 0.43578, 0.66667, 0.9375</values>
				<values>12157.0, 283.0, 218.0, 171.0, 320.0</values>
				<values>0.05004, 0.05004, 0.05004, 0.05004, 0.05004</values>
				<values>0.0276, 0.1699, 0.27594, 0.37748, 0.49638</values>
				<sampling_intervals>
					<main_interval>
						<bounds>0.05, 0.95</bounds>
						<lower_bound>
							<values>0.00465, 0.28579, 0.49505, 0.69503, 0.93609</values>
							<values>0.00507, 0.19436, 0.38164, 0.61176, 0.91126</values>
							<values>12007.0, 258.33333, 170.125, 147.4, 261.5</values>
							<values>0.04411, 0.04411, 0.04411, 0.04411, 0.04411</values>
							<values>0.0245, 0.16714, 0.27168, 0.3717, 0.4918</values>
						</lower_bound>
						<upper_bound>
							<values>0.00602, 0.29951, 0.50995, 0.71226, 0.95251</values>
							<values>0.00763, 0.28685, 0.51923, 0.76389, 0.96011</values>
							<values>12261.5, 344.5, 253.25, 214.5, 389.25</values>
							<values>0.05689, 0.05689, 0.05689, 0.05689, 0.05689</values>
							<values>0.03132, 0.17605, 0.28198, 0.38249, 0.50354</values>
						</upper_bound>
					</main_interval>
					<sample_size>
						<values>1000.0, 1000.0, 1000.0, 1000.0, 1000.0</values>
					</sample_size>
				</sampling_intervals>
			</data>
		</threshold>
		<threshold>
			<threshold_value>GT 5.62808 (Pr=0.97734)</threshold_value>
			<data>
				<values>0.00348, 0.28494, 0.50313, 0.70223, 0.93631</values>
				<values>0.0027, 0.16667, 0.40816, 0.67961, 0.90984</values>
				<values>12609.0, 168.0, 147.0, 103.0, 122.0</values>
				<values>0.02304, 0.02304, 0.02304, 0.02304, 0.02304</values>
				<values>0.01326, 0.15399, 0.26309, 0.36264, 0.47968</values>
				<sampling_intervals>
					<main_interval>
						<bounds>0.05, 0.95</bounds>
						<lower_bound>
							<values>0.00298, 0.2797, 0.49221, 0.6885, 0.92302</values>
							<values>0.00183, 0.11639, 0.33071, 0.58716, 0.86188</values>
							<values>12513.0, 147.33333, 105.6, 80.66667, 95.38462</values>
							<values>0.01933, 0.01933, 0.01933, 0.01933, 0.01933</values>
							<values>0.01129, 0.15073, 0.25712, 0.35534, 0.47269</values>
						</lower_bound>
						<upper_bound>
							<values>0.00415, 0.30538, 0.51353, 0.7113, 0.94955</values>
							<values>0.00356, 0.22599, 0.475, 0.75325, 0.94656</values>
							<values>12678.0, 224.5, 171.25, 125.18182, 163.5</values>
							<values>0.02688, 0.02688, 0.02688, 0.02688, 0.02688</values>
							<values>0.01535, 0.16447, 0.26886, 0.36751, 0.48671</values>
						</upper_bound>
					</main_interval>
					<sample_size>
						<values>1000.0, 1000.0, 1000.0, 1000.0, 1000.0</values>
					</sample_size>
				</sampling_intervals>
			</data>
		</threshold>
		<threshold>
			<threshold_value>GT 6.56721 (Pr=0.98277)</threshold_value>
			<data>
				<values>0.00308, 0.30071, 0.49402, 0.6988, 0.94396</values>
				<values>0.00158, 0.17391, 0.39216, 0.6506, 0.9011</values>
				<values>12689.0, 184.0, 102.0, 83.0, 91.0</values>
				<values>0.01734, 0.01734, 0.01734, 0.01734, 0.01734</values>
				<values>0.01021, 0.15902, 0.25568, 0.35807, 0.48065</values>
				<sampling_intervals>
					<main_interval>
						<bounds>0.05, 0.95</bounds>
						<lower_bound>
							<values>0.00265, 0.28038, 0.48632, 0.6848, 0.93049</values>
							<values>0.00102, 0.11765, 0.30392, 0.57971, 0.85882</values>
							<values>12609.0, 142.28571, 76.22222, 64.0, 66.41667</values>
							<values>0.01463, 0.01463, 0.01463, 0.01463, 0.01463</values>
							<values>0.00876, 0.14882, 0.25165, 0.35087, 0.47366</values>
						</lower_bound>
						<upper_bound>
							<values>0.00359, 0.30616, 0.51446, 0.71043, 0.9543</values>
							<values>0.00261, 0.21978, 0.45, 0.74684, 0.94719</values>
							<values>12757.4, 224.0, 131.2, 103.85714, 123.14286</values>
							<values>0.02078, 0.02078, 0.02078, 0.02078, 0.02078</values>
							<values>0.01203, 0.16221, 0.26621, 0.36406, 0.48609</values>
						</upper_bound>
					</main_interval>
					<sample_size>
						<values>1000.0, 1000.0, 1000.0, 1000.0, 1000.0</values>
					</sample_size>
				</sampling_intervals>
			</data>
		</threshold>
		<threshold>
			<threshold_value>GT 8.8108 (Pr=0.99)</threshold_value>
			<data>
				<values>0.00276, 0.29525, 0.49566, 0.7025, 0.95841</values>
				<values>0.00132, 0.21782, 0.36842, 0.7, 0.84091</values>
				<values>12888.0, 101.0, 76.0, 40.0, 44.0</values>
				<values>0.01004, 0.01004, 0.01004, 0.01004, 0.01004</values>
				<values>0.0064, 0.15264, 0.25285, 0.35627, 0.48422</values>
				<sampling_intervals>
					<main_interval>
						<bounds>0.05, 0.95</bounds>
						<lower_bound>
							<values>0.00239, 0.27589, 0.48115, 0.6771, 0.92815</values>
							<values>7.0E-4, 0.10317, 0.28736, 0.56, 0.79051</values>
							<values>12820.33333, 84.28571, 49.0, 18.05556, 30.57143</values>
							<values>0.00831, 0.00831, 0.00831, 0.00831, 0.00831</values>
							<values>0.00547, 0.14291, 0.24545, 0.3436, 0.46871</values>
						</lower_bound>
						<upper_bound>
							<values>0.00339, 0.31513, 0.51508, 0.72185, 0.9687</values>
							<values>0.00209, 0.2906, 0.5164, 0.83889, 0.95897</values>
							<values>12930.75, 147.0, 92.08333, 55.33333, 68.25</values>
							<values>0.0125, 0.0125, 0.0125, 0.0125, 0.0125</values>
							<values>0.00781, 0.16247, 0.26259, 0.36606, 0.48935</values>
						</upper_bound>
					</main_interval>
					<sample_size>
						<values>1000.0, 1000.0, 1000.0, 1000.0, 1000.0</values>
					</sample_size>
				</sampling_intervals>
			</data>
		</threshold>
		<threshold>
			<threshold_value>GT 9.11855 (Pr=0.99083)</threshold_value>
			<data>
				<values>0.00271, 0.29257, 0.48269, 0.68091, 0.95386</values>
				<values>0.00124, 0.23762, 0.29851, 0.72727, 0.84091</values>
				<values>12904.0, 101.0, 67.0, 33.0, 44.0</values>
				<values>0.0092, 0.0092, 0.0092, 0.0092, 0.0092</values>
				<values>0.00596, 0.15089, 0.24594, 0.34506, 0.48153</values>
				<sampling_intervals>
					<main_interval>
						<bounds>0.05, 0.95</bounds>
						<lower_bound>
							<values>0.00234, 0.27908, 0.47786, 0.6787, 0.92722</values>
							<values>7.0E-4, 0.11321, 0.28767, 0.55556, 0.78261</values>
							<values>12850.14286, 81.25, 36.88235, 14.15789, 29.06667</values>
							<values>0.00761, 0.00761, 0.00761, 0.00761, 0.00761</values>
							<values>0.00508, 0.14397, 0.2435, 0.34399, 0.46852</values>
						</lower_bound>
						<upper_bound>
							<values>0.00327, 0.31615, 0.512, 0.73385, 0.96805</values>
							<values>0.00202, 0.2951, 0.55882, 0.85185, 0.95238</values>
							<values>12949.25, 136.0, 85.36364, 46.125, 63.875</values>
							<values>0.01148, 0.01148, 0.01148, 0.01148, 0.01148</values>
							<values>0.00728, 0.1628, 0.26069, 0.37164, 0.48875</values>
						</upper_bound>
					</main_interval>
					<sample_size>
						<values>1000.0, 1000.0, 1000.0, 1000.0, 1000.0</values>
					</sample_size>
				</sampling_intervals>
			</data>
		</threshold>
		<threshold>
			<threshold_value>GT 11.21765 (Pr=0.995)</threshold_value>
			<data>
				<values>0.00209, 0.27431, 0.47556, 0.70737, 0.93957</values>
				<values>0.00146, 0.21569, 0.16667, 0.63158, 0.91304</values>
				<values>13038.0, 51.0, 18.0, 19.0, 23.0</values>
				<values>0.00502, 0.00502, 0.00502, 0.00502, 0.00502</values>
				<values>0.00356, 0.13967, 0.24029, 0.35619, 0.47229</values>
				<sampling_intervals>
					<main_interval>
						<bounds>0.05, 0.95</bounds>
						<lower_bound>
							<values>0.00175, 0.26394, 0.46385, 0.68, 0.91385</values>
							<values>6.9E-4, 0.13542, 0.06458, 0.42308, 0.74592</values>
							<values>12998.57143, 28.33333, 10.17647, 9.55, 12.96296</values>
							<values>0.00399, 0.00399, 0.00399, 0.00399, 0.00399</values>
							<values>0.00297, 0.13472, 0.23437, 0.34255, 0.45935</values>
						</lower_bound>
						<upper_bound>
							<values>0.00263, 0.29891, 0.52867, 0.74, 0.97087</values>
							<values>0.0023, 0.34694, 0.48753, 0.77098, 0.99038</values>
							<values>13066.75, 83.5, 28.4375, 27.84, 32.2</values>
							<values>0.00643, 0.00643, 0.00643, 0.00643, 0.00643</values>
							<values>0.0045, 0.15207, 0.26715, 0.37232, 0.48805</values>
						</upper_bound>
					</main_interval>
					<sample_size>
						<values>1000.0, 1000.0, 1000.0, 1000.0, 1000.0</values>
					</sample_size>
				</sampling_intervals>
			</data>
		</threshold>
		<threshold>
			<threshold_value>GT 13.87869 (Pr=0.99769)</threshold_value>
			<data>
				<values>0.00128, 0.30143, 0.495, 0.71429, 0.87231</values>
				<values>7.6E-4, 0.28571, 0.25, 0.57143, 0.76923</values>
				<values>13103.0, 14.0, 12.0, 7.0, 13.0</values>
				<values>0.00236, 0.00236, 0.00236, 0.00236, 0.00236</values>
				<values>0.00182, 0.15189, 0.24868, 0.35832, 0.43733</values>
				<sampling_intervals>
					<main_interval>
						<bounds>0.05, 0.95</bounds>
						<lower_bound>
							<values>8.6E-4, 0.26211, 0.46556, 0.67618, 0.8625</values>
							<values>3.8E-4, 0.0, 0.0, 0.23739, 0.62879</values>
							<values>13083.33333, 8.2069, 4.20408, 3.01818, 2.02941</values>
							<values>0.00176, 0.00176, 0.00176, 0.00176, 0.00176</values>
							<values>0.00142, 0.13189, 0.23396, 0.33944, 0.43248</values>
						</lower_bound>
						<upper_bound>
							<values>0.00173, 0.32733, 0.54375, 0.75053, 0.95306</values>
							<values>0.00137, 0.42613, 0.64426, 0.79359, 0.99536</values>
							<values>13115.33333, 26.0, 19.69231, 19.5, 16.60714</values>
							<values>0.00312, 0.00312, 0.00312, 0.00312, 0.00312</values>
							<values>0.00233, 0.16479, 0.27313, 0.37659, 0.47773</values>
						</upper_bound>
					</main_interval>
					<sample_size>
						<values>1000.0, 1000.0, 1000.0, 1000.0, 1000.0</values>
					</sample_size>
				</sampling_intervals>
			</data>
		</threshold>
		<threshold>
			<threshold_value>GT 18.42083 (Pr=0.999)</threshold_value>
			<data>
				<values>4.5E-4, 0.3475, 0.53667, 0.70286, 0.95</values>
				<values>5.3E-4, 0.25, 0.66667, 0.42857, 1.0</values>
				<values>13134.0, 4.0, 3.0, 7.0, 1.0</values>
				<values>0.00106, 0.00106, 0.00106, 0.00106, 0.00106</values>
				<values>7.6E-4, 0.17428, 0.26887, 0.35196, 0.47553</values>
				<sampling_intervals>
					<main_interval>
						<bounds>0.05, 0.95</bounds>
						<lower_bound>
							<values>1.4E-4, 0.246, 0.44, 0.0, 0.84896</values>
							<values>2.3E-4, 0.0, 0.0, 0.0, 0.86296</values>
							<values>13122.0, 1.31507, 0.35955, 1.81633, 0.0</values>
							<values>6.8E-4, 6.8E-4, 6.7E-4, 0.0, 6.8E-4</values>
							<values>4.8E-4, 0.12366, 0.22077, 0.0, 0.42566</values>
						</lower_bound>
						<upper_bound>
							<values>7.5E-4, 0.35438, 0.58845, 0.0, 0.95619</values>
							<values>8.4E-4, 0.78889, 0.92029, 0.0, 0.99279</values>
							<values>13138.33333, 10.25, 8.32143, 10.44, 2.74699</values>
							<values>0.00153, 0.00153, 0.00153, 0.0, 0.00154</values>
							<values>0.00106, 0.17796, 0.29544, 0.0, 0.48056</values>
						</upper_bound>
					</main_interval>
					<sample_size>
						<values>1000.0, 1000.0, 982.0, 999.0, 723.0</values>
					</sample_size>
				</sampling_intervals>
			</data>
		</threshold>
	</threshold_data>
</result></results>