<?xml version="1.0" standalone="yes"?><results>
<!--Result file containing the results for a single metric by lead period.
Some metrics, such as reliability diagrams, have results for specific thresholds 
(e.g. probability thresholds).  In that case, the results are stored by lead period 
and then by threshold value.  The actual data associated with a result always appears 
within a 'values' tag.  A metric result that comprises a single value will appear as a 
single value in this tag.  A metric result that comprises a 1D matrix will appear as a 
row of values separated by commas in the input order.  A metric result that comprises a 
2D matrix will appear as a sequence of rows, each with a 'values' tag, which are written 
in the input order.  For example, a diagram metric with an x and y axis will comprise 
two rows of data (i.e. two rows within two separate 'values' tags).  The default input 
order would be data for the x axis followed by data for the y axis.  Data that refer to 
cumulative probabilities are, by default, always defined in increasing size of probability.--><meta_data>
	<thresholds_type>true</thresholds_type>
	<original_file_id>05455500_CAL.Streamflow.ICK_INF_ONE_OBS_ONE_MEAN_1D_MEAN_INDEP.Brier_skill_score.xml</original_file_id>
</meta_data><result>
	<lead_hour>0.0</lead_hour>
	<threshold_data>
		<threshold>
			<threshold_value>GT 0.0 (Pr=0.0)</threshold_value>
			<data>
				<values>0.87135, 0.0289, 0.43461, 0.53435, 0.03026, 0.31043, 0.40882, 0.06888, 0.26206, 5.0E-5, 4.8E-4, 0.00221, 0.00494, 0.94431, 7.15064, 0.92551, 11.50008, -0.33915</values>
				<sampling_intervals>
					<main_interval>
						<bounds>0.05, 0.95</bounds>
						<lower_bound>
							<values>0.78895, 0.00893, 0.03513, 0.09408, 0.0125, 0.01042, 0.04429, 0.01538, 0.1289, 0.0, 1.4E-4, 1.0E-5, 7.0E-5, 0.86636, 3.09335, 0.78749, 9.61744, -0.94271</values>
						</lower_bound>
						<upper_bound>
							<values>0.95112, 0.04608, 0.78788, 0.88432, 0.06148, 0.57228, 0.66767, 0.12851, 0.65969, 1.8E-4, 9.7E-4, 0.01345, 0.01363, 0.98891, 1800.27747, 0.95773, 66.76552, 0.36556</values>
						</upper_bound>
					</main_interval>
					<sample_size>
						<values>1000.0, 1000.0, 1000.0, 1000.0, 1000.0, 1000.0, 1000.0, 1000.0, 1000.0, 1000.0, 1000.0, 1000.0, 1000.0, 1000.0, 1000.0, 1000.0, 1000.0, 1000.0</values>
					</sample_size>
				</sampling_intervals>
			</data>
		</threshold>
		<threshold>
			<threshold_value>GT 0.00583 (Pr=0.025)</threshold_value>
			<data>
				<values>0.4201, 0.48432, 0.43877, 0.53435, 0.03174, 0.37548, 0.92365, 0.79283, 0.10463, 0.02874, 1.9E-4, 0.00267, 0.00597, 0.06676, 7.22865, 0.92187, 14.11936, 0.49305</values>
				<sampling_intervals>
					<main_interval>
						<bounds>0.05, 0.95</bounds>
						<lower_bound>
							<values>-0.19948, 0.1886, 0.05015, 0.10634, 0.02183, 0.04593, 0.62948, 0.4106, 0.04567, 0.01312, 4.0E-5, 4.0E-5, 3.1E-4, -0.46864, 3.10934, 0.71681, 11.75243, -0.00765</values>
						</lower_bound>
						<upper_bound>
							<values>0.69075, 1.1088, 0.79519, 0.89982, 0.0699, 0.65211, 1.26692, 1.36885, 0.26317, 0.05478, 5.5E-4, 0.01606, 0.01558, 0.526, 262.52525, 0.95387, 142.78856, 1.1783</values>
						</upper_bound>
					</main_interval>
					<sample_size>
						<values>1000.0, 1000.0, 1000.0, 1000.0, 1000.0, 1000.0, 1000.0, 1000.0, 1000.0, 1000.0, 1000.0, 1000.0, 1000.0, 1000.0, 1000.0, 1000.0, 1000.0, 1000.0</values>
					</sample_size>
				</sampling_intervals>
			</data>
		</threshold>
		<threshold>
			<threshold_value>GT 0.01221 (Pr=0.05)</threshold_value>
			<data>
				<values>0.71828, 0.06137, 0.86826, 1.08861, 0.14411, 0.44139, 0.57901, 0.2988, 0.27512, 0.01001, 0.0077, 0.0598, 0.02312, -0.37113, 5.51022, 0.80819, 12.85028, 1.06354</values>
				<sampling_intervals>
					<main_interval>
						<bounds>0.05, 0.95</bounds>
						<lower_bound>
							<values>-0.21889, 0.05115, 0.57304, 0.7127, 0.0667, 0.33917, 0.46133, 0.19752, 0.05351, 0.00504, 1.5E-4, 0.00836, 0.01198, -3.53337, 2.99766, 0.71963, 8.61991, 0.60595</values>
						</lower_bound>
						<upper_bound>
							<values>0.7615, 1.09899, 0.99119, 1.2015, 0.21482, 0.58742, 1.66221, 1.95383, 0.36738, 0.11452, 0.01388, 0.10137, 0.03339, 0.5113, 10.68827, 0.89862, 24.56011, 1.9716</values>
						</upper_bound>
					</main_interval>
					<sample_size>
						<values>1000.0, 1000.0, 1000.0, 1000.0, 1000.0, 1000.0, 1000.0, 1000.0, 1000.0, 1000.0, 1000.0, 1000.0, 1000.0, 1000.0, 1000.0, 1000.0, 1000.0, 1000.0</values>
					</sample_size>
				</sampling_intervals>
			</data>
		</threshold>
		<threshold>
			<threshold_value>GT 0.01738 (Pr=0.075)</threshold_value>
			<data>
				<values>0.68055, 0.10527, 0.87443, 1.08861, 0.05613, 0.6693, 0.93263, 0.82549, 0.12382, 0.04685, 0.00232, 0.09068, 0.03505, -1.35187, 5.55649, 0.92529, 20.00189, 2.32381</values>
				<sampling_intervals>
					<main_interval>
						<bounds>0.05, 0.95</bounds>
						<lower_bound>
							<values>0.56561, 0.05649, 0.7471, 0.95733, 0.04008, 0.47755, 0.63257, 0.28489, 0.08193, 0.00952, 0.00105, 0.0484, 0.02437, -5.81322, 2.80276, 0.79906, 11.75024, 1.55422</values>
						</lower_bound>
						<upper_bound>
							<values>0.75221, 0.21618, 1.03905, 1.23147, 0.16445, 0.77859, 1.08976, 1.19469, 0.3178, 0.07609, 0.01345, 0.19412, 0.04989, -0.02072, 9.88652, 0.9461, 31.70988, 3.00804</values>
						</upper_bound>
					</main_interval>
					<sample_size>
						<values>1000.0, 1000.0, 1000.0, 1000.0, 1000.0, 1000.0, 1000.0, 1000.0, 1000.0, 1000.0, 1000.0, 1000.0, 1000.0, 1000.0, 1000.0, 1000.0, 1000.0, 1000.0</values>
					</sample_size>
				</sampling_intervals>
			</data>
		</threshold>
		<threshold>
			<threshold_value>GT 0.02291 (Pr=0.1)</threshold_value>
			<data>
				<values>0.73375, 0.06729, 1.03257, 1.23152, 0.11123, 0.60674, 0.76176, 0.46016, 0.2307, 0.01944, 0.0112, 0.31335, 0.05744, -1.87615, 3.05056, 0.86818, 14.72364, 2.91021</values>
				<sampling_intervals>
					<main_interval>
						<bounds>0.05, 0.95</bounds>
						<lower_bound>
							<values>0.59426, 0.05395, 0.8817, 1.09656, 0.04269, 0.46987, 0.61555, 0.28845, 0.07893, 0.00972, 0.00148, 0.11625, 0.04088, -6.94757, 2.17894, 0.7875, 10.36595, 2.2079</values>
						</lower_bound>
						<upper_bound>
							<values>0.77484, 0.19833, 1.12658, 1.30169, 0.18107, 0.832, 1.13128, 1.40422, 0.33279, 0.10507, 0.0212, 0.4416, 0.07445, -0.39477, 5.71452, 0.94716, 25.82085, 4.04251</values>
						</upper_bound>
					</main_interval>
					<sample_size>
						<values>1000.0, 1000.0, 1000.0, 1000.0, 1000.0, 1000.0, 1000.0, 1000.0, 1000.0, 1000.0, 1000.0, 1000.0, 1000.0, 1000.0, 1000.0, 1000.0, 1000.0, 1000.0</values>
					</sample_size>
				</sampling_intervals>
			</data>
		</threshold>
		<threshold>
			<threshold_value>GT 0.02881 (Pr=0.125)</threshold_value>
			<data>
				<values>0.73458, 0.07364, 1.03975, 1.23152, 0.04106, 0.83994, 1.06429, 1.26467, 0.08226, 0.07851, 0.00288, 0.43379, 0.07951, -2.14736, 3.07871, 0.95133, 20.76685, 4.46313</values>
				<sampling_intervals>
					<main_interval>
						<bounds>0.05, 0.95</bounds>
						<lower_bound>
							<values>0.70613, 0.04114, 0.98235, 1.17407, 0.03301, 0.63546, 0.7915, 0.37752, 0.06935, 0.01382, 0.00214, 0.31847, 0.06496, -3.99786, 1.84448, 0.87458, 9.41057, 2.49417</values>
						</lower_bound>
						<upper_bound>
							<values>0.79536, 0.10398, 1.19835, 1.3658, 0.10466, 0.94118, 1.14973, 1.40861, 0.2348, 0.09322, 0.01382, 0.70388, 0.10731, 0.2107, 3.98677, 0.96051, 26.00157, 4.98022</values>
						</upper_bound>
					</main_interval>
					<sample_size>
						<values>1000.0, 1000.0, 1000.0, 1000.0, 1000.0, 1000.0, 1000.0, 1000.0, 1000.0, 1000.0, 1000.0, 1000.0, 1000.0, 1000.0, 1000.0, 1000.0, 1000.0, 1000.0</values>
					</sample_size>
				</sampling_intervals>
			</data>
		</threshold>
		<threshold>
			<threshold_value>GT 0.03539 (Pr=0.15)</threshold_value>
			<data>
				<values>0.79418, 0.02436, 1.13397, 1.31543, 0.03899, 0.90194, 1.06878, 0.80013, 0.11394, 0.04161, 0.00489, 0.76206, 0.11782, 0.51234, 2.10346, 0.95312, 13.42521, 3.62785</values>
				<sampling_intervals>
					<main_interval>
						<bounds>0.05, 0.95</bounds>
						<lower_bound>
							<values>0.73976, 0.03074, 1.04127, 1.21902, 0.02371, 0.71397, 0.86977, 0.33219, 0.0642, 0.01319, 0.00189, 0.46921, 0.09266, -1.7271, 1.58436, 0.89368, 8.70833, 2.3163</values>
						</lower_bound>
						<upper_bound>
							<values>0.81572, 0.08094, 1.24727, 1.40566, 0.08985, 1.03925, 1.22496, 1.40919, 0.21832, 0.09344, 0.01474, 0.97992, 0.14579, 0.5109, 3.06296, 0.97068, 21.18347, 4.954</values>
						</upper_bound>
					</main_interval>
					<sample_size>
						<values>1000.0, 1000.0, 1000.0, 1000.0, 1000.0, 1000.0, 1000.0, 1000.0, 1000.0, 1000.0, 1000.0, 1000.0, 1000.0, 1000.0, 1000.0, 1000.0, 1000.0, 1000.0</values>
					</sample_size>
				</sampling_intervals>
			</data>
		</threshold>
		<threshold>
			<threshold_value>GT 0.04239 (Pr=0.175)</threshold_value>
			<data>
				<values>0.81351, 0.02622, 1.17888, 1.33916, 0.038, 0.9275, 1.07599, 0.42704, 0.13622, 0.01942, 0.00686, 0.74679, 0.15605, 0.25263, 2.15011, 0.95193, 10.5634, 2.71295</values>
				<sampling_intervals>
					<main_interval>
						<bounds>0.05, 0.95</bounds>
						<lower_bound>
							<values>0.76338, 0.02618, 1.07124, 1.23853, 0.01962, 0.82871, 0.97937, 0.33563, 0.05625, 0.01335, 0.00176, 0.54343, 0.12056, -1.20566, 1.57997, 0.93455, 8.0107, 2.28461</values>
						</lower_bound>
						<upper_bound>
							<values>0.83292, 0.06231, 1.28744, 1.43794, 0.05208, 1.09192, 1.27091, 1.42304, 0.17007, 0.09703, 0.00979, 1.18773, 0.1837, 0.61118, 2.88623, 0.97482, 17.79409, 4.66661</values>
						</upper_bound>
					</main_interval>
					<sample_size>
						<values>1000.0, 1000.0, 1000.0, 1000.0, 1000.0, 1000.0, 1000.0, 1000.0, 1000.0, 1000.0, 1000.0, 1000.0, 1000.0, 1000.0, 1000.0, 1000.0, 1000.0, 1000.0</values>
					</sample_size>
				</sampling_intervals>
			</data>
		</threshold>
		<threshold>
			<threshold_value>GT 0.04995 (Pr=0.2)</threshold_value>
			<data>
				<values>0.78659, 0.05269, 1.17844, 1.33916, 0.02146, 1.05671, 1.24866, 0.99496, 0.05009, 0.06453, 0.00163, 0.85083, 0.17779, -0.5021, 2.14894, 0.97286, 12.1743, 3.30878</values>
				<sampling_intervals>
					<main_interval>
						<bounds>0.05, 0.95</bounds>
						<lower_bound>
							<values>0.78303, 0.02133, 1.10185, 1.2555, 0.01693, 0.88989, 1.04051, 0.35956, 0.05281, 0.01361, 0.00174, 0.64721, 0.15339, -0.74191, 1.56398, 0.94836, 7.89525, 2.32143</values>
						</lower_bound>
						<upper_bound>
							<values>0.84599, 0.05589, 1.31294, 1.45993, 0.0409, 1.14286, 1.30736, 0.99308, 0.1471, 0.06781, 0.00862, 1.19222, 0.21588, 0.62992, 2.6894, 0.97818, 15.23017, 3.69362</values>
						</upper_bound>
					</main_interval>
					<sample_size>
						<values>1000.0, 1000.0, 1000.0, 1000.0, 1000.0, 1000.0, 1000.0, 1000.0, 1000.0, 1000.0, 1000.0, 1000.0, 1000.0, 1000.0, 1000.0, 1000.0, 1000.0, 1000.0</values>
					</sample_size>
				</sampling_intervals>
			</data>
		</threshold>
		<threshold>
			<threshold_value>GT 0.05868 (Pr=0.225)</threshold_value>
			<data>
				<values>0.81535, 0.02913, 1.19955, 1.35508, 0.01901, 1.06926, 1.23491, 0.8112, 0.05968, 0.04731, 0.0022, 1.02942, 0.20534, 0.37553, 1.98602, 0.97581, 10.91555, 3.06381</values>
				<sampling_intervals>
					<main_interval>
						<bounds>0.05, 0.95</bounds>
						<lower_bound>
							<values>0.79489, 0.01876, 1.11542, 1.26679, 0.01434, 0.92375, 1.072, 0.22743, 0.05285, 0.00948, 0.00185, 0.53498, 0.17912, -0.51752, 1.52112, 0.95973, 5.90598, 1.33758</values>
						</lower_bound>
						<upper_bound>
							<values>0.86113, 0.04555, 1.34736, 1.47892, 0.0322, 1.18607, 1.32884, 0.93102, 0.12883, 0.06119, 0.00756, 1.33527, 0.28579, 0.73144, 2.48421, 0.9806, 13.7733, 3.48923</values>
						</upper_bound>
					</main_interval>
					<sample_size>
						<values>1000.0, 1000.0, 1000.0, 1000.0, 1000.0, 1000.0, 1000.0, 1000.0, 1000.0, 1000.0, 1000.0, 1000.0, 1000.0, 1000.0, 1000.0, 1000.0, 1000.0, 1000.0</values>
					</sample_size>
				</sampling_intervals>
			</data>
		</threshold>
		<threshold>
			<threshold_value>GT 0.07052 (Pr=0.25)</threshold_value>
			<data>
				<values>0.84713, 0.01774, 1.30542, 1.44054, 0.02058, 1.11808, 1.25036, 0.23175, 0.12032, 0.00911, 0.00599, 0.71571, 0.29536, 0.04303, 1.84353, 0.96856, 6.03746, 1.47985</values>
				<sampling_intervals>
					<main_interval>
						<bounds>0.05, 0.95</bounds>
						<lower_bound>
							<values>0.81125, 0.01809, 1.13869, 1.28181, 0.01324, 0.96751, 1.10937, 0.20202, 0.05263, 0.00848, 0.00204, 0.50706, 0.20341, -0.82449, 1.46455, 0.96359, 4.70952, 1.14395</values>
						</lower_bound>
						<upper_bound>
							<values>0.86638, 0.03691, 1.40563, 1.5328, 0.02599, 1.2366, 1.3743, 0.89703, 0.12826, 0.05694, 0.00668, 1.45259, 0.34524, 0.77718, 2.36518, 0.98119, 12.62335, 3.33571</values>
						</upper_bound>
					</main_interval>
					<sample_size>
						<values>1000.0, 1000.0, 1000.0, 1000.0, 1000.0, 1000.0, 1000.0, 1000.0, 1000.0, 1000.0, 1000.0, 1000.0, 1000.0, 1000.0, 1000.0, 1000.0, 1000.0, 1000.0</values>
					</sample_size>
				</sampling_intervals>
			</data>
		</threshold>
		<threshold>
			<threshold_value>GT 0.08354 (Pr=0.275)</threshold_value>
			<data>
				<values>0.84941, 0.01409, 1.32149, 1.45799, 0.01768, 1.15495, 1.28786, 0.24965, 0.10468, 0.01298, 0.00474, 0.7158, 0.33177, 0.33761, 1.75734, 0.9719, 5.53538, 1.35315</values>
				<sampling_intervals>
					<main_interval>
						<bounds>0.05, 0.95</bounds>
						<lower_bound>
							<values>0.82205, 0.018, 1.18102, 1.31398, 0.01367, 1.02268, 1.15749, 0.1996, 0.05687, 0.00938, 0.00231, 0.52036, 0.23475, -0.77815, 1.41249, 0.96225, 4.23319, 1.02045</values>
						</lower_bound>
						<upper_bound>
							<values>0.86535, 0.03225, 1.43403, 1.56803, 0.02371, 1.2633, 1.40567, 0.70422, 0.13286, 0.0355, 0.00705, 1.42908, 0.38488, 0.76463, 2.22172, 0.97978, 10.22622, 2.96339</values>
						</upper_bound>
					</main_interval>
					<sample_size>
						<values>1000.0, 1000.0, 1000.0, 1000.0, 1000.0, 1000.0, 1000.0, 1000.0, 1000.0, 1000.0, 1000.0, 1000.0, 1000.0, 1000.0, 1000.0, 1000.0, 1000.0, 1000.0</values>
					</sample_size>
				</sampling_intervals>
			</data>
		</threshold>
		<threshold>
			<threshold_value>GT 0.09664 (Pr=0.3)</threshold_value>
			<data>
				<values>0.83974, 0.01735, 1.32599, 1.4689, 0.01837, 1.16452, 1.30641, 0.30661, 0.08692, 0.01882, 0.00412, 0.71437, 0.35794, 0.27573, 1.69043, 0.97, 5.13931, 1.26274</values>
				<sampling_intervals>
					<main_interval>
						<bounds>0.05, 0.95</bounds>
						<lower_bound>
							<values>0.81829, 0.01768, 1.22706, 1.36099, 0.01485, 1.06214, 1.19745, 0.20385, 0.06634, 0.01089, 0.00281, 0.54739, 0.30681, -0.71368, 1.33369, 0.95965, 3.81446, 0.97784</values>
						</lower_bound>
						<upper_bound>
							<values>0.86064, 0.03179, 1.46195, 1.60111, 0.024, 1.28288, 1.42933, 0.40153, 0.13609, 0.0262, 0.00758, 0.9783, 0.42236, 0.55421, 2.08545, 0.97677, 6.84482, 1.62367</values>
						</upper_bound>
					</main_interval>
					<sample_size>
						<values>1000.0, 1000.0, 1000.0, 1000.0, 1000.0, 1000.0, 1000.0, 1000.0, 1000.0, 1000.0, 1000.0, 1000.0, 1000.0, 1000.0, 1000.0, 1000.0, 1000.0, 1000.0</values>
					</sample_size>
				</sampling_intervals>
			</data>
		</threshold>
		<threshold>
			<threshold_value>GT 0.11002 (Pr=0.325)</threshold_value>
			<data>
				<values>0.83879, 0.01599, 1.37675, 1.52197, 0.02125, 1.18377, 1.32374, 0.22034, 0.13021, 0.01207, 0.00748, 0.75486, 0.39585, 0.22784, 1.53696, 0.96407, 4.30992, 1.09603</values>
				<sampling_intervals>
					<main_interval>
						<bounds>0.05, 0.95</bounds>
						<lower_bound>
							<values>0.81317, 0.01685, 1.25537, 1.39251, 0.01627, 1.08181, 1.22021, 0.20128, 0.07332, 0.01163, 0.00328, 0.59415, 0.33672, -0.76829, 1.22646, 0.95613, 3.44054, 0.94633</values>
						</lower_bound>
						<upper_bound>
							<values>0.85547, 0.02974, 1.50788, 1.65207, 0.02546, 1.31088, 1.46298, 0.3881, 0.14868, 0.02631, 0.00852, 0.95895, 0.45642, 0.56315, 1.94124, 0.97306, 5.94183, 1.42255</values>
						</upper_bound>
					</main_interval>
					<sample_size>
						<values>1000.0, 1000.0, 1000.0, 1000.0, 1000.0, 1000.0, 1000.0, 1000.0, 1000.0, 1000.0, 1000.0, 1000.0, 1000.0, 1000.0, 1000.0, 1000.0, 1000.0, 1000.0</values>
					</sample_size>
				</sampling_intervals>
			</data>
		</threshold>
		<threshold>
			<threshold_value>GT 0.12405 (Pr=0.35)</threshold_value>
			<data>
				<values>0.83629, 0.01295, 1.417, 1.56776, 0.02053, 1.23033, 1.37351, 0.25138, 0.11802, 0.01631, 0.00627, 0.80875, 0.42154, 0.40212, 1.40407, 0.96499, 4.01467, 1.08446</values>
				<sampling_intervals>
					<main_interval>
						<bounds>0.05, 0.95</bounds>
						<lower_bound>
							<values>0.80772, 0.01647, 1.28655, 1.42525, 0.01677, 1.10814, 1.25034, 0.20899, 0.07689, 0.01246, 0.0037, 0.64924, 0.36399, -0.89133, 1.13492, 0.95341, 3.13074, 0.92791</values>
						</lower_bound>
						<upper_bound>
							<values>0.85375, 0.02823, 1.55056, 1.70416, 0.0271, 1.3481, 1.49987, 0.36125, 0.15867, 0.02553, 0.00947, 0.98201, 0.48512, 0.5622, 1.78925, 0.97207, 5.28492, 1.29056</values>
						</upper_bound>
					</main_interval>
					<sample_size>
						<values>1000.0, 1000.0, 1000.0, 1000.0, 1000.0, 1000.0, 1000.0, 1000.0, 1000.0, 1000.0, 1000.0, 1000.0, 1000.0, 1000.0, 1000.0, 1000.0, 1000.0, 1000.0</values>
					</sample_size>
				</sampling_intervals>
			</data>
		</threshold>
		<threshold>
			<threshold_value>GT 0.13877 (Pr=0.375)</threshold_value>
			<data>
				<values>0.82389, 0.01439, 1.45266, 1.61438, 0.02204, 1.26477, 1.41885, 0.31806, 0.10274, 0.02241, 0.00552, 0.85604, 0.4425, 0.2814, 1.28979, 0.96203, 3.68729, 1.05789</values>
				<sampling_intervals>
					<main_interval>
						<bounds>0.05, 0.95</bounds>
						<lower_bound>
							<values>0.79957, 0.01681, 1.33103, 1.47164, 0.01796, 1.14082, 1.28369, 0.22078, 0.08533, 0.01354, 0.00436, 0.7086, 0.38666, -0.76362, 1.06658, 0.95076, 2.99043, 0.90917</values>
						</lower_bound>
						<upper_bound>
							<values>0.84856, 0.02781, 1.58498, 1.74364, 0.02817, 1.37444, 1.53178, 0.34958, 0.16218, 0.02589, 0.01035, 1.03129, 0.5041, 0.56665, 1.60758, 0.96969, 4.64682, 1.20277</values>
						</upper_bound>
					</main_interval>
					<sample_size>
						<values>1000.0, 1000.0, 1000.0, 1000.0, 1000.0, 1000.0, 1000.0, 1000.0, 1000.0, 1000.0, 1000.0, 1000.0, 1000.0, 1000.0, 1000.0, 1000.0, 1000.0, 1000.0</values>
					</sample_size>
				</sampling_intervals>
			</data>
		</threshold>
		<threshold>
			<threshold_value>GT 0.15396 (Pr=0.4)</threshold_value>
			<data>
				<values>0.81803, 0.01281, 1.48551, 1.65467, 0.02349, 1.2844, 1.44289, 0.27995, 0.13303, 0.01914, 0.00765, 0.91973, 0.45943, 0.48474, 1.18606, 0.95913, 3.36353, 1.00514</values>
				<sampling_intervals>
					<main_interval>
						<bounds>0.05, 0.95</bounds>
						<lower_bound>
							<values>0.79604, 0.01651, 1.36782, 1.52502, 0.01876, 1.16446, 1.31582, 0.22712, 0.09459, 0.01418, 0.00487, 0.76321, 0.40131, -0.49378, 1.00071, 0.95005, 2.8375, 0.89883</values>
						</lower_bound>
						<upper_bound>
							<values>0.84181, 0.027, 1.61607, 1.78127, 0.02851, 1.40075, 1.56298, 0.36374, 0.16264, 0.02716, 0.01051, 1.08105, 0.5211, 0.6029, 1.46375, 0.96769, 4.16641, 1.13538</values>
						</upper_bound>
					</main_interval>
					<sample_size>
						<values>1000.0, 1000.0, 1000.0, 1000.0, 1000.0, 1000.0, 1000.0, 1000.0, 1000.0, 1000.0, 1000.0, 1000.0, 1000.0, 1000.0, 1000.0, 1000.0, 1000.0, 1000.0</values>
					</sample_size>
				</sampling_intervals>
			</data>
		</threshold>
		<threshold>
			<threshold_value>GT 0.1722 (Pr=0.425)</threshold_value>
			<data>
				<values>0.80715, 0.01387, 1.49603, 1.675, 0.02498, 1.29092, 1.45878, 0.28626, 0.14765, 0.01936, 0.0088, 0.96572, 0.46725, 0.53883, 1.12177, 0.95607, 3.13794, 0.9624</values>
				<sampling_intervals>
					<main_interval>
						<bounds>0.05, 0.95</bounds>
						<lower_bound>
							<values>0.78868, 0.01579, 1.38795, 1.54816, 0.01976, 1.18267, 1.34206, 0.24246, 0.1, 0.01628, 0.00534, 0.81237, 0.41239, -0.328, 0.95168, 0.94849, 2.69607, 0.87789</values>
						</lower_bound>
						<upper_bound>
							<values>0.83616, 0.02667, 1.63368, 1.80428, 0.02941, 1.41687, 1.58622, 0.37153, 0.16368, 0.02818, 0.01065, 1.1428, 0.53536, 0.6611, 1.37306, 0.96529, 3.81309, 1.08289</values>
						</upper_bound>
					</main_interval>
					<sample_size>
						<values>1000.0, 1000.0, 1000.0, 1000.0, 1000.0, 1000.0, 1000.0, 1000.0, 1000.0, 1000.0, 1000.0, 1000.0, 1000.0, 1000.0, 1000.0, 1000.0, 1000.0, 1000.0</values>
					</sample_size>
				</sampling_intervals>
			</data>
		</threshold>
		<threshold>
			<threshold_value>GT 0.19267 (Pr=0.45)</threshold_value>
			<data>
				<values>0.80468, 0.01568, 1.51317, 1.69282, 0.02505, 1.30728, 1.47754, 0.31403, 0.13755, 0.02249, 0.0078, 0.98679, 0.48018, 0.53114, 1.08353, 0.95557, 3.0103, 0.93897</values>
				<sampling_intervals>
					<main_interval>
						<bounds>0.05, 0.95</bounds>
						<lower_bound>
							<values>0.78068, 0.01649, 1.39809, 1.56696, 0.02093, 1.1916, 1.3543, 0.26307, 0.10353, 0.01772, 0.00539, 0.85571, 0.4157, -0.12232, 0.89754, 0.94552, 2.54867, 0.85543</values>
						</lower_bound>
						<upper_bound>
							<values>0.82947, 0.02835, 1.65715, 1.83688, 0.03067, 1.42529, 1.60701, 0.38986, 0.16913, 0.03023, 0.01088, 1.17632, 0.54143, 0.69787, 1.30751, 0.96325, 3.5707, 1.04021</values>
						</upper_bound>
					</main_interval>
					<sample_size>
						<values>1000.0, 1000.0, 1000.0, 1000.0, 1000.0, 1000.0, 1000.0, 1000.0, 1000.0, 1000.0, 1000.0, 1000.0, 1000.0, 1000.0, 1000.0, 1000.0, 1000.0, 1000.0</values>
					</sample_size>
				</sampling_intervals>
			</data>
		</threshold>
		<threshold>
			<threshold_value>GT 0.20892 (Pr=0.475)</threshold_value>
			<data>
				<values>0.80532, 0.015, 1.52004, 1.69972, 0.02603, 1.30966, 1.47831, 0.35596, 0.11969, 0.02728, 0.00673, 1.02536, 0.47674, 0.6206, 1.05619, 0.95388, 2.92972, 0.92253</values>
				<sampling_intervals>
					<main_interval>
						<bounds>0.05, 0.95</bounds>
						<lower_bound>
							<values>0.77042, 0.01742, 1.41339, 1.58497, 0.02239, 1.19933, 1.36923, 0.281, 0.10687, 0.01934, 0.00569, 0.90036, 0.41954, 0.10727, 0.83841, 0.94043, 2.36347, 0.83099</values>
						</lower_bound>
						<upper_bound>
							<values>0.82274, 0.02923, 1.67804, 1.87276, 0.03327, 1.44146, 1.62588, 0.40719, 0.17615, 0.03214, 0.0117, 1.2163, 0.54244, 0.70919, 1.22841, 0.96062, 3.33855, 0.99929</values>
						</upper_bound>
					</main_interval>
					<sample_size>
						<values>1000.0, 1000.0, 1000.0, 1000.0, 1000.0, 1000.0, 1000.0, 1000.0, 1000.0, 1000.0, 1000.0, 1000.0, 1000.0, 1000.0, 1000.0, 1000.0, 1000.0, 1000.0</values>
					</sample_size>
				</sampling_intervals>
			</data>
		</threshold>
		<threshold>
			<threshold_value>GT 0.23194 (Pr=0.5)</threshold_value>
			<data>
				<values>0.78756, 0.0171, 1.55631, 1.75165, 0.02929, 1.32791, 1.51106, 0.33864, 0.15752, 0.02443, 0.01039, 1.09478, 0.47645, 0.67624, 0.9346, 0.94777, 2.59553, 0.86905</values>
				<sampling_intervals>
					<main_interval>
						<bounds>0.05, 0.95</bounds>
						<lower_bound>
							<values>0.75201, 0.01736, 1.42963, 1.60779, 0.02425, 1.20734, 1.38289, 0.30242, 0.11308, 0.02064, 0.0065, 0.94978, 0.41524, 0.24069, 0.7928, 0.93624, 2.23398, 0.79901</values>
						</lower_bound>
						<upper_bound>
							<values>0.81497, 0.03035, 1.68919, 1.89171, 0.03573, 1.44432, 1.63877, 0.4379, 0.18485, 0.03458, 0.01258, 1.26181, 0.53831, 0.74646, 1.13871, 0.95729, 3.11256, 0.9579</values>
						</upper_bound>
					</main_interval>
					<sample_size>
						<values>1000.0, 1000.0, 1000.0, 1000.0, 1000.0, 1000.0, 1000.0, 1000.0, 1000.0, 1000.0, 1000.0, 1000.0, 1000.0, 1000.0, 1000.0, 1000.0, 1000.0, 1000.0</values>
					</sample_size>
				</sampling_intervals>
			</data>
		</threshold>
		<threshold>
			<threshold_value>GT 0.25327 (Pr=0.525)</threshold_value>
			<data>
				<values>0.76676, 0.01942, 1.55049, 1.76431, 0.03217, 1.3202, 1.52128, 0.39546, 0.16581, 0.02892, 0.01066, 1.12214, 0.46647, 0.68828, 0.87573, 0.94222, 2.42106, 0.83463</values>
				<sampling_intervals>
					<main_interval>
						<bounds>0.05, 0.95</bounds>
						<lower_bound>
							<values>0.74338, 0.01727, 1.43486, 1.62808, 0.02613, 1.20734, 1.39431, 0.33812, 0.11934, 0.02368, 0.00711, 0.98522, 0.40776, 0.36837, 0.75607, 0.93224, 2.11129, 0.76509</values>
						</lower_bound>
						<upper_bound>
							<values>0.80501, 0.0309, 1.68639, 1.89657, 0.03765, 1.44002, 1.64255, 0.47945, 0.18963, 0.03744, 0.01328, 1.29812, 0.52829, 0.78019, 1.06522, 0.95376, 2.86931, 0.91445</values>
						</upper_bound>
					</main_interval>
					<sample_size>
						<values>1000.0, 1000.0, 1000.0, 1000.0, 1000.0, 1000.0, 1000.0, 1000.0, 1000.0, 1000.0, 1000.0, 1000.0, 1000.0, 1000.0, 1000.0, 1000.0, 1000.0, 1000.0</values>
					</sample_size>
				</sampling_intervals>
			</data>
		</threshold>
		<threshold>
			<threshold_value>GT 0.27598 (Pr=0.55)</threshold_value>
			<data>
				<values>0.76292, 0.02019, 1.53612, 1.75301, 0.03361, 1.30181, 1.50529, 0.43957, 0.15662, 0.03226, 0.01027, 1.13599, 0.45145, 0.72827, 0.85673, 0.93937, 2.32814, 0.79872</values>
				<sampling_intervals>
					<main_interval>
						<bounds>0.05, 0.95</bounds>
						<lower_bound>
							<values>0.73825, 0.01758, 1.42921, 1.63502, 0.02858, 1.19866, 1.39629, 0.37022, 0.1282, 0.02568, 0.00795, 1.01011, 0.3949, 0.49856, 0.72106, 0.9287, 2.00175, 0.72478</values>
						</lower_bound>
						<upper_bound>
							<values>0.7917, 0.03148, 1.67455, 1.89691, 0.03944, 1.42437, 1.63574, 0.51377, 0.18771, 0.04069, 0.01331, 1.32462, 0.50994, 0.81248, 0.98818, 0.94912, 2.6613, 0.87318</values>
						</upper_bound>
					</main_interval>
					<sample_size>
						<values>1000.0, 1000.0, 1000.0, 1000.0, 1000.0, 1000.0, 1000.0, 1000.0, 1000.0, 1000.0, 1000.0, 1000.0, 1000.0, 1000.0, 1000.0, 1000.0, 1000.0, 1000.0</values>
					</sample_size>
				</sampling_intervals>
			</data>
		</threshold>
		<threshold>
			<threshold_value>GT 0.30218 (Pr=0.575)</threshold_value>
			<data>
				<values>0.75314, 0.01791, 1.52307, 1.75203, 0.03597, 1.28639, 1.49728, 0.465, 0.16439, 0.03473, 0.01081, 1.14787, 0.43401, 0.80062, 0.80919, 0.93455, 2.16727, 0.74806</values>
				<sampling_intervals>
					<main_interval>
						<bounds>0.05, 0.95</bounds>
						<lower_bound>
							<values>0.72912, 0.0166, 1.41478, 1.62884, 0.03026, 1.17928, 1.38574, 0.40689, 0.12839, 0.02851, 0.00786, 1.02106, 0.37831, 0.61191, 0.69089, 0.92418, 1.89826, 0.68499</values>
						</lower_bound>
						<upper_bound>
							<values>0.78316, 0.03083, 1.66256, 1.89282, 0.04164, 1.41022, 1.62283, 0.55555, 0.18796, 0.04361, 0.01345, 1.35641, 0.49316, 0.84301, 0.94568, 0.94504, 2.49841, 0.8299</values>
						</upper_bound>
					</main_interval>
					<sample_size>
						<values>1000.0, 1000.0, 1000.0, 1000.0, 1000.0, 1000.0, 1000.0, 1000.0, 1000.0, 1000.0, 1000.0, 1000.0, 1000.0, 1000.0, 1000.0, 1000.0, 1000.0, 1000.0</values>
					</sample_size>
				</sampling_intervals>
			</data>
		</threshold>
		<threshold>
			<threshold_value>GT 0.32627 (Pr=0.6)</threshold_value>
			<data>
				<values>0.75333, 0.01509, 1.50534, 1.73692, 0.03664, 1.27028, 1.48031, 0.50846, 0.15316, 0.03776, 0.00984, 1.16505, 0.41612, 0.85659, 0.78756, 0.93332, 2.0985, 0.72021</values>
				<sampling_intervals>
					<main_interval>
						<bounds>0.05, 0.95</bounds>
						<lower_bound>
							<values>0.71851, 0.01748, 1.39116, 1.61458, 0.03224, 1.15951, 1.36591, 0.43703, 0.13362, 0.0307, 0.00837, 1.0213, 0.35803, 0.67337, 0.65757, 0.91715, 1.78534, 0.6409</values>
						</lower_bound>
						<upper_bound>
							<values>0.77393, 0.03067, 1.64975, 1.8847, 0.04498, 1.38663, 1.60923, 0.59868, 0.19396, 0.04693, 0.01404, 1.37294, 0.46923, 0.85878, 0.90644, 0.94116, 2.34573, 0.78558</values>
						</upper_bound>
					</main_interval>
					<sample_size>
						<values>1000.0, 1000.0, 1000.0, 1000.0, 1000.0, 1000.0, 1000.0, 1000.0, 1000.0, 1000.0, 1000.0, 1000.0, 1000.0, 1000.0, 1000.0, 1000.0, 1000.0, 1000.0</values>
					</sample_size>
				</sampling_intervals>
			</data>
		</threshold>
		<threshold>
			<threshold_value>GT 0.35511 (Pr=0.625)</threshold_value>
			<data>
				<values>0.73529, 0.02002, 1.47738, 1.72206, 0.04111, 1.23103, 1.45462, 0.53911, 0.17462, 0.03967, 0.01258, 1.17227, 0.38487, 0.84001, 0.74385, 0.92485, 1.92046, 0.66344</values>
				<sampling_intervals>
					<main_interval>
						<bounds>0.05, 0.95</bounds>
						<lower_bound>
							<values>0.71093, 0.01831, 1.37133, 1.59744, 0.03423, 1.13429, 1.34582, 0.47225, 0.13657, 0.03298, 0.0088, 1.01229, 0.33576, 0.70468, 0.6327, 0.90912, 1.6492, 0.58752</values>
						</lower_bound>
						<upper_bound>
							<values>0.76618, 0.03236, 1.63637, 1.88153, 0.04868, 1.36741, 1.59303, 0.65717, 0.18932, 0.05133, 0.01403, 1.38518, 0.44693, 0.87278, 0.87711, 0.93751, 2.20397, 0.73104</values>
						</upper_bound>
					</main_interval>
					<sample_size>
						<values>1000.0, 1000.0, 1000.0, 1000.0, 1000.0, 1000.0, 1000.0, 1000.0, 1000.0, 1000.0, 1000.0, 1000.0, 1000.0, 1000.0, 1000.0, 1000.0, 1000.0, 1000.0</values>
					</sample_size>
				</sampling_intervals>
			</data>
		</threshold>
		<threshold>
			<threshold_value>GT 0.39605 (Pr=0.65)</threshold_value>
			<data>
				<values>0.73444, 0.02083, 1.48081, 1.72554, 0.04506, 1.21518, 1.43568, 0.6429, 0.14505, 0.04854, 0.01012, 1.14815, 0.36669, 0.8501, 0.71288, 0.91627, 1.75258, 0.58926</values>
				<sampling_intervals>
					<main_interval>
						<bounds>0.05, 0.95</bounds>
						<lower_bound>
							<values>0.7063, 0.01892, 1.34432, 1.58003, 0.03713, 1.10053, 1.32011, 0.52546, 0.13383, 0.03695, 0.00919, 0.99602, 0.31386, 0.73954, 0.60409, 0.90419, 1.51343, 0.52537</values>
						</lower_bound>
						<upper_bound>
							<values>0.75838, 0.03241, 1.62867, 1.87477, 0.05101, 1.34476, 1.57466, 0.72057, 0.17973, 0.05467, 0.01361, 1.38254, 0.42303, 0.88272, 0.83789, 0.93168, 2.03177, 0.66949</values>
						</upper_bound>
					</main_interval>
					<sample_size>
						<values>1000.0, 1000.0, 1000.0, 1000.0, 1000.0, 1000.0, 1000.0, 1000.0, 1000.0, 1000.0, 1000.0, 1000.0, 1000.0, 1000.0, 1000.0, 1000.0, 1000.0, 1000.0</values>
					</sample_size>
				</sampling_intervals>
			</data>
		</threshold>
		<threshold>
			<threshold_value>GT 0.43383 (Pr=0.675)</threshold_value>
			<data>
				<values>0.72906, 0.01727, 1.45501, 1.70868, 0.04495, 1.19986, 1.42585, 0.65589, 0.15595, 0.04569, 0.0112, 1.14824, 0.34298, 0.89203, 0.67512, 0.91506, 1.62175, 0.53566</values>
				<sampling_intervals>
					<main_interval>
						<bounds>0.05, 0.95</bounds>
						<lower_bound>
							<values>0.70096, 0.01938, 1.32601, 1.56299, 0.03935, 1.0754, 1.29337, 0.5723, 0.13128, 0.03981, 0.00905, 0.97286, 0.29028, 0.76536, 0.57629, 0.89916, 1.39275, 0.46535</values>
						</lower_bound>
						<upper_bound>
							<values>0.75517, 0.03284, 1.60884, 1.85981, 0.05303, 1.32742, 1.55964, 0.77076, 0.17843, 0.05667, 0.0133, 1.3641, 0.39783, 0.89345, 0.80489, 0.92621, 1.86354, 0.5988</values>
						</upper_bound>
					</main_interval>
					<sample_size>
						<values>1000.0, 1000.0, 1000.0, 1000.0, 1000.0, 1000.0, 1000.0, 1000.0, 1000.0, 1000.0, 1000.0, 1000.0, 1000.0, 1000.0, 1000.0, 1000.0, 1000.0, 1000.0</values>
					</sample_size>
				</sampling_intervals>
			</data>
		</threshold>
		<threshold>
			<threshold_value>GT 0.48206 (Pr=0.7)</threshold_value>
			<data>
				<values>0.71776, 0.02105, 1.4233, 1.68449, 0.04763, 1.16583, 1.40044, 0.69155, 0.16572, 0.04698, 0.01175, 1.10775, 0.31535, 0.88247, 0.64808, 0.90787, 1.47943, 0.46919</values>
				<sampling_intervals>
					<main_interval>
						<bounds>0.05, 0.95</bounds>
						<lower_bound>
							<values>0.68745, 0.0199, 1.2995, 1.53973, 0.04086, 1.05077, 1.26644, 0.59936, 0.13487, 0.03983, 0.00923, 0.93497, 0.26862, 0.79437, 0.54597, 0.88938, 1.2656, 0.40471</values>
						</lower_bound>
						<upper_bound>
							<values>0.75076, 0.03375, 1.59397, 1.855, 0.0562, 1.304, 1.53988, 0.81614, 0.18812, 0.05734, 0.01391, 1.34291, 0.37218, 0.89971, 0.77658, 0.92197, 1.71669, 0.53373</values>
						</upper_bound>
					</main_interval>
					<sample_size>
						<values>1000.0, 1000.0, 1000.0, 1000.0, 1000.0, 1000.0, 1000.0, 1000.0, 1000.0, 1000.0, 1000.0, 1000.0, 1000.0, 1000.0, 1000.0, 1000.0, 1000.0, 1000.0</values>
					</sample_size>
				</sampling_intervals>
			</data>
		</threshold>
		<threshold>
			<threshold_value>GT 0.53796 (Pr=0.725)</threshold_value>
			<data>
				<values>0.71101, 0.01896, 1.39862, 1.66865, 0.05018, 1.14029, 1.37909, 0.73206, 0.16923, 0.04893, 0.01164, 1.07486, 0.29052, 0.90454, 0.61267, 0.90104, 1.34464, 0.40827</values>
				<sampling_intervals>
					<main_interval>
						<bounds>0.05, 0.95</bounds>
						<lower_bound>
							<values>0.67194, 0.02009, 1.26589, 1.51027, 0.04326, 1.01673, 1.24643, 0.63234, 0.14293, 0.04083, 0.00972, 0.87728, 0.24411, 0.80123, 0.50275, 0.87207, 1.11945, 0.34362</values>
						</lower_bound>
						<upper_bound>
							<values>0.7423, 0.03464, 1.57165, 1.85313, 0.06314, 1.28057, 1.52783, 0.84998, 0.1992, 0.06, 0.01452, 1.28567, 0.34569, 0.90618, 0.74238, 0.91563, 1.56494, 0.46604</values>
						</upper_bound>
					</main_interval>
					<sample_size>
						<values>1000.0, 1000.0, 1000.0, 1000.0, 1000.0, 1000.0, 1000.0, 1000.0, 1000.0, 1000.0, 1000.0, 1000.0, 1000.0, 1000.0, 1000.0, 1000.0, 1000.0, 1000.0</values>
					</sample_size>
				</sampling_intervals>
			</data>
		</threshold>
		<threshold>
			<threshold_value>GT 0.60975 (Pr=0.75)</threshold_value>
			<data>
				<values>0.69435, 0.02126, 1.38688, 1.67127, 0.05801, 1.10717, 1.3548, 0.77581, 0.17566, 0.0536, 0.01169, 0.96805, 0.26764, 0.89955, 0.57087, 0.88247, 1.18179, 0.33629</values>
				<sampling_intervals>
					<main_interval>
						<bounds>0.05, 0.95</bounds>
						<lower_bound>
							<values>0.65405, 0.02049, 1.23446, 1.49331, 0.04693, 0.97892, 1.21777, 0.67465, 0.15383, 0.04286, 0.01014, 0.79727, 0.21955, 0.82761, 0.46233, 0.85148, 0.98059, 0.27236</values>
						</lower_bound>
						<upper_bound>
							<values>0.72791, 0.03513, 1.538, 1.84045, 0.07192, 1.23056, 1.49338, 0.90412, 0.20541, 0.06493, 0.01543, 1.1973, 0.31391, 0.9153, 0.69688, 0.90674, 1.39604, 0.39499</values>
						</upper_bound>
					</main_interval>
					<sample_size>
						<values>1000.0, 1000.0, 1000.0, 1000.0, 1000.0, 1000.0, 1000.0, 1000.0, 1000.0, 1000.0, 1000.0, 1000.0, 1000.0, 1000.0, 1000.0, 1000.0, 1000.0, 1000.0</values>
					</sample_size>
				</sampling_intervals>
			</data>
		</threshold>
		<threshold>
			<threshold_value>GT 0.63792 (Pr=0.76)</threshold_value>
			<data>
				<values>0.6846, 0.01401, 1.36225, 1.66364, 0.0616, 1.08527, 1.33908, 0.81042, 0.18153, 0.05511, 0.01278, 0.9374, 0.25351, 0.93814, 0.53029, 0.874, 1.09993, 0.30266</values>
				<sampling_intervals>
					<main_interval>
						<bounds>0.05, 0.95</bounds>
						<lower_bound>
							<values>0.65109, 0.02073, 1.22222, 1.48884, 0.04941, 0.96202, 1.20391, 0.69811, 0.15873, 0.04408, 0.01039, 0.75891, 0.20962, 0.83166, 0.45102, 0.84255, 0.92961, 0.24165</values>
						</lower_bound>
						<upper_bound>
							<values>0.72035, 0.03534, 1.52229, 1.82879, 0.07565, 1.21897, 1.47991, 0.93349, 0.20374, 0.06688, 0.01523, 1.15553, 0.29874, 0.91366, 0.6765, 0.90145, 1.3284, 0.36497</values>
						</upper_bound>
					</main_interval>
					<sample_size>
						<values>1000.0, 1000.0, 1000.0, 1000.0, 1000.0, 1000.0, 1000.0, 1000.0, 1000.0, 1000.0, 1000.0, 1000.0, 1000.0, 1000.0, 1000.0, 1000.0, 1000.0, 1000.0</values>
					</sample_size>
				</sampling_intervals>
			</data>
		</threshold>
		<threshold>
			<threshold_value>GT 0.67213 (Pr=0.77)</threshold_value>
			<data>
				<values>0.67947, 0.01762, 1.34342, 1.64634, 0.06353, 1.06316, 1.32016, 0.82077, 0.18635, 0.05455, 0.01318, 0.89207, 0.23927, 0.92495, 0.52478, 0.86779, 1.04075, 0.26889</values>
				<sampling_intervals>
					<main_interval>
						<bounds>0.05, 0.95</bounds>
						<lower_bound>
							<values>0.64484, 0.02009, 1.2045, 1.4831, 0.05145, 0.94009, 1.18892, 0.72633, 0.16121, 0.04582, 0.01051, 0.72683, 0.19854, 0.84353, 0.44171, 0.83425, 0.87507, 0.20918</values>
						</lower_bound>
						<upper_bound>
							<values>0.71435, 0.0347, 1.50521, 1.81036, 0.07815, 1.19107, 1.45288, 0.96353, 0.20284, 0.06846, 0.01546, 1.11046, 0.28325, 0.92091, 0.65197, 0.89555, 1.25072, 0.33082</values>
						</upper_bound>
					</main_interval>
					<sample_size>
						<values>1000.0, 1000.0, 1000.0, 1000.0, 1000.0, 1000.0, 1000.0, 1000.0, 1000.0, 1000.0, 1000.0, 1000.0, 1000.0, 1000.0, 1000.0, 1000.0, 1000.0, 1000.0</values>
					</sample_size>
				</sampling_intervals>
			</data>
		</threshold>
		<threshold>
			<threshold_value>GT 0.70442 (Pr=0.78)</threshold_value>
			<data>
				<values>0.67372, 0.01214, 1.30888, 1.62302, 0.06755, 1.02864, 1.28737, 0.86058, 0.18341, 0.05709, 0.01302, 0.84107, 0.22489, 0.94975, 0.51386, 0.85807, 0.98957, 0.23652</values>
				<sampling_intervals>
					<main_interval>
						<bounds>0.05, 0.95</bounds>
						<lower_bound>
							<values>0.6418, 0.01969, 1.18416, 1.47049, 0.05469, 0.91841, 1.16895, 0.75697, 0.16312, 0.04733, 0.01083, 0.69519, 0.18822, 0.84994, 0.43419, 0.82632, 0.83048, 0.17582</values>
						</lower_bound>
						<upper_bound>
							<values>0.70668, 0.03353, 1.47589, 1.78912, 0.08103, 1.16319, 1.42753, 0.99345, 0.20065, 0.06909, 0.01531, 1.05417, 0.26918, 0.9238, 0.63319, 0.88721, 1.17167, 0.29697</values>
						</upper_bound>
					</main_interval>
					<sample_size>
						<values>1000.0, 1000.0, 1000.0, 1000.0, 1000.0, 1000.0, 1000.0, 1000.0, 1000.0, 1000.0, 1000.0, 1000.0, 1000.0, 1000.0, 1000.0, 1000.0, 1000.0, 1000.0</values>
					</sample_size>
				</sampling_intervals>
			</data>
		</threshold>
		<threshold>
			<threshold_value>GT 0.73877 (Pr=0.79)</threshold_value>
			<data>
				<values>0.67163, 0.01515, 1.30148, 1.6147, 0.07204, 1.00534, 1.26167, 0.90952, 0.17283, 0.06026, 0.01239, 0.79928, 0.21392, 0.93908, 0.50744, 0.8471, 0.93226, 0.2026</values>
				<sampling_intervals>
					<main_interval>
						<bounds>0.05, 0.95</bounds>
						<lower_bound>
							<values>0.63989, 0.02006, 1.15973, 1.45639, 0.058, 0.88857, 1.1398, 0.78804, 0.16288, 0.04913, 0.01089, 0.65577, 0.17567, 0.85331, 0.43005, 0.81721, 0.77997, 0.14195</values>
						</lower_bound>
						<upper_bound>
							<values>0.70258, 0.03436, 1.44757, 1.75861, 0.08425, 1.13286, 1.40022, 1.01987, 0.19835, 0.07055, 0.01514, 1.00762, 0.25353, 0.92545, 0.61826, 0.87929, 1.10015, 0.26246</values>
						</upper_bound>
					</main_interval>
					<sample_size>
						<values>1000.0, 1000.0, 1000.0, 1000.0, 1000.0, 1000.0, 1000.0, 1000.0, 1000.0, 1000.0, 1000.0, 1000.0, 1000.0, 1000.0, 1000.0, 1000.0, 1000.0, 1000.0</values>
					</sample_size>
				</sampling_intervals>
			</data>
		</threshold>
		<threshold>
			<threshold_value>GT 0.77845 (Pr=0.8)</threshold_value>
			<data>
				<values>0.66534, 0.02226, 1.26946, 1.58187, 0.07448, 0.97039, 1.23057, 0.94045, 0.17722, 0.06073, 0.01253, 0.75829, 0.19707, 0.91435, 0.50821, 0.83877, 0.87056, 0.16442</values>
				<sampling_intervals>
					<main_interval>
						<bounds>0.05, 0.95</bounds>
						<lower_bound>
							<values>0.63549, 0.02064, 1.13656, 1.43619, 0.06109, 0.86017, 1.11207, 0.81511, 0.16123, 0.04974, 0.01088, 0.61389, 0.16439, 0.8556, 0.43034, 0.80401, 0.73423, 0.10918</values>
						</lower_bound>
						<upper_bound>
							<values>0.69794, 0.03466, 1.42109, 1.73528, 0.08846, 1.09948, 1.36984, 1.05737, 0.19703, 0.07107, 0.0149, 0.94157, 0.23816, 0.92635, 0.61279, 0.87044, 1.03939, 0.22581</values>
						</upper_bound>
					</main_interval>
					<sample_size>
						<values>1000.0, 1000.0, 1000.0, 1000.0, 1000.0, 1000.0, 1000.0, 1000.0, 1000.0, 1000.0, 1000.0, 1000.0, 1000.0, 1000.0, 1000.0, 1000.0, 1000.0, 1000.0</values>
					</sample_size>
				</sampling_intervals>
			</data>
		</threshold>
		<threshold>
			<threshold_value>GT 0.81629 (Pr=0.81)</threshold_value>
			<data>
				<values>0.66817, 0.01461, 1.24115, 1.55837, 0.07689, 0.94346, 1.19839, 0.93655, 0.17274, 0.05973, 0.0125, 0.70408, 0.18523, 0.94501, 0.50628, 0.83063, 0.82908, 0.12861</values>
				<sampling_intervals>
					<main_interval>
						<bounds>0.05, 0.95</bounds>
						<lower_bound>
							<values>0.63047, 0.02059, 1.10761, 1.40927, 0.06425, 0.83063, 1.08207, 0.83791, 0.15975, 0.05032, 0.01082, 0.57311, 0.15141, 0.85698, 0.42407, 0.79135, 0.68304, 0.07674</values>
						</lower_bound>
						<upper_bound>
							<values>0.69499, 0.03535, 1.3956, 1.72029, 0.09201, 1.06619, 1.33351, 1.08067, 0.19642, 0.0717, 0.01495, 0.88519, 0.22274, 0.9286, 0.6036, 0.86107, 0.98247, 0.18784</values>
						</upper_bound>
					</main_interval>
					<sample_size>
						<values>1000.0, 1000.0, 1000.0, 1000.0, 1000.0, 1000.0, 1000.0, 1000.0, 1000.0, 1000.0, 1000.0, 1000.0, 1000.0, 1000.0, 1000.0, 1000.0, 1000.0, 1000.0</values>
					</sample_size>
				</sampling_intervals>
			</data>
		</threshold>
		<threshold>
			<threshold_value>GT 0.86652 (Pr=0.82)</threshold_value>
			<data>
				<values>0.66021, 0.01331, 1.213, 1.53948, 0.08182, 0.91216, 1.17013, 0.97946, 0.17247, 0.06128, 0.01227, 0.65411, 0.17109, 0.95204, 0.48479, 0.81677, 0.75942, 0.09161</values>
				<sampling_intervals>
					<main_interval>
						<bounds>0.05, 0.95</bounds>
						<lower_bound>
							<values>0.62142, 0.02139, 1.08313, 1.38655, 0.06763, 0.80304, 1.05161, 0.85496, 0.15945, 0.05044, 0.01079, 0.52831, 0.1396, 0.85424, 0.4145, 0.7793, 0.63339, 0.04643</values>
						</lower_bound>
						<upper_bound>
							<values>0.69131, 0.03666, 1.37257, 1.70293, 0.09661, 1.03163, 1.29801, 1.10756, 0.19707, 0.07232, 0.01497, 0.82237, 0.20734, 0.92969, 0.60706, 0.85365, 0.9223, 0.15001</values>
						</upper_bound>
					</main_interval>
					<sample_size>
						<values>1000.0, 1000.0, 1000.0, 1000.0, 1000.0, 1000.0, 1000.0, 1000.0, 1000.0, 1000.0, 1000.0, 1000.0, 1000.0, 1000.0, 1000.0, 1000.0, 1000.0, 1000.0</values>
					</sample_size>
				</sampling_intervals>
			</data>
		</threshold>
		<threshold>
			<threshold_value>GT 0.91549 (Pr=0.83)</threshold_value>
			<data>
				<values>0.65363, 0.01554, 1.17537, 1.50619, 0.08502, 0.87598, 1.13733, 0.97651, 0.17868, 0.05957, 0.01257, 0.59198, 0.15753, 0.94444, 0.49542, 0.80701, 0.73218, 0.06776</values>
				<sampling_intervals>
					<main_interval>
						<bounds>0.05, 0.95</bounds>
						<lower_bound>
							<values>0.60938, 0.02133, 1.05857, 1.36294, 0.07076, 0.77262, 1.02286, 0.8719, 0.15937, 0.05051, 0.01068, 0.48352, 0.12866, 0.85064, 0.40847, 0.76245, 0.58505, 0.016</values>
						</lower_bound>
						<upper_bound>
							<values>0.68805, 0.03882, 1.34361, 1.67829, 0.10276, 1.00005, 1.27123, 1.13959, 0.20373, 0.07303, 0.01491, 0.76086, 0.19264, 0.93097, 0.60125, 0.84391, 0.86273, 0.11596</values>
						</upper_bound>
					</main_interval>
					<sample_size>
						<values>1000.0, 1000.0, 1000.0, 1000.0, 1000.0, 1000.0, 1000.0, 1000.0, 1000.0, 1000.0, 1000.0, 1000.0, 1000.0, 1000.0, 1000.0, 1000.0, 1000.0, 1000.0</values>
					</sample_size>
				</sampling_intervals>
			</data>
		</threshold>
		<threshold>
			<threshold_value>GT 0.98156 (Pr=0.84)</threshold_value>
			<data>
				<values>0.64534, 0.0184, 1.1679, 1.50416, 0.09129, 0.85485, 1.11822, 0.99307, 0.18111, 0.05961, 0.01266, 0.53862, 0.14641, 0.9354, 0.48017, 0.7896, 0.66667, 0.03632</values>
				<sampling_intervals>
					<main_interval>
						<bounds>0.05, 0.95</bounds>
						<lower_bound>
							<values>0.59749, 0.02295, 1.03438, 1.34, 0.07484, 0.74464, 0.99411, 0.89091, 0.15999, 0.05063, 0.01066, 0.44037, 0.11822, 0.84833, 0.39465, 0.74631, 0.53698, -0.01069</values>
						</lower_bound>
						<upper_bound>
							<values>0.68078, 0.03971, 1.32032, 1.66065, 0.10821, 0.966, 1.24383, 1.1713, 0.20805, 0.0729, 0.01521, 0.69397, 0.1776, 0.92791, 0.59847, 0.83197, 0.80962, 0.08434</values>
						</upper_bound>
					</main_interval>
					<sample_size>
						<values>1000.0, 1000.0, 1000.0, 1000.0, 1000.0, 1000.0, 1000.0, 1000.0, 1000.0, 1000.0, 1000.0, 1000.0, 1000.0, 1000.0, 1000.0, 1000.0, 1000.0, 1000.0</values>
					</sample_size>
				</sampling_intervals>
			</data>
		</threshold>
		<threshold>
			<threshold_value>GT 1.04274 (Pr=0.85)</threshold_value>
			<data>
				<values>0.62593, 0.02318, 1.1285, 1.4794, 0.09791, 0.81655, 1.09271, 1.04559, 0.19352, 0.06084, 0.01312, 0.49228, 0.13236, 0.92076, 0.46202, 0.77128, 0.60293, 0.01051</values>
				<sampling_intervals>
					<main_interval>
						<bounds>0.05, 0.95</bounds>
						<lower_bound>
							<values>0.58747, 0.02447, 1.00521, 1.32019, 0.07904, 0.71482, 0.97117, 0.91506, 0.16224, 0.05029, 0.01068, 0.40091, 0.10747, 0.84888, 0.37651, 0.73001, 0.48568, -0.0375</values>
						</lower_bound>
						<upper_bound>
							<values>0.67727, 0.04164, 1.28713, 1.63176, 0.11392, 0.9304, 1.21337, 1.20374, 0.21472, 0.07334, 0.01516, 0.63308, 0.16228, 0.92466, 0.59114, 0.81937, 0.75015, 0.05419</values>
						</upper_bound>
					</main_interval>
					<sample_size>
						<values>1000.0, 1000.0, 1000.0, 1000.0, 1000.0, 1000.0, 1000.0, 1000.0, 1000.0, 1000.0, 1000.0, 1000.0, 1000.0, 1000.0, 1000.0, 1000.0, 1000.0, 1000.0</values>
					</sample_size>
				</sampling_intervals>
			</data>
		</threshold>
		<threshold>
			<threshold_value>GT 1.1118 (Pr=0.86)</threshold_value>
			<data>
				<values>0.62147, 0.02121, 1.09046, 1.44778, 0.10271, 0.77963, 1.05545, 1.05795, 0.19261, 0.0593, 0.01303, 0.43771, 0.11978, 0.92929, 0.45833, 0.75679, 0.56143, -0.02</values>
				<sampling_intervals>
					<main_interval>
						<bounds>0.05, 0.95</bounds>
						<lower_bound>
							<values>0.58381, 0.02615, 0.97468, 1.29984, 0.08396, 0.6876, 0.94791, 0.94347, 0.16636, 0.0506, 0.01072, 0.36159, 0.09669, 0.85258, 0.36396, 0.71788, 0.44018, -0.0633</values>
						</lower_bound>
						<upper_bound>
							<values>0.66814, 0.04215, 1.25422, 1.6124, 0.11788, 0.90225, 1.18766, 1.24498, 0.21644, 0.07219, 0.01535, 0.57958, 0.14906, 0.92194, 0.57465, 0.80608, 0.69587, 0.02622</values>
						</upper_bound>
					</main_interval>
					<sample_size>
						<values>1000.0, 1000.0, 1000.0, 1000.0, 1000.0, 1000.0, 1000.0, 1000.0, 1000.0, 1000.0, 1000.0, 1000.0, 1000.0, 1000.0, 1000.0, 1000.0, 1000.0, 1000.0</values>
					</sample_size>
				</sampling_intervals>
			</data>
		</threshold>
		<threshold>
			<threshold_value>GT 1.17709 (Pr=0.87)</threshold_value>
			<data>
				<values>0.60854, 0.01947, 1.06149, 1.43349, 0.10662, 0.75841, 1.04325, 1.1419, 0.20157, 0.06123, 0.01318, 0.42699, 0.10805, 0.9389, 0.41136, 0.7443, 0.48238, -0.04694</values>
				<sampling_intervals>
					<main_interval>
						<bounds>0.05, 0.95</bounds>
						<lower_bound>
							<values>0.58301, 0.02645, 0.94443, 1.27844, 0.08922, 0.65606, 0.92071, 0.9691, 0.17132, 0.05019, 0.01085, 0.32773, 0.0859, 0.85504, 0.35477, 0.70507, 0.40244, -0.09231</values>
						</lower_bound>
						<upper_bound>
							<values>0.65617, 0.04283, 1.22612, 1.58725, 0.12198, 0.87325, 1.15609, 1.28222, 0.21501, 0.06976, 0.01505, 0.53904, 0.13548, 0.92013, 0.56239, 0.78818, 0.6338, -0.00225</values>
						</upper_bound>
					</main_interval>
					<sample_size>
						<values>1000.0, 1000.0, 1000.0, 1000.0, 1000.0, 1000.0, 1000.0, 1000.0, 1000.0, 1000.0, 1000.0, 1000.0, 1000.0, 1000.0, 1000.0, 1000.0, 1000.0, 1000.0</values>
					</sample_size>
				</sampling_intervals>
			</data>
		</threshold>
		<threshold>
			<threshold_value>GT 1.27093 (Pr=0.88)</threshold_value>
			<data>
				<values>0.61469, 0.01956, 1.03519, 1.40094, 0.10938, 0.72756, 1.00349, 1.09002, 0.19577, 0.05543, 0.01289, 0.36271, 0.09755, 0.93869, 0.43793, 0.73376, 0.46863, -0.07476</values>
				<sampling_intervals>
					<main_interval>
						<bounds>0.05, 0.95</bounds>
						<lower_bound>
							<values>0.58041, 0.02612, 0.91621, 1.25581, 0.09416, 0.62969, 0.89678, 0.9838, 0.1728, 0.0486, 0.0107, 0.28947, 0.07709, 0.85514, 0.36861, 0.68936, 0.37638, -0.11811</values>
						</lower_bound>
						<upper_bound>
							<values>0.64792, 0.04377, 1.19941, 1.56365, 0.12675, 0.84323, 1.12196, 1.27649, 0.21115, 0.06646, 0.0145, 0.47184, 0.12286, 0.92282, 0.54848, 0.77435, 0.5668, -0.02802</values>
						</upper_bound>
					</main_interval>
					<sample_size>
						<values>1000.0, 1000.0, 1000.0, 1000.0, 1000.0, 1000.0, 1000.0, 1000.0, 1000.0, 1000.0, 1000.0, 1000.0, 1000.0, 1000.0, 1000.0, 1000.0, 1000.0, 1000.0</values>
					</sample_size>
				</sampling_intervals>
			</data>
		</threshold>
		<threshold>
			<threshold_value>GT 1.37508 (Pr=0.89)</threshold_value>
			<data>
				<values>0.61718, 0.01988, 1.00661, 1.36955, 0.11301, 0.69594, 0.96575, 1.08095, 0.18705, 0.05163, 0.01218, 0.31235, 0.08759, 0.93789, 0.45975, 0.72239, 0.45805, -0.09763</values>
				<sampling_intervals>
					<main_interval>
						<bounds>0.05, 0.95</bounds>
						<lower_bound>
							<values>0.57809, 0.02667, 0.8915, 1.22872, 0.09781, 0.60252, 0.86732, 0.97237, 0.1716, 0.04555, 0.01037, 0.24775, 0.06915, 0.84981, 0.36923, 0.67672, 0.35802, -0.14098</values>
						</lower_bound>
						<upper_bound>
							<values>0.64573, 0.04493, 1.19575, 1.56015, 0.13067, 0.82369, 1.10348, 1.26565, 0.20829, 0.06144, 0.01408, 0.41026, 0.11362, 0.92182, 0.56191, 0.76276, 0.54306, -0.04632</values>
						</upper_bound>
					</main_interval>
					<sample_size>
						<values>1000.0, 1000.0, 1000.0, 1000.0, 1000.0, 1000.0, 1000.0, 1000.0, 1000.0, 1000.0, 1000.0, 1000.0, 1000.0, 1000.0, 1000.0, 1000.0, 1000.0, 1000.0</values>
					</sample_size>
				</sampling_intervals>
			</data>
		</threshold>
		<threshold>
			<threshold_value>GT 1.509 (Pr=0.9)</threshold_value>
			<data>
				<values>0.60953, 0.01953, 1.00458, 1.37552, 0.11883, 0.68607, 0.95771, 1.08107, 0.18556, 0.04798, 0.01133, 0.27132, 0.08051, 0.93912, 0.44271, 0.70665, 0.43388, -0.10776</values>
				<sampling_intervals>
					<main_interval>
						<bounds>0.05, 0.95</bounds>
						<lower_bound>
							<values>0.56883, 0.02665, 0.87244, 1.20587, 0.10147, 0.58029, 0.84194, 0.95105, 0.17148, 0.04133, 0.01001, 0.21188, 0.0618, 0.83277, 0.37103, 0.66421, 0.34654, -0.1586</values>
						</lower_bound>
						<upper_bound>
							<values>0.64444, 0.04769, 1.18424, 1.55556, 0.13585, 0.80688, 1.09505, 1.23872, 0.2169, 0.05604, 0.01406, 0.35383, 0.10458, 0.92186, 0.57683, 0.75164, 0.53119, -0.04925</values>
						</upper_bound>
					</main_interval>
					<sample_size>
						<values>1000.0, 1000.0, 1000.0, 1000.0, 1000.0, 1000.0, 1000.0, 1000.0, 1000.0, 1000.0, 1000.0, 1000.0, 1000.0, 1000.0, 1000.0, 1000.0, 1000.0, 1000.0</values>
					</sample_size>
				</sampling_intervals>
			</data>
		</threshold>
		<threshold>
			<threshold_value>GT 1.65653 (Pr=0.91)</threshold_value>
			<data>
				<values>0.59621, 0.02362, 1.00063, 1.38081, 0.12383, 0.6777, 0.95766, 1.04628, 0.19994, 0.04266, 0.01199, 0.23106, 0.07331, 0.92507, 0.4377, 0.69165, 0.42345, -0.10873</values>
				<sampling_intervals>
					<main_interval>
						<bounds>0.05, 0.95</bounds>
						<lower_bound>
							<values>0.54335, 0.0305, 0.85542, 1.20025, 0.10662, 0.56673, 0.82811, 0.91744, 0.1721, 0.03674, 0.00963, 0.17633, 0.05557, 0.81249, 0.37571, 0.6477, 0.33607, -0.16952</values>
						</lower_bound>
						<upper_bound>
							<values>0.63885, 0.05198, 1.15527, 1.54055, 0.14144, 0.78666, 1.08933, 1.1878, 0.24805, 0.0497, 0.01472, 0.29573, 0.09453, 0.91207, 0.58404, 0.73738, 0.545, -0.04054</values>
						</upper_bound>
					</main_interval>
					<sample_size>
						<values>1000.0, 1000.0, 1000.0, 1000.0, 1000.0, 1000.0, 1000.0, 1000.0, 1000.0, 1000.0, 1000.0, 1000.0, 1000.0, 1000.0, 1000.0, 1000.0, 1000.0, 1000.0</values>
					</sample_size>
				</sampling_intervals>
			</data>
		</threshold>
		<threshold>
			<threshold_value>GT 1.8356 (Pr=0.92)</threshold_value>
			<data>
				<values>0.57564, 0.02393, 0.94276, 1.34318, 0.12774, 0.6425, 0.93912, 0.98492, 0.22708, 0.03629, 0.01241, 0.18214, 0.0641, 0.92124, 0.45695, 0.68, 0.45608, -0.0988</values>
				<sampling_intervals>
					<main_interval>
						<bounds>0.05, 0.95</bounds>
						<lower_bound>
							<values>0.5277, 0.03427, 0.84771, 1.20398, 0.1119, 0.54944, 0.82082, 0.85379, 0.1794, 0.03187, 0.00964, 0.13861, 0.04955, 0.78213, 0.38213, 0.62979, 0.33817, -0.16914</values>
						</lower_bound>
						<upper_bound>
							<values>0.62739, 0.05865, 1.11569, 1.51225, 0.15078, 0.75177, 1.06923, 1.13946, 0.27702, 0.04296, 0.01538, 0.23886, 0.0844, 0.89534, 0.60218, 0.72183, 0.5934, -0.02412</values>
						</upper_bound>
					</main_interval>
					<sample_size>
						<values>1000.0, 1000.0, 1000.0, 1000.0, 1000.0, 1000.0, 1000.0, 1000.0, 1000.0, 1000.0, 1000.0, 1000.0, 1000.0, 1000.0, 1000.0, 1000.0, 1000.0, 1000.0</values>
					</sample_size>
				</sampling_intervals>
			</data>
		</threshold>
		<threshold>
			<threshold_value>GT 2.09857 (Pr=0.93)</threshold_value>
			<data>
				<values>0.55484, 0.02943, 0.90959, 1.32532, 0.13902, 0.60585, 0.91199, 0.9007, 0.25699, 0.03103, 0.0129, 0.13528, 0.05588, 0.89657, 0.49137, 0.65716, 0.49712, -0.08726</values>
				<sampling_intervals>
					<main_interval>
						<bounds>0.05, 0.95</bounds>
						<lower_bound>
							<values>0.50431, 0.03778, 0.81119, 1.1827, 0.11769, 0.51458, 0.80116, 0.77597, 0.20574, 0.02631, 0.00997, 0.10344, 0.0424, 0.74902, 0.41049, 0.61242, 0.36246, -0.16094</values>
						</lower_bound>
						<upper_bound>
							<values>0.60388, 0.06319, 1.07865, 1.49832, 0.16333, 0.71895, 1.04549, 1.06731, 0.31521, 0.03635, 0.01751, 0.18363, 0.076, 0.87538, 0.6558, 0.70564, 0.68478, 0.01797</values>
						</upper_bound>
					</main_interval>
					<sample_size>
						<values>1000.0, 1000.0, 1000.0, 1000.0, 1000.0, 1000.0, 1000.0, 1000.0, 1000.0, 1000.0, 1000.0, 1000.0, 1000.0, 1000.0, 1000.0, 1000.0, 1000.0, 1000.0</values>
					</sample_size>
				</sampling_intervals>
			</data>
		</threshold>
		<threshold>
			<threshold_value>GT 2.45624 (Pr=0.94)</threshold_value>
			<data>
				<values>0.52868, 0.0258, 0.90893, 1.35446, 0.1547, 0.59366, 0.91028, 0.80612, 0.28994, 0.02488, 0.01412, 0.09574, 0.05187, 0.89693, 0.50302, 0.63589, 0.61471, -0.03447</values>
				<sampling_intervals>
					<main_interval>
						<bounds>0.05, 0.95</bounds>
						<lower_bound>
							<values>0.46867, 0.04209, 0.78776, 1.16579, 0.12698, 0.48737, 0.77723, 0.70761, 0.22932, 0.02113, 0.01017, 0.0746, 0.03654, 0.65553, 0.43231, 0.59289, 0.43262, -0.14749</values>
						</lower_bound>
						<upper_bound>
							<values>0.58761, 0.07016, 1.08241, 1.52874, 0.1792, 0.7068, 1.05088, 0.93867, 0.37584, 0.02916, 0.01881, 0.1307, 0.07268, 0.85478, 0.70195, 0.68865, 0.80531, 0.08058</values>
						</upper_bound>
					</main_interval>
					<sample_size>
						<values>1000.0, 1000.0, 1000.0, 1000.0, 1000.0, 1000.0, 1000.0, 1000.0, 1000.0, 1000.0, 1000.0, 1000.0, 1000.0, 1000.0, 1000.0, 1000.0, 1000.0, 1000.0</values>
					</sample_size>
				</sampling_intervals>
			</data>
		</threshold>
		<threshold>
			<threshold_value>GT 2.9322 (Pr=0.95)</threshold_value>
			<data>
				<values>0.49354, 0.03083, 0.87287, 1.3485, 0.16352, 0.57295, 0.91589, 0.72058, 0.3584, 0.01885, 0.01532, 0.06663, 0.04607, 0.86575, 0.50972, 0.62672, 0.75951, 0.03192</values>
				<sampling_intervals>
					<main_interval>
						<bounds>0.05, 0.95</bounds>
						<lower_bound>
							<values>0.43157, 0.05095, 0.77811, 1.17963, 0.14009, 0.46926, 0.77247, 0.61374, 0.26766, 0.01565, 0.01092, 0.05253, 0.03247, 0.53418, 0.42625, 0.58192, 0.52729, -0.09676</values>
						</lower_bound>
						<upper_bound>
							<values>0.55693, 0.08783, 1.08353, 1.54812, 0.18971, 0.70721, 1.09276, 0.83229, 0.48918, 0.02282, 0.02415, 0.0904, 0.06911, 0.81498, 0.72697, 0.66967, 1.00496, 0.2005</values>
						</upper_bound>
					</main_interval>
					<sample_size>
						<values>1000.0, 1000.0, 1000.0, 1000.0, 1000.0, 1000.0, 1000.0, 1000.0, 1000.0, 1000.0, 1000.0, 1000.0, 1000.0, 1000.0, 1000.0, 1000.0, 1000.0, 1000.0</values>
					</sample_size>
				</sampling_intervals>
			</data>
		</threshold>
		<threshold>
			<threshold_value>GT 3.55216 (Pr=0.96)</threshold_value>
			<data>
				<values>0.47408, 0.05593, 0.9385, 1.40849, 0.1656, 0.60919, 0.96952, 0.57518, 0.47796, 0.01262, 0.02049, 0.04768, 0.04643, 0.72141, 0.54037, 0.65101, 1.0765, 0.18397</values>
				<sampling_intervals>
					<main_interval>
						<bounds>0.05, 0.95</bounds>
						<lower_bound>
							<values>0.42548, 0.0676, 0.7818, 1.20361, 0.14195, 0.46815, 0.80338, 0.46661, 0.34581, 0.0097, 0.01293, 0.03584, 0.028, 0.20186, 0.45437, 0.59286, 0.66753, -0.02552</values>
						</lower_bound>
						<upper_bound>
							<values>0.51559, 0.11167, 1.12265, 1.5734, 0.193, 0.73945, 1.13807, 0.74605, 0.67119, 0.01652, 0.03191, 0.0643, 0.07459, 0.73373, 0.7553, 0.69798, 1.63007, 0.43316</values>
						</upper_bound>
					</main_interval>
					<sample_size>
						<values>1000.0, 1000.0, 1000.0, 1000.0, 1000.0, 1000.0, 1000.0, 1000.0, 1000.0, 1000.0, 1000.0, 1000.0, 1000.0, 1000.0, 1000.0, 1000.0, 1000.0, 1000.0</values>
					</sample_size>
				</sampling_intervals>
			</data>
		</threshold>
		<threshold>
			<threshold_value>GT 4.52265 (Pr=0.97)</threshold_value>
			<data>
				<values>0.43587, 0.07182, 0.94463, 1.43694, 0.16949, 0.62151, 1.01615, 0.44472, 0.78676, 0.00733, 0.02986, 0.02782, 0.05188, 0.39294, 0.70129, 0.69588, 1.95151, 0.55549</values>
				<sampling_intervals>
					<main_interval>
						<bounds>0.05, 0.95</bounds>
						<lower_bound>
							<values>0.36056, 0.09416, 0.82355, 1.24184, 0.14333, 0.4885, 0.83471, 0.36828, 0.49755, 0.00598, 0.01838, 0.02052, 0.02799, -1.57104, 0.57612, 0.64263, 1.2516, 0.18634</values>
						</lower_bound>
						<upper_bound>
							<values>0.50105, 0.15148, 1.14796, 1.6189, 0.20226, 0.75231, 1.19308, 0.54744, 2.61635, 0.0095, 0.09006, 0.0378, 0.1523, 0.50592, 1.01728, 0.74648, 3.08749, 1.62056</values>
						</upper_bound>
					</main_interval>
					<sample_size>
						<values>1000.0, 1000.0, 1000.0, 1000.0, 1000.0, 1000.0, 1000.0, 1000.0, 1000.0, 1000.0, 1000.0, 1000.0, 1000.0, 1000.0, 1000.0, 1000.0, 1000.0, 1000.0</values>
					</sample_size>
				</sampling_intervals>
			</data>
		</threshold>
		<threshold>
			<threshold_value>GT 5.62808 (Pr=0.97734)</threshold_value>
			<data>
				<values>0.36377, 0.08773, 0.95226, 1.50076, 0.19865, 0.60902, 1.0466, 0.3644, 2.63903, 0.00495, 0.07808, 0.01557, 0.11473, -0.89647, 0.74082, 0.73931, 3.78607, 1.86558</values>
				<sampling_intervals>
					<main_interval>
						<bounds>0.05, 0.95</bounds>
						<lower_bound>
							<values>0.30322, 0.12201, 0.84773, 1.29831, 0.15741, 0.47933, 0.877, 0.30988, 0.82309, 0.00392, 0.02647, 0.01182, 0.03216, -7.27501, 0.66012, 0.68316, 2.2866, 0.59921</values>
						</lower_bound>
						<upper_bound>
							<values>0.44675, 0.19045, 1.13124, 1.61041, 0.22978, 0.72551, 1.20716, 0.43994, 3.8092, 0.00613, 0.11964, 0.02137, 0.17629, -0.15289, 1.23336, 0.78685, 5.52733, 2.59577</values>
						</upper_bound>
					</main_interval>
					<sample_size>
						<values>1000.0, 1000.0, 1000.0, 1000.0, 1000.0, 1000.0, 1000.0, 1000.0, 1000.0, 1000.0, 1000.0, 1000.0, 1000.0, 1000.0, 1000.0, 1000.0, 1000.0, 1000.0</values>
					</sample_size>
				</sampling_intervals>
			</data>
		</threshold>
		<threshold>
			<threshold_value>GT 6.1203 (Pr=0.98)</threshold_value>
			<data>
				<values>0.36323, 0.10276, 0.9008, 1.43481, 0.19463, 0.5746, 1.01675, 0.34784, 3.38631, 0.0041, 0.09593, 0.01245, 0.11844, -1.8578, 0.91345, 0.7557, 4.97979, 2.39583</values>
				<sampling_intervals>
					<main_interval>
						<bounds>0.05, 0.95</bounds>
						<lower_bound>
							<values>0.29622, 0.13392, 0.84307, 1.33142, 0.15787, 0.47227, 0.8834, 0.29484, 2.02193, 0.00327, 0.05599, 0.00966, 0.05526, -8.28702, 0.74976, 0.69326, 3.02958, 1.4717</values>
						</lower_bound>
						<upper_bound>
							<values>0.41759, 0.20698, 1.10798, 1.57224, 0.2344, 0.69885, 1.18007, 0.41646, 4.34632, 0.00528, 0.13214, 0.01737, 0.17074, -0.91813, 1.30778, 0.79758, 6.58673, 2.96339</values>
						</upper_bound>
					</main_interval>
					<sample_size>
						<values>1000.0, 1000.0, 1000.0, 1000.0, 1000.0, 1000.0, 1000.0, 1000.0, 1000.0, 1000.0, 1000.0, 1000.0, 1000.0, 1000.0, 1000.0, 1000.0, 1000.0, 1000.0</values>
					</sample_size>
				</sampling_intervals>
			</data>
		</threshold>
		<threshold>
			<threshold_value>GT 6.56721 (Pr=0.98277)</threshold_value>
			<data>
				<values>0.36789, 0.1035, 0.87472, 1.40333, 0.18451, 0.57324, 1.02084, 0.32386, 3.64539, 0.00334, 0.10128, 0.01077, 0.10525, -1.63269, 0.97612, 0.77136, 5.78999, 2.67927</values>
				<sampling_intervals>
					<main_interval>
						<bounds>0.05, 0.95</bounds>
						<lower_bound>
							<values>0.29695, 0.14401, 0.84033, 1.313, 0.14952, 0.46081, 0.88641, 0.27239, 2.67034, 0.00263, 0.06881, 0.00815, 0.06472, -8.73378, 0.83677, 0.70643, 3.80489, 1.91272</values>
						</lower_bound>
						<upper_bound>
							<values>0.43147, 0.22287, 1.07581, 1.51689, 0.23553, 0.68464, 1.16438, 0.3972, 4.85297, 0.00439, 0.14205, 0.01426, 0.16722, -1.16431, 1.47393, 0.81363, 8.06561, 3.37916</values>
						</upper_bound>
					</main_interval>
					<sample_size>
						<values>1000.0, 1000.0, 1000.0, 1000.0, 1000.0, 1000.0, 1000.0, 1000.0, 1000.0, 1000.0, 1000.0, 1000.0, 1000.0, 1000.0, 1000.0, 1000.0, 1000.0, 1000.0</values>
					</sample_size>
				</sampling_intervals>
			</data>
		</threshold>
		<threshold>
			<threshold_value>GT 8.8108 (Pr=0.99)</threshold_value>
			<data>
				<values>0.3413, 0.18059, 0.81154, 1.28964, 0.21661, 0.45104, 0.89313, 0.34121, 5.54358, 0.00224, 0.10948, 0.00477, 0.07345, -2.00957, 1.32101, 0.7477, 9.01022, 3.78819</values>
				<sampling_intervals>
					<main_interval>
						<bounds>0.05, 0.95</bounds>
						<lower_bound>
							<values>0.2852, 0.18781, 0.76216, 1.19023, 0.16829, 0.35495, 0.73939, 0.28534, 3.74044, 0.00162, 0.07663, 0.0035, 0.04429, -6.29213, 0.95895, 0.70641, 5.89388, 2.89792</values>
						</lower_bound>
						<upper_bound>
							<values>0.41513, 0.29909, 1.0571, 1.43891, 0.25956, 0.61168, 1.08771, 0.39264, 8.21577, 0.00295, 0.16882, 0.00681, 0.13341, -1.11409, 2.201, 0.79515, 14.24852, 4.90602</values>
						</upper_bound>
					</main_interval>
					<sample_size>
						<values>1000.0, 1000.0, 1000.0, 1000.0, 1000.0, 1000.0, 1000.0, 1000.0, 1000.0, 1000.0, 1000.0, 1000.0, 1000.0, 1000.0, 1000.0, 1000.0, 1000.0, 1000.0</values>
					</sample_size>
				</sampling_intervals>
			</data>
		</threshold>
		<threshold>
			<threshold_value>GT 9.11855 (Pr=0.99083)</threshold_value>
			<data>
				<values>0.33422, 0.1981, 0.81467, 1.28235, 0.22163, 0.43962, 0.88378, 0.35271, 5.84771, 0.0021, 0.11478, 0.00425, 0.07035, -2.55847, 1.41012, 0.74352, 9.37469, 3.95775</values>
				<sampling_intervals>
					<main_interval>
						<bounds>0.05, 0.95</bounds>
						<lower_bound>
							<values>0.27225, 0.20139, 0.76076, 1.18613, 0.1771, 0.33984, 0.72156, 0.30291, 3.92137, 0.00155, 0.07594, 0.00306, 0.04013, -6.8066, 0.93061, 0.69301, 5.91061, 2.95232</values>
						</lower_bound>
						<upper_bound>
							<values>0.4036, 0.32089, 1.04515, 1.42363, 0.26962, 0.58233, 1.07003, 0.40619, 8.65006, 0.00283, 0.17351, 0.00599, 0.12473, -1.04828, 2.34632, 0.7875, 14.53931, 5.2024</values>
						</upper_bound>
					</main_interval>
					<sample_size>
						<values>1000.0, 1000.0, 1000.0, 1000.0, 1000.0, 1000.0, 1000.0, 1000.0, 1000.0, 1000.0, 1000.0, 1000.0, 1000.0, 1000.0, 1000.0, 1000.0, 1000.0, 1000.0</values>
					</sample_size>
				</sampling_intervals>
			</data>
		</threshold>
		<threshold>
			<threshold_value>GT 11.21765 (Pr=0.995)</threshold_value>
			<data>
				<values>0.34455, 0.20776, 0.71522, 1.16291, 0.26022, 0.32347, 0.7187, 0.42649, 4.24284, 0.00137, 0.05579, 0.00172, 0.02693, -5.57848, 2.67741, 0.70744, 16.26146, 4.55897</values>
				<sampling_intervals>
					<main_interval>
						<bounds>0.05, 0.95</bounds>
						<lower_bound>
							<values>0.20338, 0.22656, 0.63273, 1.09813, 0.19362, 0.19633, 0.56423, 0.34951, 3.37084, 9.5E-4, 0.04207, 0.0010, 0.0161, -14.95215, 1.2139, 0.59266, 7.93276, 3.40854</values>
						</lower_bound>
						<upper_bound>
							<values>0.40483, 0.38317, 1.03432, 1.35314, 0.37335, 0.50834, 0.9717, 0.53237, 9.75893, 0.00223, 0.14752, 0.00281, 0.07895, -1.5118, 4.15195, 0.77816, 24.81046, 7.36308</values>
						</upper_bound>
					</main_interval>
					<sample_size>
						<values>1000.0, 1000.0, 1000.0, 1000.0, 1000.0, 1000.0, 1000.0, 1000.0, 1000.0, 1000.0, 1000.0, 1000.0, 1000.0, 1000.0, 1000.0, 1000.0, 1000.0, 1000.0</values>
					</sample_size>
				</sampling_intervals>
			</data>
		</threshold>
		<threshold>
			<threshold_value>GT 13.87869 (Pr=0.99769)</threshold_value>
			<data>
				<values>0.25885, 0.3623, 0.7529, 1.13175, 0.30405, 0.26298, 0.70007, 0.45521, 6.63057, 7.5E-4, 0.04804, 6.5E-4, 0.01336, -9.75236, 3.55068, 0.66811, 21.76294, 6.33612</values>
				<sampling_intervals>
					<main_interval>
						<bounds>0.05, 0.95</bounds>
						<lower_bound>
							<values>0.08919, 0.26416, 0.57882, 1.0543, 0.19418, 0.12423, 0.47417, 0.33359, 3.80193, 4.4E-4, 0.02805, 2.8E-4, 0.00605, -23.97725, 1.33223, 0.48468, 8.64639, 3.93152</values>
						</lower_bound>
						<upper_bound>
							<values>0.42921, 0.49139, 0.99753, 1.27668, 0.48251, 0.44181, 0.89448, 0.62093, 14.17485, 0.00128, 0.10416, 0.00122, 0.03739, -1.70434, 6.44939, 0.78345, 47.47891, 10.10041</values>
						</upper_bound>
					</main_interval>
					<sample_size>
						<values>1000.0, 1000.0, 1000.0, 1000.0, 1000.0, 1000.0, 1000.0, 1000.0, 1000.0, 1000.0, 1000.0, 1000.0, 1000.0, 1000.0, 1000.0, 1000.0, 1000.0, 1000.0</values>
					</sample_size>
				</sampling_intervals>
			</data>
		</threshold>
		<threshold>
			<threshold_value>GT 18.42083 (Pr=0.999)</threshold_value>
			<data>
				<values>0.16932, 0.37988, 0.69898, 1.14978, 0.47416, 0.14722, 0.50375, 0.59427, 11.43283, 5.2E-4, 0.02731, 1.6E-4, 0.00718, -2.17532, 1.59442, 0.50053, 14.20677, 7.34429</values>
				<sampling_intervals>
					<main_interval>
						<bounds>0.05, 0.95</bounds>
						<lower_bound>
							<values>-0.09704, 0.28375, 0.47376, 1.01647, 0.3081, 0.04983, 0.28472, 0.41459, 4.73881, 2.8E-4, 0.01392, 5.0E-5, 0.00203, -37.6023, 0.72624, 0.22708, 2.08554, 2.6692</values>
						</lower_bound>
						<upper_bound>
							<values>0.38505, 0.70432, 1.01168, 1.33635, 0.72784, 0.24346, 0.72021, 0.81969, 123.64917, 9.0E-4, 0.2215, 3.0E-4, 0.09031, -0.96969, 21.34104, 0.68456, 673.77236, 60.40053</values>
						</upper_bound>
					</main_interval>
					<sample_size>
						<values>1000.0, 1000.0, 1000.0, 1000.0, 1000.0, 1000.0, 1000.0, 1000.0, 961.0, 1000.0, 961.0, 1000.0, 961.0, 1000.0, 1000.0, 1000.0, 1000.0, 1000.0</values>
					</sample_size>
				</sampling_intervals>
			</data>
		</threshold>
	</threshold_data>
</result></results>