<?xml version="1.0" standalone="yes"?><results>
<!--Result file containing the results for a single metric by lead period.
Some metrics, such as reliability diagrams, have results for specific thresholds 
(e.g. probability thresholds).  In that case, the results are stored by lead period 
and then by threshold value.  The actual data associated with a result always appears 
within a 'values' tag.  A metric result that comprises a single value will appear as a 
single value in this tag.  A metric result that comprises a 1D matrix will appear as a 
row of values separated by commas in the input order.  A metric result that comprises a 
2D matrix will appear as a sequence of rows, each with a 'values' tag, which are written 
in the input order.  For example, a diagram metric with an x and y axis will comprise 
two rows of data (i.e. two rows within two separate 'values' tags).  The default input 
order would be data for the x axis followed by data for the y axis.  Data that refer to 
cumulative probabilities are, by default, always defined in increasing size of probability.--><meta_data>
	<thresholds_type>true</thresholds_type>
	<original_file_id>07378500_CAL.Streamflow.ICK_INF_ONE_OBS_ONE_MEAN_1D_MEAN_RAW.Brier_skill_score.xml</original_file_id>
</meta_data><result>
	<lead_hour>0.0</lead_hour>
	<threshold_data>
		<threshold>
			<threshold_value>GT 0.2 (Pr=0.0)</threshold_value>
			<data>
				<values>-33.32731, 33.4024, 0.07509, 1.0, 7.67135, 0.30137, 26.95733, 64180.03818, 0.16052, 14119.98714, 8.0E-5, 0.30121, 1.6E-4, -999.0, -999.0, -999.0, -999.0, -999.0</values>
				<sampling_intervals>
					<main_interval>
						<bounds>0.05, 0.95</bounds>
						<lower_bound>
							<values>-104.57728, 10.81765, 0.0098, 1.0, 2.64071, 0.1046, 9.24805, 7008.55599, 0.14306, 1457.98224, 5.0E-5, 0.10429, 3.0E-5, -999.0, -999.0, -999.0, -999.0, -999.0</values>
						</lower_bound>
						<upper_bound>
							<values>-10.75445, 101.97756, 0.21773, 1.0, 22.14292, 0.3209, 83.92673, 675934.57686, 0.37725, 133140.98581, 3.1E-4, 0.32068, 4.8E-4, -999.0, -999.0, -999.0, -999.0, -999.0</values>
						</upper_bound>
					</main_interval>
					<sample_size>
						<values>1000.0, 1000.0, 1000.0, 1000.0, 1000.0, 1000.0, 1000.0, 1000.0, 1000.0, 1000.0, 1000.0, 1000.0, 1000.0, -999.0, -999.0, -999.0, -999.0, -999.0</values>
					</sample_size>
				</sampling_intervals>
			</data>
		</threshold>
		<threshold>
			<threshold_value>GT 0.26603 (Pr=0.025)</threshold_value>
			<data>
				<values>-0.73874, 0.90743, 0.16869, 1.0, 0.68621, 0.1187, 1.17123, 70.19663, 0.37404, 17.65134, 0.00666, 0.11638, 0.00232, -999.0, -999.0, -999.0, -999.0, -999.0</values>
				<sampling_intervals>
					<main_interval>
						<bounds>0.05, 0.95</bounds>
						<lower_bound>
							<values>-1.42103, 0.49473, 0.08537, 1.0, 0.54159, 0.08592, 0.83231, 31.91372, 0.32003, 7.73855, 0.00443, 0.08394, 0.00146, -999.0, -999.0, -999.0, -999.0, -999.0</values>
						</lower_bound>
						<upper_bound>
							<values>-0.27294, 1.52732, 0.28251, 1.0, 0.8927, 0.15184, 1.65465, 148.05987, 0.43674, 38.21872, 0.01027, 0.1489, 0.00381, -999.0, -999.0, -999.0, -999.0, -999.0</values>
						</upper_bound>
					</main_interval>
					<sample_size>
						<values>1000.0, 1000.0, 1000.0, 1000.0, 1000.0, 1000.0, 1000.0, 1000.0, 1000.0, 1000.0, 1000.0, 1000.0, 1000.0, -999.0, -999.0, -999.0, -999.0, -999.0</values>
					</sample_size>
				</sampling_intervals>
			</data>
		</threshold>
		<threshold>
			<threshold_value>GT 0.29096 (Pr=0.05)</threshold_value>
			<data>
				<values>0.02767, 0.22067, 0.24834, 1.0, 0.49308, 0.12093, 0.60018, 12.47317, 0.38584, 3.09671, 0.01709, 0.11507, 0.00587, -999.0, -999.0, -999.0, -999.0, -999.0</values>
				<sampling_intervals>
					<main_interval>
						<bounds>0.05, 0.95</bounds>
						<lower_bound>
							<values>-0.26721, 0.14594, 0.17028, 1.0, 0.4543, 0.0969, 0.51964, 9.06766, 0.34772, 2.09808, 0.01118, 0.09268, 0.00366, -999.0, -999.0, -999.0, -999.0, -999.0</values>
						</lower_bound>
						<upper_bound>
							<values>0.12885, 0.45445, 0.3, 1.0, 0.59408, 0.14049, 0.81162, 25.95252, 0.43309, 6.65343, 0.02079, 0.13526, 0.00689, -999.0, -999.0, -999.0, -999.0, -999.0</values>
						</upper_bound>
					</main_interval>
					<sample_size>
						<values>1000.0, 1000.0, 1000.0, 1000.0, 1000.0, 1000.0, 1000.0, 1000.0, 1000.0, 1000.0, 1000.0, 1000.0, 1000.0, -999.0, -999.0, -999.0, -999.0, -999.0</values>
					</sample_size>
				</sampling_intervals>
			</data>
		</threshold>
		<threshold>
			<threshold_value>GT 0.30615 (Pr=0.075)</threshold_value>
			<data>
				<values>0.16554, 0.11725, 0.28278, 1.0, 0.46308, 0.11932, 0.49071, 7.18287, 0.40068, 1.7474, 0.02348, 0.11169, 0.00763, -999.0, -999.0, -999.0, -999.0, -999.0</values>
				<sampling_intervals>
					<main_interval>
						<bounds>0.05, 0.95</bounds>
						<lower_bound>
							<values>-0.02908, 0.0615, 0.23278, 1.0, 0.39667, 0.10409, 0.41522, 4.58366, 0.27118, 1.0675, 0.0143, 0.09748, 0.00595, -999.0, -999.0, -999.0, -999.0, -999.0</values>
						</lower_bound>
						<upper_bound>
							<values>0.26395, 0.32724, 0.36437, 1.0, 0.51112, 0.19377, 0.75445, 13.06355, 0.43344, 3.44446, 0.03023, 0.18003, 0.01374, -999.0, -999.0, -999.0, -999.0, -999.0</values>
						</upper_bound>
					</main_interval>
					<sample_size>
						<values>1000.0, 1000.0, 1000.0, 1000.0, 1000.0, 1000.0, 1000.0, 1000.0, 1000.0, 1000.0, 1000.0, 1000.0, 1000.0, -999.0, -999.0, -999.0, -999.0, -999.0</values>
					</sample_size>
				</sampling_intervals>
			</data>
		</threshold>
		<threshold>
			<threshold_value>GT 0.31955 (Pr=0.1)</threshold_value>
			<data>
				<values>0.16319, 0.17869, 0.34188, 1.0, 0.39836, 0.17682, 0.61528, 6.83138, 0.30201, 1.84276, 0.02087, 0.16234, 0.01448, -999.0, -999.0, -999.0, -999.0, -999.0</values>
				<sampling_intervals>
					<main_interval>
						<bounds>0.05, 0.95</bounds>
						<lower_bound>
							<values>0.08806, 0.08335, 0.3, 1.0, 0.34234, 0.14697, 0.50274, 3.8506, 0.26766, 0.97887, 0.01794, 0.13219, 0.0123, -999.0, -999.0, -999.0, -999.0, -999.0</values>
						</lower_bound>
						<upper_bound>
							<values>0.30769, 0.23154, 0.4227, 1.0, 0.4434, 0.20522, 0.66706, 8.36287, 0.35183, 2.2865, 0.03071, 0.18775, 0.02007, -999.0, -999.0, -999.0, -999.0, -999.0</values>
						</upper_bound>
					</main_interval>
					<sample_size>
						<values>1000.0, 1000.0, 1000.0, 1000.0, 1000.0, 1000.0, 1000.0, 1000.0, 1000.0, 1000.0, 1000.0, 1000.0, 1000.0, -999.0, -999.0, -999.0, -999.0, -999.0</values>
					</sample_size>
				</sampling_intervals>
			</data>
		</threshold>
		<threshold>
			<threshold_value>GT 0.33635 (Pr=0.125)</threshold_value>
			<data>
				<values>0.31009, 0.07983, 0.38992, 1.0, 0.3586, 0.17883, 0.51013, 3.48388, 0.32199, 0.91476, 0.03136, 0.15802, 0.02081, -999.0, -999.0, -999.0, -999.0, -999.0</values>
				<sampling_intervals>
					<main_interval>
						<bounds>0.05, 0.95</bounds>
						<lower_bound>
							<values>0.22373, 0.04469, 0.3357, 1.0, 0.32459, 0.15359, 0.45754, 2.48974, 0.2823, 0.6166, 0.02495, 0.13457, 0.01682, -999.0, -999.0, -999.0, -999.0, -999.0</values>
						</lower_bound>
						<upper_bound>
							<values>0.37978, 0.13441, 0.44667, 1.0, 0.40264, 0.20448, 0.56552, 4.82148, 0.36314, 1.33371, 0.03993, 0.18166, 0.02511, -999.0, -999.0, -999.0, -999.0, -999.0</values>
						</upper_bound>
					</main_interval>
					<sample_size>
						<values>1000.0, 1000.0, 1000.0, 1000.0, 1000.0, 1000.0, 1000.0, 1000.0, 1000.0, 1000.0, 1000.0, 1000.0, 1000.0, -999.0, -999.0, -999.0, -999.0, -999.0</values>
					</sample_size>
				</sampling_intervals>
			</data>
		</threshold>
		<threshold>
			<threshold_value>GT 0.35316 (Pr=0.15)</threshold_value>
			<data>
				<values>0.37449, 0.041, 0.41549, 1.0, 0.34646, 0.17647, 0.45551, 2.27015, 0.3455, 0.58046, 0.04216, 0.15079, 0.02567, -999.0, -999.0, -999.0, -999.0, -999.0</values>
				<sampling_intervals>
					<main_interval>
						<bounds>0.05, 0.95</bounds>
						<lower_bound>
							<values>0.29423, 0.02502, 0.3574, 1.0, 0.31501, 0.15306, 0.42071, 1.75404, 0.29994, 0.42598, 0.03252, 0.13075, 0.02047, -999.0, -999.0, -999.0, -999.0, -999.0</values>
						</lower_bound>
						<upper_bound>
							<values>0.42563, 0.07973, 0.46783, 1.0, 0.38696, 0.20137, 0.5088, 3.32907, 0.38139, 0.90252, 0.05007, 0.17347, 0.02987, -999.0, -999.0, -999.0, -999.0, -999.0</values>
						</upper_bound>
					</main_interval>
					<sample_size>
						<values>1000.0, 1000.0, 1000.0, 1000.0, 1000.0, 1000.0, 1000.0, 1000.0, 1000.0, 1000.0, 1000.0, 1000.0, 1000.0, -999.0, -999.0, -999.0, -999.0, -999.0</values>
					</sample_size>
				</sampling_intervals>
			</data>
		</threshold>
		<threshold>
			<threshold_value>GT 0.37079 (Pr=0.175)</threshold_value>
			<data>
				<values>0.41481, 0.02122, 0.43603, 1.0, 0.3411, 0.1749, 0.41899, 1.60306, 0.37077, 0.39696, 0.05424, 0.14446, 0.03043, -999.0, -999.0, -999.0, -999.0, -999.0</values>
				<sampling_intervals>
					<main_interval>
						<bounds>0.05, 0.95</bounds>
						<lower_bound>
							<values>0.33656, 0.01402, 0.37488, 1.0, 0.31167, 0.15216, 0.39459, 1.30685, 0.3228, 0.30281, 0.04166, 0.12648, 0.02413, -999.0, -999.0, -999.0, -999.0, -999.0</values>
						</lower_bound>
						<upper_bound>
							<values>0.45545, 0.04784, 0.48223, 1.0, 0.37821, 0.198, 0.46668, 2.37088, 0.40517, 0.63876, 0.06271, 0.16589, 0.03438, -999.0, -999.0, -999.0, -999.0, -999.0</values>
						</upper_bound>
					</main_interval>
					<sample_size>
						<values>1000.0, 1000.0, 1000.0, 1000.0, 1000.0, 1000.0, 1000.0, 1000.0, 1000.0, 1000.0, 1000.0, 1000.0, 1000.0, -999.0, -999.0, -999.0, -999.0, -999.0</values>
					</sample_size>
				</sampling_intervals>
			</data>
		</threshold>
		<threshold>
			<threshold_value>GT 0.38993 (Pr=0.2)</threshold_value>
			<data>
				<values>0.42476, 0.01581, 0.44057, 1.0, 0.34068, 0.17412, 0.40869, 1.41679, 0.38214, 0.34631, 0.05994, 0.14163, 0.0325, -999.0, -999.0, -999.0, -999.0, -999.0</values>
				<sampling_intervals>
					<main_interval>
						<bounds>0.05, 0.95</bounds>
						<lower_bound>
							<values>0.36604, 0.00836, 0.38398, 1.0, 0.31495, 0.15063, 0.37373, 1.01076, 0.34833, 0.22808, 0.05165, 0.12141, 0.0277, -999.0, -999.0, -999.0, -999.0, -999.0</values>
						</lower_bound>
						<upper_bound>
							<values>0.47207, 0.0291, 0.49397, 1.0, 0.37726, 0.19349, 0.4364, 1.82179, 0.43376, 0.4765, 0.07691, 0.15677, 0.0389, -999.0, -999.0, -999.0, -999.0, -999.0</values>
						</upper_bound>
					</main_interval>
					<sample_size>
						<values>1000.0, 1000.0, 1000.0, 1000.0, 1000.0, 1000.0, 1000.0, 1000.0, 1000.0, 1000.0, 1000.0, 1000.0, 1000.0, -999.0, -999.0, -999.0, -999.0, -999.0</values>
					</sample_size>
				</sampling_intervals>
			</data>
		</threshold>
		<threshold>
			<threshold_value>GT 0.41102 (Pr=0.225)</threshold_value>
			<data>
				<values>0.44282, 0.00977, 0.45259, 1.0, 0.34383, 0.17124, 0.38458, 1.03109, 0.42064, 0.24296, 0.07889, 0.13294, 0.0383, -999.0, -999.0, -999.0, -999.0, -999.0</values>
				<sampling_intervals>
					<main_interval>
						<bounds>0.05, 0.95</bounds>
						<lower_bound>
							<values>0.38315, 0.0059, 0.39195, 1.0, 0.31656, 0.14907, 0.36079, 0.81636, 0.37392, 0.17829, 0.0629, 0.11695, 0.03096, -999.0, -999.0, -999.0, -999.0, -999.0</values>
						</lower_bound>
						<upper_bound>
							<values>0.48235, 0.02254, 0.50248, 1.0, 0.37717, 0.19145, 0.4172, 1.44587, 0.46265, 0.37192, 0.0922, 0.14988, 0.04302, -999.0, -999.0, -999.0, -999.0, -999.0</values>
						</upper_bound>
					</main_interval>
					<sample_size>
						<values>1000.0, 1000.0, 1000.0, 1000.0, 1000.0, 1000.0, 1000.0, 1000.0, 1000.0, 1000.0, 1000.0, 1000.0, 1000.0, -999.0, -999.0, -999.0, -999.0, -999.0</values>
					</sample_size>
				</sampling_intervals>
			</data>
		</threshold>
		<threshold>
			<threshold_value>GT 0.43087 (Pr=0.25)</threshold_value>
			<data>
				<values>0.44928, 0.01165, 0.46094, 1.0, 0.34827, 0.16939, 0.37185, 0.853, 0.45058, 0.19558, 0.09391, 0.12724, 0.04215, -999.0, -999.0, -999.0, -999.0, -999.0</values>
				<sampling_intervals>
					<main_interval>
						<bounds>0.05, 0.95</bounds>
						<lower_bound>
							<values>0.39761, 0.00575, 0.40613, 1.0, 0.32071, 0.14954, 0.35101, 0.67807, 0.40019, 0.14469, 0.07526, 0.11286, 0.0347, -999.0, -999.0, -999.0, -999.0, -999.0</values>
						</lower_bound>
						<upper_bound>
							<values>0.4899, 0.02478, 0.51337, 1.0, 0.37703, 0.18964, 0.40081, 1.18592, 0.49141, 0.29549, 0.10824, 0.14402, 0.04777, -999.0, -999.0, -999.0, -999.0, -999.0</values>
						</upper_bound>
					</main_interval>
					<sample_size>
						<values>1000.0, 1000.0, 1000.0, 1000.0, 1000.0, 1000.0, 1000.0, 1000.0, 1000.0, 1000.0, 1000.0, 1000.0, 1000.0, -999.0, -999.0, -999.0, -999.0, -999.0</values>
					</sample_size>
				</sampling_intervals>
			</data>
		</threshold>
		<threshold>
			<threshold_value>GT 0.45158 (Pr=0.275)</threshold_value>
			<data>
				<values>0.45688, 0.01762, 0.4745, 1.0, 0.35025, 0.17018, 0.36305, 0.72116, 0.47633, 0.16098, 0.10874, 0.12376, 0.04643, -999.0, -999.0, -999.0, -999.0, -999.0</values>
				<sampling_intervals>
					<main_interval>
						<bounds>0.05, 0.95</bounds>
						<lower_bound>
							<values>0.41421, 0.00854, 0.42455, 1.0, 0.32305, 0.15109, 0.34357, 0.56654, 0.425, 0.11693, 0.08828, 0.10964, 0.03899, -999.0, -999.0, -999.0, -999.0, -999.0</values>
						</lower_bound>
						<upper_bound>
							<values>0.49754, 0.03266, 0.52538, 1.0, 0.37803, 0.19059, 0.3876, 0.96261, 0.5199, 0.23241, 0.12621, 0.14001, 0.05291, -999.0, -999.0, -999.0, -999.0, -999.0</values>
						</upper_bound>
					</main_interval>
					<sample_size>
						<values>1000.0, 1000.0, 1000.0, 1000.0, 1000.0, 1000.0, 1000.0, 1000.0, 1000.0, 1000.0, 1000.0, 1000.0, 1000.0, -999.0, -999.0, -999.0, -999.0, -999.0</values>
					</sample_size>
				</sampling_intervals>
			</data>
		</threshold>
		<threshold>
			<threshold_value>GT 0.46955 (Pr=0.3)</threshold_value>
			<data>
				<values>0.46445, 0.02266, 0.48711, 1.0, 0.34945, 0.17266, 0.35876, 0.64578, 0.49124, 0.1412, 0.11765, 0.12315, 0.0495, -999.0, -999.0, -999.0, -999.0, -999.0</values>
				<sampling_intervals>
					<main_interval>
						<bounds>0.05, 0.95</bounds>
						<lower_bound>
							<values>0.42634, 0.01491, 0.44414, 1.0, 0.323, 0.15404, 0.33698, 0.4757, 0.44886, 0.09497, 0.10123, 0.10827, 0.04388, -999.0, -999.0, -999.0, -999.0, -999.0</values>
						</lower_bound>
						<upper_bound>
							<values>0.50701, 0.04314, 0.54678, 1.0, 0.3784, 0.19375, 0.37649, 0.79282, 0.55123, 0.18365, 0.14406, 0.13806, 0.05817, -999.0, -999.0, -999.0, -999.0, -999.0</values>
						</upper_bound>
					</main_interval>
					<sample_size>
						<values>1000.0, 1000.0, 1000.0, 1000.0, 1000.0, 1000.0, 1000.0, 1000.0, 1000.0, 1000.0, 1000.0, 1000.0, 1000.0, -999.0, -999.0, -999.0, -999.0, -999.0</values>
					</sample_size>
				</sampling_intervals>
			</data>
		</threshold>
		<threshold>
			<threshold_value>GT 0.48714 (Pr=0.325)</threshold_value>
			<data>
				<values>0.47888, 0.0351, 0.51399, 1.0, 0.34825, 0.17854, 0.3514, 0.51656, 0.52321, 0.10853, 0.137, 0.12237, 0.05617, -999.0, -999.0, -999.0, -999.0, -999.0</values>
				<sampling_intervals>
					<main_interval>
						<bounds>0.05, 0.95</bounds>
						<lower_bound>
							<values>0.44089, 0.02422, 0.4669, 1.0, 0.3235, 0.1591, 0.33305, 0.3907, 0.47761, 0.07476, 0.11757, 0.10791, 0.04954, -999.0, -999.0, -999.0, -999.0, -999.0</values>
						</lower_bound>
						<upper_bound>
							<values>0.51593, 0.0562, 0.56564, 1.0, 0.3763, 0.19872, 0.36843, 0.64003, 0.58271, 0.14561, 0.16428, 0.13719, 0.06465, -999.0, -999.0, -999.0, -999.0, -999.0</values>
						</upper_bound>
					</main_interval>
					<sample_size>
						<values>1000.0, 1000.0, 1000.0, 1000.0, 1000.0, 1000.0, 1000.0, 1000.0, 1000.0, 1000.0, 1000.0, 1000.0, 1000.0, -999.0, -999.0, -999.0, -999.0, -999.0</values>
					</sample_size>
				</sampling_intervals>
			</data>
		</threshold>
		<threshold>
			<threshold_value>GT 0.50516 (Pr=0.35)</threshold_value>
			<data>
				<values>0.49375, 0.05188, 0.54563, 1.0, 0.34748, 0.18682, 0.34559, 0.3991, 0.56234, 0.07982, 0.16002, 0.12263, 0.06419, -999.0, -999.0, -999.0, -999.0, -999.0</values>
				<sampling_intervals>
					<main_interval>
						<bounds>0.05, 0.95</bounds>
						<lower_bound>
							<values>0.45452, 0.03552, 0.49596, 1.0, 0.32489, 0.16618, 0.32977, 0.31872, 0.50711, 0.05824, 0.13535, 0.10868, 0.05601, -999.0, -999.0, -999.0, -999.0, -999.0</values>
						</lower_bound>
						<upper_bound>
							<values>0.52346, 0.07149, 0.58596, 1.0, 0.37544, 0.20349, 0.36068, 0.51138, 0.62116, 0.11102, 0.1886, 0.13576, 0.07144, -999.0, -999.0, -999.0, -999.0, -999.0</values>
						</upper_bound>
					</main_interval>
					<sample_size>
						<values>1000.0, 1000.0, 1000.0, 1000.0, 1000.0, 1000.0, 1000.0, 1000.0, 1000.0, 1000.0, 1000.0, 1000.0, 1000.0, -999.0, -999.0, -999.0, -999.0, -999.0</values>
					</sample_size>
				</sampling_intervals>
			</data>
		</threshold>
		<threshold>
			<threshold_value>GT 0.52585 (Pr=0.375)</threshold_value>
			<data>
				<values>0.498, 0.06719, 0.56519, 1.0, 0.35174, 0.19162, 0.34188, 0.32861, 0.6033, 0.06278, 0.18406, 0.12096, 0.07067, -999.0, -999.0, -999.0, -999.0, -999.0</values>
				<sampling_intervals>
					<main_interval>
						<bounds>0.05, 0.95</bounds>
						<lower_bound>
							<values>0.4662, 0.0502, 0.52371, 1.0, 0.32776, 0.17324, 0.32701, 0.26539, 0.5464, 0.04669, 0.15687, 0.1086, 0.06249, -999.0, -999.0, -999.0, -999.0, -999.0</values>
						</lower_bound>
						<upper_bound>
							<values>0.52648, 0.08724, 0.60294, 1.0, 0.37724, 0.20808, 0.35596, 0.40796, 0.66584, 0.08542, 0.21568, 0.13319, 0.07834, -999.0, -999.0, -999.0, -999.0, -999.0</values>
						</upper_bound>
					</main_interval>
					<sample_size>
						<values>1000.0, 1000.0, 1000.0, 1000.0, 1000.0, 1000.0, 1000.0, 1000.0, 1000.0, 1000.0, 1000.0, 1000.0, 1000.0, -999.0, -999.0, -999.0, -999.0, -999.0</values>
					</sample_size>
				</sampling_intervals>
			</data>
		</threshold>
		<threshold>
			<threshold_value>GT 0.54962 (Pr=0.4)</threshold_value>
			<data>
				<values>0.49962, 0.08049, 0.58011, 1.0, 0.35564, 0.19544, 0.34019, 0.28468, 0.63807, 0.05285, 0.20547, 0.1193, 0.07615, -999.0, -999.0, -999.0, -999.0, -999.0</values>
				<sampling_intervals>
					<main_interval>
						<bounds>0.05, 0.95</bounds>
						<lower_bound>
							<values>0.46862, 0.06522, 0.54427, 1.0, 0.33303, 0.17815, 0.32525, 0.2226, 0.5847, 0.03734, 0.18074, 0.10683, 0.06948, -999.0, -999.0, -999.0, -999.0, -999.0</values>
						</lower_bound>
						<upper_bound>
							<values>0.52632, 0.10615, 0.61628, 1.0, 0.38395, 0.21251, 0.35386, 0.33601, 0.71679, 0.06739, 0.24726, 0.13026, 0.08522, -999.0, -999.0, -999.0, -999.0, -999.0</values>
						</upper_bound>
					</main_interval>
					<sample_size>
						<values>1000.0, 1000.0, 1000.0, 1000.0, 1000.0, 1000.0, 1000.0, 1000.0, 1000.0, 1000.0, 1000.0, 1000.0, 1000.0, -999.0, -999.0, -999.0, -999.0, -999.0</values>
					</sample_size>
				</sampling_intervals>
			</data>
		</threshold>
		<threshold>
			<threshold_value>GT 0.57422 (Pr=0.425)</threshold_value>
			<data>
				<values>0.49478, 0.10265, 0.59743, 1.0, 0.36605, 0.20035, 0.33952, 0.23117, 0.7045, 0.04004, 0.24502, 0.116, 0.08435, -999.0, -999.0, -999.0, -999.0, -999.0</values>
				<sampling_intervals>
					<main_interval>
						<bounds>0.05, 0.95</bounds>
						<lower_bound>
							<values>0.46629, 0.08303, 0.56275, 1.0, 0.34133, 0.18312, 0.32515, 0.18997, 0.63561, 0.02987, 0.20922, 0.105, 0.07594, -999.0, -999.0, -999.0, -999.0, -999.0</values>
						</lower_bound>
						<upper_bound>
							<values>0.52246, 0.12533, 0.6293, 1.0, 0.39173, 0.21645, 0.35296, 0.28149, 0.77591, 0.05362, 0.28469, 0.12708, 0.09203, -999.0, -999.0, -999.0, -999.0, -999.0</values>
						</upper_bound>
					</main_interval>
					<sample_size>
						<values>1000.0, 1000.0, 1000.0, 1000.0, 1000.0, 1000.0, 1000.0, 1000.0, 1000.0, 1000.0, 1000.0, 1000.0, 1000.0, -999.0, -999.0, -999.0, -999.0, -999.0</values>
					</sample_size>
				</sampling_intervals>
			</data>
		</threshold>
		<threshold>
			<threshold_value>GT 0.60179 (Pr=0.45)</threshold_value>
			<data>
				<values>0.48709, 0.12336, 0.61044, 1.0, 0.3768, 0.20455, 0.34066, 0.19617, 0.77031, 0.03186, 0.28517, 0.11285, 0.0917, -999.0, -999.0, -999.0, -999.0, -999.0</values>
				<sampling_intervals>
					<main_interval>
						<bounds>0.05, 0.95</bounds>
						<lower_bound>
							<values>0.4584, 0.10107, 0.57861, 1.0, 0.3509, 0.18777, 0.32597, 0.16429, 0.68974, 0.02455, 0.24153, 0.10254, 0.08222, -999.0, -999.0, -999.0, -999.0, -999.0</values>
						</lower_bound>
						<upper_bound>
							<values>0.51688, 0.14426, 0.63892, 1.0, 0.40212, 0.21933, 0.35325, 0.23699, 0.84462, 0.04334, 0.32613, 0.1235, 0.09873, -999.0, -999.0, -999.0, -999.0, -999.0</values>
						</upper_bound>
					</main_interval>
					<sample_size>
						<values>1000.0, 1000.0, 1000.0, 1000.0, 1000.0, 1000.0, 1000.0, 1000.0, 1000.0, 1000.0, 1000.0, 1000.0, 1000.0, -999.0, -999.0, -999.0, -999.0, -999.0</values>
					</sample_size>
				</sampling_intervals>
			</data>
		</threshold>
		<threshold>
			<threshold_value>GT 0.62888 (Pr=0.475)</threshold_value>
			<data>
				<values>0.47997, 0.13773, 0.61771, 1.0, 0.38485, 0.20785, 0.34302, 0.17471, 0.82262, 0.02716, 0.31638, 0.11078, 0.09707, -999.0, -999.0, -999.0, -999.0, -999.0</values>
				<sampling_intervals>
					<main_interval>
						<bounds>0.05, 0.95</bounds>
						<lower_bound>
							<values>0.448, 0.12109, 0.59059, 1.0, 0.36322, 0.19176, 0.32874, 0.14439, 0.75556, 0.02028, 0.28045, 0.10003, 0.08903, -999.0, -999.0, -999.0, -999.0, -999.0</values>
						</lower_bound>
						<upper_bound>
							<values>0.5063, 0.16412, 0.64627, 1.0, 0.4135, 0.22315, 0.35552, 0.20352, 0.9224, 0.03437, 0.37515, 0.11943, 0.10631, -999.0, -999.0, -999.0, -999.0, -999.0</values>
						</upper_bound>
					</main_interval>
					<sample_size>
						<values>1000.0, 1000.0, 1000.0, 1000.0, 1000.0, 1000.0, 1000.0, 1000.0, 1000.0, 1000.0, 1000.0, 1000.0, 1000.0, -999.0, -999.0, -999.0, -999.0, -999.0</values>
					</sample_size>
				</sampling_intervals>
			</data>
		</threshold>
		<threshold>
			<threshold_value>GT 0.66324 (Pr=0.5)</threshold_value>
			<data>
				<values>0.46604, 0.16092, 0.62696, 1.0, 0.39882, 0.2127, 0.34784, 0.149, 0.91548, 0.02171, 0.37394, 0.10683, 0.10587, -999.0, -999.0, -999.0, -999.0, -999.0</values>
				<sampling_intervals>
					<main_interval>
						<bounds>0.05, 0.95</bounds>
						<lower_bound>
							<values>0.43422, 0.13914, 0.59732, 1.0, 0.3757, 0.19673, 0.33311, 0.12642, 0.82859, 0.01675, 0.32357, 0.09739, 0.09577, -999.0, -999.0, -999.0, -999.0, -999.0</values>
						</lower_bound>
						<upper_bound>
							<values>0.49323, 0.18367, 0.65021, 1.0, 0.42628, 0.22624, 0.35989, 0.17645, 1.01358, 0.02838, 0.42988, 0.11556, 0.11361, -999.0, -999.0, -999.0, -999.0, -999.0</values>
						</upper_bound>
					</main_interval>
					<sample_size>
						<values>1000.0, 1000.0, 1000.0, 1000.0, 1000.0, 1000.0, 1000.0, 1000.0, 1000.0, 1000.0, 1000.0, 1000.0, 1000.0, -999.0, -999.0, -999.0, -999.0, -999.0</values>
					</sample_size>
				</sampling_intervals>
			</data>
		</threshold>
		<threshold>
			<threshold_value>GT 0.6982 (Pr=0.525)</threshold_value>
			<data>
				<values>0.45101, 0.17788, 0.62888, 1.0, 0.41219, 0.21496, 0.35176, 0.13498, 0.99608, 0.01862, 0.4234, 0.10335, 0.11161, -999.0, -999.0, -999.0, -999.0, -999.0</values>
				<sampling_intervals>
					<main_interval>
						<bounds>0.05, 0.95</bounds>
						<lower_bound>
							<values>0.4191, 0.16016, 0.6035, 1.0, 0.38855, 0.20006, 0.3381, 0.11327, 0.91226, 0.01392, 0.37318, 0.09442, 0.10288, -999.0, -999.0, -999.0, -999.0, -999.0</values>
						</lower_bound>
						<upper_bound>
							<values>0.47857, 0.2062, 0.65508, 1.0, 0.44174, 0.22987, 0.36454, 0.15481, 1.11417, 0.02335, 0.49515, 0.11157, 0.12122, -999.0, -999.0, -999.0, -999.0, -999.0</values>
						</upper_bound>
					</main_interval>
					<sample_size>
						<values>1000.0, 1000.0, 1000.0, 1000.0, 1000.0, 1000.0, 1000.0, 1000.0, 1000.0, 1000.0, 1000.0, 1000.0, 1000.0, -999.0, -999.0, -999.0, -999.0, -999.0</values>
					</sample_size>
				</sampling_intervals>
			</data>
		</threshold>
		<threshold>
			<threshold_value>GT 0.74024 (Pr=0.55)</threshold_value>
			<data>
				<values>0.43041, 0.20395, 0.63436, 1.0, 0.43006, 0.21995, 0.35949, 0.11837, 1.12059, 0.01504, 0.50272, 0.09903, 0.12092, -999.0, -999.0, -999.0, -999.0, -999.0</values>
				<sampling_intervals>
					<main_interval>
						<bounds>0.05, 0.95</bounds>
						<lower_bound>
							<values>0.39856, 0.18015, 0.60972, 1.0, 0.40423, 0.20426, 0.34437, 0.10131, 1.00104, 0.0117, 0.4293, 0.09123, 0.11031, -999.0, -999.0, -999.0, -999.0, -999.0</values>
						</lower_bound>
						<upper_bound>
							<values>0.46079, 0.22914, 0.65842, 1.0, 0.4577, 0.23319, 0.37112, 0.13733, 1.22999, 0.01934, 0.57038, 0.10735, 0.12886, -999.0, -999.0, -999.0, -999.0, -999.0</values>
						</upper_bound>
					</main_interval>
					<sample_size>
						<values>1000.0, 1000.0, 1000.0, 1000.0, 1000.0, 1000.0, 1000.0, 1000.0, 1000.0, 1000.0, 1000.0, 1000.0, 1000.0, -999.0, -999.0, -999.0, -999.0, -999.0</values>
					</sample_size>
				</sampling_intervals>
			</data>
		</threshold>
		<threshold>
			<threshold_value>GT 0.78077 (Pr=0.575)</threshold_value>
			<data>
				<values>0.40765, 0.22858, 0.63623, 1.0, 0.44876, 0.22352, 0.36711, 0.10613, 1.24943, 0.01254, 0.58355, 0.09506, 0.12846, -999.0, -999.0, -999.0, -999.0, -999.0</values>
				<sampling_intervals>
					<main_interval>
						<bounds>0.05, 0.95</bounds>
						<lower_bound>
							<values>0.37818, 0.20268, 0.61105, 1.0, 0.41953, 0.20787, 0.35149, 0.09297, 1.11605, 0.01014, 0.49835, 0.08764, 0.11796, -999.0, -999.0, -999.0, -999.0, -999.0</values>
						</lower_bound>
						<upper_bound>
							<values>0.4419, 0.25183, 0.65913, 1.0, 0.47452, 0.23734, 0.38012, 0.12351, 1.37241, 0.01613, 0.65824, 0.10317, 0.13709, -999.0, -999.0, -999.0, -999.0, -999.0</values>
						</upper_bound>
					</main_interval>
					<sample_size>
						<values>1000.0, 1000.0, 1000.0, 1000.0, 1000.0, 1000.0, 1000.0, 1000.0, 1000.0, 1000.0, 1000.0, 1000.0, 1000.0, -999.0, -999.0, -999.0, -999.0, -999.0</values>
					</sample_size>
				</sampling_intervals>
			</data>
		</threshold>
		<threshold>
			<threshold_value>GT 0.83367 (Pr=0.6)</threshold_value>
			<data>
				<values>0.38925, 0.24784, 0.63709, 1.0, 0.46152, 0.22913, 0.37836, 0.09796, 1.37618, 0.0109, 0.66463, 0.09192, 0.13721, -999.0, -999.0, -999.0, -999.0, -999.0</values>
				<sampling_intervals>
					<main_interval>
						<bounds>0.05, 0.95</bounds>
						<lower_bound>
							<values>0.35709, 0.22075, 0.61229, 1.0, 0.43232, 0.2127, 0.36041, 0.08724, 1.23706, 0.00925, 0.57433, 0.08412, 0.12572, -999.0, -999.0, -999.0, -999.0, -999.0</values>
						</lower_bound>
						<upper_bound>
							<values>0.42314, 0.26966, 0.65907, 1.0, 0.48918, 0.24153, 0.39067, 0.11313, 1.51018, 0.01412, 0.75234, 0.09898, 0.14572, -999.0, -999.0, -999.0, -999.0, -999.0</values>
						</upper_bound>
					</main_interval>
					<sample_size>
						<values>1000.0, 1000.0, 1000.0, 1000.0, 1000.0, 1000.0, 1000.0, 1000.0, 1000.0, 1000.0, 1000.0, 1000.0, 1000.0, -999.0, -999.0, -999.0, -999.0, -999.0</values>
					</sample_size>
				</sampling_intervals>
			</data>
		</threshold>
		<threshold>
			<threshold_value>GT 0.88926 (Pr=0.625)</threshold_value>
			<data>
				<values>0.37771, 0.25567, 0.63337, 1.0, 0.46872, 0.23063, 0.38421, 0.09542, 1.47988, 0.01106, 0.73362, 0.08777, 0.14286, -999.0, -999.0, -999.0, -999.0, -999.0</values>
				<sampling_intervals>
					<main_interval>
						<bounds>0.05, 0.95</bounds>
						<lower_bound>
							<values>0.33904, 0.22804, 0.60719, 1.0, 0.43341, 0.21672, 0.37014, 0.08347, 1.35504, 0.00891, 0.64201, 0.08016, 0.13365, -999.0, -999.0, -999.0, -999.0, -999.0</values>
						</lower_bound>
						<upper_bound>
							<values>0.40819, 0.28344, 0.65548, 1.0, 0.50132, 0.24791, 0.41787, 0.10752, 1.66041, 0.01343, 0.85318, 0.09518, 0.15642, -999.0, -999.0, -999.0, -999.0, -999.0</values>
						</upper_bound>
					</main_interval>
					<sample_size>
						<values>1000.0, 1000.0, 1000.0, 1000.0, 1000.0, 1000.0, 1000.0, 1000.0, 1000.0, 1000.0, 1000.0, 1000.0, 1000.0, -999.0, -999.0, -999.0, -999.0, -999.0</values>
					</sample_size>
				</sampling_intervals>
			</data>
		</threshold>
		<threshold>
			<threshold_value>GT 0.95522 (Pr=0.65)</threshold_value>
			<data>
				<values>0.36211, 0.26246, 0.62457, 1.0, 0.45906, 0.24402, 0.42285, 0.09329, 1.64261, 0.01068, 0.81056, 0.08577, 0.15824, -999.0, -999.0, -999.0, -999.0, -999.0</values>
				<sampling_intervals>
					<main_interval>
						<bounds>0.05, 0.95</bounds>
						<lower_bound>
							<values>0.32405, 0.20511, 0.60088, 1.0, 0.36792, 0.22387, 0.38664, 0.08194, 1.43126, 0.00885, 0.62223, 0.0776, 0.14379, -999.0, -999.0, -999.0, -999.0, -999.0</values>
						</lower_bound>
						<upper_bound>
							<values>0.42107, 0.29211, 0.64891, 1.0, 0.50534, 0.28504, 0.50059, 0.10566, 1.81549, 0.01318, 0.9438, 0.10105, 0.18576, -999.0, -999.0, -999.0, -999.0, -999.0</values>
						</upper_bound>
					</main_interval>
					<sample_size>
						<values>1000.0, 1000.0, 1000.0, 1000.0, 1000.0, 1000.0, 1000.0, 1000.0, 1000.0, 1000.0, 1000.0, 1000.0, 1000.0, -999.0, -999.0, -999.0, -999.0, -999.0</values>
					</sample_size>
				</sampling_intervals>
			</data>
		</threshold>
		<threshold>
			<threshold_value>GT 1.03044 (Pr=0.675)</threshold_value>
			<data>
				<values>0.39511, 0.22134, 0.61645, 1.0, 0.37647, 0.29003, 0.51845, 0.0934, 1.66662, 0.01063, 0.73569, 0.09429, 0.19574, -999.0, -999.0, -999.0, -999.0, -999.0</values>
				<sampling_intervals>
					<main_interval>
						<bounds>0.05, 0.95</bounds>
						<lower_bound>
							<values>0.32552, 0.15431, 0.59595, 1.0, 0.28979, 0.24311, 0.43034, 0.08337, 1.3556, 0.00881, 0.53254, 0.07862, 0.16258, -999.0, -999.0, -999.0, -999.0, -999.0</values>
						</lower_bound>
						<upper_bound>
							<values>0.47989, 0.28809, 0.64587, 1.0, 0.4799, 0.33331, 0.56748, 0.10722, 1.92769, 0.01314, 0.97714, 0.11011, 0.22588, -999.0, -999.0, -999.0, -999.0, -999.0</values>
						</upper_bound>
					</main_interval>
					<sample_size>
						<values>1000.0, 1000.0, 1000.0, 1000.0, 1000.0, 1000.0, 1000.0, 1000.0, 1000.0, 1000.0, 1000.0, 1000.0, 1000.0, -999.0, -999.0, -999.0, -999.0, -999.0</values>
					</sample_size>
				</sampling_intervals>
			</data>
		</threshold>
		<threshold>
			<threshold_value>GT 1.11271 (Pr=0.7)</threshold_value>
			<data>
				<values>0.46301, 0.16779, 0.63081, 1.0, 0.29653, 0.33777, 0.57822, 0.1014, 1.54958, 0.01092, 0.63029, 0.10159, 0.23617, -999.0, -999.0, -999.0, -999.0, -999.0</values>
				<sampling_intervals>
					<main_interval>
						<bounds>0.05, 0.95</bounds>
						<lower_bound>
							<values>0.37503, 0.14662, 0.59985, 1.0, 0.27002, 0.29241, 0.53342, 0.08696, 1.37309, 0.00884, 0.54275, 0.08767, 0.20439, -999.0, -999.0, -999.0, -999.0, -999.0</values>
						</lower_bound>
						<upper_bound>
							<values>0.49796, 0.23845, 0.65701, 1.0, 0.38229, 0.35652, 0.59883, 0.11446, 1.89348, 0.01303, 0.84932, 0.10928, 0.25245, -999.0, -999.0, -999.0, -999.0, -999.0</values>
						</upper_bound>
					</main_interval>
					<sample_size>
						<values>1000.0, 1000.0, 1000.0, 1000.0, 1000.0, 1000.0, 1000.0, 1000.0, 1000.0, 1000.0, 1000.0, 1000.0, 1000.0, -999.0, -999.0, -999.0, -999.0, -999.0</values>
					</sample_size>
				</sampling_intervals>
			</data>
		</threshold>
		<threshold>
			<threshold_value>GT 1.21132 (Pr=0.725)</threshold_value>
			<data>
				<values>0.46749, 0.17001, 0.63749, 1.0, 0.28449, 0.35286, 0.60088, 0.10295, 1.66369, 0.01023, 0.67821, 0.09712, 0.25574, -999.0, -999.0, -999.0, -999.0, -999.0</values>
				<sampling_intervals>
					<main_interval>
						<bounds>0.05, 0.95</bounds>
						<lower_bound>
							<values>0.42689, 0.14912, 0.60868, 1.0, 0.26171, 0.32961, 0.57717, 0.09046, 1.48198, 0.00857, 0.58868, 0.08913, 0.23738, -999.0, -999.0, -999.0, -999.0, -999.0</values>
						</lower_bound>
						<upper_bound>
							<values>0.50121, 0.1939, 0.66145, 1.0, 0.31321, 0.37075, 0.6205, 0.11671, 1.86876, 0.01242, 0.78807, 0.10484, 0.27086, -999.0, -999.0, -999.0, -999.0, -999.0</values>
						</upper_bound>
					</main_interval>
					<sample_size>
						<values>1000.0, 1000.0, 1000.0, 1000.0, 1000.0, 1000.0, 1000.0, 1000.0, 1000.0, 1000.0, 1000.0, 1000.0, 1000.0, -999.0, -999.0, -999.0, -999.0, -999.0</values>
					</sample_size>
				</sampling_intervals>
			</data>
		</threshold>
		<threshold>
			<threshold_value>GT 1.32988 (Pr=0.75)</threshold_value>
			<data>
				<values>0.46674, 0.17242, 0.63915, 1.0, 0.27726, 0.36325, 0.61926, 0.10517, 1.8068, 0.00976, 0.73848, 0.09139, 0.27187, -999.0, -999.0, -999.0, -999.0, -999.0</values>
				<sampling_intervals>
					<main_interval>
						<bounds>0.05, 0.95</bounds>
						<lower_bound>
							<values>0.4266, 0.14994, 0.60825, 1.0, 0.25772, 0.34079, 0.59708, 0.09188, 1.62394, 0.0081, 0.64658, 0.08356, 0.2536, -999.0, -999.0, -999.0, -999.0, -999.0</values>
						</lower_bound>
						<upper_bound>
							<values>0.49848, 0.1962, 0.66302, 1.0, 0.30473, 0.38125, 0.63921, 0.12036, 2.05217, 0.01203, 0.86104, 0.09827, 0.28748, -999.0, -999.0, -999.0, -999.0, -999.0</values>
						</upper_bound>
					</main_interval>
					<sample_size>
						<values>1000.0, 1000.0, 1000.0, 1000.0, 1000.0, 1000.0, 1000.0, 1000.0, 1000.0, 1000.0, 1000.0, 1000.0, 1000.0, -999.0, -999.0, -999.0, -999.0, -999.0</values>
					</sample_size>
				</sampling_intervals>
			</data>
		</threshold>
		<threshold>
			<threshold_value>GT 1.38266 (Pr=0.76)</threshold_value>
			<data>
				<values>0.4636, 0.17064, 0.63425, 1.0, 0.2757, 0.36477, 0.62546, 0.10661, 1.89272, 0.00982, 0.77229, 0.08777, 0.27699, -999.0, -999.0, -999.0, -999.0, -999.0</values>
				<sampling_intervals>
					<main_interval>
						<bounds>0.05, 0.95</bounds>
						<lower_bound>
							<values>0.42462, 0.14898, 0.60555, 1.0, 0.25678, 0.34282, 0.60234, 0.09309, 1.68054, 0.00805, 0.6711, 0.0804, 0.25856, -999.0, -999.0, -999.0, -999.0, -999.0</values>
						</lower_bound>
						<upper_bound>
							<values>0.49564, 0.19691, 0.66134, 1.0, 0.30209, 0.38258, 0.6454, 0.12234, 2.12225, 0.01229, 0.89774, 0.09482, 0.29312, -999.0, -999.0, -999.0, -999.0, -999.0</values>
						</upper_bound>
					</main_interval>
					<sample_size>
						<values>1000.0, 1000.0, 1000.0, 1000.0, 1000.0, 1000.0, 1000.0, 1000.0, 1000.0, 1000.0, 1000.0, 1000.0, 1000.0, -999.0, -999.0, -999.0, -999.0, -999.0</values>
					</sample_size>
				</sampling_intervals>
			</data>
		</threshold>
		<threshold>
			<threshold_value>GT 1.44392 (Pr=0.77)</threshold_value>
			<data>
				<values>0.46188, 0.16908, 0.63096, 1.0, 0.27441, 0.36391, 0.62762, 0.11, 1.963, 0.01012, 0.80121, 0.08408, 0.27983, -999.0, -999.0, -999.0, -999.0, -999.0</values>
				<sampling_intervals>
					<main_interval>
						<bounds>0.05, 0.95</bounds>
						<lower_bound>
							<values>0.42271, 0.14851, 0.60328, 1.0, 0.25611, 0.34319, 0.60735, 0.09525, 1.75049, 0.00806, 0.70108, 0.07703, 0.26222, -999.0, -999.0, -999.0, -999.0, -999.0</values>
						</lower_bound>
						<upper_bound>
							<values>0.49277, 0.19599, 0.65898, 1.0, 0.2995, 0.38329, 0.65017, 0.12576, 2.21903, 0.01237, 0.93471, 0.0912, 0.29718, -999.0, -999.0, -999.0, -999.0, -999.0</values>
						</upper_bound>
					</main_interval>
					<sample_size>
						<values>1000.0, 1000.0, 1000.0, 1000.0, 1000.0, 1000.0, 1000.0, 1000.0, 1000.0, 1000.0, 1000.0, 1000.0, 1000.0, -999.0, -999.0, -999.0, -999.0, -999.0</values>
					</sample_size>
				</sampling_intervals>
			</data>
		</threshold>
		<threshold>
			<threshold_value>GT 1.50559 (Pr=0.78)</threshold_value>
			<data>
				<values>0.45655, 0.17039, 0.62695, 1.0, 0.27482, 0.36389, 0.63252, 0.11223, 2.06138, 0.01015, 0.84167, 0.0805, 0.28338, -999.0, -999.0, -999.0, -999.0, -999.0</values>
				<sampling_intervals>
					<main_interval>
						<bounds>0.05, 0.95</bounds>
						<lower_bound>
							<values>0.41968, 0.14724, 0.59882, 1.0, 0.25559, 0.34349, 0.61042, 0.09642, 1.83224, 0.00812, 0.72901, 0.07347, 0.26551, -999.0, -999.0, -999.0, -999.0, -999.0</values>
						</lower_bound>
						<upper_bound>
							<values>0.48914, 0.19646, 0.65555, 1.0, 0.29938, 0.38319, 0.65548, 0.12858, 2.32569, 0.01253, 0.97524, 0.08722, 0.30084, -999.0, -999.0, -999.0, -999.0, -999.0</values>
						</upper_bound>
					</main_interval>
					<sample_size>
						<values>1000.0, 1000.0, 1000.0, 1000.0, 1000.0, 1000.0, 1000.0, 1000.0, 1000.0, 1000.0, 1000.0, 1000.0, 1000.0, -999.0, -999.0, -999.0, -999.0, -999.0</values>
					</sample_size>
				</sampling_intervals>
			</data>
		</threshold>
		<threshold>
			<threshold_value>GT 1.57428 (Pr=0.79)</threshold_value>
			<data>
				<values>0.45063, 0.17123, 0.62187, 1.0, 0.2748, 0.36303, 0.63759, 0.11469, 2.17884, 0.01028, 0.88564, 0.07645, 0.28658, -999.0, -999.0, -999.0, -999.0, -999.0</values>
				<sampling_intervals>
					<main_interval>
						<bounds>0.05, 0.95</bounds>
						<lower_bound>
							<values>0.41526, 0.14308, 0.59421, 1.0, 0.25149, 0.34362, 0.61367, 0.09875, 1.89793, 0.00819, 0.74943, 0.06996, 0.26941, -999.0, -999.0, -999.0, -999.0, -999.0</values>
						</lower_bound>
						<upper_bound>
							<values>0.48941, 0.19687, 0.65147, 1.0, 0.29833, 0.38318, 0.6594, 0.13306, 2.44394, 0.01293, 1.02482, 0.0834, 0.30414, -999.0, -999.0, -999.0, -999.0, -999.0</values>
						</upper_bound>
					</main_interval>
					<sample_size>
						<values>1000.0, 1000.0, 1000.0, 1000.0, 1000.0, 1000.0, 1000.0, 1000.0, 1000.0, 1000.0, 1000.0, 1000.0, 1000.0, -999.0, -999.0, -999.0, -999.0, -999.0</values>
					</sample_size>
				</sampling_intervals>
			</data>
		</threshold>
		<threshold>
			<threshold_value>GT 1.65631 (Pr=0.8)</threshold_value>
			<data>
				<values>0.45096, 0.1665, 0.61746, 1.0, 0.27081, 0.36295, 0.64118, 0.11866, 2.26389, 0.01055, 0.91155, 0.07282, 0.29013, -999.0, -999.0, -999.0, -999.0, -999.0</values>
				<sampling_intervals>
					<main_interval>
						<bounds>0.05, 0.95</bounds>
						<lower_bound>
							<values>0.41166, 0.13676, 0.58899, 1.0, 0.24701, 0.34168, 0.61598, 0.10183, 1.97008, 0.00839, 0.76365, 0.06638, 0.27253, -999.0, -999.0, -999.0, -999.0, -999.0</values>
						</lower_bound>
						<upper_bound>
							<values>0.48982, 0.19643, 0.64717, 1.0, 0.29703, 0.38306, 0.66397, 0.13899, 2.56576, 0.01331, 1.07176, 0.07969, 0.30811, -999.0, -999.0, -999.0, -999.0, -999.0</values>
						</upper_bound>
					</main_interval>
					<sample_size>
						<values>1000.0, 1000.0, 1000.0, 1000.0, 1000.0, 1000.0, 1000.0, 1000.0, 1000.0, 1000.0, 1000.0, 1000.0, 1000.0, -999.0, -999.0, -999.0, -999.0, -999.0</values>
					</sample_size>
				</sampling_intervals>
			</data>
		</threshold>
		<threshold>
			<threshold_value>GT 1.75508 (Pr=0.81)</threshold_value>
			<data>
				<values>0.45847, 0.15857, 0.61704, 1.0, 0.2629, 0.36333, 0.64195, 0.12453, 2.30814, 0.01097, 0.91681, 0.06938, 0.29394, -999.0, -999.0, -999.0, -999.0, -999.0</values>
				<sampling_intervals>
					<main_interval>
						<bounds>0.05, 0.95</bounds>
						<lower_bound>
							<values>0.41301, 0.13168, 0.58474, 1.0, 0.244, 0.34129, 0.61644, 0.10644, 2.03024, 0.00878, 0.78426, 0.06276, 0.27543, -999.0, -999.0, -999.0, -999.0, -999.0</values>
						</lower_bound>
						<upper_bound>
							<values>0.49006, 0.19166, 0.64348, 1.0, 0.29178, 0.38169, 0.66729, 0.14586, 2.66639, 0.01374, 1.09616, 0.07546, 0.31018, -999.0, -999.0, -999.0, -999.0, -999.0</values>
						</upper_bound>
					</main_interval>
					<sample_size>
						<values>1000.0, 1000.0, 1000.0, 1000.0, 1000.0, 1000.0, 1000.0, 1000.0, 1000.0, 1000.0, 1000.0, 1000.0, 1000.0, -999.0, -999.0, -999.0, -999.0, -999.0</values>
					</sample_size>
				</sampling_intervals>
			</data>
		</threshold>
		<threshold>
			<threshold_value>GT 1.85318 (Pr=0.82)</threshold_value>
			<data>
				<values>0.45232, 0.15638, 0.6087, 1.0, 0.26324, 0.35805, 0.64249, 0.13168, 2.43969, 0.01144, 0.96063, 0.06454, 0.29352, -999.0, -999.0, -999.0, -999.0, -999.0</values>
				<sampling_intervals>
					<main_interval>
						<bounds>0.05, 0.95</bounds>
						<lower_bound>
							<values>0.41383, 0.12626, 0.58058, 1.0, 0.23969, 0.33739, 0.61606, 0.11153, 2.09553, 0.0091, 0.79791, 0.05878, 0.27666, -999.0, -999.0, -999.0, -999.0, -999.0</values>
						</lower_bound>
						<upper_bound>
							<values>0.4923, 0.18426, 0.63689, 1.0, 0.28721, 0.37904, 0.66896, 0.15347, 2.7658, 0.01406, 1.12523, 0.07108, 0.3117, -999.0, -999.0, -999.0, -999.0, -999.0</values>
						</upper_bound>
					</main_interval>
					<sample_size>
						<values>1000.0, 1000.0, 1000.0, 1000.0, 1000.0, 1000.0, 1000.0, 1000.0, 1000.0, 1000.0, 1000.0, 1000.0, 1000.0, -999.0, -999.0, -999.0, -999.0, -999.0</values>
					</sample_size>
				</sampling_intervals>
			</data>
		</threshold>
		<threshold>
			<threshold_value>GT 1.97945 (Pr=0.83)</threshold_value>
			<data>
				<values>0.45543, 0.14813, 0.60356, 1.0, 0.25885, 0.35506, 0.64078, 0.14032, 2.51223, 0.01188, 0.97845, 0.06051, 0.29455, -999.0, -999.0, -999.0, -999.0, -999.0</values>
				<sampling_intervals>
					<main_interval>
						<bounds>0.05, 0.95</bounds>
						<lower_bound>
							<values>0.41473, 0.1209, 0.57652, 1.0, 0.23502, 0.335, 0.61348, 0.11883, 2.15572, 0.00957, 0.80925, 0.05496, 0.27737, -999.0, -999.0, -999.0, -999.0, -999.0</values>
						</lower_bound>
						<upper_bound>
							<values>0.49801, 0.17835, 0.63494, 1.0, 0.28368, 0.37683, 0.66759, 0.16122, 2.89113, 0.01422, 1.1691, 0.06688, 0.3127, -999.0, -999.0, -999.0, -999.0, -999.0</values>
						</upper_bound>
					</main_interval>
					<sample_size>
						<values>1000.0, 1000.0, 1000.0, 1000.0, 1000.0, 1000.0, 1000.0, 1000.0, 1000.0, 1000.0, 1000.0, 1000.0, 1000.0, -999.0, -999.0, -999.0, -999.0, -999.0</values>
					</sample_size>
				</sampling_intervals>
			</data>
		</threshold>
		<threshold>
			<threshold_value>GT 2.11895 (Pr=0.84)</threshold_value>
			<data>
				<values>0.4662, 0.14263, 0.60883, 1.0, 0.25224, 0.35545, 0.637, 0.14626, 2.56017, 0.01198, 0.99131, 0.05707, 0.29838, -999.0, -999.0, -999.0, -999.0, -999.0</values>
				<sampling_intervals>
					<main_interval>
						<bounds>0.05, 0.95</bounds>
						<lower_bound>
							<values>0.41758, 0.11364, 0.57452, 1.0, 0.2301, 0.33453, 0.61236, 0.12609, 2.21247, 0.00981, 0.82149, 0.05138, 0.28078, -999.0, -999.0, -999.0, -999.0, -999.0</values>
						</lower_bound>
						<upper_bound>
							<values>0.50274, 0.17344, 0.63385, 1.0, 0.28027, 0.3754, 0.66681, 0.16715, 3.01127, 0.01437, 1.20556, 0.06301, 0.3157, -999.0, -999.0, -999.0, -999.0, -999.0</values>
						</upper_bound>
					</main_interval>
					<sample_size>
						<values>1000.0, 1000.0, 1000.0, 1000.0, 1000.0, 1000.0, 1000.0, 1000.0, 1000.0, 1000.0, 1000.0, 1000.0, 1000.0, -999.0, -999.0, -999.0, -999.0, -999.0</values>
					</sample_size>
				</sampling_intervals>
			</data>
		</threshold>
		<threshold>
			<threshold_value>GT 2.26036 (Pr=0.85)</threshold_value>
			<data>
				<values>0.4694, 0.13411, 0.6035, 1.0, 0.24778, 0.3551, 0.63793, 0.15163, 2.67728, 0.01193, 1.02072, 0.05328, 0.30182, -999.0, -999.0, -999.0, -999.0, -999.0</values>
				<sampling_intervals>
					<main_interval>
						<bounds>0.05, 0.95</bounds>
						<lower_bound>
							<values>0.42257, 0.10222, 0.57257, 1.0, 0.22437, 0.33145, 0.60949, 0.13064, 2.25147, 0.00977, 0.81138, 0.04775, 0.28211, -999.0, -999.0, -999.0, -999.0, -999.0</values>
						</lower_bound>
						<upper_bound>
							<values>0.50728, 0.16629, 0.63019, 1.0, 0.27527, 0.37482, 0.66599, 0.17841, 3.11534, 0.01478, 1.23988, 0.05905, 0.31904, -999.0, -999.0, -999.0, -999.0, -999.0</values>
						</upper_bound>
					</main_interval>
					<sample_size>
						<values>1000.0, 1000.0, 1000.0, 1000.0, 1000.0, 1000.0, 1000.0, 1000.0, 1000.0, 1000.0, 1000.0, 1000.0, 1000.0, -999.0, -999.0, -999.0, -999.0, -999.0</values>
					</sample_size>
				</sampling_intervals>
			</data>
		</threshold>
		<threshold>
			<threshold_value>GT 2.43023 (Pr=0.86)</threshold_value>
			<data>
				<values>0.47381, 0.12447, 0.59828, 1.0, 0.24188, 0.35232, 0.63662, 0.16173, 2.76481, 0.01216, 1.02698, 0.04933, 0.30299, -999.0, -999.0, -999.0, -999.0, -999.0</values>
				<sampling_intervals>
					<main_interval>
						<bounds>0.05, 0.95</bounds>
						<lower_bound>
							<values>0.42743, 0.08838, 0.56953, 1.0, 0.21704, 0.32721, 0.60017, 0.13744, 2.23812, 0.00993, 0.7738, 0.04391, 0.28191, -999.0, -999.0, -999.0, -999.0, -999.0</values>
						</lower_bound>
						<upper_bound>
							<values>0.51737, 0.16079, 0.6268, 1.0, 0.27093, 0.37166, 0.66363, 0.19319, 3.2662, 0.0156, 1.2769, 0.05465, 0.31875, -999.0, -999.0, -999.0, -999.0, -999.0</values>
						</upper_bound>
					</main_interval>
					<sample_size>
						<values>1000.0, 1000.0, 1000.0, 1000.0, 1000.0, 1000.0, 1000.0, 1000.0, 1000.0, 1000.0, 1000.0, 1000.0, 1000.0, -999.0, -999.0, -999.0, -999.0, -999.0</values>
					</sample_size>
				</sampling_intervals>
			</data>
		</threshold>
		<threshold>
			<threshold_value>GT 2.63772 (Pr=0.87)</threshold_value>
			<data>
				<values>0.48626, 0.10821, 0.59447, 1.0, 0.23404, 0.34502, 0.62472, 0.17647, 2.76388, 0.01292, 0.98633, 0.04497, 0.30004, -999.0, -999.0, -999.0, -999.0, -999.0</values>
				<sampling_intervals>
					<main_interval>
						<bounds>0.05, 0.95</bounds>
						<lower_bound>
							<values>0.43328, 0.07719, 0.56499, 1.0, 0.211, 0.32072, 0.58835, 0.14883, 2.23705, 0.01029, 0.7217, 0.0396, 0.2787, -999.0, -999.0, -999.0, -999.0, -999.0</values>
						</lower_bound>
						<upper_bound>
							<values>0.52675, 0.14942, 0.62331, 1.0, 0.26469, 0.36646, 0.65914, 0.21019, 3.36317, 0.01649, 1.30529, 0.05011, 0.31815, -999.0, -999.0, -999.0, -999.0, -999.0</values>
						</upper_bound>
					</main_interval>
					<sample_size>
						<values>1000.0, 1000.0, 1000.0, 1000.0, 1000.0, 1000.0, 1000.0, 1000.0, 1000.0, 1000.0, 1000.0, 1000.0, 1000.0, -999.0, -999.0, -999.0, -999.0, -999.0</values>
					</sample_size>
				</sampling_intervals>
			</data>
		</threshold>
		<threshold>
			<threshold_value>GT 2.89224 (Pr=0.88)</threshold_value>
			<data>
				<values>0.49703, 0.09394, 0.59097, 1.0, 0.22594, 0.33662, 0.61365, 0.19431, 2.76464, 0.01367, 0.92134, 0.04042, 0.29619, -999.0, -999.0, -999.0, -999.0, -999.0</values>
				<sampling_intervals>
					<main_interval>
						<bounds>0.05, 0.95</bounds>
						<lower_bound>
							<values>0.44598, 0.07053, 0.56291, 1.0, 0.20552, 0.31195, 0.57894, 0.16528, 2.2416, 0.011, 0.6713, 0.03551, 0.2739, -999.0, -999.0, -999.0, -999.0, -999.0</values>
						</lower_bound>
						<upper_bound>
							<values>0.53476, 0.13189, 0.61987, 1.0, 0.25636, 0.35856, 0.64791, 0.22791, 3.43133, 0.01688, 1.26842, 0.04537, 0.31519, -999.0, -999.0, -999.0, -999.0, -999.0</values>
						</upper_bound>
					</main_interval>
					<sample_size>
						<values>1000.0, 1000.0, 1000.0, 1000.0, 1000.0, 1000.0, 1000.0, 1000.0, 1000.0, 1000.0, 1000.0, 1000.0, 1000.0, -999.0, -999.0, -999.0, -999.0, -999.0</values>
					</sample_size>
				</sampling_intervals>
			</data>
		</threshold>
		<threshold>
			<threshold_value>GT 3.19261 (Pr=0.89)</threshold_value>
			<data>
				<values>0.50488, 0.08403, 0.58892, 1.0, 0.22182, 0.32579, 0.5991, 0.21614, 2.74778, 0.01436, 0.85481, 0.0359, 0.28989, -999.0, -999.0, -999.0, -999.0, -999.0</values>
				<sampling_intervals>
					<main_interval>
						<bounds>0.05, 0.95</bounds>
						<lower_bound>
							<values>0.4565, 0.06519, 0.55925, 1.0, 0.20078, 0.30496, 0.57058, 0.18376, 2.28072, 0.01164, 0.63588, 0.03176, 0.27153, -999.0, -999.0, -999.0, -999.0, -999.0</values>
						</lower_bound>
						<upper_bound>
							<values>0.54349, 0.11569, 0.61756, 1.0, 0.24895, 0.351, 0.63642, 0.2405, 3.44693, 0.01671, 1.19108, 0.0409, 0.31081, -999.0, -999.0, -999.0, -999.0, -999.0</values>
						</upper_bound>
					</main_interval>
					<sample_size>
						<values>1000.0, 1000.0, 1000.0, 1000.0, 1000.0, 1000.0, 1000.0, 1000.0, 1000.0, 1000.0, 1000.0, 1000.0, 1000.0, -999.0, -999.0, -999.0, -999.0, -999.0</values>
					</sample_size>
				</sampling_intervals>
			</data>
		</threshold>
		<threshold>
			<threshold_value>GT 3.4755 (Pr=0.9)</threshold_value>
			<data>
				<values>0.51425, 0.07802, 0.59227, 1.0, 0.21582, 0.32524, 0.59517, 0.22236, 2.85406, 0.01376, 0.82802, 0.03255, 0.29269, -999.0, -999.0, -999.0, -999.0, -999.0</values>
				<sampling_intervals>
					<main_interval>
						<bounds>0.05, 0.95</bounds>
						<lower_bound>
							<values>0.46599, 0.06049, 0.5607, 1.0, 0.19914, 0.29661, 0.55057, 0.19777, 2.23459, 0.01176, 0.57831, 0.02811, 0.26705, -999.0, -999.0, -999.0, -999.0, -999.0</values>
						</lower_bound>
						<upper_bound>
							<values>0.55449, 0.10406, 0.62374, 1.0, 0.24448, 0.34552, 0.62875, 0.25454, 3.51802, 0.01676, 1.1326, 0.03662, 0.31083, -999.0, -999.0, -999.0, -999.0, -999.0</values>
						</upper_bound>
					</main_interval>
					<sample_size>
						<values>1000.0, 1000.0, 1000.0, 1000.0, 1000.0, 1000.0, 1000.0, 1000.0, 1000.0, 1000.0, 1000.0, 1000.0, 1000.0, -999.0, -999.0, -999.0, -999.0, -999.0</values>
					</sample_size>
				</sampling_intervals>
			</data>
		</threshold>
		<threshold>
			<threshold_value>GT 3.8753 (Pr=0.91)</threshold_value>
			<data>
				<values>0.52181, 0.07312, 0.59493, 1.0, 0.22143, 0.30584, 0.5626, 0.24451, 2.83747, 0.01447, 0.76091, 0.02756, 0.27828, -999.0, -999.0, -999.0, -999.0, -999.0</values>
				<sampling_intervals>
					<main_interval>
						<bounds>0.05, 0.95</bounds>
						<lower_bound>
							<values>0.47527, 0.05173, 0.56025, 1.0, 0.20151, 0.28185, 0.52921, 0.2121, 2.24894, 0.01168, 0.50248, 0.02413, 0.25682, -999.0, -999.0, -999.0, -999.0, -999.0</values>
						</lower_bound>
						<upper_bound>
							<values>0.55872, 0.09724, 0.62502, 1.0, 0.24286, 0.33482, 0.61173, 0.27637, 3.64188, 0.0172, 1.08673, 0.03173, 0.30359, -999.0, -999.0, -999.0, -999.0, -999.0</values>
						</upper_bound>
					</main_interval>
					<sample_size>
						<values>1000.0, 1000.0, 1000.0, 1000.0, 1000.0, 1000.0, 1000.0, 1000.0, 1000.0, 1000.0, 1000.0, 1000.0, 1000.0, -999.0, -999.0, -999.0, -999.0, -999.0</values>
					</sample_size>
				</sampling_intervals>
			</data>
		</threshold>
		<threshold>
			<threshold_value>GT 4.2954 (Pr=0.92)</threshold_value>
			<data>
				<values>0.51992, 0.06028, 0.5802, 1.0, 0.22407, 0.29073, 0.54674, 0.26768, 2.91995, 0.01473, 0.63036, 0.02328, 0.26744, -999.0, -999.0, -999.0, -999.0, -999.0</values>
				<sampling_intervals>
					<main_interval>
						<bounds>0.05, 0.95</bounds>
						<lower_bound>
							<values>0.47848, 0.03333, 0.55297, 1.0, 0.20013, 0.26689, 0.50645, 0.23329, 2.0377, 0.0121, 0.28232, 0.0202, 0.2463, -999.0, -999.0, -999.0, -999.0, -999.0</values>
						</lower_bound>
						<upper_bound>
							<values>0.57588, 0.08956, 0.62165, 1.0, 0.24807, 0.31816, 0.58191, 0.30082, 3.71842, 0.01743, 1.00057, 0.02716, 0.29257, -999.0, -999.0, -999.0, -999.0, -999.0</values>
						</upper_bound>
					</main_interval>
					<sample_size>
						<values>1000.0, 1000.0, 1000.0, 1000.0, 1000.0, 1000.0, 1000.0, 1000.0, 1000.0, 1000.0, 1000.0, 1000.0, 1000.0, -999.0, -999.0, -999.0, -999.0, -999.0</values>
					</sample_size>
				</sampling_intervals>
			</data>
		</threshold>
		<threshold>
			<threshold_value>GT 4.88523 (Pr=0.93)</threshold_value>
			<data>
				<values>0.54785, 0.03562, 0.58346, 1.0, 0.22033, 0.28242, 0.51424, 0.29638, 2.51789, 0.01489, 0.3025, 0.0198, 0.26262, -999.0, -999.0, -999.0, -999.0, -999.0</values>
				<sampling_intervals>
					<main_interval>
						<bounds>0.05, 0.95</bounds>
						<lower_bound>
							<values>0.49231, 0.01173, 0.54946, 1.0, 0.19838, 0.26025, 0.46783, 0.25922, 1.55998, 0.01239, 0.07965, 0.01712, 0.24202, -999.0, -999.0, -999.0, -999.0, -999.0</values>
						</lower_bound>
						<upper_bound>
							<values>0.60939, 0.07309, 0.63223, 1.0, 0.24508, 0.31163, 0.55732, 0.32649, 3.65614, 0.01734, 0.78995, 0.02331, 0.28931, -999.0, -999.0, -999.0, -999.0, -999.0</values>
						</upper_bound>
					</main_interval>
					<sample_size>
						<values>1000.0, 1000.0, 1000.0, 1000.0, 1000.0, 1000.0, 1000.0, 1000.0, 1000.0, 1000.0, 1000.0, 1000.0, 1000.0, -999.0, -999.0, -999.0, -999.0, -999.0</values>
					</sample_size>
				</sampling_intervals>
			</data>
		</threshold>
		<threshold>
			<threshold_value>GT 5.6553 (Pr=0.94)</threshold_value>
			<data>
				<values>0.5719, 0.0162, 0.5881, 1.0, 0.23337, 0.26914, 0.46386, 0.3242, 2.05353, 0.01454, 0.09232, 0.01617, 0.25297, -999.0, -999.0, -999.0, -999.0, -999.0</values>
				<sampling_intervals>
					<main_interval>
						<bounds>0.05, 0.95</bounds>
						<lower_bound>
							<values>0.52895, 0.01055, 0.54794, 1.0, 0.20669, 0.23938, 0.41457, 0.28966, 1.52617, 0.01228, 0.05517, 0.01361, 0.22515, -999.0, -999.0, -999.0, -999.0, -999.0</values>
						</lower_bound>
						<upper_bound>
							<values>0.60534, 0.03853, 0.62905, 1.0, 0.26433, 0.29892, 0.51296, 0.35971, 2.89557, 0.01725, 0.20845, 0.01899, 0.2808, -999.0, -999.0, -999.0, -999.0, -999.0</values>
						</upper_bound>
					</main_interval>
					<sample_size>
						<values>1000.0, 1000.0, 1000.0, 1000.0, 1000.0, 1000.0, 1000.0, 1000.0, 1000.0, 1000.0, 1000.0, 1000.0, 1000.0, -999.0, -999.0, -999.0, -999.0, -999.0</values>
					</sample_size>
				</sampling_intervals>
			</data>
		</threshold>
		<threshold>
			<threshold_value>GT 6.63444 (Pr=0.95)</threshold_value>
			<data>
				<values>0.55586, 0.03334, 0.5892, 1.0, 0.27192, 0.23257, 0.40479, 0.36249, 1.98662, 0.01423, 0.05822, 0.01169, 0.22088, -999.0, -999.0, -999.0, -999.0, -999.0</values>
				<sampling_intervals>
					<main_interval>
						<bounds>0.05, 0.95</bounds>
						<lower_bound>
							<values>0.52024, 0.01365, 0.54396, 1.0, 0.23951, 0.20882, 0.37451, 0.32738, 1.58572, 0.0118, 0.0419, 0.00995, 0.19837, -999.0, -999.0, -999.0, -999.0, -999.0</values>
						</lower_bound>
						<upper_bound>
							<values>0.58437, 0.05921, 0.63012, 1.0, 0.2998, 0.26294, 0.4608, 0.39179, 2.79587, 0.01651, 0.10666, 0.01387, 0.24962, -999.0, -999.0, -999.0, -999.0, -999.0</values>
						</upper_bound>
					</main_interval>
					<sample_size>
						<values>1000.0, 1000.0, 1000.0, 1000.0, 1000.0, 1000.0, 1000.0, 1000.0, 1000.0, 1000.0, 1000.0, 1000.0, 1000.0, -999.0, -999.0, -999.0, -999.0, -999.0</values>
					</sample_size>
				</sampling_intervals>
			</data>
		</threshold>
		<threshold>
			<threshold_value>GT 7.7738 (Pr=0.96)</threshold_value>
			<data>
				<values>0.52024, 0.04164, 0.56188, 1.0, 0.30271, 0.20537, 0.38242, 0.39243, 2.56725, 0.01256, 0.05987, 0.00825, 0.19712, -999.0, -999.0, -999.0, -999.0, -999.0</values>
				<sampling_intervals>
					<main_interval>
						<bounds>0.05, 0.95</bounds>
						<lower_bound>
							<values>0.4902, 0.02733, 0.53106, 1.0, 0.26757, 0.18143, 0.34616, 0.35368, 1.91026, 0.01057, 0.04087, 0.00696, 0.17407, -999.0, -999.0, -999.0, -999.0, -999.0</values>
						</lower_bound>
						<upper_bound>
							<values>0.56058, 0.06441, 0.61024, 1.0, 0.33418, 0.23551, 0.41794, 0.42311, 3.24305, 0.01483, 0.08022, 0.00994, 0.22604, -999.0, -999.0, -999.0, -999.0, -999.0</values>
						</upper_bound>
					</main_interval>
					<sample_size>
						<values>1000.0, 1000.0, 1000.0, 1000.0, 1000.0, 1000.0, 1000.0, 1000.0, 1000.0, 1000.0, 1000.0, 1000.0, 1000.0, -999.0, -999.0, -999.0, -999.0, -999.0</values>
					</sample_size>
				</sampling_intervals>
			</data>
		</threshold>
		<threshold>
			<threshold_value>GT 9.29752 (Pr=0.96964)</threshold_value>
			<data>
				<values>0.50218, 0.04818, 0.55037, 1.0, 0.33111, 0.18294, 0.34965, 0.41767, 3.02609, 0.01044, 0.0535, 0.00562, 0.17732, -999.0, -999.0, -999.0, -999.0, -999.0</values>
				<sampling_intervals>
					<main_interval>
						<bounds>0.05, 0.95</bounds>
						<lower_bound>
							<values>0.46302, 0.03216, 0.50516, 1.0, 0.29729, 0.15793, 0.31497, 0.38185, 2.2735, 0.00878, 0.03654, 0.00459, 0.1535, -999.0, -999.0, -999.0, -999.0, -999.0</values>
						</lower_bound>
						<upper_bound>
							<values>0.53781, 0.06818, 0.59212, 1.0, 0.36662, 0.20926, 0.38827, 0.45338, 4.1331, 0.01226, 0.08048, 0.00678, 0.20302, -999.0, -999.0, -999.0, -999.0, -999.0</values>
						</upper_bound>
					</main_interval>
					<sample_size>
						<values>1000.0, 1000.0, 1000.0, 1000.0, 1000.0, 1000.0, 1000.0, 1000.0, 1000.0, 1000.0, 1000.0, 1000.0, 1000.0, -999.0, -999.0, -999.0, -999.0, -999.0</values>
					</sample_size>
				</sampling_intervals>
			</data>
		</threshold>
		<threshold>
			<threshold_value>GT 9.38749 (Pr=0.97)</threshold_value>
			<data>
				<values>0.4959, 0.04671, 0.54261, 1.0, 0.33332, 0.1812, 0.35198, 0.42109, 3.17761, 0.0103, 0.05582, 0.00546, 0.17574, -999.0, -999.0, -999.0, -999.0, -999.0</values>
				<sampling_intervals>
					<main_interval>
						<bounds>0.05, 0.95</bounds>
						<lower_bound>
							<values>0.4612, 0.03249, 0.50389, 1.0, 0.29813, 0.15674, 0.31477, 0.38281, 2.27451, 0.00871, 0.03639, 0.00448, 0.15225, -999.0, -999.0, -999.0, -999.0, -999.0</values>
						</lower_bound>
						<upper_bound>
							<values>0.53607, 0.0687, 0.59115, 1.0, 0.36858, 0.20827, 0.38749, 0.45546, 4.16673, 0.01213, 0.0799, 0.00671, 0.20206, -999.0, -999.0, -999.0, -999.0, -999.0</values>
						</upper_bound>
					</main_interval>
					<sample_size>
						<values>1000.0, 1000.0, 1000.0, 1000.0, 1000.0, 1000.0, 1000.0, 1000.0, 1000.0, 1000.0, 1000.0, 1000.0, 1000.0, -999.0, -999.0, -999.0, -999.0, -999.0</values>
					</sample_size>
				</sampling_intervals>
			</data>
		</threshold>
		<threshold>
			<threshold_value>GT 11.63713 (Pr=0.98)</threshold_value>
			<data>
				<values>0.47584, 0.04446, 0.5203, 1.0, 0.36496, 0.15885, 0.31805, 0.45448, 3.91154, 0.00749, 0.04126, 0.0032, 0.15565, -999.0, -999.0, -999.0, -999.0, -999.0</values>
				<sampling_intervals>
					<main_interval>
						<bounds>0.05, 0.95</bounds>
						<lower_bound>
							<values>0.43212, 0.02695, 0.47021, 1.0, 0.32117, 0.1343, 0.2804, 0.40898, 2.77454, 0.00624, 0.02652, 0.00257, 0.13153, -999.0, -999.0, -999.0, -999.0, -999.0</values>
						</lower_bound>
						<upper_bound>
							<values>0.51733, 0.06578, 0.57569, 1.0, 0.40503, 0.18952, 0.36503, 0.49498, 5.57985, 0.00887, 0.07167, 0.00408, 0.18555, -999.0, -999.0, -999.0, -999.0, -999.0</values>
						</upper_bound>
					</main_interval>
					<sample_size>
						<values>1000.0, 1000.0, 1000.0, 1000.0, 1000.0, 1000.0, 1000.0, 1000.0, 1000.0, 1000.0, 1000.0, 1000.0, 1000.0, -999.0, -999.0, -999.0, -999.0, -999.0</values>
					</sample_size>
				</sampling_intervals>
			</data>
		</threshold>
		<threshold>
			<threshold_value>GT 17.25285 (Pr=0.99)</threshold_value>
			<data>
				<values>0.37669, 0.07029, 0.44698, 1.0, 0.49569, 0.08891, 0.21653, 0.57346, 5.50178, 0.00506, 0.02188, 9.0E-4, 0.08801, -999.0, -999.0, -999.0, -999.0, -999.0</values>
				<sampling_intervals>
					<main_interval>
						<bounds>0.05, 0.95</bounds>
						<lower_bound>
							<values>0.31397, 0.03941, 0.37398, 1.0, 0.42573, 0.06366, 0.17604, 0.50321, 3.3716, 0.00407, 0.01141, 6.1E-4, 0.06297, -999.0, -999.0, -999.0, -999.0, -999.0</values>
						</lower_bound>
						<upper_bound>
							<values>0.44391, 0.12412, 0.53849, 1.0, 0.56252, 0.12187, 0.26953, 0.63384, 9.43304, 0.00607, 0.05079, 0.0013, 0.12063, -999.0, -999.0, -999.0, -999.0, -999.0</values>
						</upper_bound>
					</main_interval>
					<sample_size>
						<values>1000.0, 1000.0, 1000.0, 1000.0, 1000.0, 1000.0, 1000.0, 1000.0, 1000.0, 1000.0, 1000.0, 1000.0, 1000.0, -999.0, -999.0, -999.0, -999.0, -999.0</values>
					</sample_size>
				</sampling_intervals>
			</data>
		</threshold>
		<threshold>
			<threshold_value>GT 17.67872 (Pr=0.99021)</threshold_value>
			<data>
				<values>0.37722, 0.06645, 0.44367, 1.0, 0.4996, 0.08727, 0.21046, 0.57845, 5.09734, 0.00495, 0.01935, 8.6E-4, 0.08641, -999.0, -999.0, -999.0, -999.0, -999.0</values>
				<sampling_intervals>
					<main_interval>
						<bounds>0.05, 0.95</bounds>
						<lower_bound>
							<values>0.30733, 0.04014, 0.36823, 1.0, 0.42971, 0.06085, 0.17559, 0.50963, 3.49403, 0.00401, 0.01142, 5.8E-4, 0.06021, -999.0, -999.0, -999.0, -999.0, -999.0</values>
						</lower_bound>
						<upper_bound>
							<values>0.43906, 0.12739, 0.53935, 1.0, 0.57107, 0.11988, 0.26429, 0.64026, 9.68647, 0.00603, 0.0492, 0.00125, 0.11845, -999.0, -999.0, -999.0, -999.0, -999.0</values>
						</upper_bound>
					</main_interval>
					<sample_size>
						<values>1000.0, 1000.0, 1000.0, 1000.0, 1000.0, 1000.0, 1000.0, 1000.0, 1000.0, 1000.0, 1000.0, 1000.0, 1000.0, -999.0, -999.0, -999.0, -999.0, -999.0</values>
					</sample_size>
				</sampling_intervals>
			</data>
		</threshold>
		<threshold>
			<threshold_value>GT 22.7402 (Pr=0.995)</threshold_value>
			<data>
				<values>0.29547, 0.06571, 0.36118, 1.0, 0.57693, 0.0584, 0.186, 0.64717, 12.07338, 0.00291, 0.02242, 2.9E-4, 0.05811, -999.0, -999.0, -999.0, -999.0, -999.0</values>
				<sampling_intervals>
					<main_interval>
						<bounds>0.05, 0.95</bounds>
						<lower_bound>
							<values>0.22287, 0.0442, 0.28862, 1.0, 0.49772, 0.03469, 0.12981, 0.5729, 5.37169, 0.00229, 0.0078, 1.6E-4, 0.03452, -999.0, -999.0, -999.0, -999.0, -999.0</values>
						</lower_bound>
						<upper_bound>
							<values>0.36855, 0.13329, 0.48029, 1.0, 0.66369, 0.08742, 0.2373, 0.72299, 19.49749, 0.00367, 0.04515, 4.7E-4, 0.08686, -999.0, -999.0, -999.0, -999.0, -999.0</values>
						</upper_bound>
					</main_interval>
					<sample_size>
						<values>1000.0, 1000.0, 1000.0, 1000.0, 1000.0, 1000.0, 1000.0, 1000.0, 1000.0, 1000.0, 1000.0, 1000.0, 1000.0, -999.0, -999.0, -999.0, -999.0, -999.0</values>
					</sample_size>
				</sampling_intervals>
			</data>
		</threshold>
		<threshold>
			<threshold_value>GT 41.43053 (Pr=0.99898)</threshold_value>
			<data>
				<values>0.09962, 0.03106, 0.13068, 1.0, 0.82566, 0.00841, 0.08313, 0.86043, 38.37614, 8.8E-4, 0.01501, 1.0E-5, 0.0084, -999.0, -999.0, -999.0, -999.0, -999.0</values>
				<sampling_intervals>
					<main_interval>
						<bounds>0.05, 0.95</bounds>
						<lower_bound>
							<values>-0.03317, 0.02894, 0.02355, 1.0, 0.61821, 2.0E-4, 0.03404, 0.67795, 5.48231, 5.4E-4, 0.00128, 0.0, 2.0E-4, -999.0, -999.0, -999.0, -999.0, -999.0</values>
						</lower_bound>
						<upper_bound>
							<values>0.29625, 0.16383, 0.4246, 1.0, 0.96986, 0.04585, 0.14797, 0.97495, 77.88173, 0.00125, 0.04364, 6.0E-5, 0.04579, -999.0, -999.0, -999.0, -999.0, -999.0</values>
						</upper_bound>
					</main_interval>
					<sample_size>
						<values>1000.0, 1000.0, 1000.0, 1000.0, 1000.0, 1000.0, 1000.0, 1000.0, 1000.0, 1000.0, 1000.0, 1000.0, 1000.0, -999.0, -999.0, -999.0, -999.0, -999.0</values>
					</sample_size>
				</sampling_intervals>
			</data>
		</threshold>
		<threshold>
			<threshold_value>GT 41.50679 (Pr=0.999)</threshold_value>
			<data>
				<values>0.09962, 0.03106, 0.13068, 1.0, 0.82566, 0.00841, 0.08313, 0.86043, 38.37614, 8.8E-4, 0.01501, 1.0E-5, 0.0084, -999.0, -999.0, -999.0, -999.0, -999.0</values>
				<sampling_intervals>
					<main_interval>
						<bounds>0.05, 0.95</bounds>
						<lower_bound>
							<values>-0.03344, 0.02872, 0.0221, 1.0, 0.61812, 1.7E-4, 0.03355, 0.67953, 4.87576, 5.2E-4, 0.00109, 0.0, 1.7E-4, -999.0, -999.0, -999.0, -999.0, -999.0</values>
						</lower_bound>
						<upper_bound>
							<values>0.292, 0.1593, 0.42815, 1.0, 0.97454, 0.04585, 0.14696, 0.97575, 81.63141, 0.00124, 0.04364, 5.0E-5, 0.0458, -999.0, -999.0, -999.0, -999.0, -999.0</values>
						</upper_bound>
					</main_interval>
					<sample_size>
						<values>1000.0, 1000.0, 1000.0, 1000.0, 1000.0, 1000.0, 1000.0, 1000.0, 1000.0, 1000.0, 1000.0, 1000.0, 1000.0, -999.0, -999.0, -999.0, -999.0, -999.0</values>
					</sample_size>
				</sampling_intervals>
			</data>
		</threshold>
		<threshold>
			<threshold_value>GT 61.21091 (Pr=0.99981)</threshold_value>
			<data>
				<values>0.25153, 0.41509, 0.66662, 1.0, 0.73486, 0.02041, 0.03402, 0.74864, 0.0, 1.7E-4, 0.0, 0.0, 0.0204, -999.0, -999.0, -999.0, -999.0, -999.0</values>
				<sampling_intervals>
					<main_interval>
						<bounds>0.05, 0.95</bounds>
						<lower_bound>
							<values>-0.01747, 0.0080, 0.0, 1.0, 0.59237, 0.0, 0.0068, 0.60655, 0.0, 8.0E-5, 0.0, 0.0, 0.0, -999.0, -999.0, -999.0, -999.0, -999.0</values>
						</lower_bound>
						<upper_bound>
							<values>0.37743, 0.62412, 1.0, 1.0, 1.00031, 0.04592, 0.05102, 1.00053, 122.27279, 4.3E-4, 0.02041, 1.0E-5, 0.04591, -999.0, -999.0, -999.0, -999.0, -999.0</values>
						</upper_bound>
					</main_interval>
					<sample_size>
						<values>1000.0, 1000.0, 1000.0, 1000.0, 1000.0, 1000.0, 1000.0, 1000.0, 1000.0, 1000.0, 1000.0, 1000.0, 1000.0, -999.0, -999.0, -999.0, -999.0, -999.0</values>
					</sample_size>
				</sampling_intervals>
			</data>
		</threshold>
	</threshold_data>
</result></results>