<?xml version="1.0" standalone="yes"?><results>
<!--Result file containing the results for a single metric by lead period.
Some metrics, such as reliability diagrams, have results for specific thresholds 
(e.g. probability thresholds).  In that case, the results are stored by lead period 
and then by threshold value.  The actual data associated with a result always appears 
within a 'values' tag.  A metric result that comprises a single value will appear as a 
single value in this tag.  A metric result that comprises a 1D matrix will appear as a 
row of values separated by commas in the input order.  A metric result that comprises a 
2D matrix will appear as a sequence of rows, each with a 'values' tag, which are written 
in the input order.  For example, a diagram metric with an x and y axis will comprise 
two rows of data (i.e. two rows within two separate 'values' tags).  The default input 
order would be data for the x axis followed by data for the y axis.  Data that refer to 
cumulative probabilities are, by default, always defined in increasing size of probability.--><meta_data>
	<thresholds_type>true</thresholds_type>
	<original_file_id>07378500_CAL.Streamflow.ICK_INF_ONE_OBS_ONE_MEAN_1D_MEAN_INDEP.Brier_skill_score.xml</original_file_id>
</meta_data><result>
	<lead_hour>0.0</lead_hour>
	<threshold_data>
		<threshold>
			<threshold_value>GT 0.2 (Pr=0.0)</threshold_value>
			<data>
				<values>0.95985, 0.02198, 0.01096, 0.02913, 0.00253, 0.01458, 0.0522, 0.03785, 0.52973, 6.0E-5, 2.8E-4, 1.0E-5, 0.00166, 0.97741, 4.01127, 0.98867, 0.66119, -0.93352</values>
				<sampling_intervals>
					<main_interval>
						<bounds>0.05, 0.95</bounds>
						<lower_bound>
							<values>0.90196, 0.00458, 0.00684, 0.01342, 0.00206, 9.7E-4, 0.00142, 1.9E-4, 0.50423, 0.0, 2.2E-4, 0.0, 1.1E-4, 0.94082, 1.10176, 0.83659, -0.86051, -0.9982</values>
						</lower_bound>
						<upper_bound>
							<values>0.99119, 0.05425, 0.05598, 0.08367, 0.03802, 0.03724, 0.12709, 0.09338, 3.56922, 3.5E-4, 0.00379, 6.0E-5, 0.00494, 0.99528, 23.80061, 0.99178, 0.81482, -0.8393</values>
						</upper_bound>
					</main_interval>
					<sample_size>
						<values>1000.0, 1000.0, 1000.0, 1000.0, 1000.0, 1000.0, 1000.0, 1000.0, 1000.0, 1000.0, 1000.0, 1000.0, 1000.0, 1000.0, 1000.0, 1000.0, 1000.0, 1000.0</values>
					</sample_size>
				</sampling_intervals>
			</data>
		</threshold>
		<threshold>
			<threshold_value>GT 0.26603 (Pr=0.025)</threshold_value>
			<data>
				<values>0.81675, 0.06732, 0.45919, 0.57513, 0.05434, 0.27683, 0.40575, 0.12156, 0.41406, 0.00342, 0.00478, 0.00672, 0.02515, 0.87101, 3.73319, 0.86232, 3.05511, -0.39765</values>
				<sampling_intervals>
					<main_interval>
						<bounds>0.05, 0.95</bounds>
						<lower_bound>
							<values>0.77131, 0.04976, 0.33644, 0.41959, 0.02269, 0.17767, 0.28016, 0.05867, 0.20653, 0.00153, 0.0017, 0.00315, 0.01574, 0.75703, 2.10165, 0.75174, 1.93929, -0.57534</values>
						</lower_bound>
						<upper_bound>
							<values>0.87256, 0.10992, 0.66183, 0.76752, 0.10181, 0.43207, 0.56912, 0.17327, 0.68929, 0.00545, 0.01006, 0.01597, 0.04316, 0.9098, 8.68416, 0.93967, 5.10538, -0.15347</values>
						</upper_bound>
					</main_interval>
					<sample_size>
						<values>1000.0, 1000.0, 1000.0, 1000.0, 1000.0, 1000.0, 1000.0, 1000.0, 1000.0, 1000.0, 1000.0, 1000.0, 1000.0, 1000.0, 1000.0, 1000.0, 1000.0, 1000.0</values>
					</sample_size>
				</sampling_intervals>
			</data>
		</threshold>
		<threshold>
			<threshold_value>GT 0.29096 (Pr=0.05)</threshold_value>
			<data>
				<values>0.75955, 0.04557, 0.83358, 1.02846, 0.05762, 0.59966, 0.78249, 0.16825, 0.35947, 0.00632, 0.00687, 0.04448, 0.07332, 0.79919, 2.26367, 0.88638, 3.82141, 0.26768</values>
				<sampling_intervals>
					<main_interval>
						<bounds>0.05, 0.95</bounds>
						<lower_bound>
							<values>0.71841, 0.04203, 0.61581, 0.7689, 0.02443, 0.46123, 0.64005, 0.1321, 0.18216, 0.00458, 0.00206, 0.02208, 0.05214, 0.62321, 1.77638, 0.8613, 3.28463, 0.02488</values>
						</lower_bound>
						<upper_bound>
							<values>0.8137, 0.09876, 0.96188, 1.13974, 0.06969, 0.74247, 0.93548, 0.28376, 0.41147, 0.01253, 0.00854, 0.06352, 0.09249, 0.85061, 4.08703, 0.94798, 5.8281, 0.53813</values>
						</upper_bound>
					</main_interval>
					<sample_size>
						<values>1000.0, 1000.0, 1000.0, 1000.0, 1000.0, 1000.0, 1000.0, 1000.0, 1000.0, 1000.0, 1000.0, 1000.0, 1000.0, 1000.0, 1000.0, 1000.0, 1000.0, 1000.0</values>
					</sample_size>
				</sampling_intervals>
			</data>
		</threshold>
		<threshold>
			<threshold_value>GT 0.30615 (Pr=0.075)</threshold_value>
			<data>
				<values>0.72206, 0.03752, 0.95795, 1.19838, 0.04978, 0.76415, 0.99231, 0.26746, 0.29078, 0.0133, 0.00597, 0.0831, 0.10179, 0.73296, 1.82681, 0.9103, 4.34399, 0.68745</values>
				<sampling_intervals>
					<main_interval>
						<bounds>0.05, 0.95</bounds>
						<lower_bound>
							<values>0.68112, 0.04265, 0.77264, 0.95774, 0.03522, 0.53842, 0.71481, 0.11341, 0.21073, 0.00577, 0.00351, 0.04239, 0.08132, 0.32011, 1.25779, 0.82065, 1.893, -0.0169</values>
						</lower_bound>
						<upper_bound>
							<values>0.77794, 0.08835, 1.11696, 1.35275, 0.08504, 0.8912, 1.12793, 0.36724, 0.6115, 0.01878, 0.01784, 0.12214, 0.15103, 0.83898, 2.53491, 0.93457, 5.19776, 0.93653</values>
						</upper_bound>
					</main_interval>
					<sample_size>
						<values>1000.0, 1000.0, 1000.0, 1000.0, 1000.0, 1000.0, 1000.0, 1000.0, 1000.0, 1000.0, 1000.0, 1000.0, 1000.0, 1000.0, 1000.0, 1000.0, 1000.0, 1000.0</values>
					</sample_size>
				</sampling_intervals>
			</data>
		</threshold>
		<threshold>
			<threshold_value>GT 0.31955 (Pr=0.1)</threshold_value>
			<data>
				<values>0.7467, 0.03497, 0.97669, 1.19501, 0.04277, 0.79518, 1.00571, 0.22832, 0.30371, 0.01442, 0.00798, 0.08943, 0.18047, 0.83621, 1.39064, 0.91016, 2.7632, 0.36782</values>
				<sampling_intervals>
					<main_interval>
						<bounds>0.05, 0.95</bounds>
						<lower_bound>
							<values>0.68051, 0.03823, 0.88332, 1.0841, 0.03919, 0.64533, 0.8414, 0.14253, 0.27642, 0.00753, 0.00704, 0.06788, 0.13977, 0.47658, 0.97981, 0.81849, 1.93965, 0.16152</values>
						</lower_bound>
						<upper_bound>
							<values>0.7686, 0.06758, 1.21185, 1.44417, 0.09198, 0.93962, 1.16495, 0.27786, 0.5606, 0.01747, 0.02289, 0.1438, 0.22692, 0.83807, 1.77074, 0.91926, 3.2511, 0.56161</values>
						</upper_bound>
					</main_interval>
					<sample_size>
						<values>1000.0, 1000.0, 1000.0, 1000.0, 1000.0, 1000.0, 1000.0, 1000.0, 1000.0, 1000.0, 1000.0, 1000.0, 1000.0, 1000.0, 1000.0, 1000.0, 1000.0, 1000.0</values>
					</sample_size>
				</sampling_intervals>
			</data>
		</threshold>
		<threshold>
			<threshold_value>GT 0.33635 (Pr=0.125)</threshold_value>
			<data>
				<values>0.7136, 0.02432, 1.18738, 1.44947, 0.05368, 0.94906, 1.18178, 0.26345, 0.31911, 0.01709, 0.01194, 0.16607, 0.23661, 0.78985, 1.10089, 0.89672, 2.66143, 0.59824</values>
				<sampling_intervals>
					<main_interval>
						<bounds>0.05, 0.95</bounds>
						<lower_bound>
							<values>0.66076, 0.03314, 1.05141, 1.28257, 0.03844, 0.78617, 1.00225, 0.19009, 0.2503, 0.01119, 0.00728, 0.11721, 0.18975, 0.38348, 0.84752, 0.83935, 2.13831, 0.41068</values>
						</lower_bound>
						<upper_bound>
							<values>0.74548, 0.05667, 1.36576, 1.6227, 0.08475, 1.1061, 1.36053, 0.32549, 0.47386, 0.02217, 0.02239, 0.22186, 0.28851, 0.77094, 1.43267, 0.92387, 3.14645, 0.75889</values>
						</upper_bound>
					</main_interval>
					<sample_size>
						<values>1000.0, 1000.0, 1000.0, 1000.0, 1000.0, 1000.0, 1000.0, 1000.0, 1000.0, 1000.0, 1000.0, 1000.0, 1000.0, 1000.0, 1000.0, 1000.0, 1000.0, 1000.0</values>
					</sample_size>
				</sampling_intervals>
			</data>
		</threshold>
		<threshold>
			<threshold_value>GT 0.35316 (Pr=0.15)</threshold_value>
			<data>
				<values>0.68335, 0.02317, 1.30522, 1.5987, 0.05473, 1.06395, 1.32586, 0.30045, 0.33477, 0.01928, 0.0132, 0.25051, 0.28024, 0.64654, 0.96496, 0.90118, 2.77126, 0.82067</values>
				<sampling_intervals>
					<main_interval>
						<bounds>0.05, 0.95</bounds>
						<lower_bound>
							<values>0.6391, 0.02805, 1.16031, 1.42563, 0.03855, 0.92643, 1.17315, 0.2455, 0.22757, 0.01552, 0.00746, 0.17973, 0.23658, 0.05049, 0.76908, 0.87852, 2.42148, 0.66167</values>
						</lower_bound>
						<upper_bound>
							<values>0.73006, 0.05143, 1.47576, 1.75698, 0.06872, 1.22409, 1.50388, 0.38741, 0.40178, 0.02665, 0.01756, 0.31989, 0.33907, 0.69198, 1.28387, 0.92772, 3.32256, 0.96928</values>
						</upper_bound>
					</main_interval>
					<sample_size>
						<values>1000.0, 1000.0, 1000.0, 1000.0, 1000.0, 1000.0, 1000.0, 1000.0, 1000.0, 1000.0, 1000.0, 1000.0, 1000.0, 1000.0, 1000.0, 1000.0, 1000.0, 1000.0</values>
					</sample_size>
				</sampling_intervals>
			</data>
		</threshold>
		<threshold>
			<threshold_value>GT 0.37079 (Pr=0.175)</threshold_value>
			<data>
				<values>0.66069, 0.02395, 1.39348, 1.70884, 0.06224, 1.11887, 1.39594, 0.30158, 0.37368, 0.01986, 0.01688, 0.33737, 0.30728, 0.33955, 0.87017, 0.89322, 2.74363, 0.94967</values>
				<sampling_intervals>
					<main_interval>
						<bounds>0.05, 0.95</bounds>
						<lower_bound>
							<values>0.62584, 0.02568, 1.23976, 1.52549, 0.04208, 1.00154, 1.25992, 0.26999, 0.24819, 0.01835, 0.00903, 0.2466, 0.26742, -0.50247, 0.70339, 0.88416, 2.46186, 0.81328</values>
						</lower_bound>
						<upper_bound>
							<values>0.71069, 0.04639, 1.55003, 1.85576, 0.06839, 1.29044, 1.57773, 0.42979, 0.39125, 0.03049, 0.01813, 0.4203, 0.36835, 0.56645, 1.16569, 0.92488, 3.33919, 1.11314</values>
						</upper_bound>
					</main_interval>
					<sample_size>
						<values>1000.0, 1000.0, 1000.0, 1000.0, 1000.0, 1000.0, 1000.0, 1000.0, 1000.0, 1000.0, 1000.0, 1000.0, 1000.0, 1000.0, 1000.0, 1000.0, 1000.0, 1000.0</values>
					</sample_size>
				</sampling_intervals>
			</data>
		</threshold>
		<threshold>
			<threshold_value>GT 0.38993 (Pr=0.2)</threshold_value>
			<data>
				<values>0.67673, 0.02566, 1.4408, 1.73841, 0.04744, 1.22128, 1.49711, 0.4053, 0.25349, 0.03066, 0.0104, 0.40332, 0.3431, 0.06635, 0.8812, 0.9199, 3.03463, 1.10723</values>
				<sampling_intervals>
					<main_interval>
						<bounds>0.05, 0.95</bounds>
						<lower_bound>
							<values>0.61867, 0.02443, 1.28921, 1.58642, 0.04409, 1.04125, 1.3136, 0.30472, 0.25034, 0.02115, 0.00998, 0.31145, 0.29231, -1.39427, 0.67067, 0.8868, 2.54297, 0.93454</values>
						</lower_bound>
						<upper_bound>
							<values>0.7007, 0.04364, 1.60127, 1.90633, 0.06884, 1.33684, 1.6245, 0.46255, 0.37296, 0.03426, 0.01918, 0.52568, 0.38847, 0.38345, 1.11198, 0.92456, 3.39468, 1.22252</values>
						</upper_bound>
					</main_interval>
					<sample_size>
						<values>1000.0, 1000.0, 1000.0, 1000.0, 1000.0, 1000.0, 1000.0, 1000.0, 1000.0, 1000.0, 1000.0, 1000.0, 1000.0, 1000.0, 1000.0, 1000.0, 1000.0, 1000.0</values>
					</sample_size>
				</sampling_intervals>
			</data>
		</threshold>
		<threshold>
			<threshold_value>GT 0.41102 (Pr=0.225)</threshold_value>
			<data>
				<values>0.63391, 0.02056, 1.44923, 1.79476, 0.06238, 1.18824, 1.49196, 0.40372, 0.33952, 0.0294, 0.01782, 0.49848, 0.35204, -0.17284, 0.78412, 0.89892, 2.86637, 1.16152</values>
				<sampling_intervals>
					<main_interval>
						<bounds>0.05, 0.95</bounds>
						<lower_bound>
							<values>0.61188, 0.02215, 1.32711, 1.63355, 0.04584, 1.07401, 1.35337, 0.33882, 0.24237, 0.02494, 0.01062, 0.37911, 0.314, -2.1092, 0.64364, 0.89136, 2.60471, 1.02856</values>
						</lower_bound>
						<upper_bound>
							<values>0.69405, 0.03995, 1.62055, 1.943, 0.0678, 1.35938, 1.65188, 0.50619, 0.35237, 0.03892, 0.01933, 0.62939, 0.40787, 0.30886, 1.06329, 0.92407, 3.45048, 1.31842</values>
						</upper_bound>
					</main_interval>
					<sample_size>
						<values>1000.0, 1000.0, 1000.0, 1000.0, 1000.0, 1000.0, 1000.0, 1000.0, 1000.0, 1000.0, 1000.0, 1000.0, 1000.0, 1000.0, 1000.0, 1000.0, 1000.0, 1000.0</values>
					</sample_size>
				</sampling_intervals>
			</data>
		</threshold>
		<threshold>
			<threshold_value>GT 0.43087 (Pr=0.25)</threshold_value>
			<data>
				<values>0.65199, 0.01558, 1.48339, 1.81581, 0.05941, 1.21843, 1.50703, 0.40502, 0.31225, 0.03098, 0.01762, 0.5909, 0.37058, 0.26351, 0.77233, 0.90605, 2.96124, 1.23196</values>
				<sampling_intervals>
					<main_interval>
						<bounds>0.05, 0.95</bounds>
						<lower_bound>
							<values>0.61083, 0.01987, 1.35776, 1.66845, 0.04735, 1.09885, 1.38051, 0.36562, 0.23844, 0.02799, 0.01155, 0.44892, 0.33289, -1.76322, 0.60836, 0.89292, 2.61524, 1.10056</values>
						</lower_bound>
						<upper_bound>
							<values>0.6901, 0.03666, 1.63696, 1.96581, 0.06797, 1.36975, 1.67034, 0.5496, 0.33771, 0.04558, 0.02005, 0.74013, 0.42132, 0.42417, 1.01627, 0.92437, 3.459, 1.38294</values>
						</upper_bound>
					</main_interval>
					<sample_size>
						<values>1000.0, 1000.0, 1000.0, 1000.0, 1000.0, 1000.0, 1000.0, 1000.0, 1000.0, 1000.0, 1000.0, 1000.0, 1000.0, 1000.0, 1000.0, 1000.0, 1000.0, 1000.0</values>
					</sample_size>
				</sampling_intervals>
			</data>
		</threshold>
		<threshold>
			<threshold_value>GT 0.45158 (Pr=0.275)</threshold_value>
			<data>
				<values>0.64352, 0.01153, 1.49626, 1.84122, 0.06102, 1.23253, 1.52799, 0.46489, 0.29492, 0.03899, 0.01779, 0.67502, 0.38337, 0.6446, 0.71264, 0.90538, 2.9335, 1.28587</values>
				<sampling_intervals>
					<main_interval>
						<bounds>0.05, 0.95</bounds>
						<lower_bound>
							<values>0.59689, 0.01921, 1.38314, 1.69612, 0.04855, 1.11409, 1.39754, 0.40058, 0.23129, 0.03213, 0.01198, 0.51935, 0.34511, -0.77007, 0.56529, 0.88775, 2.57013, 1.15731</values>
						</lower_bound>
						<upper_bound>
							<values>0.68475, 0.0343, 1.66082, 1.99323, 0.07226, 1.39106, 1.68631, 0.608, 0.32592, 0.05441, 0.02107, 0.85261, 0.43241, 0.6156, 0.94122, 0.92415, 3.39076, 1.42851</values>
						</upper_bound>
					</main_interval>
					<sample_size>
						<values>1000.0, 1000.0, 1000.0, 1000.0, 1000.0, 1000.0, 1000.0, 1000.0, 1000.0, 1000.0, 1000.0, 1000.0, 1000.0, 1000.0, 1000.0, 1000.0, 1000.0, 1000.0</values>
					</sample_size>
				</sampling_intervals>
			</data>
		</threshold>
		<threshold>
			<threshold_value>GT 0.46955 (Pr=0.3)</threshold_value>
			<data>
				<values>0.63932, 0.01508, 1.52164, 1.86724, 0.05858, 1.27264, 1.57474, 0.59287, 0.23799, 0.05489, 0.01401, 0.75281, 0.39779, 0.64348, 0.67296, 0.91022, 2.9475, 1.35074</values>
				<sampling_intervals>
					<main_interval>
						<bounds>0.05, 0.95</bounds>
						<lower_bound>
							<values>0.57709, 0.01951, 1.40579, 1.73971, 0.0521, 1.13319, 1.433, 0.46039, 0.22844, 0.03886, 0.01314, 0.60839, 0.35479, -0.01799, 0.48981, 0.88083, 2.43474, 1.20649</values>
						</lower_bound>
						<upper_bound>
							<values>0.67157, 0.03451, 1.67824, 2.03584, 0.07834, 1.39305, 1.71051, 0.69125, 0.32908, 0.06221, 0.02313, 0.98681, 0.43621, 0.71357, 0.83491, 0.92032, 3.2919, 1.46698</values>
						</upper_bound>
					</main_interval>
					<sample_size>
						<values>1000.0, 1000.0, 1000.0, 1000.0, 1000.0, 1000.0, 1000.0, 1000.0, 1000.0, 1000.0, 1000.0, 1000.0, 1000.0, 1000.0, 1000.0, 1000.0, 1000.0, 1000.0</values>
					</sample_size>
				</sampling_intervals>
			</data>
		</threshold>
		<threshold>
			<threshold_value>GT 0.48714 (Pr=0.325)</threshold_value>
			<data>
				<values>0.61598, 0.01498, 1.54991, 1.91896, 0.06572, 1.27751, 1.59581, 0.6515, 0.26279, 0.05981, 0.01761, 0.8833, 0.40033, 0.77764, 0.57142, 0.90165, 2.72872, 1.36651</values>
				<sampling_intervals>
					<main_interval>
						<bounds>0.05, 0.95</bounds>
						<lower_bound>
							<values>0.56687, 0.01962, 1.43019, 1.78361, 0.05628, 1.152, 1.46122, 0.53132, 0.23304, 0.04652, 0.01459, 0.70876, 0.36223, 0.36297, 0.43513, 0.88044, 2.33683, 1.24955</values>
						</lower_bound>
						<upper_bound>
							<values>0.6526, 0.03423, 1.71028, 2.07684, 0.08049, 1.40841, 1.73487, 0.7832, 0.32499, 0.07225, 0.02441, 1.15343, 0.4408, 0.77887, 0.72194, 0.91606, 3.08524, 1.49384</values>
						</upper_bound>
					</main_interval>
					<sample_size>
						<values>1000.0, 1000.0, 1000.0, 1000.0, 1000.0, 1000.0, 1000.0, 1000.0, 1000.0, 1000.0, 1000.0, 1000.0, 1000.0, 1000.0, 1000.0, 1000.0, 1000.0, 1000.0</values>
					</sample_size>
				</sampling_intervals>
			</data>
		</threshold>
		<threshold>
			<threshold_value>GT 0.50516 (Pr=0.35)</threshold_value>
			<data>
				<values>0.60607, 0.01234, 1.59372, 1.9753, 0.0695, 1.30455, 1.62898, 0.73788, 0.26615, 0.06603, 0.01991, 1.08622, 0.40353, 0.87956, 0.47869, 0.89875, 2.53508, 1.38629</values>
				<sampling_intervals>
					<main_interval>
						<bounds>0.05, 0.95</bounds>
						<lower_bound>
							<values>0.56398, 0.01931, 1.46242, 1.8308, 0.06038, 1.17148, 1.49168, 0.60891, 0.22821, 0.0533, 0.01568, 0.84896, 0.36548, 0.60642, 0.39272, 0.88171, 2.27681, 1.28767</values>
						</lower_bound>
						<upper_bound>
							<values>0.6387, 0.03349, 1.73774, 2.10962, 0.08133, 1.43201, 1.76032, 0.89599, 0.31191, 0.08406, 0.02502, 1.35806, 0.44341, 0.83624, 0.62423, 0.91256, 2.92851, 1.50662</values>
						</upper_bound>
					</main_interval>
					<sample_size>
						<values>1000.0, 1000.0, 1000.0, 1000.0, 1000.0, 1000.0, 1000.0, 1000.0, 1000.0, 1000.0, 1000.0, 1000.0, 1000.0, 1000.0, 1000.0, 1000.0, 1000.0, 1000.0</values>
					</sample_size>
				</sampling_intervals>
			</data>
		</threshold>
		<threshold>
			<threshold_value>GT 0.52585 (Pr=0.375)</threshold_value>
			<data>
				<values>0.59959, 0.01269, 1.60432, 1.99203, 0.07016, 1.31591, 1.64616, 0.872, 0.25034, 0.07991, 0.01925, 1.26892, 0.40379, 0.90514, 0.42496, 0.89987, 2.44735, 1.41711</values>
				<sampling_intervals>
					<main_interval>
						<bounds>0.05, 0.95</bounds>
						<lower_bound>
							<values>0.57044, 0.01842, 1.49192, 1.86506, 0.05953, 1.19717, 1.52111, 0.71411, 0.21231, 0.06249, 0.01484, 1.02881, 0.36996, 0.72397, 0.36109, 0.88681, 2.23602, 1.32412</values>
						</lower_bound>
						<upper_bound>
							<values>0.63838, 0.0319, 1.75519, 2.1225, 0.07916, 1.45066, 1.77272, 0.99953, 0.29079, 0.09309, 0.02387, 1.56477, 0.44586, 0.87489, 0.54018, 0.9149, 2.76846, 1.52289</values>
						</upper_bound>
					</main_interval>
					<sample_size>
						<values>1000.0, 1000.0, 1000.0, 1000.0, 1000.0, 1000.0, 1000.0, 1000.0, 1000.0, 1000.0, 1000.0, 1000.0, 1000.0, 1000.0, 1000.0, 1000.0, 1000.0, 1000.0</values>
					</sample_size>
				</sampling_intervals>
			</data>
		</threshold>
		<threshold>
			<threshold_value>GT 0.54962 (Pr=0.4)</threshold_value>
			<data>
				<values>0.62103, 0.01767, 1.63716, 1.99846, 0.064, 1.35357, 1.66854, 0.98726, 0.20574, 0.09442, 0.01487, 1.4522, 0.41357, 0.89013, 0.41217, 0.90996, 2.46551, 1.45426</values>
				<sampling_intervals>
					<main_interval>
						<bounds>0.05, 0.95</bounds>
						<lower_bound>
							<values>0.58348, 0.01788, 1.50579, 1.87164, 0.05877, 1.21073, 1.52687, 0.81017, 0.20332, 0.07282, 0.01473, 1.18868, 0.37077, 0.7997, 0.33528, 0.89309, 2.18158, 1.34582</values>
						</lower_bound>
						<upper_bound>
							<values>0.64481, 0.03033, 1.76337, 2.11973, 0.07578, 1.46035, 1.7752, 1.08662, 0.26091, 0.10214, 0.02206, 1.80096, 0.44514, 0.90311, 0.49218, 0.91708, 2.67266, 1.52722</values>
						</upper_bound>
					</main_interval>
					<sample_size>
						<values>1000.0, 1000.0, 1000.0, 1000.0, 1000.0, 1000.0, 1000.0, 1000.0, 1000.0, 1000.0, 1000.0, 1000.0, 1000.0, 1000.0, 1000.0, 1000.0, 1000.0, 1000.0</values>
					</sample_size>
				</sampling_intervals>
			</data>
		</threshold>
		<threshold>
			<threshold_value>GT 0.57422 (Pr=0.425)</threshold_value>
			<data>
				<values>0.62105, 0.01301, 1.6134, 1.97933, 0.06626, 1.32178, 1.63446, 1.00645, 0.22921, 0.09196, 0.0186, 1.6725, 0.39908, 0.93598, 0.36438, 0.90854, 2.33308, 1.43216</values>
				<sampling_intervals>
					<main_interval>
						<bounds>0.05, 0.95</bounds>
						<lower_bound>
							<values>0.59657, 0.01671, 1.50779, 1.86011, 0.05831, 1.21381, 1.521, 0.88293, 0.19773, 0.08067, 0.01481, 1.36463, 0.3663, 0.84223, 0.31187, 0.89822, 2.13676, 1.34563</values>
						</lower_bound>
						<upper_bound>
							<values>0.65073, 0.02902, 1.75218, 2.09744, 0.07361, 1.4472, 1.75628, 1.17273, 0.2477, 0.10929, 0.02104, 2.01654, 0.4357, 0.92317, 0.456, 0.91915, 2.59813, 1.51918</values>
						</upper_bound>
					</main_interval>
					<sample_size>
						<values>1000.0, 1000.0, 1000.0, 1000.0, 1000.0, 1000.0, 1000.0, 1000.0, 1000.0, 1000.0, 1000.0, 1000.0, 1000.0, 1000.0, 1000.0, 1000.0, 1000.0, 1000.0</values>
					</sample_size>
				</sampling_intervals>
			</data>
		</threshold>
		<threshold>
			<threshold_value>GT 0.60179 (Pr=0.45)</threshold_value>
			<data>
				<values>0.62486, 0.00989, 1.5844, 1.94965, 0.06613, 1.29765, 1.60665, 1.08134, 0.22899, 0.09677, 0.01951, 1.87175, 0.38737, 0.95887, 0.33126, 0.90998, 2.25388, 1.41904</values>
				<sampling_intervals>
					<main_interval>
						<bounds>0.05, 0.95</bounds>
						<lower_bound>
							<values>0.60614, 0.01566, 1.49039, 1.84128, 0.05775, 1.19995, 1.50175, 0.95118, 0.1932, 0.08634, 0.0151, 1.54662, 0.35718, 0.87693, 0.29427, 0.90123, 2.08055, 1.33717</values>
						</lower_bound>
						<upper_bound>
							<values>0.65479, 0.02747, 1.72758, 2.06919, 0.07257, 1.41907, 1.72481, 1.26338, 0.23784, 0.11584, 0.02104, 2.24754, 0.42493, 0.93663, 0.41733, 0.92108, 2.49574, 1.50841</values>
						</upper_bound>
					</main_interval>
					<sample_size>
						<values>1000.0, 1000.0, 1000.0, 1000.0, 1000.0, 1000.0, 1000.0, 1000.0, 1000.0, 1000.0, 1000.0, 1000.0, 1000.0, 1000.0, 1000.0, 1000.0, 1000.0, 1000.0</values>
					</sample_size>
				</sampling_intervals>
			</data>
		</threshold>
		<threshold>
			<threshold_value>GT 0.62888 (Pr=0.475)</threshold_value>
			<data>
				<values>0.6432, 0.01337, 1.57956, 1.92298, 0.06284, 1.29166, 1.58561, 1.22441, 0.19532, 0.11285, 0.01641, 2.04904, 0.38135, 0.94953, 0.32977, 0.91509, 2.23169, 1.40383</values>
				<sampling_intervals>
					<main_interval>
						<bounds>0.05, 0.95</bounds>
						<lower_bound>
							<values>0.61481, 0.01605, 1.46572, 1.80974, 0.05746, 1.17741, 1.4736, 1.05031, 0.18754, 0.09404, 0.01536, 1.71268, 0.34497, 0.89508, 0.28101, 0.9035, 2.02937, 1.31442</values>
						</lower_bound>
						<upper_bound>
							<values>0.66223, 0.02701, 1.69016, 2.02869, 0.07144, 1.38851, 1.68398, 1.37877, 0.22843, 0.12715, 0.02088, 2.45772, 0.41013, 0.94107, 0.38567, 0.92238, 2.41303, 1.48205</values>
						</upper_bound>
					</main_interval>
					<sample_size>
						<values>1000.0, 1000.0, 1000.0, 1000.0, 1000.0, 1000.0, 1000.0, 1000.0, 1000.0, 1000.0, 1000.0, 1000.0, 1000.0, 1000.0, 1000.0, 1000.0, 1000.0, 1000.0</values>
					</sample_size>
				</sampling_intervals>
			</data>
		</threshold>
		<threshold>
			<threshold_value>GT 0.66324 (Pr=0.5)</threshold_value>
			<data>
				<values>0.64459, 0.0148, 1.5322, 1.8728, 0.06413, 1.24386, 1.53514, 1.30784, 0.20178, 0.11831, 0.01816, 2.23877, 0.36112, 0.95088, 0.30492, 0.91414, 2.12254, 1.35655</values>
				<sampling_intervals>
					<main_interval>
						<bounds>0.05, 0.95</bounds>
						<lower_bound>
							<values>0.62307, 0.01651, 1.43112, 1.76283, 0.05764, 1.14212, 1.43585, 1.15055, 0.17863, 0.10242, 0.01515, 1.87861, 0.33075, 0.90715, 0.2722, 0.9046, 1.96747, 1.27943</values>
						</lower_bound>
						<upper_bound>
							<values>0.66825, 0.02761, 1.648, 1.97956, 0.07124, 1.34501, 1.63805, 1.52772, 0.21754, 0.14293, 0.02029, 2.64438, 0.39292, 0.94561, 0.3645, 0.92336, 2.32774, 1.44309</values>
						</upper_bound>
					</main_interval>
					<sample_size>
						<values>1000.0, 1000.0, 1000.0, 1000.0, 1000.0, 1000.0, 1000.0, 1000.0, 1000.0, 1000.0, 1000.0, 1000.0, 1000.0, 1000.0, 1000.0, 1000.0, 1000.0, 1000.0</values>
					</sample_size>
				</sampling_intervals>
			</data>
		</threshold>
		<threshold>
			<threshold_value>GT 0.6982 (Pr=0.525)</threshold_value>
			<data>
				<values>0.65666, 0.01321, 1.49137, 1.82151, 0.06336, 1.2064, 1.48638, 1.47679, 0.17748, 0.13791, 0.01592, 2.35909, 0.34522, 0.95924, 0.30192, 0.91561, 2.08106, 1.31979</values>
				<sampling_intervals>
					<main_interval>
						<bounds>0.05, 0.95</bounds>
						<lower_bound>
							<values>0.63155, 0.01657, 1.38949, 1.7155, 0.05765, 1.10709, 1.39039, 1.28803, 0.1699, 0.11479, 0.01483, 2.00682, 0.31289, 0.91146, 0.25934, 0.90582, 1.90369, 1.24279</values>
						</lower_bound>
						<upper_bound>
							<values>0.6737, 0.02856, 1.60183, 1.92596, 0.07059, 1.29999, 1.58744, 1.66875, 0.20444, 0.15518, 0.01956, 2.80414, 0.37403, 0.95022, 0.34787, 0.92363, 2.24042, 1.40132</values>
						</upper_bound>
					</main_interval>
					<sample_size>
						<values>1000.0, 1000.0, 1000.0, 1000.0, 1000.0, 1000.0, 1000.0, 1000.0, 1000.0, 1000.0, 1000.0, 1000.0, 1000.0, 1000.0, 1000.0, 1000.0, 1000.0, 1000.0</values>
					</sample_size>
				</sampling_intervals>
			</data>
		</threshold>
		<threshold>
			<threshold_value>GT 0.74024 (Pr=0.55)</threshold_value>
			<data>
				<values>0.65592, 0.01222, 1.42377, 1.75564, 0.06345, 1.15161, 1.43225, 1.56824, 0.18619, 0.14006, 0.01732, 2.49503, 0.32182, 0.96588, 0.27842, 0.91597, 1.98225, 1.26935</values>
				<sampling_intervals>
					<main_interval>
						<bounds>0.05, 0.95</bounds>
						<lower_bound>
							<values>0.63828, 0.01655, 1.3425, 1.66053, 0.05743, 1.06809, 1.34378, 1.42332, 0.16324, 0.12744, 0.01447, 2.12647, 0.29463, 0.92081, 0.24929, 0.90729, 1.84245, 1.19408</values>
						</lower_bound>
						<upper_bound>
							<values>0.67844, 0.02781, 1.54442, 1.86717, 0.07007, 1.2504, 1.53129, 1.79141, 0.19439, 0.16586, 0.01908, 2.91882, 0.35373, 0.95412, 0.33194, 0.92406, 2.15984, 1.35153</values>
						</upper_bound>
					</main_interval>
					<sample_size>
						<values>1000.0, 1000.0, 1000.0, 1000.0, 1000.0, 1000.0, 1000.0, 1000.0, 1000.0, 1000.0, 1000.0, 1000.0, 1000.0, 1000.0, 1000.0, 1000.0, 1000.0, 1000.0</values>
					</sample_size>
				</sampling_intervals>
			</data>
		</threshold>
		<threshold>
			<threshold_value>GT 0.78077 (Pr=0.575)</threshold_value>
			<data>
				<values>0.65944, 0.01148, 1.35911, 1.68819, 0.0643, 1.09358, 1.36984, 1.69323, 0.1853, 0.15067, 0.01782, 2.59586, 0.29797, 0.97025, 0.26537, 0.91513, 1.89808, 1.2103</values>
				<sampling_intervals>
					<main_interval>
						<bounds>0.05, 0.95</bounds>
						<lower_bound>
							<values>0.64419, 0.01576, 1.28985, 1.60455, 0.05796, 1.022, 1.29045, 1.53551, 0.15994, 0.13647, 0.0145, 2.2052, 0.27571, 0.93001, 0.24247, 0.90658, 1.75836, 1.12564</values>
						</lower_bound>
						<upper_bound>
							<values>0.68412, 0.0263, 1.48797, 1.80303, 0.07059, 1.19356, 1.46739, 1.89821, 0.19038, 0.17599, 0.01878, 3.00721, 0.3299, 0.9593, 0.31939, 0.92349, 2.07978, 1.29191</values>
						</upper_bound>
					</main_interval>
					<sample_size>
						<values>1000.0, 1000.0, 1000.0, 1000.0, 1000.0, 1000.0, 1000.0, 1000.0, 1000.0, 1000.0, 1000.0, 1000.0, 1000.0, 1000.0, 1000.0, 1000.0, 1000.0, 1000.0</values>
					</sample_size>
				</sampling_intervals>
			</data>
		</threshold>
		<threshold>
			<threshold_value>GT 0.83367 (Pr=0.6)</threshold_value>
			<data>
				<values>0.67694, 0.01122, 1.3255, 1.63734, 0.06324, 1.05705, 1.31686, 1.79111, 0.16707, 0.16118, 0.01633, 2.64377, 0.28092, 0.97236, 0.27069, 0.91631, 1.81757, 1.12568</values>
				<sampling_intervals>
					<main_interval>
						<bounds>0.05, 0.95</bounds>
						<lower_bound>
							<values>0.65347, 0.01445, 1.24952, 1.55454, 0.05882, 0.9842, 1.24414, 1.64865, 0.15365, 0.14615, 0.01431, 2.23576, 0.25817, 0.93936, 0.24276, 0.90651, 1.69535, 1.05509</values>
						</lower_bound>
						<upper_bound>
							<values>0.69089, 0.02386, 1.43464, 1.74444, 0.07036, 1.14452, 1.40856, 1.98293, 0.17982, 0.18377, 0.01804, 3.00247, 0.30851, 0.96422, 0.31545, 0.92238, 1.97789, 1.21659</values>
						</upper_bound>
					</main_interval>
					<sample_size>
						<values>1000.0, 1000.0, 1000.0, 1000.0, 1000.0, 1000.0, 1000.0, 1000.0, 1000.0, 1000.0, 1000.0, 1000.0, 1000.0, 1000.0, 1000.0, 1000.0, 1000.0, 1000.0</values>
					</sample_size>
				</sampling_intervals>
			</data>
		</threshold>
		<threshold>
			<threshold_value>GT 0.88926 (Pr=0.625)</threshold_value>
			<data>
				<values>0.67768, 0.00933, 1.29398, 1.60696, 0.0655, 1.0241, 1.28092, 1.89684, 0.15708, 0.17371, 0.01516, 2.5418, 0.26675, 0.9773, 0.27133, 0.91304, 1.7632, 1.07466</values>
				<sampling_intervals>
					<main_interval>
						<bounds>0.05, 0.95</bounds>
						<lower_bound>
							<values>0.65684, 0.01409, 1.20987, 1.51623, 0.05949, 0.9468, 1.20315, 1.70725, 0.1488, 0.15137, 0.01402, 2.17419, 0.24193, 0.94111, 0.24736, 0.90203, 1.56709, 0.88594</values>
						</lower_bound>
						<upper_bound>
							<values>0.69435, 0.02353, 1.39278, 1.70155, 0.07215, 1.10183, 1.36472, 2.04787, 0.17322, 0.18675, 0.01789, 2.89221, 0.29018, 0.96609, 0.32213, 0.92092, 1.88749, 1.14463</values>
						</upper_bound>
					</main_interval>
					<sample_size>
						<values>1000.0, 1000.0, 1000.0, 1000.0, 1000.0, 1000.0, 1000.0, 1000.0, 1000.0, 1000.0, 1000.0, 1000.0, 1000.0, 1000.0, 1000.0, 1000.0, 1000.0, 1000.0</values>
					</sample_size>
				</sampling_intervals>
			</data>
		</threshold>
		<threshold>
			<threshold_value>GT 0.95522 (Pr=0.65)</threshold_value>
			<data>
				<values>0.67735, 0.01112, 1.25614, 1.56767, 0.0667, 0.98775, 1.2437, 1.90347, 0.15702, 0.16474, 0.01594, 2.37413, 0.24875, 0.97297, 0.28292, 0.90732, 1.58207, 0.8762</values>
				<sampling_intervals>
					<main_interval>
						<bounds>0.05, 0.95</bounds>
						<lower_bound>
							<values>0.64173, 0.01467, 1.18074, 1.47833, 0.06084, 0.91526, 1.16636, 1.74505, 0.1448, 0.15058, 0.0141, 2.03142, 0.22634, 0.93809, 0.2535, 0.87922, 1.19019, 0.56548</values>
						</lower_bound>
						<upper_bound>
							<values>0.69594, 0.02418, 1.40658, 1.73594, 0.07731, 1.10457, 1.37582, 2.08679, 0.17069, 0.18711, 0.01787, 2.7269, 0.28254, 0.96447, 0.32897, 0.91806, 1.79036, 1.05584</values>
						</upper_bound>
					</main_interval>
					<sample_size>
						<values>1000.0, 1000.0, 1000.0, 1000.0, 1000.0, 1000.0, 1000.0, 1000.0, 1000.0, 1000.0, 1000.0, 1000.0, 1000.0, 1000.0, 1000.0, 1000.0, 1000.0, 1000.0</values>
					</sample_size>
				</sampling_intervals>
			</data>
		</threshold>
		<threshold>
			<threshold_value>GT 1.03044 (Pr=0.675)</threshold_value>
			<data>
				<values>0.64859, 0.00857, 1.31036, 1.65321, 0.07431, 1.02655, 1.30364, 1.91637, 0.16936, 0.15923, 0.01754, 2.1615, 0.25144, 0.97659, 0.28578, 0.8806, 1.14097, 0.521</values>
				<sampling_intervals>
					<main_interval>
						<bounds>0.05, 0.95</bounds>
						<lower_bound>
							<values>0.60057, 0.01486, 1.16939, 1.47053, 0.06442, 0.90197, 1.15376, 1.73339, 0.14643, 0.14329, 0.01442, 1.8248, 0.21623, 0.92508, 0.25169, 0.84469, 0.85777, 0.38086</values>
						</lower_bound>
						<upper_bound>
							<values>0.68755, 0.02401, 1.5641, 1.93122, 0.08744, 1.21707, 1.52533, 2.09508, 0.18734, 0.18064, 0.01958, 2.47731, 0.31002, 0.96201, 0.33003, 0.90914, 1.58847, 0.86597</values>
						</upper_bound>
					</main_interval>
					<sample_size>
						<values>1000.0, 1000.0, 1000.0, 1000.0, 1000.0, 1000.0, 1000.0, 1000.0, 1000.0, 1000.0, 1000.0, 1000.0, 1000.0, 1000.0, 1000.0, 1000.0, 1000.0, 1000.0</values>
					</sample_size>
				</sampling_intervals>
			</data>
		</threshold>
		<threshold>
			<threshold_value>GT 1.11271 (Pr=0.7)</threshold_value>
			<data>
				<values>0.60834, 0.01086, 1.48145, 1.86225, 0.08451, 1.15355, 1.46069, 1.74967, 0.18508, 0.13923, 0.01885, 1.83751, 0.27951, 0.96525, 0.26111, 0.84695, 0.83392, 0.35651</values>
				<sampling_intervals>
					<main_interval>
						<bounds>0.05, 0.95</bounds>
						<lower_bound>
							<values>0.58604, 0.01594, 1.24053, 1.56719, 0.07289, 0.95201, 1.22117, 1.62494, 0.15552, 0.1268, 0.01538, 1.58636, 0.22272, 0.90857, 0.2364, 0.82939, 0.7585, 0.31233</values>
						</lower_bound>
						<upper_bound>
							<values>0.66113, 0.02768, 1.63082, 2.00397, 0.09349, 1.26635, 1.57932, 1.99794, 0.19247, 0.16598, 0.01999, 2.18676, 0.31472, 0.95545, 0.32065, 0.88215, 1.14018, 0.49353</values>
						</upper_bound>
					</main_interval>
					<sample_size>
						<values>1000.0, 1000.0, 1000.0, 1000.0, 1000.0, 1000.0, 1000.0, 1000.0, 1000.0, 1000.0, 1000.0, 1000.0, 1000.0, 1000.0, 1000.0, 1000.0, 1000.0, 1000.0</values>
					</sample_size>
				</sampling_intervals>
			</data>
		</threshold>
		<threshold>
			<threshold_value>GT 1.21132 (Pr=0.725)</threshold_value>
			<data>
				<values>0.60953, 0.01857, 1.50598, 1.87788, 0.0856, 1.16203, 1.4669, 1.68486, 0.17954, 0.12729, 0.01753, 1.65429, 0.26957, 0.94185, 0.25799, 0.83977, 0.75367, 0.29999</values>
				<sampling_intervals>
					<main_interval>
						<bounds>0.05, 0.95</bounds>
						<lower_bound>
							<values>0.58056, 0.01883, 1.37237, 1.73743, 0.07803, 1.04498, 1.34282, 1.56805, 0.16522, 0.1156, 0.01553, 1.40426, 0.23559, 0.89685, 0.23011, 0.81844, 0.68579, 0.26001</values>
						</lower_bound>
						<upper_bound>
							<values>0.63268, 0.03211, 1.6355, 2.00478, 0.09657, 1.26895, 1.57728, 1.85432, 0.19494, 0.14557, 0.01934, 1.92536, 0.30159, 0.94269, 0.3027, 0.85607, 0.83693, 0.34538</values>
						</upper_bound>
					</main_interval>
					<sample_size>
						<values>1000.0, 1000.0, 1000.0, 1000.0, 1000.0, 1000.0, 1000.0, 1000.0, 1000.0, 1000.0, 1000.0, 1000.0, 1000.0, 1000.0, 1000.0, 1000.0, 1000.0, 1000.0</values>
					</sample_size>
				</sampling_intervals>
			</data>
		</threshold>
		<threshold>
			<threshold_value>GT 1.32988 (Pr=0.75)</threshold_value>
			<data>
				<values>0.60161, 0.01754, 1.4944, 1.87524, 0.09021, 1.14373, 1.45191, 1.65503, 0.18078, 0.12181, 0.01646, 1.45893, 0.25264, 0.94575, 0.24682, 0.8265, 0.67901, 0.25029</values>
				<sampling_intervals>
					<main_interval>
						<bounds>0.05, 0.95</bounds>
						<lower_bound>
							<values>0.57302, 0.02056, 1.37021, 1.74115, 0.08054, 1.03434, 1.33995, 1.49205, 0.16878, 0.10708, 0.01505, 1.22093, 0.22263, 0.88732, 0.22448, 0.8052, 0.62653, 0.21598</values>
						</lower_bound>
						<upper_bound>
							<values>0.62618, 0.03433, 1.6254, 1.99739, 0.10024, 1.2508, 1.56208, 1.7888, 0.20167, 0.13459, 0.01896, 1.71642, 0.28331, 0.93784, 0.29556, 0.84702, 0.75956, 0.29583</values>
						</upper_bound>
					</main_interval>
					<sample_size>
						<values>1000.0, 1000.0, 1000.0, 1000.0, 1000.0, 1000.0, 1000.0, 1000.0, 1000.0, 1000.0, 1000.0, 1000.0, 1000.0, 1000.0, 1000.0, 1000.0, 1000.0, 1000.0</values>
					</sample_size>
				</sampling_intervals>
			</data>
		</threshold>
		<threshold>
			<threshold_value>GT 1.38266 (Pr=0.76)</threshold_value>
			<data>
				<values>0.59271, 0.01506, 1.47206, 1.86429, 0.09189, 1.12889, 1.44429, 1.60739, 0.19397, 0.11613, 0.01704, 1.36674, 0.24294, 0.95267, 0.24496, 0.82121, 0.66006, 0.23862</values>
				<sampling_intervals>
					<main_interval>
						<bounds>0.05, 0.95</bounds>
						<lower_bound>
							<values>0.57038, 0.02171, 1.36345, 1.73491, 0.08177, 1.02583, 1.33392, 1.45803, 0.17113, 0.10311, 0.01483, 1.14357, 0.21445, 0.8806, 0.22724, 0.79775, 0.60615, 0.19956</values>
						</lower_bound>
						<upper_bound>
							<values>0.62302, 0.03653, 1.61932, 1.98837, 0.10318, 1.23085, 1.54453, 1.76161, 0.20305, 0.12983, 0.01854, 1.62039, 0.27342, 0.93481, 0.29661, 0.84229, 0.73758, 0.27827</values>
						</upper_bound>
					</main_interval>
					<sample_size>
						<values>1000.0, 1000.0, 1000.0, 1000.0, 1000.0, 1000.0, 1000.0, 1000.0, 1000.0, 1000.0, 1000.0, 1000.0, 1000.0, 1000.0, 1000.0, 1000.0, 1000.0, 1000.0</values>
					</sample_size>
				</sampling_intervals>
			</data>
		</threshold>
		<threshold>
			<threshold_value>GT 1.44392 (Pr=0.77)</threshold_value>
			<data>
				<values>0.59747, 0.01774, 1.47351, 1.85831, 0.09396, 1.11734, 1.42591, 1.54927, 0.18867, 0.11177, 0.01635, 1.26294, 0.23553, 0.94355, 0.2567, 0.81574, 0.65225, 0.22257</values>
				<sampling_intervals>
					<main_interval>
						<bounds>0.05, 0.95</bounds>
						<lower_bound>
							<values>0.57048, 0.02301, 1.35525, 1.72897, 0.08346, 1.01, 1.32125, 1.41337, 0.1738, 0.09933, 0.01465, 1.06057, 0.20699, 0.8785, 0.22948, 0.79271, 0.59096, 0.18413</values>
						</lower_bound>
						<upper_bound>
							<values>0.6227, 0.03707, 1.6027, 1.97524, 0.10516, 1.21634, 1.52939, 1.72173, 0.20518, 0.12475, 0.01836, 1.52016, 0.26399, 0.92921, 0.30394, 0.8379, 0.72534, 0.26295</values>
						</upper_bound>
					</main_interval>
					<sample_size>
						<values>1000.0, 1000.0, 1000.0, 1000.0, 1000.0, 1000.0, 1000.0, 1000.0, 1000.0, 1000.0, 1000.0, 1000.0, 1000.0, 1000.0, 1000.0, 1000.0, 1000.0, 1000.0</values>
					</sample_size>
				</sampling_intervals>
			</data>
		</threshold>
		<threshold>
			<threshold_value>GT 1.50559 (Pr=0.78)</threshold_value>
			<data>
				<values>0.59625, 0.01971, 1.45606, 1.8401, 0.09536, 1.0985, 1.40689, 1.52276, 0.18929, 0.10747, 0.01599, 1.1768, 0.22553, 0.93715, 0.26214, 0.81142, 0.64055, 0.20877</values>
				<sampling_intervals>
					<main_interval>
						<bounds>0.05, 0.95</bounds>
						<lower_bound>
							<values>0.56559, 0.02386, 1.34226, 1.71497, 0.08444, 0.99817, 1.30448, 1.38427, 0.17471, 0.09528, 0.01431, 0.9731, 0.19742, 0.86984, 0.2333, 0.78463, 0.57961, 0.17056</values>
						</lower_bound>
						<upper_bound>
							<values>0.62286, 0.03843, 1.59126, 1.96273, 0.10752, 1.20207, 1.51215, 1.682, 0.20722, 0.11982, 0.01823, 1.42509, 0.25477, 0.92638, 0.30902, 0.83376, 0.7081, 0.2494</values>
						</upper_bound>
					</main_interval>
					<sample_size>
						<values>1000.0, 1000.0, 1000.0, 1000.0, 1000.0, 1000.0, 1000.0, 1000.0, 1000.0, 1000.0, 1000.0, 1000.0, 1000.0, 1000.0, 1000.0, 1000.0, 1000.0, 1000.0</values>
					</sample_size>
				</sampling_intervals>
			</data>
		</threshold>
		<threshold>
			<threshold_value>GT 1.57428 (Pr=0.79)</threshold_value>
			<data>
				<values>0.59203, 0.01901, 1.43131, 1.82027, 0.09714, 1.077, 1.38784, 1.48123, 0.19621, 0.10223, 0.0162, 1.08643, 0.21437, 0.93901, 0.26445, 0.8058, 0.62984, 0.1958</values>
				<sampling_intervals>
					<main_interval>
						<bounds>0.05, 0.95</bounds>
						<lower_bound>
							<values>0.55968, 0.02436, 1.33375, 1.70384, 0.08617, 0.9837, 1.28906, 1.34836, 0.177, 0.09128, 0.01416, 0.89417, 0.18899, 0.85846, 0.23835, 0.77536, 0.5671, 0.15599</values>
						</lower_bound>
						<upper_bound>
							<values>0.62095, 0.04118, 1.57729, 1.96098, 0.11116, 1.18876, 1.50038, 1.64299, 0.21052, 0.11409, 0.01798, 1.29822, 0.2459, 0.92416, 0.31686, 0.82921, 0.69606, 0.23652</values>
						</upper_bound>
					</main_interval>
					<sample_size>
						<values>1000.0, 1000.0, 1000.0, 1000.0, 1000.0, 1000.0, 1000.0, 1000.0, 1000.0, 1000.0, 1000.0, 1000.0, 1000.0, 1000.0, 1000.0, 1000.0, 1000.0, 1000.0</values>
					</sample_size>
				</sampling_intervals>
			</data>
		</threshold>
		<threshold>
			<threshold_value>GT 1.65631 (Pr=0.8)</threshold_value>
			<data>
				<values>0.58648, 0.02242, 1.43025, 1.82135, 0.101, 1.06538, 1.37789, 1.45933, 0.19511, 0.09833, 0.01578, 0.98899, 0.20654, 0.92608, 0.27177, 0.79522, 0.61162, 0.17989</values>
				<sampling_intervals>
					<main_interval>
						<bounds>0.05, 0.95</bounds>
						<lower_bound>
							<values>0.55578, 0.02578, 1.32322, 1.69747, 0.08934, 0.96961, 1.27995, 1.30279, 0.17826, 0.08691, 0.01364, 0.80904, 0.18136, 0.8489, 0.243, 0.76449, 0.55483, 0.14328</values>
						</lower_bound>
						<upper_bound>
							<values>0.61555, 0.04333, 1.57776, 1.95983, 0.11498, 1.17534, 1.49029, 1.60491, 0.21109, 0.10942, 0.01751, 1.19177, 0.23807, 0.92033, 0.31915, 0.82082, 0.68307, 0.224</values>
						</upper_bound>
					</main_interval>
					<sample_size>
						<values>1000.0, 1000.0, 1000.0, 1000.0, 1000.0, 1000.0, 1000.0, 1000.0, 1000.0, 1000.0, 1000.0, 1000.0, 1000.0, 1000.0, 1000.0, 1000.0, 1000.0, 1000.0</values>
					</sample_size>
				</sampling_intervals>
			</data>
		</threshold>
		<threshold>
			<threshold_value>GT 1.75508 (Pr=0.81)</threshold_value>
			<data>
				<values>0.58029, 0.02383, 1.45075, 1.84663, 0.10533, 1.07159, 1.38597, 1.40945, 0.19348, 0.09312, 0.01452, 0.88986, 0.2034, 0.91863, 0.2732, 0.78304, 0.59717, 0.16915</values>
				<sampling_intervals>
					<main_interval>
						<bounds>0.05, 0.95</bounds>
						<lower_bound>
							<values>0.55103, 0.02776, 1.31932, 1.69663, 0.09216, 0.95715, 1.26844, 1.23983, 0.17905, 0.08101, 0.0131, 0.72804, 0.17365, 0.83803, 0.24812, 0.75496, 0.53992, 0.13027</values>
						</lower_bound>
						<upper_bound>
							<values>0.61098, 0.04478, 1.58161, 1.97044, 0.11827, 1.17044, 1.48723, 1.57472, 0.21215, 0.10491, 0.01697, 1.0722, 0.2309, 0.91151, 0.32979, 0.81244, 0.67244, 0.21491</values>
						</upper_bound>
					</main_interval>
					<sample_size>
						<values>1000.0, 1000.0, 1000.0, 1000.0, 1000.0, 1000.0, 1000.0, 1000.0, 1000.0, 1000.0, 1000.0, 1000.0, 1000.0, 1000.0, 1000.0, 1000.0, 1000.0, 1000.0</values>
					</sample_size>
				</sampling_intervals>
			</data>
		</threshold>
		<threshold>
			<threshold_value>GT 1.85318 (Pr=0.82)</threshold_value>
			<data>
				<values>0.58268, 0.02114, 1.42971, 1.8259, 0.10552, 1.05482, 1.36662, 1.31368, 0.19729, 0.08348, 0.01454, 0.79077, 0.19411, 0.92595, 0.28638, 0.78045, 0.61345, 0.16494</values>
				<sampling_intervals>
					<main_interval>
						<bounds>0.05, 0.95</bounds>
						<lower_bound>
							<values>0.54308, 0.02859, 1.31372, 1.69885, 0.09529, 0.94847, 1.26038, 1.19785, 0.1807, 0.07516, 0.01271, 0.64574, 0.16698, 0.83361, 0.25611, 0.74431, 0.53575, 0.1213</values>
						</lower_bound>
						<upper_bound>
							<values>0.60552, 0.04425, 1.57241, 1.9663, 0.12243, 1.16092, 1.48049, 1.51043, 0.21738, 0.09696, 0.01639, 0.95165, 0.22365, 0.90443, 0.33727, 0.80334, 0.67451, 0.20953</values>
						</upper_bound>
					</main_interval>
					<sample_size>
						<values>1000.0, 1000.0, 1000.0, 1000.0, 1000.0, 1000.0, 1000.0, 1000.0, 1000.0, 1000.0, 1000.0, 1000.0, 1000.0, 1000.0, 1000.0, 1000.0, 1000.0, 1000.0</values>
					</sample_size>
				</sampling_intervals>
			</data>
		</threshold>
		<threshold>
			<threshold_value>GT 1.97945 (Pr=0.83)</threshold_value>
			<data>
				<values>0.56922, 0.02169, 1.42722, 1.83632, 0.11183, 1.04377, 1.36273, 1.27461, 0.20137, 0.07866, 0.0139, 0.69037, 0.18769, 0.92027, 0.28772, 0.76474, 0.60086, 0.15812</values>
				<sampling_intervals>
					<main_interval>
						<bounds>0.05, 0.95</bounds>
						<lower_bound>
							<values>0.52903, 0.02864, 1.31359, 1.69978, 0.0975, 0.9417, 1.25657, 1.14324, 0.18333, 0.06977, 0.01244, 0.57507, 0.16072, 0.82542, 0.25314, 0.73109, 0.53636, 0.11405</values>
						</lower_bound>
						<upper_bound>
							<values>0.60105, 0.04439, 1.58003, 1.9915, 0.12719, 1.15795, 1.49415, 1.42848, 0.23022, 0.08868, 0.01631, 0.8488, 0.2186, 0.90097, 0.34483, 0.79573, 0.66687, 0.20696</values>
						</upper_bound>
					</main_interval>
					<sample_size>
						<values>1000.0, 1000.0, 1000.0, 1000.0, 1000.0, 1000.0, 1000.0, 1000.0, 1000.0, 1000.0, 1000.0, 1000.0, 1000.0, 1000.0, 1000.0, 1000.0, 1000.0, 1000.0</values>
					</sample_size>
				</sampling_intervals>
			</data>
		</threshold>
		<threshold>
			<threshold_value>GT 2.11895 (Pr=0.84)</threshold_value>
			<data>
				<values>0.55291, 0.02271, 1.44898, 1.87337, 0.11816, 1.05273, 1.38166, 1.23131, 0.21284, 0.07362, 0.01383, 0.61684, 0.18426, 0.91501, 0.27042, 0.74996, 0.58095, 0.15781</values>
				<sampling_intervals>
					<main_interval>
						<bounds>0.05, 0.95</bounds>
						<lower_bound>
							<values>0.51958, 0.02952, 1.312, 1.70417, 0.10113, 0.93445, 1.24781, 1.08832, 0.19134, 0.06351, 0.01236, 0.51553, 0.15465, 0.80707, 0.2505, 0.71965, 0.5261, 0.11144</values>
						</lower_bound>
						<upper_bound>
							<values>0.59334, 0.04738, 1.59698, 2.01122, 0.13187, 1.16789, 1.50834, 1.35502, 0.24677, 0.0816, 0.01679, 0.75296, 0.21459, 0.89676, 0.34284, 0.78633, 0.65477, 0.20652</values>
						</upper_bound>
					</main_interval>
					<sample_size>
						<values>1000.0, 1000.0, 1000.0, 1000.0, 1000.0, 1000.0, 1000.0, 1000.0, 1000.0, 1000.0, 1000.0, 1000.0, 1000.0, 1000.0, 1000.0, 1000.0, 1000.0, 1000.0</values>
					</sample_size>
				</sampling_intervals>
			</data>
		</threshold>
		<threshold>
			<threshold_value>GT 2.26036 (Pr=0.85)</threshold_value>
			<data>
				<values>0.5455, 0.02553, 1.45568, 1.88465, 0.11872, 1.05853, 1.39431, 1.14942, 0.23156, 0.0652, 0.01479, 0.5558, 0.17831, 0.89899, 0.27984, 0.74576, 0.5817, 0.15973</values>
				<sampling_intervals>
					<main_interval>
						<bounds>0.05, 0.95</bounds>
						<lower_bound>
							<values>0.50993, 0.03007, 1.31593, 1.71734, 0.10375, 0.92875, 1.25708, 1.00177, 0.19967, 0.05619, 0.01242, 0.45664, 0.14847, 0.78203, 0.25441, 0.7102, 0.52086, 0.10971</values>
						</lower_bound>
						<upper_bound>
							<values>0.5841, 0.05053, 1.61012, 2.03561, 0.13536, 1.17855, 1.52111, 1.29883, 0.26554, 0.07466, 0.01732, 0.66714, 0.21354, 0.89025, 0.34055, 0.77787, 0.65449, 0.2116</values>
						</upper_bound>
					</main_interval>
					<sample_size>
						<values>1000.0, 1000.0, 1000.0, 1000.0, 1000.0, 1000.0, 1000.0, 1000.0, 1000.0, 1000.0, 1000.0, 1000.0, 1000.0, 1000.0, 1000.0, 1000.0, 1000.0, 1000.0</values>
					</sample_size>
				</sampling_intervals>
			</data>
		</threshold>
		<threshold>
			<threshold_value>GT 2.43023 (Pr=0.86)</threshold_value>
			<data>
				<values>0.53517, 0.02531, 1.46095, 1.90046, 0.1205, 1.06469, 1.40901, 1.0601, 0.25095, 0.05691, 0.01527, 0.485, 0.17426, 0.893, 0.28491, 0.73786, 0.59011, 0.16459</values>
				<sampling_intervals>
					<main_interval>
						<bounds>0.05, 0.95</bounds>
						<lower_bound>
							<values>0.50235, 0.03123, 1.32526, 1.73065, 0.10559, 0.93451, 1.26399, 0.89868, 0.21273, 0.04812, 0.01279, 0.39253, 0.14325, 0.75377, 0.25767, 0.69907, 0.52808, 0.11288</values>
						</lower_bound>
						<upper_bound>
							<values>0.57432, 0.05231, 1.64502, 2.0811, 0.13888, 1.19973, 1.55307, 1.22119, 0.28253, 0.06665, 0.01773, 0.58895, 0.216, 0.87793, 0.34867, 0.77074, 0.67774, 0.2219</values>
						</upper_bound>
					</main_interval>
					<sample_size>
						<values>1000.0, 1000.0, 1000.0, 1000.0, 1000.0, 1000.0, 1000.0, 1000.0, 1000.0, 1000.0, 1000.0, 1000.0, 1000.0, 1000.0, 1000.0, 1000.0, 1000.0, 1000.0</values>
					</sample_size>
				</sampling_intervals>
			</data>
		</threshold>
		<threshold>
			<threshold_value>GT 2.63772 (Pr=0.87)</threshold_value>
			<data>
				<values>0.52622, 0.02481, 1.49752, 1.94649, 0.12521, 1.0851, 1.43367, 0.95566, 0.26851, 0.0491, 0.01574, 0.41178, 0.17541, 0.88223, 0.29417, 0.72515, 0.61575, 0.17899</values>
				<sampling_intervals>
					<main_interval>
						<bounds>0.05, 0.95</bounds>
						<lower_bound>
							<values>0.49927, 0.03216, 1.33595, 1.74156, 0.108, 0.93998, 1.27385, 0.8038, 0.2269, 0.04054, 0.01298, 0.33007, 0.13861, 0.71115, 0.27035, 0.68864, 0.54445, 0.1212</values>
						</lower_bound>
						<upper_bound>
							<values>0.56478, 0.0522, 1.69399, 2.12832, 0.1436, 1.2207, 1.57515, 1.13309, 0.29659, 0.05825, 0.01825, 0.49986, 0.22164, 0.86694, 0.35711, 0.76218, 0.71151, 0.23748</values>
						</upper_bound>
					</main_interval>
					<sample_size>
						<values>1000.0, 1000.0, 1000.0, 1000.0, 1000.0, 1000.0, 1000.0, 1000.0, 1000.0, 1000.0, 1000.0, 1000.0, 1000.0, 1000.0, 1000.0, 1000.0, 1000.0, 1000.0</values>
					</sample_size>
				</sampling_intervals>
			</data>
		</threshold>
		<threshold>
			<threshold_value>GT 2.89224 (Pr=0.88)</threshold_value>
			<data>
				<values>0.52842, 0.02487, 1.54149, 1.9882, 0.12606, 1.11377, 1.45929, 0.84968, 0.27686, 0.04042, 0.01552, 0.3462, 0.17829, 0.86684, 0.31195, 0.71938, 0.66417, 0.19609</values>
				<sampling_intervals>
					<main_interval>
						<bounds>0.05, 0.95</bounds>
						<lower_bound>
							<values>0.49505, 0.03456, 1.36439, 1.78022, 0.10987, 0.95647, 1.29189, 0.73419, 0.24397, 0.03425, 0.01294, 0.27692, 0.13795, 0.65296, 0.28017, 0.67845, 0.57385, 0.1348</values>
						</lower_bound>
						<upper_bound>
							<values>0.55606, 0.0561, 1.72366, 2.1584, 0.14771, 1.24928, 1.60294, 1.01793, 0.31969, 0.04952, 0.01826, 0.42296, 0.22622, 0.84286, 0.37235, 0.75389, 0.7493, 0.25346</values>
						</upper_bound>
					</main_interval>
					<sample_size>
						<values>1000.0, 1000.0, 1000.0, 1000.0, 1000.0, 1000.0, 1000.0, 1000.0, 1000.0, 1000.0, 1000.0, 1000.0, 1000.0, 1000.0, 1000.0, 1000.0, 1000.0, 1000.0</values>
					</sample_size>
				</sampling_intervals>
			</data>
		</threshold>
		<threshold>
			<threshold_value>GT 3.19261 (Pr=0.89)</threshold_value>
			<data>
				<values>0.51355, 0.02929, 1.56256, 2.01972, 0.13244, 1.11877, 1.47278, 0.77438, 0.30357, 0.03455, 0.0155, 0.28242, 0.17938, 0.82742, 0.31369, 0.70439, 0.70023, 0.21717</values>
				<sampling_intervals>
					<main_interval>
						<bounds>0.05, 0.95</bounds>
						<lower_bound>
							<values>0.49208, 0.03831, 1.3972, 1.81747, 0.11145, 0.97321, 1.30941, 0.67637, 0.25819, 0.02894, 0.01288, 0.23605, 0.13832, 0.5889, 0.28977, 0.67387, 0.62103, 0.15309</values>
						</lower_bound>
						<upper_bound>
							<values>0.55233, 0.06135, 1.76539, 2.19856, 0.15003, 1.27583, 1.63157, 0.90388, 0.34458, 0.0412, 0.01874, 0.35, 0.22507, 0.81177, 0.38081, 0.74744, 0.78964, 0.27821</values>
						</upper_bound>
					</main_interval>
					<sample_size>
						<values>1000.0, 1000.0, 1000.0, 1000.0, 1000.0, 1000.0, 1000.0, 1000.0, 1000.0, 1000.0, 1000.0, 1000.0, 1000.0, 1000.0, 1000.0, 1000.0, 1000.0, 1000.0</values>
					</sample_size>
				</sampling_intervals>
			</data>
		</threshold>
		<threshold>
			<threshold_value>GT 3.4755 (Pr=0.9)</threshold_value>
			<data>
				<values>0.51931, 0.03115, 1.60914, 2.05868, 0.12729, 1.1625, 1.5159, 0.7053, 0.32335, 0.02837, 0.0161, 0.25417, 0.17805, 0.80608, 0.31972, 0.71351, 0.73618, 0.23721</values>
				<sampling_intervals>
					<main_interval>
						<bounds>0.05, 0.95</bounds>
						<lower_bound>
							<values>0.47932, 0.04197, 1.42212, 1.85144, 0.11163, 0.98281, 1.3249, 0.61645, 0.27662, 0.02426, 0.01302, 0.20654, 0.13617, 0.51708, 0.28769, 0.67565, 0.66085, 0.1683</values>
						</lower_bound>
						<upper_bound>
							<values>0.54937, 0.06843, 1.81706, 2.25414, 0.14881, 1.32122, 1.69115, 0.81328, 0.40708, 0.03408, 0.02019, 0.30274, 0.23139, 0.77826, 0.38745, 0.74694, 0.85555, 0.34572</values>
						</upper_bound>
					</main_interval>
					<sample_size>
						<values>1000.0, 1000.0, 1000.0, 1000.0, 1000.0, 1000.0, 1000.0, 1000.0, 1000.0, 1000.0, 1000.0, 1000.0, 1000.0, 1000.0, 1000.0, 1000.0, 1000.0, 1000.0</values>
					</sample_size>
				</sampling_intervals>
			</data>
		</threshold>
		<threshold>
			<threshold_value>GT 3.8753 (Pr=0.91)</threshold_value>
			<data>
				<values>0.50292, 0.03727, 1.63139, 2.0912, 0.13016, 1.17827, 1.54519, 0.63385, 0.37809, 0.02335, 0.01635, 0.20767, 0.18068, 0.75627, 0.31129, 0.71891, 0.84227, 0.31336</values>
				<sampling_intervals>
					<main_interval>
						<bounds>0.05, 0.95</bounds>
						<lower_bound>
							<values>0.4647, 0.04645, 1.46862, 1.88683, 0.11202, 1.01951, 1.3646, 0.55431, 0.29694, 0.01952, 0.01311, 0.17153, 0.13386, 0.41865, 0.28664, 0.6833, 0.71316, 0.19479</values>
						</lower_bound>
						<upper_bound>
							<values>0.54451, 0.07721, 1.82393, 2.27266, 0.14812, 1.33973, 1.72443, 0.7411, 0.49108, 0.02808, 0.02319, 0.25434, 0.23312, 0.73862, 0.38831, 0.75278, 0.95719, 0.40671</values>
						</upper_bound>
					</main_interval>
					<sample_size>
						<values>1000.0, 1000.0, 1000.0, 1000.0, 1000.0, 1000.0, 1000.0, 1000.0, 1000.0, 1000.0, 1000.0, 1000.0, 1000.0, 1000.0, 1000.0, 1000.0, 1000.0, 1000.0</values>
					</sample_size>
				</sampling_intervals>
			</data>
		</threshold>
		<threshold>
			<threshold_value>GT 4.2954 (Pr=0.92)</threshold_value>
			<data>
				<values>0.48354, 0.02819, 1.59472, 2.08299, 0.1298, 1.17284, 1.5595, 0.56367, 0.46675, 0.01861, 0.02008, 0.16845, 0.17739, 0.77547, 0.31953, 0.72189, 0.93673, 0.36937</values>
				<sampling_intervals>
					<main_interval>
						<bounds>0.05, 0.95</bounds>
						<lower_bound>
							<values>0.44543, 0.04989, 1.47098, 1.90705, 0.11306, 1.02537, 1.38565, 0.48042, 0.34396, 0.01544, 0.01366, 0.13974, 0.13423, -0.03399, 0.28954, 0.68857, 0.80862, 0.26084</values>
						</lower_bound>
						<upper_bound>
							<values>0.52793, 0.08565, 1.89716, 2.35655, 0.14878, 1.38556, 1.78931, 0.66379, 0.63063, 0.02251, 0.02974, 0.20604, 0.26672, 0.67995, 0.39657, 0.75477, 1.02829, 0.47744</values>
						</upper_bound>
					</main_interval>
					<sample_size>
						<values>1000.0, 1000.0, 1000.0, 1000.0, 1000.0, 1000.0, 1000.0, 1000.0, 1000.0, 1000.0, 1000.0, 1000.0, 1000.0, 1000.0, 1000.0, 1000.0, 1000.0, 1000.0</values>
					</sample_size>
				</sampling_intervals>
			</data>
		</threshold>
		<threshold>
			<threshold_value>GT 4.88523 (Pr=0.93)</threshold_value>
			<data>
				<values>0.46079, 0.04792, 1.72036, 2.21164, 0.13608, 1.25069, 1.65382, 0.48976, 0.61639, 0.01439, 0.02613, 0.13379, 0.20885, 0.39162, 0.33318, 0.72075, 1.00232, 0.45414</values>
				<sampling_intervals>
					<main_interval>
						<bounds>0.05, 0.95</bounds>
						<lower_bound>
							<values>0.40564, 0.05859, 1.50854, 1.94861, 0.12004, 1.05388, 1.42903, 0.42573, 0.43207, 0.01215, 0.01659, 0.11276, 0.13552, -2.29494, 0.2836, 0.689, 0.8756, 0.33297</values>
						</lower_bound>
						<upper_bound>
							<values>0.50756, 0.10572, 2.06523, 2.5452, 0.15628, 1.4987, 1.93547, 0.57894, 0.9025, 0.01767, 0.03886, 0.16252, 0.35035, 0.57851, 0.411, 0.75205, 1.10583, 0.60131</values>
						</upper_bound>
					</main_interval>
					<sample_size>
						<values>1000.0, 1000.0, 1000.0, 1000.0, 1000.0, 1000.0, 1000.0, 1000.0, 1000.0, 1000.0, 1000.0, 1000.0, 1000.0, 1000.0, 1000.0, 1000.0, 1000.0, 1000.0</values>
					</sample_size>
				</sampling_intervals>
			</data>
		</threshold>
		<threshold>
			<threshold_value>GT 5.6553 (Pr=0.94)</threshold_value>
			<data>
				<values>0.45845, 0.0566, 1.85097, 2.33592, 0.13682, 1.34232, 1.74705, 0.40896, 0.86904, 0.01072, 0.0319, 0.10649, 0.26302, -0.49563, 0.34737, 0.74902, 1.13513, 0.61234</values>
				<sampling_intervals>
					<main_interval>
						<bounds>0.05, 0.95</bounds>
						<lower_bound>
							<values>0.40735, 0.07525, 1.65223, 2.10263, 0.12334, 1.1491, 1.5393, 0.36229, 0.59449, 0.00924, 0.02315, 0.08781, 0.16963, -3.35828, 0.30286, 0.69812, 0.93466, 0.43456</values>
						</lower_bound>
						<upper_bound>
							<values>0.48858, 0.11995, 2.0667, 2.52873, 0.15766, 1.49577, 1.92388, 0.50196, 1.14524, 0.01348, 0.04287, 0.12656, 0.35904, 0.10111, 0.43922, 0.77782, 1.33907, 0.78111</values>
						</upper_bound>
					</main_interval>
					<sample_size>
						<values>1000.0, 1000.0, 1000.0, 1000.0, 1000.0, 1000.0, 1000.0, 1000.0, 1000.0, 1000.0, 1000.0, 1000.0, 1000.0, 1000.0, 1000.0, 1000.0, 1000.0, 1000.0</values>
					</sample_size>
				</sampling_intervals>
			</data>
		</threshold>
		<threshold>
			<threshold_value>GT 6.63444 (Pr=0.95)</threshold_value>
			<data>
				<values>0.45281, 0.07447, 1.77884, 2.25156, 0.14913, 1.24195, 1.64001, 0.37916, 1.12642, 0.0091, 0.03743, 0.07649, 0.2637, 0.00787, 0.34088, 0.75643, 1.37171, 0.79942</values>
				<sampling_intervals>
					<main_interval>
						<bounds>0.05, 0.95</bounds>
						<lower_bound>
							<values>0.41227, 0.09034, 1.63689, 2.07983, 0.13023, 1.10109, 1.49518, 0.35086, 0.86882, 0.00784, 0.02804, 0.06426, 0.18301, -3.11869, 0.29266, 0.72831, 1.15299, 0.60496</values>
						</lower_bound>
						<upper_bound>
							<values>0.48536, 0.13672, 1.97275, 2.41027, 0.16375, 1.38882, 1.81419, 0.42195, 1.28244, 0.01037, 0.04669, 0.09263, 0.33221, 0.17592, 0.46078, 0.77869, 1.54358, 0.91237</values>
						</upper_bound>
					</main_interval>
					<sample_size>
						<values>1000.0, 1000.0, 1000.0, 1000.0, 1000.0, 1000.0, 1000.0, 1000.0, 1000.0, 1000.0, 1000.0, 1000.0, 1000.0, 1000.0, 1000.0, 1000.0, 1000.0, 1000.0</values>
					</sample_size>
				</sampling_intervals>
			</data>
		</threshold>
		<threshold>
			<threshold_value>GT 7.7738 (Pr=0.96)</threshold_value>
			<data>
				<values>0.44495, 0.06766, 1.59697, 2.08436, 0.15112, 1.11369, 1.51763, 0.37284, 1.22084, 0.00728, 0.03893, 0.05467, 0.19977, 0.22057, 0.36357, 0.76049, 1.60172, 0.90393</values>
				<sampling_intervals>
					<main_interval>
						<bounds>0.05, 0.95</bounds>
						<lower_bound>
							<values>0.39228, 0.09394, 1.50061, 1.95651, 0.13656, 0.98533, 1.38729, 0.34881, 1.08497, 0.00632, 0.03226, 0.04587, 0.15463, -1.30045, 0.31504, 0.72833, 1.35996, 0.77142</values>
						</lower_bound>
						<upper_bound>
							<values>0.47383, 0.14817, 1.82323, 2.25041, 0.17253, 1.2611, 1.68735, 0.4124, 1.45097, 0.00857, 0.04779, 0.06567, 0.26665, 0.22564, 0.4679, 0.78129, 1.82187, 1.07757</values>
						</upper_bound>
					</main_interval>
					<sample_size>
						<values>1000.0, 1000.0, 1000.0, 1000.0, 1000.0, 1000.0, 1000.0, 1000.0, 1000.0, 1000.0, 1000.0, 1000.0, 1000.0, 1000.0, 1000.0, 1000.0, 1000.0, 1000.0</values>
					</sample_size>
				</sampling_intervals>
			</data>
		</threshold>
		<threshold>
			<threshold_value>GT 9.29752 (Pr=0.96964)</threshold_value>
			<data>
				<values>0.41965, 0.08468, 1.51309, 2.00877, 0.14922, 1.06412, 1.49525, 0.36234, 1.52962, 0.00535, 0.03983, 0.03897, 0.16968, 0.12516, 0.36862, 0.77566, 1.89564, 1.12891</values>
				<sampling_intervals>
					<main_interval>
						<bounds>0.05, 0.95</bounds>
						<lower_bound>
							<values>0.36854, 0.11673, 1.40331, 1.85898, 0.1282, 0.91388, 1.33046, 0.32257, 1.27597, 0.00442, 0.03237, 0.03143, 0.11887, -1.58601, 0.35222, 0.73601, 1.62221, 0.94073</values>
						</lower_bound>
						<upper_bound>
							<values>0.45194, 0.18917, 1.71685, 2.14211, 0.17561, 1.19895, 1.65552, 0.41187, 1.93062, 0.0065, 0.05535, 0.0467, 0.22449, -0.02699, 0.51559, 0.8045, 2.17675, 1.33855</values>
						</upper_bound>
					</main_interval>
					<sample_size>
						<values>1000.0, 1000.0, 1000.0, 1000.0, 1000.0, 1000.0, 1000.0, 1000.0, 1000.0, 1000.0, 1000.0, 1000.0, 1000.0, 1000.0, 1000.0, 1000.0, 1000.0, 1000.0</values>
					</sample_size>
				</sampling_intervals>
			</data>
		</threshold>
		<threshold>
			<threshold_value>GT 9.38749 (Pr=0.97)</threshold_value>
			<data>
				<values>0.41956, 0.09592, 1.4992, 1.98373, 0.14691, 1.05225, 1.48579, 0.35853, 1.52749, 0.00517, 0.03963, 0.03794, 0.1619, -0.03516, 0.39281, 0.77782, 1.9274, 1.12793</values>
				<sampling_intervals>
					<main_interval>
						<bounds>0.05, 0.95</bounds>
						<lower_bound>
							<values>0.36669, 0.1207, 1.39917, 1.85524, 0.12685, 0.90909, 1.32938, 0.31712, 1.28284, 0.00433, 0.03231, 0.03105, 0.1197, -1.64324, 0.35221, 0.73503, 1.63046, 0.94882</values>
						</lower_bound>
						<upper_bound>
							<values>0.45199, 0.1915, 1.71652, 2.13662, 0.1752, 1.19902, 1.65788, 0.41148, 1.95157, 0.00639, 0.05555, 0.04599, 0.22523, -0.03148, 0.51291, 0.8068, 2.20214, 1.34583</values>
						</upper_bound>
					</main_interval>
					<sample_size>
						<values>1000.0, 1000.0, 1000.0, 1000.0, 1000.0, 1000.0, 1000.0, 1000.0, 1000.0, 1000.0, 1000.0, 1000.0, 1000.0, 1000.0, 1000.0, 1000.0, 1000.0, 1000.0</values>
					</sample_size>
				</sampling_intervals>
			</data>
		</threshold>
		<threshold>
			<threshold_value>GT 11.63713 (Pr=0.98)</threshold_value>
			<data>
				<values>0.41079, 0.16622, 1.48483, 1.90783, 0.13014, 1.04739, 1.50646, 0.29579, 2.24679, 0.00287, 0.06029, 0.02434, 0.13752, -0.95969, 0.49583, 0.81309, 2.45607, 1.48273</values>
				<sampling_intervals>
					<main_interval>
						<bounds>0.05, 0.95</bounds>
						<lower_bound>
							<values>0.34676, 0.17902, 1.3808, 1.76899, 0.10816, 0.89595, 1.3299, 0.25939, 1.77437, 0.00233, 0.04147, 0.01946, 0.09314, -3.81301, 0.43604, 0.77154, 2.01763, 1.21049</values>
						</lower_bound>
						<upper_bound>
							<values>0.45687, 0.27945, 1.72191, 2.06901, 0.15885, 1.22025, 1.7054, 0.34399, 2.90375, 0.00365, 0.08197, 0.03022, 0.19596, -0.59123, 0.66967, 0.84203, 2.86424, 1.74189</values>
						</upper_bound>
					</main_interval>
					<sample_size>
						<values>1000.0, 1000.0, 1000.0, 1000.0, 1000.0, 1000.0, 1000.0, 1000.0, 1000.0, 1000.0, 1000.0, 1000.0, 1000.0, 1000.0, 1000.0, 1000.0, 1000.0, 1000.0</values>
					</sample_size>
				</sampling_intervals>
			</data>
		</threshold>
		<threshold>
			<threshold_value>GT 17.25285 (Pr=0.99)</threshold_value>
			<data>
				<values>0.4024, 0.1722, 1.17896, 1.60435, 0.14316, 0.79089, 1.24533, 0.30199, 3.61298, 0.00154, 0.04848, 0.0087, 0.0887, -0.52703, 0.64402, 0.81998, 4.54473, 2.58485</values>
				<sampling_intervals>
					<main_interval>
						<bounds>0.05, 0.95</bounds>
						<lower_bound>
							<values>0.30167, 0.21721, 1.10944, 1.44979, 0.10785, 0.60341, 1.00763, 0.23302, 2.68263, 0.00112, 0.03584, 0.0063, 0.05212, -3.94777, 0.503, 0.76329, 3.43199, 2.10203</values>
						</lower_bound>
						<upper_bound>
							<values>0.47805, 0.36313, 1.49232, 1.80147, 0.19337, 1.00125, 1.51919, 0.37704, 4.91491, 0.00217, 0.07024, 0.01186, 0.13962, -0.27675, 1.07681, 0.85806, 5.84742, 3.05357</values>
						</upper_bound>
					</main_interval>
					<sample_size>
						<values>1000.0, 1000.0, 1000.0, 1000.0, 1000.0, 1000.0, 1000.0, 1000.0, 1000.0, 1000.0, 1000.0, 1000.0, 1000.0, 1000.0, 1000.0, 1000.0, 1000.0, 1000.0</values>
					</sample_size>
				</sampling_intervals>
			</data>
		</threshold>
		<threshold>
			<threshold_value>GT 17.67872 (Pr=0.99021)</threshold_value>
			<data>
				<values>0.3912, 0.18159, 1.17848, 1.60569, 0.15409, 0.76641, 1.22112, 0.32155, 3.89891, 0.0016, 0.05081, 0.0081, 0.09272, -0.70181, 0.65425, 0.80792, 4.46924, 2.61353</values>
				<sampling_intervals>
					<main_interval>
						<bounds>0.05, 0.95</bounds>
						<lower_bound>
							<values>0.29646, 0.21378, 1.11188, 1.44119, 0.10828, 0.59662, 1.00109, 0.2357, 2.65712, 0.00112, 0.03455, 0.00611, 0.05179, -3.91049, 0.50639, 0.76, 3.45506, 2.12983</values>
						</lower_bound>
						<upper_bound>
							<values>0.48134, 0.36792, 1.47876, 1.78743, 0.19574, 0.98225, 1.49943, 0.38264, 4.83847, 0.00214, 0.06911, 0.01152, 0.13606, -0.20154, 1.09861, 0.85789, 6.07502, 3.09125</values>
						</upper_bound>
					</main_interval>
					<sample_size>
						<values>1000.0, 1000.0, 1000.0, 1000.0, 1000.0, 1000.0, 1000.0, 1000.0, 1000.0, 1000.0, 1000.0, 1000.0, 1000.0, 1000.0, 1000.0, 1000.0, 1000.0, 1000.0</values>
					</sample_size>
				</sampling_intervals>
			</data>
		</threshold>
		<threshold>
			<threshold_value>GT 22.7402 (Pr=0.995)</threshold_value>
			<data>
				<values>0.39257, 0.30143, 1.11339, 1.41939, 0.15576, 0.63579, 1.08746, 0.3299, 3.55637, 8.4E-4, 0.02941, 0.00347, 0.03691, -2.23197, 1.1718, 0.80979, 6.66937, 3.11901</values>
				<sampling_intervals>
					<main_interval>
						<bounds>0.05, 0.95</bounds>
						<lower_bound>
							<values>0.28664, 0.26159, 1.0062, 1.27963, 0.09813, 0.44057, 0.81341, 0.23919, 2.48148, 5.1E-4, 0.01905, 0.00223, 0.02096, -4.71161, 0.74041, 0.72434, 4.67336, 2.41472</values>
						</lower_bound>
						<upper_bound>
							<values>0.52004, 0.44979, 1.36739, 1.58244, 0.23143, 0.86154, 1.35121, 0.41792, 5.80953, 0.00129, 0.05193, 0.00508, 0.0842, -0.65877, 1.85849, 0.87644, 10.44, 4.1149</values>
						</upper_bound>
					</main_interval>
					<sample_size>
						<values>1000.0, 1000.0, 1000.0, 1000.0, 1000.0, 1000.0, 1000.0, 1000.0, 1000.0, 1000.0, 1000.0, 1000.0, 1000.0, 1000.0, 1000.0, 1000.0, 1000.0, 1000.0</values>
					</sample_size>
				</sampling_intervals>
			</data>
		</threshold>
		<threshold>
			<threshold_value>GT 41.43053 (Pr=0.99898)</threshold_value>
			<data>
				<values>0.24121, 0.38529, 0.73715, 1.11065, 0.35481, 0.21001, 0.61399, 0.49943, 6.21443, 3.9E-4, 0.01727, 2.3E-4, 0.00492, -10.16874, 4.07873, 0.61308, 21.48411, 5.65006</values>
				<sampling_intervals>
					<main_interval>
						<bounds>0.05, 0.95</bounds>
						<lower_bound>
							<values>-0.12307, 0.32904, 0.58547, 0.97273, 0.18867, 0.067, 0.35706, 0.33377, 3.87583, 2.1E-4, 0.00946, 7.0E-5, 0.00157, -17.27859, 0.76641, 0.40118, 4.99363, 3.58549</values>
						</lower_bound>
						<upper_bound>
							<values>0.4016, 0.8583, 1.25135, 1.4434, 0.56969, 0.55588, 1.16436, 0.67629, 26.0529, 7.2E-4, 0.0989, 7.6E-4, 0.04229, -1.06574, 33.55232, 0.77978, 407.17499, 11.86775</values>
						</upper_bound>
					</main_interval>
					<sample_size>
						<values>1000.0, 1000.0, 1000.0, 1000.0, 1000.0, 1000.0, 1000.0, 1000.0, 997.0, 1000.0, 997.0, 1000.0, 997.0, 1000.0, 1000.0, 1000.0, 1000.0, 1000.0</values>
					</sample_size>
				</sampling_intervals>
			</data>
		</threshold>
		<threshold>
			<threshold_value>GT 41.50679 (Pr=0.999)</threshold_value>
			<data>
				<values>0.24361, 0.37936, 0.73362, 1.11065, 0.3557, 0.20933, 0.61002, 0.50031, 6.1432, 4.0E-4, 0.01705, 2.3E-4, 0.00491, -9.9969, 4.05441, 0.61211, 21.41085, 5.60707</values>
				<sampling_intervals>
					<main_interval>
						<bounds>0.05, 0.95</bounds>
						<lower_bound>
							<values>-0.11797, 0.31732, 0.57827, 0.97111, 0.18938, 0.06647, 0.34446, 0.33404, 3.9048, 2.1E-4, 0.00967, 7.0E-5, 0.00153, -17.42475, 0.77651, 0.39811, 5.0797, 3.60378</values>
						</lower_bound>
						<upper_bound>
							<values>0.39368, 0.86793, 1.25508, 1.43975, 0.57492, 0.5509, 1.15213, 0.68433, 26.82195, 7.1E-4, 0.09499, 7.4E-4, 0.04234, -1.14949, 32.60232, 0.78173, 471.9728, 11.81772</values>
						</upper_bound>
					</main_interval>
					<sample_size>
						<values>1000.0, 1000.0, 1000.0, 1000.0, 1000.0, 1000.0, 1000.0, 1000.0, 996.0, 1000.0, 996.0, 1000.0, 996.0, 1000.0, 1000.0, 1000.0, 1000.0, 1000.0</values>
					</sample_size>
				</sampling_intervals>
			</data>
		</threshold>
		<threshold>
			<threshold_value>GT 61.21091 (Pr=0.99981)</threshold_value>
			<data>
				<values>-0.20495, 0.09145, 0.22256, 1.33606, 1.07455, 0.01423, 0.14463, 1.10299, -999.0, 2.5E-4, -999.0, 0.0, -999.0, 0.83509, -0.75011, -0.09445, -0.47811, 2.18239</values>
				<sampling_intervals>
					<main_interval>
						<bounds>0.05, 0.95</bounds>
						<lower_bound>
							<values>-0.39907, 0.07201, 0.0, 0.98283, 0.51482, 0.0, 0.01587, 0.56688, 7.47495, 9.0E-5, 0.00884, 0.0, 0.0, -45.20261, -0.75027, -0.24025, -0.82399, 0.04166</values>
						</lower_bound>
						<upper_bound>
							<values>0.06481, 0.81408, 0.86452, 1.60621, 1.23007, 0.1294, 0.67024, 1.25163, 45.1143, 6.1E-4, 0.08863, 3.0E-5, 0.00329, 0.89352, 1.019807637429E7, 0.47344, 6593302.96985, 32.81436</values>
						</upper_bound>
					</main_interval>
					<sample_size>
						<values>1000.0, 1000.0, 1000.0, 1000.0, 1000.0, 1000.0, 1000.0, 1000.0, 330.0, 1000.0, 330.0, 1000.0, 330.0, 1000.0, 988.0, 1000.0, 988.0, 988.0</values>
					</sample_size>
				</sampling_intervals>
			</data>
		</threshold>
	</threshold_data>
</result></results>