<?xml version="1.0" standalone="yes"?><results>
<!--Result file containing the results for a single metric by lead period.
Some metrics, such as reliability diagrams, have results for specific thresholds 
(e.g. probability thresholds).  In that case, the results are stored by lead period 
and then by threshold value.  The actual data associated with a result always appears 
within a 'values' tag.  A metric result that comprises a single value will appear as a 
single value in this tag.  A metric result that comprises a 1D matrix will appear as a 
row of values separated by commas in the input order.  A metric result that comprises a 
2D matrix will appear as a sequence of rows, each with a 'values' tag, which are written 
in the input order.  For example, a diagram metric with an x and y axis will comprise 
two rows of data (i.e. two rows within two separate 'values' tags).  The default input 
order would be data for the x axis followed by data for the y axis.  Data that refer to 
cumulative probabilities are, by default, always defined in increasing size of probability.--><meta_data>
	<thresholds_type>true</thresholds_type>
	<original_file_id>08167500_CAL.Streamflow.ICK_INF_ONE_OBS_ONE_MEAN_1D_MEAN_RAW.Brier_skill_score.xml</original_file_id>
</meta_data><result>
	<lead_hour>0.0</lead_hour>
	<threshold_data>
		<threshold>
			<threshold_value>GT 0.0 (Pr=0.0)</threshold_value>
			<data>
				<values>-0.48532, 0.68402, 0.19869, 1.0, 0.84952, 0.06925, 0.70505, 74.74006, 0.46288, 29.00958, 0.00621, 0.06829, 9.5E-4, -999.0, -999.0, -999.0, -999.0, -999.0</values>
				<sampling_intervals>
					<main_interval>
						<bounds>0.05, 0.95</bounds>
						<lower_bound>
							<values>-2.04653, 0.34494, 0.1114, 1.0, 0.68981, 0.05288, 0.44841, 24.67942, 0.40704, 9.52682, 0.00203, 0.05214, 3.5E-4, -999.0, -999.0, -999.0, -999.0, -999.0</values>
						</lower_bound>
						<upper_bound>
							<values>-0.07563, 2.18269, 0.31626, 1.0, 1.4293, 0.09254, 1.64184, 524.57721, 0.50607, 198.76706, 0.01176, 0.09174, 0.00165, -999.0, -999.0, -999.0, -999.0, -999.0</values>
						</upper_bound>
					</main_interval>
					<sample_size>
						<values>1000.0, 1000.0, 1000.0, 1000.0, 1000.0, 1000.0, 1000.0, 1000.0, 1000.0, 1000.0, 1000.0, 1000.0, 1000.0, -999.0, -999.0, -999.0, -999.0, -999.0</values>
					</sample_size>
				</sampling_intervals>
			</data>
		</threshold>
		<threshold>
			<threshold_value>GT 0.00618 (Pr=0.025)</threshold_value>
			<data>
				<values>-0.48532, 0.68402, 0.19869, 1.0, 0.84952, 0.06925, 0.70505, 74.74006, 0.46288, 29.00958, 0.00621, 0.06829, 9.5E-4, -999.0, -999.0, -999.0, -999.0, -999.0</values>
				<sampling_intervals>
					<main_interval>
						<bounds>0.05, 0.95</bounds>
						<lower_bound>
							<values>-1.18755, 0.34107, 0.13283, 1.0, 0.61545, 0.05475, 0.44664, 22.81256, 0.30161, 8.63435, 0.0033, 0.05395, 5.5E-4, -999.0, -999.0, -999.0, -999.0, -999.0</values>
						</lower_bound>
						<upper_bound>
							<values>-0.0331, 1.3701, 0.42169, 1.0, 1.13627, 0.15203, 1.14579, 214.9102, 0.5004, 87.28808, 0.0119, 0.14823, 0.00313, -999.0, -999.0, -999.0, -999.0, -999.0</values>
						</upper_bound>
					</main_interval>
					<sample_size>
						<values>1000.0, 1000.0, 1000.0, 1000.0, 1000.0, 1000.0, 1000.0, 1000.0, 1000.0, 1000.0, 1000.0, 1000.0, 1000.0, -999.0, -999.0, -999.0, -999.0, -999.0</values>
					</sample_size>
				</sampling_intervals>
			</data>
		</threshold>
		<threshold>
			<threshold_value>GT 0.01965 (Pr=0.05)</threshold_value>
			<data>
				<values>0.04852, 0.33892, 0.38744, 1.0, 0.56816, 0.12262, 0.50594, 18.99237, 0.35621, 7.33451, 0.01076, 0.11871, 0.00392, -999.0, -999.0, -999.0, -999.0, -999.0</values>
				<sampling_intervals>
					<main_interval>
						<bounds>0.05, 0.95</bounds>
						<lower_bound>
							<values>-0.15247, 0.19933, 0.30196, 1.0, 0.45884, 0.0945, 0.37417, 7.42337, 0.29469, 2.84217, 0.00826, 0.09081, 0.00306, -999.0, -999.0, -999.0, -999.0, -999.0</values>
						</lower_bound>
						<upper_bound>
							<values>0.26093, 0.49669, 0.51378, 1.0, 0.65986, 0.16101, 0.63391, 30.67414, 0.41226, 12.1878, 0.01937, 0.15476, 0.00749, -999.0, -999.0, -999.0, -999.0, -999.0</values>
						</upper_bound>
					</main_interval>
					<sample_size>
						<values>1000.0, 1000.0, 1000.0, 1000.0, 1000.0, 1000.0, 1000.0, 1000.0, 1000.0, 1000.0, 1000.0, 1000.0, 1000.0, -999.0, -999.0, -999.0, -999.0, -999.0</values>
					</sample_size>
				</sampling_intervals>
			</data>
		</threshold>
		<threshold>
			<threshold_value>GT 0.02917 (Pr=0.075)</threshold_value>
			<data>
				<values>0.1988, 0.24025, 0.43905, 1.0, 0.49866, 0.13085, 0.43339, 9.32833, 0.34625, 3.59616, 0.01637, 0.12423, 0.00663, -999.0, -999.0, -999.0, -999.0, -999.0</values>
				<sampling_intervals>
					<main_interval>
						<bounds>0.05, 0.95</bounds>
						<lower_bound>
							<values>0.04244, 0.13465, 0.31053, 1.0, 0.4275, 0.10181, 0.34109, 4.04113, 0.30884, 1.50848, 0.01348, 0.09485, 0.00508, -999.0, -999.0, -999.0, -999.0, -999.0</values>
						</lower_bound>
						<upper_bound>
							<values>0.34782, 0.32111, 0.53667, 1.0, 0.58073, 0.15345, 0.51003, 13.83155, 0.3995, 5.47909, 0.0285, 0.14456, 0.01095, -999.0, -999.0, -999.0, -999.0, -999.0</values>
						</upper_bound>
					</main_interval>
					<sample_size>
						<values>1000.0, 1000.0, 1000.0, 1000.0, 1000.0, 1000.0, 1000.0, 1000.0, 1000.0, 1000.0, 1000.0, 1000.0, 1000.0, -999.0, -999.0, -999.0, -999.0, -999.0</values>
					</sample_size>
				</sampling_intervals>
			</data>
		</threshold>
		<threshold>
			<threshold_value>GT 0.03867 (Pr=0.1)</threshold_value>
			<data>
				<values>0.28967, 0.14204, 0.43172, 1.0, 0.46482, 0.12603, 0.37154, 4.88625, 0.36101, 1.83157, 0.02607, 0.1163, 0.00973, -999.0, -999.0, -999.0, -999.0, -999.0</values>
				<sampling_intervals>
					<main_interval>
						<bounds>0.05, 0.95</bounds>
						<lower_bound>
							<values>0.11974, 0.08721, 0.30088, 1.0, 0.41706, 0.10111, 0.31074, 2.62708, 0.32826, 0.94479, 0.02104, 0.09278, 0.00734, -999.0, -999.0, -999.0, -999.0, -999.0</values>
						</lower_bound>
						<upper_bound>
							<values>0.3859, 0.20527, 0.52455, 1.0, 0.54283, 0.14464, 0.46413, 8.02465, 0.40411, 3.0194, 0.03994, 0.13215, 0.01417, -999.0, -999.0, -999.0, -999.0, -999.0</values>
						</upper_bound>
					</main_interval>
					<sample_size>
						<values>1000.0, 1000.0, 1000.0, 1000.0, 1000.0, 1000.0, 1000.0, 1000.0, 1000.0, 1000.0, 1000.0, 1000.0, 1000.0, -999.0, -999.0, -999.0, -999.0, -999.0</values>
					</sample_size>
				</sampling_intervals>
			</data>
		</threshold>
		<threshold>
			<threshold_value>GT 0.04683 (Pr=0.125)</threshold_value>
			<data>
				<values>0.30395, 0.09227, 0.39623, 1.0, 0.45833, 0.12135, 0.35907, 3.52136, 0.36985, 1.27336, 0.03594, 0.10879, 0.01256, -999.0, -999.0, -999.0, -999.0, -999.0</values>
				<sampling_intervals>
					<main_interval>
						<bounds>0.05, 0.95</bounds>
						<lower_bound>
							<values>0.16123, 0.06194, 0.30528, 1.0, 0.41478, 0.1019, 0.30374, 2.06455, 0.33755, 0.71127, 0.02775, 0.09098, 0.00957, -999.0, -999.0, -999.0, -999.0, -999.0</values>
						</lower_bound>
						<upper_bound>
							<values>0.39844, 0.15923, 0.49913, 1.0, 0.52408, 0.13852, 0.43047, 5.85423, 0.40837, 2.21322, 0.051, 0.12369, 0.01714, -999.0, -999.0, -999.0, -999.0, -999.0</values>
						</upper_bound>
					</main_interval>
					<sample_size>
						<values>1000.0, 1000.0, 1000.0, 1000.0, 1000.0, 1000.0, 1000.0, 1000.0, 1000.0, 1000.0, 1000.0, 1000.0, 1000.0, -999.0, -999.0, -999.0, -999.0, -999.0</values>
					</sample_size>
				</sampling_intervals>
			</data>
		</threshold>
		<threshold>
			<threshold_value>GT 0.05347 (Pr=0.15)</threshold_value>
			<data>
				<values>0.33573, 0.06619, 0.40192, 1.0, 0.44872, 0.11813, 0.33368, 2.43759, 0.38753, 0.85798, 0.04913, 0.10219, 0.01595, -999.0, -999.0, -999.0, -999.0, -999.0</values>
				<sampling_intervals>
					<main_interval>
						<bounds>0.05, 0.95</bounds>
						<lower_bound>
							<values>0.12979, 0.04985, 0.31917, 1.0, 0.4124, 0.10292, 0.29184, 1.6106, 0.25073, 0.54386, 0.02815, 0.08841, 0.01135, -999.0, -999.0, -999.0, -999.0, -999.0</values>
						</lower_bound>
						<upper_bound>
							<values>0.4111, 0.25578, 0.49297, 1.0, 0.5498, 0.14579, 0.46637, 5.37198, 0.42389, 2.32459, 0.06348, 0.12644, 0.02094, -999.0, -999.0, -999.0, -999.0, -999.0</values>
						</upper_bound>
					</main_interval>
					<sample_size>
						<values>1000.0, 1000.0, 1000.0, 1000.0, 1000.0, 1000.0, 1000.0, 1000.0, 1000.0, 1000.0, 1000.0, 1000.0, 1000.0, -999.0, -999.0, -999.0, -999.0, -999.0</values>
					</sample_size>
				</sampling_intervals>
			</data>
		</threshold>
		<threshold>
			<threshold_value>GT 0.05926 (Pr=0.175)</threshold_value>
			<data>
				<values>0.33573, 0.06619, 0.40192, 1.0, 0.44872, 0.11813, 0.33368, 2.43759, 0.38753, 0.85798, 0.04913, 0.10219, 0.01595, -999.0, -999.0, -999.0, -999.0, -999.0</values>
				<sampling_intervals>
					<main_interval>
						<bounds>0.05, 0.95</bounds>
						<lower_bound>
							<values>0.09581, 0.04508, 0.33683, 1.0, 0.41514, 0.10304, 0.28341, 1.38943, 0.23735, 0.46176, 0.02761, 0.08668, 0.01377, -999.0, -999.0, -999.0, -999.0, -999.0</values>
						</lower_bound>
						<upper_bound>
							<values>0.41379, 0.27828, 0.49707, 1.0, 0.57299, 0.16073, 0.47172, 4.99919, 0.43577, 2.45036, 0.07199, 0.13564, 0.02686, -999.0, -999.0, -999.0, -999.0, -999.0</values>
						</upper_bound>
					</main_interval>
					<sample_size>
						<values>1000.0, 1000.0, 1000.0, 1000.0, 1000.0, 1000.0, 1000.0, 1000.0, 1000.0, 1000.0, 1000.0, 1000.0, 1000.0, -999.0, -999.0, -999.0, -999.0, -999.0</values>
					</sample_size>
				</sampling_intervals>
			</data>
		</threshold>
		<threshold>
			<threshold_value>GT 0.06427 (Pr=0.2)</threshold_value>
			<data>
				<values>0.27253, 0.15378, 0.42631, 1.0, 0.47253, 0.14545, 0.40039, 2.84177, 0.26904, 1.30948, 0.04089, 0.11953, 0.02592, -999.0, -999.0, -999.0, -999.0, -999.0</values>
				<sampling_intervals>
					<main_interval>
						<bounds>0.05, 0.95</bounds>
						<lower_bound>
							<values>0.12763, 0.05311, 0.35535, 1.0, 0.41187, 0.1095, 0.28815, 1.49503, 0.23963, 0.50779, 0.03061, 0.09064, 0.01755, -999.0, -999.0, -999.0, -999.0, -999.0</values>
						</lower_bound>
						<upper_bound>
							<values>0.39767, 0.24903, 0.51001, 1.0, 0.5595, 0.16471, 0.45589, 4.43731, 0.42704, 2.15984, 0.07092, 0.13655, 0.03177, -999.0, -999.0, -999.0, -999.0, -999.0</values>
						</upper_bound>
					</main_interval>
					<sample_size>
						<values>1000.0, 1000.0, 1000.0, 1000.0, 1000.0, 1000.0, 1000.0, 1000.0, 1000.0, 1000.0, 1000.0, 1000.0, 1000.0, -999.0, -999.0, -999.0, -999.0, -999.0</values>
					</sample_size>
				</sampling_intervals>
			</data>
		</threshold>
		<threshold>
			<threshold_value>GT 0.06917 (Pr=0.225)</threshold_value>
			<data>
				<values>0.27253, 0.15378, 0.42631, 1.0, 0.47253, 0.14545, 0.40039, 2.84177, 0.26904, 1.30948, 0.04089, 0.11953, 0.02592, -999.0, -999.0, -999.0, -999.0, -999.0</values>
				<sampling_intervals>
					<main_interval>
						<bounds>0.05, 0.95</bounds>
						<lower_bound>
							<values>0.17406, 0.08992, 0.37011, 1.0, 0.40244, 0.12502, 0.34226, 1.61484, 0.24753, 0.69767, 0.03544, 0.0993, 0.02225, -999.0, -999.0, -999.0, -999.0, -999.0</values>
						</lower_bound>
						<upper_bound>
							<values>0.39855, 0.21125, 0.52544, 1.0, 0.53544, 0.16421, 0.42589, 3.62096, 0.31285, 1.72087, 0.06249, 0.13265, 0.03584, -999.0, -999.0, -999.0, -999.0, -999.0</values>
						</upper_bound>
					</main_interval>
					<sample_size>
						<values>1000.0, 1000.0, 1000.0, 1000.0, 1000.0, 1000.0, 1000.0, 1000.0, 1000.0, 1000.0, 1000.0, 1000.0, 1000.0, -999.0, -999.0, -999.0, -999.0, -999.0</values>
					</sample_size>
				</sampling_intervals>
			</data>
		</threshold>
		<threshold>
			<threshold_value>GT 0.07421 (Pr=0.25)</threshold_value>
			<data>
				<values>0.35559, 0.11613, 0.47171, 1.0, 0.4334, 0.14594, 0.35695, 1.84208, 0.28825, 0.8243, 0.05599, 0.11249, 0.03345, -999.0, -999.0, -999.0, -999.0, -999.0</values>
				<sampling_intervals>
					<main_interval>
						<bounds>0.05, 0.95</bounds>
						<lower_bound>
							<values>0.23141, 0.08482, 0.38188, 1.0, 0.38769, 0.12406, 0.32965, 1.3322, 0.25784, 0.57373, 0.0419, 0.09553, 0.02508, -999.0, -999.0, -999.0, -999.0, -999.0</values>
						</lower_bound>
						<upper_bound>
							<values>0.42869, 0.17725, 0.54291, 1.0, 0.51091, 0.16532, 0.3981, 2.82648, 0.32649, 1.32611, 0.0718, 0.1279, 0.04006, -999.0, -999.0, -999.0, -999.0, -999.0</values>
						</upper_bound>
					</main_interval>
					<sample_size>
						<values>1000.0, 1000.0, 1000.0, 1000.0, 1000.0, 1000.0, 1000.0, 1000.0, 1000.0, 1000.0, 1000.0, 1000.0, 1000.0, -999.0, -999.0, -999.0, -999.0, -999.0</values>
					</sample_size>
				</sampling_intervals>
			</data>
		</threshold>
		<threshold>
			<threshold_value>GT 0.07928 (Pr=0.275)</threshold_value>
			<data>
				<values>0.35559, 0.11613, 0.47171, 1.0, 0.4334, 0.14594, 0.35695, 1.84208, 0.28825, 0.8243, 0.05599, 0.11249, 0.03345, -999.0, -999.0, -999.0, -999.0, -999.0</values>
				<sampling_intervals>
					<main_interval>
						<bounds>0.05, 0.95</bounds>
						<lower_bound>
							<values>0.27135, 0.07009, 0.39516, 1.0, 0.37919, 0.12197, 0.31783, 1.15088, 0.27251, 0.47634, 0.04953, 0.09098, 0.02789, -999.0, -999.0, -999.0, -999.0, -999.0</values>
						</lower_bound>
						<upper_bound>
							<values>0.44686, 0.14889, 0.5526, 1.0, 0.49104, 0.16353, 0.37821, 2.31475, 0.34865, 1.07317, 0.08318, 0.124, 0.04394, -999.0, -999.0, -999.0, -999.0, -999.0</values>
						</upper_bound>
					</main_interval>
					<sample_size>
						<values>1000.0, 1000.0, 1000.0, 1000.0, 1000.0, 1000.0, 1000.0, 1000.0, 1000.0, 1000.0, 1000.0, 1000.0, 1000.0, -999.0, -999.0, -999.0, -999.0, -999.0</values>
					</sample_size>
				</sampling_intervals>
			</data>
		</threshold>
		<threshold>
			<threshold_value>GT 0.08461 (Pr=0.3)</threshold_value>
			<data>
				<values>0.39401, 0.08181, 0.47582, 1.0, 0.41453, 0.14102, 0.33247, 1.31247, 0.33318, 0.55447, 0.07739, 0.10173, 0.03928, -999.0, -999.0, -999.0, -999.0, -999.0</values>
				<sampling_intervals>
					<main_interval>
						<bounds>0.05, 0.95</bounds>
						<lower_bound>
							<values>0.29675, 0.06055, 0.39965, 1.0, 0.37092, 0.12069, 0.30804, 0.9557, 0.28956, 0.38594, 0.05856, 0.08723, 0.03059, -999.0, -999.0, -999.0, -999.0, -999.0</values>
						</lower_bound>
						<upper_bound>
							<values>0.46198, 0.13004, 0.56114, 1.0, 0.47565, 0.16203, 0.36283, 1.90906, 0.37898, 0.86049, 0.09906, 0.11802, 0.0476, -999.0, -999.0, -999.0, -999.0, -999.0</values>
						</upper_bound>
					</main_interval>
					<sample_size>
						<values>1000.0, 1000.0, 1000.0, 1000.0, 1000.0, 1000.0, 1000.0, 1000.0, 1000.0, 1000.0, 1000.0, 1000.0, 1000.0, -999.0, -999.0, -999.0, -999.0, -999.0</values>
					</sample_size>
				</sampling_intervals>
			</data>
		</threshold>
		<threshold>
			<threshold_value>GT 0.08999 (Pr=0.325)</threshold_value>
			<data>
				<values>0.39401, 0.08181, 0.47582, 1.0, 0.41453, 0.14102, 0.33247, 1.31247, 0.33318, 0.55447, 0.07739, 0.10173, 0.03928, -999.0, -999.0, -999.0, -999.0, -999.0</values>
				<sampling_intervals>
					<main_interval>
						<bounds>0.05, 0.95</bounds>
						<lower_bound>
							<values>0.34211, 0.05291, 0.41773, 1.0, 0.36602, 0.12093, 0.30066, 0.83468, 0.30541, 0.3245, 0.06816, 0.08428, 0.03446, -999.0, -999.0, -999.0, -999.0, -999.0</values>
						</lower_bound>
						<upper_bound>
							<values>0.47392, 0.11311, 0.56442, 1.0, 0.45423, 0.16203, 0.34846, 1.55641, 0.40182, 0.67029, 0.11209, 0.1144, 0.05232, -999.0, -999.0, -999.0, -999.0, -999.0</values>
						</upper_bound>
					</main_interval>
					<sample_size>
						<values>1000.0, 1000.0, 1000.0, 1000.0, 1000.0, 1000.0, 1000.0, 1000.0, 1000.0, 1000.0, 1000.0, 1000.0, 1000.0, -999.0, -999.0, -999.0, -999.0, -999.0</values>
					</sample_size>
				</sampling_intervals>
			</data>
		</threshold>
		<threshold>
			<threshold_value>GT 0.0958 (Pr=0.35)</threshold_value>
			<data>
				<values>0.43241, 0.06864, 0.50105, 1.0, 0.39588, 0.14303, 0.31474, 0.97397, 0.37189, 0.39021, 0.10015, 0.09654, 0.04649, -999.0, -999.0, -999.0, -999.0, -999.0</values>
				<sampling_intervals>
					<main_interval>
						<bounds>0.05, 0.95</bounds>
						<lower_bound>
							<values>0.3632, 0.04883, 0.43391, 1.0, 0.35883, 0.12244, 0.2929, 0.70908, 0.32504, 0.26653, 0.08051, 0.08214, 0.03759, -999.0, -999.0, -999.0, -999.0, -999.0</values>
						</lower_bound>
						<upper_bound>
							<values>0.49061, 0.1052, 0.57909, 1.0, 0.44331, 0.16421, 0.33396, 1.31079, 0.43298, 0.55547, 0.13033, 0.11101, 0.0563, -999.0, -999.0, -999.0, -999.0, -999.0</values>
						</upper_bound>
					</main_interval>
					<sample_size>
						<values>1000.0, 1000.0, 1000.0, 1000.0, 1000.0, 1000.0, 1000.0, 1000.0, 1000.0, 1000.0, 1000.0, 1000.0, 1000.0, -999.0, -999.0, -999.0, -999.0, -999.0</values>
					</sample_size>
				</sampling_intervals>
			</data>
		</threshold>
		<threshold>
			<threshold_value>GT 0.10188 (Pr=0.375)</threshold_value>
			<data>
				<values>0.46385, 0.07046, 0.5343, 1.0, 0.38162, 0.14726, 0.30179, 0.75224, 0.41028, 0.2858, 0.12532, 0.09305, 0.0542, -999.0, -999.0, -999.0, -999.0, -999.0</values>
				<sampling_intervals>
					<main_interval>
						<bounds>0.05, 0.95</bounds>
						<lower_bound>
							<values>0.39629, 0.04819, 0.45522, 1.0, 0.3547, 0.12489, 0.28691, 0.62275, 0.34503, 0.22537, 0.09092, 0.08002, 0.04233, -999.0, -999.0, -999.0, -999.0, -999.0</values>
						</lower_bound>
						<upper_bound>
							<values>0.49975, 0.10327, 0.58993, 1.0, 0.42622, 0.16467, 0.32376, 1.07339, 0.4593, 0.44358, 0.14897, 0.10761, 0.06199, -999.0, -999.0, -999.0, -999.0, -999.0</values>
						</upper_bound>
					</main_interval>
					<sample_size>
						<values>1000.0, 1000.0, 1000.0, 1000.0, 1000.0, 1000.0, 1000.0, 1000.0, 1000.0, 1000.0, 1000.0, 1000.0, 1000.0, -999.0, -999.0, -999.0, -999.0, -999.0</values>
					</sample_size>
				</sampling_intervals>
			</data>
		</threshold>
		<threshold>
			<threshold_value>GT 0.10867 (Pr=0.4)</threshold_value>
			<data>
				<values>0.46385, 0.07046, 0.5343, 1.0, 0.38162, 0.14726, 0.30179, 0.75224, 0.41028, 0.2858, 0.12532, 0.09305, 0.0542, -999.0, -999.0, -999.0, -999.0, -999.0</values>
				<sampling_intervals>
					<main_interval>
						<bounds>0.05, 0.95</bounds>
						<lower_bound>
							<values>0.41834, 0.04955, 0.47492, 1.0, 0.35247, 0.12637, 0.28258, 0.55277, 0.36582, 0.19359, 0.10549, 0.07806, 0.04589, -999.0, -999.0, -999.0, -999.0, -999.0</values>
						</lower_bound>
						<upper_bound>
							<values>0.5064, 0.10146, 0.59455, 1.0, 0.41881, 0.16601, 0.3162, 0.92586, 0.49935, 0.36868, 0.17277, 0.10382, 0.06603, -999.0, -999.0, -999.0, -999.0, -999.0</values>
						</upper_bound>
					</main_interval>
					<sample_size>
						<values>1000.0, 1000.0, 1000.0, 1000.0, 1000.0, 1000.0, 1000.0, 1000.0, 1000.0, 1000.0, 1000.0, 1000.0, 1000.0, -999.0, -999.0, -999.0, -999.0, -999.0</values>
					</sample_size>
				</sampling_intervals>
			</data>
		</threshold>
		<threshold>
			<threshold_value>GT 0.11566 (Pr=0.425)</threshold_value>
			<data>
				<values>0.47574, 0.07417, 0.54991, 1.0, 0.3779, 0.14843, 0.29479, 0.62516, 0.45561, 0.22599, 0.1525, 0.08833, 0.0601, -999.0, -999.0, -999.0, -999.0, -999.0</values>
				<sampling_intervals>
					<main_interval>
						<bounds>0.05, 0.95</bounds>
						<lower_bound>
							<values>0.43178, 0.05445, 0.49237, 1.0, 0.35201, 0.12773, 0.27763, 0.49164, 0.39483, 0.16344, 0.12147, 0.07495, 0.05051, -999.0, -999.0, -999.0, -999.0, -999.0</values>
						</lower_bound>
						<upper_bound>
							<values>0.50893, 0.09902, 0.59811, 1.0, 0.41472, 0.16601, 0.3103, 0.78789, 0.53945, 0.30632, 0.1979, 0.09948, 0.07066, -999.0, -999.0, -999.0, -999.0, -999.0</values>
						</upper_bound>
					</main_interval>
					<sample_size>
						<values>1000.0, 1000.0, 1000.0, 1000.0, 1000.0, 1000.0, 1000.0, 1000.0, 1000.0, 1000.0, 1000.0, 1000.0, 1000.0, -999.0, -999.0, -999.0, -999.0, -999.0</values>
					</sample_size>
				</sampling_intervals>
			</data>
		</threshold>
		<threshold>
			<threshold_value>GT 0.12281 (Pr=0.45)</threshold_value>
			<data>
				<values>0.47876, 0.07746, 0.55623, 1.0, 0.38002, 0.14796, 0.28917, 0.53612, 0.50952, 0.18418, 0.185, 0.08279, 0.06516, -999.0, -999.0, -999.0, -999.0, -999.0</values>
				<sampling_intervals>
					<main_interval>
						<bounds>0.05, 0.95</bounds>
						<lower_bound>
							<values>0.43626, 0.05761, 0.49958, 1.0, 0.3538, 0.1274, 0.27372, 0.44444, 0.42673, 0.14364, 0.14006, 0.07174, 0.05378, -999.0, -999.0, -999.0, -999.0, -999.0</values>
						</lower_bound>
						<upper_bound>
							<values>0.50861, 0.09823, 0.5985, 1.0, 0.41495, 0.16518, 0.30517, 0.69688, 0.5847, 0.261, 0.2262, 0.09528, 0.0742, -999.0, -999.0, -999.0, -999.0, -999.0</values>
						</upper_bound>
					</main_interval>
					<sample_size>
						<values>1000.0, 1000.0, 1000.0, 1000.0, 1000.0, 1000.0, 1000.0, 1000.0, 1000.0, 1000.0, 1000.0, 1000.0, 1000.0, -999.0, -999.0, -999.0, -999.0, -999.0</values>
					</sample_size>
				</sampling_intervals>
			</data>
		</threshold>
		<threshold>
			<threshold_value>GT 0.13013 (Pr=0.475)</threshold_value>
			<data>
				<values>0.47215, 0.07974, 0.55189, 1.0, 0.38853, 0.14521, 0.28454, 0.47246, 0.57789, 0.15394, 0.22533, 0.0763, 0.06891, -999.0, -999.0, -999.0, -999.0, -999.0</values>
				<sampling_intervals>
					<main_interval>
						<bounds>0.05, 0.95</bounds>
						<lower_bound>
							<values>0.43475, 0.0621, 0.5006, 1.0, 0.35743, 0.12649, 0.27014, 0.40733, 0.4668, 0.12485, 0.16111, 0.0676, 0.05604, -999.0, -999.0, -999.0, -999.0, -999.0</values>
						</lower_bound>
						<upper_bound>
							<values>0.50701, 0.0984, 0.59671, 1.0, 0.41812, 0.16495, 0.30199, 0.62496, 0.64624, 0.22762, 0.26213, 0.09122, 0.07795, -999.0, -999.0, -999.0, -999.0, -999.0</values>
						</upper_bound>
					</main_interval>
					<sample_size>
						<values>1000.0, 1000.0, 1000.0, 1000.0, 1000.0, 1000.0, 1000.0, 1000.0, 1000.0, 1000.0, 1000.0, 1000.0, 1000.0, -999.0, -999.0, -999.0, -999.0, -999.0</values>
					</sample_size>
				</sampling_intervals>
			</data>
		</threshold>
		<threshold>
			<threshold_value>GT 0.1378 (Pr=0.5)</threshold_value>
			<data>
				<values>0.47215, 0.07974, 0.55189, 1.0, 0.38853, 0.14521, 0.28454, 0.47246, 0.57789, 0.15394, 0.22533, 0.0763, 0.06891, -999.0, -999.0, -999.0, -999.0, -999.0</values>
				<sampling_intervals>
					<main_interval>
						<bounds>0.05, 0.95</bounds>
						<lower_bound>
							<values>0.42925, 0.06624, 0.49976, 1.0, 0.36341, 0.1253, 0.26687, 0.37078, 0.50493, 0.10886, 0.18585, 0.06338, 0.05926, -999.0, -999.0, -999.0, -999.0, -999.0</values>
						</lower_bound>
						<upper_bound>
							<values>0.50268, 0.0993, 0.59679, 1.0, 0.42467, 0.16334, 0.2982, 0.55554, 0.70916, 0.19438, 0.30081, 0.08585, 0.08185, -999.0, -999.0, -999.0, -999.0, -999.0</values>
						</upper_bound>
					</main_interval>
					<sample_size>
						<values>1000.0, 1000.0, 1000.0, 1000.0, 1000.0, 1000.0, 1000.0, 1000.0, 1000.0, 1000.0, 1000.0, 1000.0, 1000.0, -999.0, -999.0, -999.0, -999.0, -999.0</values>
					</sample_size>
				</sampling_intervals>
			</data>
		</threshold>
		<threshold>
			<threshold_value>GT 0.14573 (Pr=0.525)</threshold_value>
			<data>
				<values>0.46511, 0.08526, 0.55038, 1.0, 0.39763, 0.14348, 0.28074, 0.42245, 0.6506, 0.13046, 0.27104, 0.07071, 0.07277, -999.0, -999.0, -999.0, -999.0, -999.0</values>
				<sampling_intervals>
					<main_interval>
						<bounds>0.05, 0.95</bounds>
						<lower_bound>
							<values>0.42513, 0.07132, 0.50147, 1.0, 0.37011, 0.1247, 0.26426, 0.34732, 0.55699, 0.0967, 0.21808, 0.06021, 0.06218, -999.0, -999.0, -999.0, -999.0, -999.0</values>
						</lower_bound>
						<upper_bound>
							<values>0.49749, 0.10262, 0.59375, 1.0, 0.43189, 0.16227, 0.29625, 0.50373, 0.78078, 0.16782, 0.34903, 0.08125, 0.08489, -999.0, -999.0, -999.0, -999.0, -999.0</values>
						</upper_bound>
					</main_interval>
					<sample_size>
						<values>1000.0, 1000.0, 1000.0, 1000.0, 1000.0, 1000.0, 1000.0, 1000.0, 1000.0, 1000.0, 1000.0, 1000.0, 1000.0, -999.0, -999.0, -999.0, -999.0, -999.0</values>
					</sample_size>
				</sampling_intervals>
			</data>
		</threshold>
		<threshold>
			<threshold_value>GT 0.15465 (Pr=0.55)</threshold_value>
			<data>
				<values>0.4566, 0.09017, 0.54677, 1.0, 0.40731, 0.14305, 0.27914, 0.37936, 0.73465, 0.1102, 0.32507, 0.06605, 0.077, -999.0, -999.0, -999.0, -999.0, -999.0</values>
				<sampling_intervals>
					<main_interval>
						<bounds>0.05, 0.95</bounds>
						<lower_bound>
							<values>0.41787, 0.07629, 0.49904, 1.0, 0.37833, 0.12446, 0.26265, 0.31643, 0.61353, 0.08479, 0.25322, 0.05715, 0.06558, -999.0, -999.0, -999.0, -999.0, -999.0</values>
						</lower_bound>
						<upper_bound>
							<values>0.4905, 0.10775, 0.58991, 1.0, 0.44033, 0.16162, 0.2956, 0.4544, 0.87027, 0.14397, 0.40723, 0.07657, 0.08897, -999.0, -999.0, -999.0, -999.0, -999.0</values>
						</upper_bound>
					</main_interval>
					<sample_size>
						<values>1000.0, 1000.0, 1000.0, 1000.0, 1000.0, 1000.0, 1000.0, 1000.0, 1000.0, 1000.0, 1000.0, 1000.0, 1000.0, -999.0, -999.0, -999.0, -999.0, -999.0</values>
					</sample_size>
				</sampling_intervals>
			</data>
		</threshold>
		<threshold>
			<threshold_value>GT 0.16504 (Pr=0.575)</threshold_value>
			<data>
				<values>0.44843, 0.09584, 0.54427, 1.0, 0.41556, 0.14383, 0.27984, 0.34799, 0.81434, 0.09549, 0.37729, 0.06279, 0.08104, -999.0, -999.0, -999.0, -999.0, -999.0</values>
				<sampling_intervals>
					<main_interval>
						<bounds>0.05, 0.95</bounds>
						<lower_bound>
							<values>0.40655, 0.08231, 0.49732, 1.0, 0.38255, 0.12462, 0.26334, 0.29271, 0.67291, 0.07347, 0.29182, 0.05381, 0.0695, -999.0, -999.0, -999.0, -999.0, -999.0</values>
						</lower_bound>
						<upper_bound>
							<values>0.48606, 0.11597, 0.59179, 1.0, 0.4509, 0.16322, 0.29747, 0.4128, 0.96602, 0.12476, 0.47578, 0.07345, 0.09401, -999.0, -999.0, -999.0, -999.0, -999.0</values>
						</upper_bound>
					</main_interval>
					<sample_size>
						<values>1000.0, 1000.0, 1000.0, 1000.0, 1000.0, 1000.0, 1000.0, 1000.0, 1000.0, 1000.0, 1000.0, 1000.0, 1000.0, -999.0, -999.0, -999.0, -999.0, -999.0</values>
					</sample_size>
				</sampling_intervals>
			</data>
		</threshold>
		<threshold>
			<threshold_value>GT 0.1769 (Pr=0.6)</threshold_value>
			<data>
				<values>0.44323, 0.10579, 0.54902, 1.0, 0.42145, 0.14609, 0.28141, 0.32122, 0.89068, 0.08385, 0.42894, 0.06043, 0.08566, -999.0, -999.0, -999.0, -999.0, -999.0</values>
				<sampling_intervals>
					<main_interval>
						<bounds>0.05, 0.95</bounds>
						<lower_bound>
							<values>0.39554, 0.08981, 0.49974, 1.0, 0.38765, 0.12721, 0.2655, 0.2697, 0.74349, 0.06301, 0.33775, 0.05045, 0.07394, -999.0, -999.0, -999.0, -999.0, -999.0</values>
						</lower_bound>
						<upper_bound>
							<values>0.48098, 0.12638, 0.59236, 1.0, 0.46069, 0.16525, 0.30228, 0.37495, 1.08773, 0.10667, 0.55327, 0.07057, 0.09954, -999.0, -999.0, -999.0, -999.0, -999.0</values>
						</upper_bound>
					</main_interval>
					<sample_size>
						<values>1000.0, 1000.0, 1000.0, 1000.0, 1000.0, 1000.0, 1000.0, 1000.0, 1000.0, 1000.0, 1000.0, 1000.0, 1000.0, -999.0, -999.0, -999.0, -999.0, -999.0</values>
					</sample_size>
				</sampling_intervals>
			</data>
		</threshold>
		<threshold>
			<threshold_value>GT 0.18951 (Pr=0.625)</threshold_value>
			<data>
				<values>0.43775, 0.11154, 0.54928, 1.0, 0.42515, 0.14899, 0.28609, 0.30321, 0.96091, 0.07525, 0.47605, 0.05868, 0.09031, -999.0, -999.0, -999.0, -999.0, -999.0</values>
				<sampling_intervals>
					<main_interval>
						<bounds>0.05, 0.95</bounds>
						<lower_bound>
							<values>0.38443, 0.09725, 0.50044, 1.0, 0.39061, 0.13023, 0.26899, 0.25006, 0.82577, 0.05468, 0.38825, 0.04836, 0.07923, -999.0, -999.0, -999.0, -999.0, -999.0</values>
						</lower_bound>
						<upper_bound>
							<values>0.47555, 0.13881, 0.59135, 1.0, 0.47026, 0.17089, 0.30963, 0.34356, 1.22082, 0.09174, 0.63826, 0.06758, 0.10679, -999.0, -999.0, -999.0, -999.0, -999.0</values>
						</upper_bound>
					</main_interval>
					<sample_size>
						<values>1000.0, 1000.0, 1000.0, 1000.0, 1000.0, 1000.0, 1000.0, 1000.0, 1000.0, 1000.0, 1000.0, 1000.0, 1000.0, -999.0, -999.0, -999.0, -999.0, -999.0</values>
					</sample_size>
				</sampling_intervals>
			</data>
		</threshold>
		<threshold>
			<threshold_value>GT 0.20299 (Pr=0.65)</threshold_value>
			<data>
				<values>0.42102, 0.12333, 0.54435, 1.0, 0.4357, 0.15485, 0.29812, 0.27126, 1.13675, 0.06064, 0.59052, 0.05505, 0.09979, -999.0, -999.0, -999.0, -999.0, -999.0</values>
				<sampling_intervals>
					<main_interval>
						<bounds>0.05, 0.95</bounds>
						<lower_bound>
							<values>0.36996, 0.10332, 0.49817, 1.0, 0.39351, 0.13383, 0.27543, 0.23369, 0.90966, 0.04738, 0.44359, 0.04607, 0.08485, -999.0, -999.0, -999.0, -999.0, -999.0</values>
						</lower_bound>
						<upper_bound>
							<values>0.46668, 0.15136, 0.58932, 1.0, 0.48084, 0.17658, 0.32102, 0.3177, 1.37827, 0.07949, 0.75286, 0.06499, 0.11448, -999.0, -999.0, -999.0, -999.0, -999.0</values>
						</upper_bound>
					</main_interval>
					<sample_size>
						<values>1000.0, 1000.0, 1000.0, 1000.0, 1000.0, 1000.0, 1000.0, 1000.0, 1000.0, 1000.0, 1000.0, 1000.0, 1000.0, -999.0, -999.0, -999.0, -999.0, -999.0</values>
					</sample_size>
				</sampling_intervals>
			</data>
		</threshold>
		<threshold>
			<threshold_value>GT 0.21707 (Pr=0.675)</threshold_value>
			<data>
				<values>0.41113, 0.13114, 0.54227, 1.0, 0.44152, 0.15853, 0.30588, 0.25682, 1.24218, 0.05421, 0.65885, 0.05342, 0.10511, -999.0, -999.0, -999.0, -999.0, -999.0</values>
				<sampling_intervals>
					<main_interval>
						<bounds>0.05, 0.95</bounds>
						<lower_bound>
							<values>0.35369, 0.1096, 0.49436, 1.0, 0.39236, 0.13766, 0.28276, 0.21818, 1.01133, 0.04043, 0.50438, 0.04396, 0.09125, -999.0, -999.0, -999.0, -999.0, -999.0</values>
						</lower_bound>
						<upper_bound>
							<values>0.46081, 0.1643, 0.58879, 1.0, 0.49108, 0.18578, 0.34005, 0.29603, 1.56003, 0.06843, 0.87382, 0.06354, 0.12474, -999.0, -999.0, -999.0, -999.0, -999.0</values>
						</upper_bound>
					</main_interval>
					<sample_size>
						<values>1000.0, 1000.0, 1000.0, 1000.0, 1000.0, 1000.0, 1000.0, 1000.0, 1000.0, 1000.0, 1000.0, 1000.0, 1000.0, -999.0, -999.0, -999.0, -999.0, -999.0</values>
					</sample_size>
				</sampling_intervals>
			</data>
		</threshold>
		<threshold>
			<threshold_value>GT 0.23543 (Pr=0.7)</threshold_value>
			<data>
				<values>0.40055, 0.14168, 0.54223, 1.0, 0.44031, 0.1678, 0.32694, 0.24241, 1.40706, 0.04637, 0.75872, 0.05144, 0.11636, -999.0, -999.0, -999.0, -999.0, -999.0</values>
				<sampling_intervals>
					<main_interval>
						<bounds>0.05, 0.95</bounds>
						<lower_bound>
							<values>0.33424, 0.10425, 0.49286, 1.0, 0.38197, 0.14352, 0.29568, 0.207, 1.09841, 0.03519, 0.55299, 0.04209, 0.09916, -999.0, -999.0, -999.0, -999.0, -999.0</values>
						</lower_bound>
						<upper_bound>
							<values>0.45675, 0.17876, 0.5874, 1.0, 0.50351, 0.19702, 0.36662, 0.28543, 1.77542, 0.06051, 1.01164, 0.06244, 0.13789, -999.0, -999.0, -999.0, -999.0, -999.0</values>
						</upper_bound>
					</main_interval>
					<sample_size>
						<values>1000.0, 1000.0, 1000.0, 1000.0, 1000.0, 1000.0, 1000.0, 1000.0, 1000.0, 1000.0, 1000.0, 1000.0, 1000.0, -999.0, -999.0, -999.0, -999.0, -999.0</values>
					</sample_size>
				</sampling_intervals>
			</data>
		</threshold>
		<threshold>
			<threshold_value>GT 0.25807 (Pr=0.725)</threshold_value>
			<data>
				<values>0.39404, 0.14511, 0.53915, 1.0, 0.43489, 0.17711, 0.34817, 0.23481, 1.55093, 0.04104, 0.8412, 0.04994, 0.12716, -999.0, -999.0, -999.0, -999.0, -999.0</values>
				<sampling_intervals>
					<main_interval>
						<bounds>0.05, 0.95</bounds>
						<lower_bound>
							<values>0.31871, 0.08524, 0.49048, 1.0, 0.35262, 0.15006, 0.31528, 0.19815, 1.17204, 0.03108, 0.57485, 0.0405, 0.10788, -999.0, -999.0, -999.0, -999.0, -999.0</values>
						</lower_bound>
						<upper_bound>
							<values>0.46005, 0.19023, 0.58366, 1.0, 0.50652, 0.21589, 0.40731, 0.2822, 1.99468, 0.05419, 1.14656, 0.0627, 0.15508, -999.0, -999.0, -999.0, -999.0, -999.0</values>
						</upper_bound>
					</main_interval>
					<sample_size>
						<values>1000.0, 1000.0, 1000.0, 1000.0, 1000.0, 1000.0, 1000.0, 1000.0, 1000.0, 1000.0, 1000.0, 1000.0, 1000.0, -999.0, -999.0, -999.0, -999.0, -999.0</values>
					</sample_size>
				</sampling_intervals>
			</data>
		</threshold>
		<threshold>
			<threshold_value>GT 0.28272 (Pr=0.75)</threshold_value>
			<data>
				<values>0.40005, 0.12089, 0.52094, 1.0, 0.39596, 0.19713, 0.40112, 0.24185, 1.65841, 0.0374, 0.84365, 0.04983, 0.1473, -999.0, -999.0, -999.0, -999.0, -999.0</values>
				<sampling_intervals>
					<main_interval>
						<bounds>0.05, 0.95</bounds>
						<lower_bound>
							<values>0.30562, 0.07552, 0.47938, 1.0, 0.32417, 0.15978, 0.33991, 0.19722, 1.23425, 0.02752, 0.57115, 0.03872, 0.11924, -999.0, -999.0, -999.0, -999.0, -999.0</values>
						</lower_bound>
						<upper_bound>
							<values>0.47248, 0.19716, 0.57694, 1.0, 0.50212, 0.23743, 0.45025, 0.28247, 2.24368, 0.04843, 1.28554, 0.06345, 0.17636, -999.0, -999.0, -999.0, -999.0, -999.0</values>
						</upper_bound>
					</main_interval>
					<sample_size>
						<values>1000.0, 1000.0, 1000.0, 1000.0, 1000.0, 1000.0, 1000.0, 1000.0, 1000.0, 1000.0, 1000.0, 1000.0, 1000.0, -999.0, -999.0, -999.0, -999.0, -999.0</values>
					</sample_size>
				</sampling_intervals>
			</data>
		</threshold>
		<threshold>
			<threshold_value>GT 0.29244 (Pr=0.76)</threshold_value>
			<data>
				<values>0.40783, 0.11154, 0.51937, 1.0, 0.37725, 0.20848, 0.4234, 0.23957, 1.69342, 0.03528, 0.83413, 0.05056, 0.15792, -999.0, -999.0, -999.0, -999.0, -999.0</values>
				<sampling_intervals>
					<main_interval>
						<bounds>0.05, 0.95</bounds>
						<lower_bound>
							<values>0.30414, 0.07382, 0.47432, 1.0, 0.31856, 0.16478, 0.35489, 0.19652, 1.27801, 0.02634, 0.58268, 0.03844, 0.12411, -999.0, -999.0, -999.0, -999.0, -999.0</values>
						</lower_bound>
						<upper_bound>
							<values>0.47359, 0.19526, 0.57245, 1.0, 0.49523, 0.24651, 0.46328, 0.28142, 2.31824, 0.04619, 1.31232, 0.06247, 0.18462, -999.0, -999.0, -999.0, -999.0, -999.0</values>
						</upper_bound>
					</main_interval>
					<sample_size>
						<values>1000.0, 1000.0, 1000.0, 1000.0, 1000.0, 1000.0, 1000.0, 1000.0, 1000.0, 1000.0, 1000.0, 1000.0, 1000.0, -999.0, -999.0, -999.0, -999.0, -999.0</values>
					</sample_size>
				</sampling_intervals>
			</data>
		</threshold>
		<threshold>
			<threshold_value>GT 0.30213 (Pr=0.77)</threshold_value>
			<data>
				<values>0.41023, 0.10668, 0.5169, 1.0, 0.36636, 0.21635, 0.43977, 0.23805, 1.75291, 0.03336, 0.84667, 0.05023, 0.16612, -999.0, -999.0, -999.0, -999.0, -999.0</values>
				<sampling_intervals>
					<main_interval>
						<bounds>0.05, 0.95</bounds>
						<lower_bound>
							<values>0.30775, 0.07243, 0.46878, 1.0, 0.31373, 0.17014, 0.37175, 0.19583, 1.32763, 0.02482, 0.61013, 0.03841, 0.13126, -999.0, -999.0, -999.0, -999.0, -999.0</values>
						</lower_bound>
						<upper_bound>
							<values>0.4711, 0.19004, 0.56865, 1.0, 0.48352, 0.25365, 0.47635, 0.28049, 2.42124, 0.04396, 1.32971, 0.06213, 0.1942, -999.0, -999.0, -999.0, -999.0, -999.0</values>
						</upper_bound>
					</main_interval>
					<sample_size>
						<values>1000.0, 1000.0, 1000.0, 1000.0, 1000.0, 1000.0, 1000.0, 1000.0, 1000.0, 1000.0, 1000.0, 1000.0, 1000.0, -999.0, -999.0, -999.0, -999.0, -999.0</values>
					</sample_size>
				</sampling_intervals>
			</data>
		</threshold>
		<threshold>
			<threshold_value>GT 0.31225 (Pr=0.78)</threshold_value>
			<data>
				<values>0.40458, 0.10711, 0.51169, 1.0, 0.36387, 0.22211, 0.45366, 0.23257, 1.86761, 0.03098, 0.89496, 0.04929, 0.17282, -999.0, -999.0, -999.0, -999.0, -999.0</values>
				<sampling_intervals>
					<main_interval>
						<bounds>0.05, 0.95</bounds>
						<lower_bound>
							<values>0.30838, 0.07301, 0.4624, 1.0, 0.31178, 0.17617, 0.38986, 0.19392, 1.39806, 0.02354, 0.63578, 0.03801, 0.13765, -999.0, -999.0, -999.0, -999.0, -999.0</values>
						</lower_bound>
						<upper_bound>
							<values>0.47114, 0.18001, 0.56745, 1.0, 0.4608, 0.2599, 0.48844, 0.27777, 2.51244, 0.04186, 1.34526, 0.06068, 0.20218, -999.0, -999.0, -999.0, -999.0, -999.0</values>
						</upper_bound>
					</main_interval>
					<sample_size>
						<values>1000.0, 1000.0, 1000.0, 1000.0, 1000.0, 1000.0, 1000.0, 1000.0, 1000.0, 1000.0, 1000.0, 1000.0, 1000.0, -999.0, -999.0, -999.0, -999.0, -999.0</values>
					</sample_size>
				</sampling_intervals>
			</data>
		</threshold>
		<threshold>
			<threshold_value>GT 0.32376 (Pr=0.79)</threshold_value>
			<data>
				<values>0.39928, 0.10525, 0.50453, 1.0, 0.36235, 0.22421, 0.46257, 0.2349, 1.94911, 0.02993, 0.92903, 0.04785, 0.17637, -999.0, -999.0, -999.0, -999.0, -999.0</values>
				<sampling_intervals>
					<main_interval>
						<bounds>0.05, 0.95</bounds>
						<lower_bound>
							<values>0.30991, 0.07359, 0.45738, 1.0, 0.30914, 0.18238, 0.41029, 0.1926, 1.47318, 0.02206, 0.66653, 0.03781, 0.14355, -999.0, -999.0, -999.0, -999.0, -999.0</values>
						</lower_bound>
						<upper_bound>
							<values>0.46852, 0.17155, 0.56439, 1.0, 0.44466, 0.26599, 0.50016, 0.27609, 2.62934, 0.03942, 1.35982, 0.05917, 0.20841, -999.0, -999.0, -999.0, -999.0, -999.0</values>
						</upper_bound>
					</main_interval>
					<sample_size>
						<values>1000.0, 1000.0, 1000.0, 1000.0, 1000.0, 1000.0, 1000.0, 1000.0, 1000.0, 1000.0, 1000.0, 1000.0, 1000.0, -999.0, -999.0, -999.0, -999.0, -999.0</values>
					</sample_size>
				</sampling_intervals>
			</data>
		</threshold>
		<threshold>
			<threshold_value>GT 0.3359 (Pr=0.8)</threshold_value>
			<data>
				<values>0.39405, 0.10866, 0.50271, 1.0, 0.3621, 0.22786, 0.47171, 0.23282, 2.05874, 0.02821, 0.98226, 0.04656, 0.18129, -999.0, -999.0, -999.0, -999.0, -999.0</values>
				<sampling_intervals>
					<main_interval>
						<bounds>0.05, 0.95</bounds>
						<lower_bound>
							<values>0.30739, 0.07612, 0.45177, 1.0, 0.30761, 0.18807, 0.42619, 0.1898, 1.55565, 0.02071, 0.70488, 0.03704, 0.14968, -999.0, -999.0, -999.0, -999.0, -999.0</values>
						</lower_bound>
						<upper_bound>
							<values>0.46515, 0.17022, 0.5636, 1.0, 0.43405, 0.2721, 0.51362, 0.27324, 2.80037, 0.03733, 1.41905, 0.05838, 0.21514, -999.0, -999.0, -999.0, -999.0, -999.0</values>
						</upper_bound>
					</main_interval>
					<sample_size>
						<values>1000.0, 1000.0, 1000.0, 1000.0, 1000.0, 1000.0, 1000.0, 1000.0, 1000.0, 1000.0, 1000.0, 1000.0, 1000.0, -999.0, -999.0, -999.0, -999.0, -999.0</values>
					</sample_size>
				</sampling_intervals>
			</data>
		</threshold>
		<threshold>
			<threshold_value>GT 0.34975 (Pr=0.81)</threshold_value>
			<data>
				<values>0.39167, 0.11021, 0.50189, 1.0, 0.35976, 0.23172, 0.48029, 0.23202, 2.14248, 0.02688, 1.01997, 0.04564, 0.18608, -999.0, -999.0, -999.0, -999.0, -999.0</values>
				<sampling_intervals>
					<main_interval>
						<bounds>0.05, 0.95</bounds>
						<lower_bound>
							<values>0.30143, 0.07973, 0.44632, 1.0, 0.30677, 0.19255, 0.43818, 0.18752, 1.64306, 0.01929, 0.75511, 0.03588, 0.15515, -999.0, -999.0, -999.0, -999.0, -999.0</values>
						</lower_bound>
						<upper_bound>
							<values>0.46157, 0.17071, 0.56138, 1.0, 0.43117, 0.27651, 0.52561, 0.27125, 2.97008, 0.0349, 1.49836, 0.0566, 0.22299, -999.0, -999.0, -999.0, -999.0, -999.0</values>
						</upper_bound>
					</main_interval>
					<sample_size>
						<values>1000.0, 1000.0, 1000.0, 1000.0, 1000.0, 1000.0, 1000.0, 1000.0, 1000.0, 1000.0, 1000.0, 1000.0, 1000.0, -999.0, -999.0, -999.0, -999.0, -999.0</values>
					</sample_size>
				</sampling_intervals>
			</data>
		</threshold>
		<threshold>
			<threshold_value>GT 0.36318 (Pr=0.82)</threshold_value>
			<data>
				<values>0.38634, 0.11756, 0.5039, 1.0, 0.35728, 0.24086, 0.49724, 0.22544, 2.35504, 0.02381, 1.12344, 0.04391, 0.19695, -999.0, -999.0, -999.0, -999.0, -999.0</values>
				<sampling_intervals>
					<main_interval>
						<bounds>0.05, 0.95</bounds>
						<lower_bound>
							<values>0.29321, 0.08281, 0.44317, 1.0, 0.3074, 0.19678, 0.45059, 0.18544, 1.77414, 0.01776, 0.81233, 0.03442, 0.16042, -999.0, -999.0, -999.0, -999.0, -999.0</values>
						</lower_bound>
						<upper_bound>
							<values>0.45425, 0.17516, 0.55839, 1.0, 0.43123, 0.28233, 0.53962, 0.26653, 3.18834, 0.03239, 1.59368, 0.0552, 0.23026, -999.0, -999.0, -999.0, -999.0, -999.0</values>
						</upper_bound>
					</main_interval>
					<sample_size>
						<values>1000.0, 1000.0, 1000.0, 1000.0, 1000.0, 1000.0, 1000.0, 1000.0, 1000.0, 1000.0, 1000.0, 1000.0, 1000.0, -999.0, -999.0, -999.0, -999.0, -999.0</values>
					</sample_size>
				</sampling_intervals>
			</data>
		</threshold>
		<threshold>
			<threshold_value>GT 0.37725 (Pr=0.83)</threshold_value>
			<data>
				<values>0.37573, 0.12234, 0.49806, 1.0, 0.36055, 0.24251, 0.50623, 0.22415, 2.50964, 0.02266, 1.19588, 0.04246, 0.20005, -999.0, -999.0, -999.0, -999.0, -999.0</values>
				<sampling_intervals>
					<main_interval>
						<bounds>0.05, 0.95</bounds>
						<lower_bound>
							<values>0.2845, 0.08741, 0.43815, 1.0, 0.3076, 0.19965, 0.46443, 0.1826, 1.9109, 0.01618, 0.87752, 0.03322, 0.16507, -999.0, -999.0, -999.0, -999.0, -999.0</values>
						</lower_bound>
						<upper_bound>
							<values>0.44892, 0.18479, 0.5586, 1.0, 0.42904, 0.28957, 0.55536, 0.26535, 3.49345, 0.03005, 1.72644, 0.05295, 0.23782, -999.0, -999.0, -999.0, -999.0, -999.0</values>
						</upper_bound>
					</main_interval>
					<sample_size>
						<values>1000.0, 1000.0, 1000.0, 1000.0, 1000.0, 1000.0, 1000.0, 1000.0, 1000.0, 1000.0, 1000.0, 1000.0, 1000.0, -999.0, -999.0, -999.0, -999.0, -999.0</values>
					</sample_size>
				</sampling_intervals>
			</data>
		</threshold>
		<threshold>
			<threshold_value>GT 0.39495 (Pr=0.84)</threshold_value>
			<data>
				<values>0.36172, 0.13261, 0.49433, 1.0, 0.3641, 0.24737, 0.52155, 0.2211, 2.78441, 0.02056, 1.32889, 0.04026, 0.20711, -999.0, -999.0, -999.0, -999.0, -999.0</values>
				<sampling_intervals>
					<main_interval>
						<bounds>0.05, 0.95</bounds>
						<lower_bound>
							<values>0.26959, 0.09484, 0.43591, 1.0, 0.30804, 0.20151, 0.47503, 0.1791, 2.07605, 0.01473, 0.95557, 0.03162, 0.16906, -999.0, -999.0, -999.0, -999.0, -999.0</values>
						</lower_bound>
						<upper_bound>
							<values>0.44018, 0.19564, 0.55948, 1.0, 0.43379, 0.29454, 0.56967, 0.2629, 3.78309, 0.02795, 1.8761, 0.05145, 0.24556, -999.0, -999.0, -999.0, -999.0, -999.0</values>
						</upper_bound>
					</main_interval>
					<sample_size>
						<values>1000.0, 1000.0, 1000.0, 1000.0, 1000.0, 1000.0, 1000.0, 1000.0, 1000.0, 1000.0, 1000.0, 1000.0, 1000.0, -999.0, -999.0, -999.0, -999.0, -999.0</values>
					</sample_size>
				</sampling_intervals>
			</data>
		</threshold>
		<threshold>
			<threshold_value>GT 0.41285 (Pr=0.85)</threshold_value>
			<data>
				<values>0.34693, 0.14381, 0.49074, 1.0, 0.36891, 0.25178, 0.53595, 0.21769, 3.0916, 0.01871, 1.47926, 0.03814, 0.21364, -999.0, -999.0, -999.0, -999.0, -999.0</values>
				<sampling_intervals>
					<main_interval>
						<bounds>0.05, 0.95</bounds>
						<lower_bound>
							<values>0.25278, 0.10255, 0.43265, 1.0, 0.30763, 0.20576, 0.48547, 0.17351, 2.26321, 0.0134, 1.05122, 0.03015, 0.17419, -999.0, -999.0, -999.0, -999.0, -999.0</values>
						</lower_bound>
						<upper_bound>
							<values>0.43028, 0.20927, 0.55936, 1.0, 0.43873, 0.30206, 0.58547, 0.2618, 4.24021, 0.02582, 2.09429, 0.04957, 0.25412, -999.0, -999.0, -999.0, -999.0, -999.0</values>
						</upper_bound>
					</main_interval>
					<sample_size>
						<values>1000.0, 1000.0, 1000.0, 1000.0, 1000.0, 1000.0, 1000.0, 1000.0, 1000.0, 1000.0, 1000.0, 1000.0, 1000.0, -999.0, -999.0, -999.0, -999.0, -999.0</values>
					</sample_size>
				</sampling_intervals>
			</data>
		</threshold>
		<threshold>
			<threshold_value>GT 0.43282 (Pr=0.86)</threshold_value>
			<data>
				<values>0.33237, 0.15927, 0.49164, 1.0, 0.37301, 0.25997, 0.55458, 0.20975, 3.4589, 0.01654, 1.65942, 0.03664, 0.22333, -999.0, -999.0, -999.0, -999.0, -999.0</values>
				<sampling_intervals>
					<main_interval>
						<bounds>0.05, 0.95</bounds>
						<lower_bound>
							<values>0.23278, 0.11177, 0.42746, 1.0, 0.30948, 0.20899, 0.49843, 0.16836, 2.46391, 0.01181, 1.14162, 0.02867, 0.1791, -999.0, -999.0, -999.0, -999.0, -999.0</values>
						</lower_bound>
						<upper_bound>
							<values>0.42243, 0.22291, 0.56233, 1.0, 0.44486, 0.3119, 0.6032, 0.25896, 4.65079, 0.02391, 2.33008, 0.04764, 0.26655, -999.0, -999.0, -999.0, -999.0, -999.0</values>
						</upper_bound>
					</main_interval>
					<sample_size>
						<values>1000.0, 1000.0, 1000.0, 1000.0, 1000.0, 1000.0, 1000.0, 1000.0, 1000.0, 1000.0, 1000.0, 1000.0, 1000.0, -999.0, -999.0, -999.0, -999.0, -999.0</values>
					</sample_size>
				</sampling_intervals>
			</data>
		</threshold>
		<threshold>
			<threshold_value>GT 0.45925 (Pr=0.87)</threshold_value>
			<data>
				<values>0.32108, 0.16906, 0.49014, 1.0, 0.37634, 0.26418, 0.56677, 0.20746, 3.74787, 0.01533, 1.80013, 0.03518, 0.229, -999.0, -999.0, -999.0, -999.0, -999.0</values>
				<sampling_intervals>
					<main_interval>
						<bounds>0.05, 0.95</bounds>
						<lower_bound>
							<values>0.21167, 0.12418, 0.42468, 1.0, 0.31076, 0.21444, 0.51061, 0.16395, 2.75078, 0.01044, 1.27619, 0.02679, 0.1851, -999.0, -999.0, -999.0, -999.0, -999.0</values>
						</lower_bound>
						<upper_bound>
							<values>0.41339, 0.24194, 0.56503, 1.0, 0.45287, 0.32236, 0.62308, 0.25589, 5.24772, 0.02165, 2.60513, 0.04569, 0.27749, -999.0, -999.0, -999.0, -999.0, -999.0</values>
						</upper_bound>
					</main_interval>
					<sample_size>
						<values>1000.0, 1000.0, 1000.0, 1000.0, 1000.0, 1000.0, 1000.0, 1000.0, 1000.0, 1000.0, 1000.0, 1000.0, 1000.0, -999.0, -999.0, -999.0, -999.0, -999.0</values>
					</sample_size>
				</sampling_intervals>
			</data>
		</threshold>
		<threshold>
			<threshold_value>GT 0.48403 (Pr=0.88)</threshold_value>
			<data>
				<values>0.30008, 0.19045, 0.49053, 1.0, 0.38403, 0.27268, 0.58857, 0.20134, 4.31421, 0.0133, 2.08486, 0.03306, 0.23962, -999.0, -999.0, -999.0, -999.0, -999.0</values>
				<sampling_intervals>
					<main_interval>
						<bounds>0.05, 0.95</bounds>
						<lower_bound>
							<values>0.1869, 0.13757, 0.42227, 1.0, 0.31131, 0.21857, 0.52904, 0.15631, 3.07654, 0.00898, 1.44347, 0.02531, 0.19098, -999.0, -999.0, -999.0, -999.0, -999.0</values>
						</lower_bound>
						<upper_bound>
							<values>0.40458, 0.2617, 0.57228, 1.0, 0.45967, 0.33445, 0.64589, 0.25119, 5.9684, 0.0197, 2.94866, 0.04391, 0.2928, -999.0, -999.0, -999.0, -999.0, -999.0</values>
						</upper_bound>
					</main_interval>
					<sample_size>
						<values>1000.0, 1000.0, 1000.0, 1000.0, 1000.0, 1000.0, 1000.0, 1000.0, 1000.0, 1000.0, 1000.0, 1000.0, 1000.0, -999.0, -999.0, -999.0, -999.0, -999.0</values>
					</sample_size>
				</sampling_intervals>
			</data>
		</threshold>
		<threshold>
			<threshold_value>GT 0.5143 (Pr=0.89)</threshold_value>
			<data>
				<values>0.28276, 0.21127, 0.49404, 1.0, 0.38899, 0.28312, 0.61136, 0.19399, 4.89351, 0.01154, 2.36955, 0.03152, 0.25159, -999.0, -999.0, -999.0, -999.0, -999.0</values>
				<sampling_intervals>
					<main_interval>
						<bounds>0.05, 0.95</bounds>
						<lower_bound>
							<values>0.15858, 0.15412, 0.41744, 1.0, 0.31236, 0.22338, 0.54766, 0.14898, 3.4755, 0.00769, 1.6332, 0.02351, 0.19725, -999.0, -999.0, -999.0, -999.0, -999.0</values>
						</lower_bound>
						<upper_bound>
							<values>0.39786, 0.2882, 0.57803, 1.0, 0.47092, 0.34701, 0.67016, 0.24598, 6.83442, 0.01743, 3.40049, 0.04203, 0.30745, -999.0, -999.0, -999.0, -999.0, -999.0</values>
						</upper_bound>
					</main_interval>
					<sample_size>
						<values>1000.0, 1000.0, 1000.0, 1000.0, 1000.0, 1000.0, 1000.0, 1000.0, 1000.0, 1000.0, 1000.0, 1000.0, 1000.0, -999.0, -999.0, -999.0, -999.0, -999.0</values>
					</sample_size>
				</sampling_intervals>
			</data>
		</threshold>
		<threshold>
			<threshold_value>GT 0.55397 (Pr=0.9)</threshold_value>
			<data>
				<values>0.26427, 0.23312, 0.4974, 1.0, 0.39458, 0.29285, 0.634, 0.1899, 5.59435, 0.01003, 2.71792, 0.02958, 0.26327, -999.0, -999.0, -999.0, -999.0, -999.0</values>
				<sampling_intervals>
					<main_interval>
						<bounds>0.05, 0.95</bounds>
						<lower_bound>
							<values>0.12667, 0.17318, 0.41611, 1.0, 0.31602, 0.22816, 0.56988, 0.13949, 3.95218, 0.00643, 1.85718, 0.02179, 0.20339, -999.0, -999.0, -999.0, -999.0, -999.0</values>
						</lower_bound>
						<upper_bound>
							<values>0.38637, 0.31896, 0.58837, 1.0, 0.48393, 0.36116, 0.69679, 0.24256, 7.89222, 0.01531, 3.92527, 0.04002, 0.32419, -999.0, -999.0, -999.0, -999.0, -999.0</values>
						</upper_bound>
					</main_interval>
					<sample_size>
						<values>1000.0, 1000.0, 1000.0, 1000.0, 1000.0, 1000.0, 1000.0, 1000.0, 1000.0, 1000.0, 1000.0, 1000.0, 1000.0, -999.0, -999.0, -999.0, -999.0, -999.0</values>
					</sample_size>
				</sampling_intervals>
			</data>
		</threshold>
		<threshold>
			<threshold_value>GT 0.59848 (Pr=0.91)</threshold_value>
			<data>
				<values>0.24662, 0.25854, 0.50516, 1.0, 0.40059, 0.30473, 0.65751, 0.1817, 6.40432, 0.00859, 3.12059, 0.028, 0.27674, -999.0, -999.0, -999.0, -999.0, -999.0</values>
				<sampling_intervals>
					<main_interval>
						<bounds>0.05, 0.95</bounds>
						<lower_bound>
							<values>0.09485, 0.19804, 0.41609, 1.0, 0.32343, 0.23449, 0.59086, 0.13372, 4.52312, 0.00545, 2.14939, 0.02018, 0.21204, -999.0, -999.0, -999.0, -999.0, -999.0</values>
						</lower_bound>
						<upper_bound>
							<values>0.3706, 0.35598, 0.59744, 1.0, 0.49827, 0.37439, 0.72667, 0.23711, 9.25106, 0.01315, 4.64814, 0.03778, 0.33911, -999.0, -999.0, -999.0, -999.0, -999.0</values>
						</upper_bound>
					</main_interval>
					<sample_size>
						<values>1000.0, 1000.0, 1000.0, 1000.0, 1000.0, 1000.0, 1000.0, 1000.0, 1000.0, 1000.0, 1000.0, 1000.0, 1000.0, -999.0, -999.0, -999.0, -999.0, -999.0</values>
					</sample_size>
				</sampling_intervals>
			</data>
		</threshold>
		<threshold>
			<threshold_value>GT 0.65795 (Pr=0.92)</threshold_value>
			<data>
				<values>0.21501, 0.28942, 0.50443, 1.0, 0.41347, 0.31138, 0.68289, 0.18208, 7.58422, 0.00747, 3.71232, 0.02536, 0.28601, -999.0, -999.0, -999.0, -999.0, -999.0</values>
				<sampling_intervals>
					<main_interval>
						<bounds>0.05, 0.95</bounds>
						<lower_bound>
							<values>0.05246, 0.2245, 0.4127, 1.0, 0.33311, 0.23769, 0.61413, 0.13058, 5.34006, 0.00462, 2.56072, 0.0183, 0.21831, -999.0, -999.0, -999.0, -999.0, -999.0</values>
						</lower_bound>
						<upper_bound>
							<values>0.34844, 0.40038, 0.60183, 1.0, 0.51522, 0.38619, 0.75706, 0.23959, 11.14481, 0.01168, 5.55876, 0.03492, 0.35436, -999.0, -999.0, -999.0, -999.0, -999.0</values>
						</upper_bound>
					</main_interval>
					<sample_size>
						<values>1000.0, 1000.0, 1000.0, 1000.0, 1000.0, 1000.0, 1000.0, 1000.0, 1000.0, 1000.0, 1000.0, 1000.0, 1000.0, -999.0, -999.0, -999.0, -999.0, -999.0</values>
					</sample_size>
				</sampling_intervals>
			</data>
		</threshold>
		<threshold>
			<threshold_value>GT 0.72451 (Pr=0.93)</threshold_value>
			<data>
				<values>0.16823, 0.33803, 0.50625, 1.0, 0.43449, 0.31693, 0.71422, 0.1857, 9.33015, 0.0064, 4.60777, 0.02239, 0.29454, -999.0, -999.0, -999.0, -999.0, -999.0</values>
				<sampling_intervals>
					<main_interval>
						<bounds>0.05, 0.95</bounds>
						<lower_bound>
							<values>-0.0036, 0.25412, 0.40665, 1.0, 0.34088, 0.23824, 0.63837, 0.12872, 6.31211, 0.00375, 3.05662, 0.01595, 0.22173, -999.0, -999.0, -999.0, -999.0, -999.0</values>
						</lower_bound>
						<upper_bound>
							<values>0.32766, 0.45696, 0.6122, 1.0, 0.53947, 0.4039, 0.79365, 0.24172, 13.80209, 0.01026, 6.9343, 0.03197, 0.37274, -999.0, -999.0, -999.0, -999.0, -999.0</values>
						</upper_bound>
					</main_interval>
					<sample_size>
						<values>1000.0, 1000.0, 1000.0, 1000.0, 1000.0, 1000.0, 1000.0, 1000.0, 1000.0, 1000.0, 1000.0, 1000.0, 1000.0, -999.0, -999.0, -999.0, -999.0, -999.0</values>
					</sample_size>
				</sampling_intervals>
			</data>
		</threshold>
		<threshold>
			<threshold_value>GT 0.79854 (Pr=0.94)</threshold_value>
			<data>
				<values>0.12836, 0.37939, 0.50775, 1.0, 0.45282, 0.32897, 0.74778, 0.17964, 11.38538, 0.0053, 5.657, 0.02032, 0.30865, -999.0, -999.0, -999.0, -999.0, -999.0</values>
				<sampling_intervals>
					<main_interval>
						<bounds>0.05, 0.95</bounds>
						<lower_bound>
							<values>-0.07085, 0.2849, 0.40191, 1.0, 0.3456, 0.24288, 0.6713, 0.12221, 7.48054, 0.00295, 3.67908, 0.01404, 0.22722, -999.0, -999.0, -999.0, -999.0, -999.0</values>
						</lower_bound>
						<upper_bound>
							<values>0.31113, 0.52315, 0.6322, 1.0, 0.57178, 0.42286, 0.83379, 0.24132, 17.39612, 0.00859, 8.73241, 0.02923, 0.39545, -999.0, -999.0, -999.0, -999.0, -999.0</values>
						</upper_bound>
					</main_interval>
					<sample_size>
						<values>1000.0, 1000.0, 1000.0, 1000.0, 1000.0, 1000.0, 1000.0, 1000.0, 1000.0, 1000.0, 1000.0, 1000.0, 1000.0, -999.0, -999.0, -999.0, -999.0, -999.0</values>
					</sample_size>
				</sampling_intervals>
			</data>
		</threshold>
		<threshold>
			<threshold_value>GT 0.92581 (Pr=0.95)</threshold_value>
			<data>
				<values>0.093, 0.43212, 0.52512, 1.0, 0.47065, 0.35175, 0.7881, 0.17203, 14.70457, 0.00395, 7.44372, 0.01779, 0.33396, -999.0, -999.0, -999.0, -999.0, -999.0</values>
				<sampling_intervals>
					<main_interval>
						<bounds>0.05, 0.95</bounds>
						<lower_bound>
							<values>-0.15795, 0.3279, 0.39989, 1.0, 0.36203, 0.25171, 0.71061, 0.11529, 9.46088, 0.00227, 4.71321, 0.01202, 0.23906, -999.0, -999.0, -999.0, -999.0, -999.0</values>
						</lower_bound>
						<upper_bound>
							<values>0.28109, 0.59937, 0.63473, 1.0, 0.61501, 0.44537, 0.88224, 0.23913, 22.70197, 0.00673, 11.49836, 0.02575, 0.41913, -999.0, -999.0, -999.0, -999.0, -999.0</values>
						</upper_bound>
					</main_interval>
					<sample_size>
						<values>1000.0, 1000.0, 1000.0, 1000.0, 1000.0, 1000.0, 1000.0, 1000.0, 1000.0, 1000.0, 1000.0, 1000.0, 1000.0, -999.0, -999.0, -999.0, -999.0, -999.0</values>
					</sample_size>
				</sampling_intervals>
			</data>
		</threshold>
		<threshold>
			<threshold_value>GT 1.09208 (Pr=0.96)</threshold_value>
			<data>
				<values>0.01707, 0.51954, 0.53661, 1.0, 0.50879, 0.37634, 0.85048, 0.15924, 20.71099, 0.00279, 10.58313, 0.01508, 0.36126, -999.0, -999.0, -999.0, -999.0, -999.0</values>
				<sampling_intervals>
					<main_interval>
						<bounds>0.05, 0.95</bounds>
						<lower_bound>
							<values>-0.24523, 0.39781, 0.40953, 1.0, 0.39192, 0.26626, 0.76012, 0.1122, 13.05515, 0.00173, 6.45434, 0.01006, 0.25569, -999.0, -999.0, -999.0, -999.0, -999.0</values>
						</lower_bound>
						<upper_bound>
							<values>0.2169, 0.70522, 0.6323, 1.0, 0.66181, 0.45713, 0.93954, 0.23162, 31.32805, 0.00504, 16.03866, 0.02181, 0.43645, -999.0, -999.0, -999.0, -999.0, -999.0</values>
						</upper_bound>
					</main_interval>
					<sample_size>
						<values>1000.0, 1000.0, 1000.0, 1000.0, 1000.0, 1000.0, 1000.0, 1000.0, 1000.0, 1000.0, 1000.0, 1000.0, 1000.0, -999.0, -999.0, -999.0, -999.0, -999.0</values>
					</sample_size>
				</sampling_intervals>
			</data>
		</threshold>
		<threshold>
			<threshold_value>GT 1.33504 (Pr=0.97)</threshold_value>
			<data>
				<values>-0.09932, 0.64667, 0.54735, 1.0, 0.56824, 0.39231, 0.92339, 0.15993, 31.19518, 0.00201, 16.1372, 0.01187, 0.38043, -999.0, -999.0, -999.0, -999.0, -999.0</values>
				<sampling_intervals>
					<main_interval>
						<bounds>0.05, 0.95</bounds>
						<lower_bound>
							<values>-0.39518, 0.504, 0.42424, 1.0, 0.44161, 0.29032, 0.83577, 0.1176, 20.58187, 0.00135, 10.2688, 0.00807, 0.28248, -999.0, -999.0, -999.0, -999.0, -999.0</values>
						</lower_bound>
						<upper_bound>
							<values>0.10388, 0.85454, 0.6204, 1.0, 0.74212, 0.45934, 1.02804, 0.22431, 47.97381, 0.00347, 25.16526, 0.01647, 0.44463, -999.0, -999.0, -999.0, -999.0, -999.0</values>
						</upper_bound>
					</main_interval>
					<sample_size>
						<values>1000.0, 1000.0, 1000.0, 1000.0, 1000.0, 1000.0, 1000.0, 1000.0, 1000.0, 1000.0, 1000.0, 1000.0, 1000.0, -999.0, -999.0, -999.0, -999.0, -999.0</values>
					</sample_size>
				</sampling_intervals>
			</data>
		</threshold>
		<threshold>
			<threshold_value>GT 1.7117 (Pr=0.98)</threshold_value>
			<data>
				<values>-0.34969, 0.88574, 0.53605, 1.0, 0.69461, 0.40438, 1.05945, 0.15771, 59.52641, 0.00132, 30.74842, 0.00812, 0.39626, -999.0, -999.0, -999.0, -999.0, -999.0</values>
				<sampling_intervals>
					<main_interval>
						<bounds>0.05, 0.95</bounds>
						<lower_bound>
							<values>-0.67274, 0.6602, 0.4312, 1.0, 0.49313, 0.30087, 0.94425, 0.11795, 37.85344, 9.2E-4, 18.07918, 0.00567, 0.29486, -999.0, -999.0, -999.0, -999.0, -999.0</values>
						</lower_bound>
						<upper_bound>
							<values>-0.04938, 1.14092, 0.62365, 1.0, 0.88813, 0.47132, 1.18829, 0.22942, 88.63546, 0.00229, 46.6608, 0.01132, 0.4609, -999.0, -999.0, -999.0, -999.0, -999.0</values>
						</upper_bound>
					</main_interval>
					<sample_size>
						<values>1000.0, 1000.0, 1000.0, 1000.0, 1000.0, 1000.0, 1000.0, 1000.0, 1000.0, 1000.0, 1000.0, 1000.0, 1000.0, -999.0, -999.0, -999.0, -999.0, -999.0</values>
					</sample_size>
				</sampling_intervals>
			</data>
		</threshold>
		<threshold>
			<threshold_value>GT 2.9051 (Pr=0.99)</threshold_value>
			<data>
				<values>-0.54379, 1.06822, 0.52443, 1.0, 0.67278, 0.38265, 1.25366, 0.17196, 136.82531, 9.5E-4, 57.06665, 0.00384, 0.37881, -999.0, -999.0, -999.0, -999.0, -999.0</values>
				<sampling_intervals>
					<main_interval>
						<bounds>0.05, 0.95</bounds>
						<lower_bound>
							<values>-1.03453, 0.76993, 0.4302, 1.0, 0.49986, 0.3078, 1.05686, 0.13962, 82.36295, 6.7E-4, 32.51539, 0.00275, 0.30495, -999.0, -999.0, -999.0, -999.0, -999.0</values>
						</lower_bound>
						<upper_bound>
							<values>-0.18862, 1.50542, 0.61269, 1.0, 0.94545, 0.43396, 1.47834, 0.23411, 219.87005, 0.00141, 99.39393, 0.00507, 0.42954, -999.0, -999.0, -999.0, -999.0, -999.0</values>
						</upper_bound>
					</main_interval>
					<sample_size>
						<values>1000.0, 1000.0, 1000.0, 1000.0, 1000.0, 1000.0, 1000.0, 1000.0, 1000.0, 1000.0, 1000.0, 1000.0, 1000.0, -999.0, -999.0, -999.0, -999.0, -999.0</values>
					</sample_size>
				</sampling_intervals>
			</data>
		</threshold>
		<threshold>
			<threshold_value>GT 4.80255 (Pr=0.995)</threshold_value>
			<data>
				<values>-0.77173, 1.3079, 0.53617, 1.0, 0.61077, 0.30706, 1.46802, 0.26112, 301.21528, 8.0E-4, 89.46953, 0.00154, 0.30552, -999.0, -999.0, -999.0, -999.0, -999.0</values>
				<sampling_intervals>
					<main_interval>
						<bounds>0.05, 0.95</bounds>
						<lower_bound>
							<values>-1.54559, 0.77085, 0.3877, 1.0, 0.37346, 0.21325, 1.1038, 0.1984, 154.62642, 5.5E-4, 32.42219, 9.6E-4, 0.21229, -999.0, -999.0, -999.0, -999.0, -999.0</values>
						</lower_bound>
						<upper_bound>
							<values>-0.19693, 1.96856, 0.61327, 1.0, 1.0252, 0.38028, 1.82886, 0.36626, 530.57446, 0.00126, 195.23562, 0.00222, 0.37825, -999.0, -999.0, -999.0, -999.0, -999.0</values>
						</upper_bound>
					</main_interval>
					<sample_size>
						<values>1000.0, 1000.0, 1000.0, 1000.0, 1000.0, 1000.0, 1000.0, 1000.0, 1000.0, 1000.0, 1000.0, 1000.0, 1000.0, -999.0, -999.0, -999.0, -999.0, -999.0</values>
					</sample_size>
				</sampling_intervals>
			</data>
		</threshold>
		<threshold>
			<threshold_value>GT 12.4784 (Pr=0.999)</threshold_value>
			<data>
				<values>0.30942, 0.0435, 0.35292, 1.0, 0.48394, 0.09276, 0.2994, 0.63137, 52.53667, 5.5E-4, 0.02942, 1.1E-4, 0.09265, -999.0, -999.0, -999.0, -999.0, -999.0</values>
				<sampling_intervals>
					<main_interval>
						<bounds>0.05, 0.95</bounds>
						<lower_bound>
							<values>0.09246, 0.01499, 0.14339, 1.0, 0.2746, 0.00733, 0.05181, 0.42785, 3.31519, 2.7E-4, 4.2E-4, 1.0E-5, 0.00733, -999.0, -999.0, -999.0, -999.0, -999.0</values>
						</lower_bound>
						<upper_bound>
							<values>0.5042, 0.1489, 0.59068, 1.0, 0.83687, 0.22651, 0.50595, 0.87547, 120.84803, 9.6E-4, 0.11588, 2.7E-4, 0.2263, -999.0, -999.0, -999.0, -999.0, -999.0</values>
						</upper_bound>
					</main_interval>
					<sample_size>
						<values>1000.0, 1000.0, 1000.0, 1000.0, 1000.0, 1000.0, 1000.0, 1000.0, 1000.0, 1000.0, 1000.0, 1000.0, 1000.0, -999.0, -999.0, -999.0, -999.0, -999.0</values>
					</sample_size>
				</sampling_intervals>
			</data>
		</threshold>
		<threshold>
			<threshold_value>GT 21.36101 (Pr=0.9994)</threshold_value>
			<data>
				<values>0.38738, 0.11247, 0.49985, 1.0, 0.51052, 0.08162, 0.18372, 0.60277, 16.78189, 3.1E-4, 0.00128, 5.0E-5, 0.08157, -999.0, -999.0, -999.0, -999.0, -999.0</values>
				<sampling_intervals>
					<main_interval>
						<bounds>0.05, 0.95</bounds>
						<lower_bound>
							<values>-5.4E-4, 0.0021, 0.0, 1.0, 0.26045, 0.0, 0.00157, 0.33628, 0.0, 1.6E-4, 0.0, 0.0, 0.0, -999.0, -999.0, -999.0, -999.0, -999.0</values>
						</lower_bound>
						<upper_bound>
							<values>0.62834, 0.22011, 0.79989, 1.0, 1.00046, 0.23986, 0.34185, 1.00088, 115.7255, 6.8E-4, 0.02779, 1.8E-4, 0.23973, -999.0, -999.0, -999.0, -999.0, -999.0</values>
						</upper_bound>
					</main_interval>
					<sample_size>
						<values>1000.0, 1000.0, 1000.0, 1000.0, 1000.0, 1000.0, 1000.0, 1000.0, 1000.0, 1000.0, 1000.0, 1000.0, 1000.0, -999.0, -999.0, -999.0, -999.0, -999.0</values>
					</sample_size>
				</sampling_intervals>
			</data>
		</threshold>
		<threshold>
			<threshold_value>GT 30.25109 (Pr=0.9997)</threshold_value>
			<data>
				<values>0.1426, 0.10735, 0.24994, 1.0, 0.79744, 0.01147, 0.07144, 0.83214, 83.88394, 2.4E-4, 0.01148, 0.0, 0.01147, -999.0, -999.0, -999.0, -999.0, -999.0</values>
				<sampling_intervals>
					<main_interval>
						<bounds>0.05, 0.95</bounds>
						<lower_bound>
							<values>-0.00738, 3.0E-4, 0.0, 1.0, 0.3267, 0.0, 0.0, 0.38385, 0.0, 1.0E-4, 0.0, 0.0, 0.0, -999.0, -999.0, -999.0, -999.0, -999.0</values>
						</lower_bound>
						<upper_bound>
							<values>0.59853, 0.43219, 0.92418, 1.0, 1.00046, 0.18362, 0.25852, 1.0009, 67.0319, 5.3E-4, 0.0106, 7.0E-5, 0.18351, -999.0, -999.0, -999.0, -999.0, -999.0</values>
						</upper_bound>
					</main_interval>
					<sample_size>
						<values>1000.0, 1000.0, 1000.0, 1000.0, 1000.0, 1000.0, 1000.0, 1000.0, 1000.0, 1000.0, 1000.0, 1000.0, 1000.0, -999.0, -999.0, -999.0, -999.0, -999.0</values>
					</sample_size>
				</sampling_intervals>
			</data>
		</threshold>
		<threshold>
			<threshold_value>GT 45.81451 (Pr=0.99989)</threshold_value>
			<data>
				<values>-0.01036, 0.01036, 0.0, 1.0, 1.00015, 0.0, 0.0102, 1.0003, 67.09694, 1.5E-4, 0.0051, 0.0, 0.0, -999.0, -999.0, -999.0, -999.0, -999.0</values>
				<sampling_intervals>
					<main_interval>
						<bounds>0.05, 0.95</bounds>
						<lower_bound>
							<values>-0.05407, 8.0E-5, 0.0, 1.0, 0.32656, 0.0, 0.0, 0.27242, 0.0, 3.0E-5, 0.0, 0.0, 0.0, -999.0, -999.0, -999.0, -999.0, -999.0</values>
						</lower_bound>
						<upper_bound>
							<values>0.63262, 0.34699, 1.0, 1.0, 1.00023, 0.18365, 0.22447, 1.00043, 530.49439, 2.1E-4, 0.10716, 2.0E-5, 0.18364, -999.0, -999.0, -999.0, -999.0, -999.0</values>
						</upper_bound>
					</main_interval>
					<sample_size>
						<values>1000.0, 1000.0, 1000.0, 1000.0, 1000.0, 1000.0, 1000.0, 1000.0, 1000.0, 1000.0, 1000.0, 1000.0, 1000.0, -999.0, -999.0, -999.0, -999.0, -999.0</values>
					</sample_size>
				</sampling_intervals>
			</data>
		</threshold>
		<threshold>
			<threshold_value>GT 54.55764 (Pr=0.99999)</threshold_value>
			<data>
				<values>-8.0E-5, 8.0E-5, 0.0, 1.0, 1.00008, 0.0, 0.0, 1.00015, 0.0, 8.0E-5, 0.0, 0.0, 0.0, -999.0, -999.0, -999.0, -999.0, -999.0</values>
				<sampling_intervals>
					<main_interval>
						<bounds>0.05, 0.95</bounds>
						<lower_bound>
							<values>-0.02061, 8.0E-5, 0.0, 1.0, 0.73476, 0.0, 0.0, 0.73482, 0.0, 6.0E-5, 0.0, 0.0, 0.0, -999.0, -999.0, -999.0, -999.0, -999.0</values>
						</lower_bound>
						<upper_bound>
							<values>0.26519, 0.68558, 1.0, 1.0, 1.00023, 0.02041, 0.02041, 1.00043, 251.29332, 2.3E-4, 0.02041, 0.0, 0.02041, -999.0, -999.0, -999.0, -999.0, -999.0</values>
						</upper_bound>
					</main_interval>
					<sample_size>
						<values>1000.0, 1000.0, 1000.0, 1000.0, 1000.0, 1000.0, 1000.0, 1000.0, 1000.0, 1000.0, 1000.0, 1000.0, 1000.0, -999.0, -999.0, -999.0, -999.0, -999.0</values>
					</sample_size>
				</sampling_intervals>
			</data>
		</threshold>
	</threshold_data>
</result></results>