<?xml version="1.0" standalone="yes"?><results>
<!--Result file containing the results for a single metric by lead period.
Some metrics, such as reliability diagrams, have results for specific thresholds 
(e.g. probability thresholds).  In that case, the results are stored by lead period 
and then by threshold value.  The actual data associated with a result always appears 
within a 'values' tag.  A metric result that comprises a single value will appear as a 
single value in this tag.  A metric result that comprises a 1D matrix will appear as a 
row of values separated by commas in the input order.  A metric result that comprises a 
2D matrix will appear as a sequence of rows, each with a 'values' tag, which are written 
in the input order.  For example, a diagram metric with an x and y axis will comprise 
two rows of data (i.e. two rows within two separate 'values' tags).  The default input 
order would be data for the x axis followed by data for the y axis.  Data that refer to 
cumulative probabilities are, by default, always defined in increasing size of probability.--><meta_data>
	<thresholds_type>true</thresholds_type>
	<original_file_id>08167500_CAL.Streamflow.ICK_INF_ONE_OBS_ONE_MEAN_1D_MEAN_INDEP.Brier_skill_score.xml</original_file_id>
</meta_data><result>
	<lead_hour>0.0</lead_hour>
	<threshold_data>
		<threshold>
			<threshold_value>GT 0.0 (Pr=0.0)</threshold_value>
			<data>
				<values>0.86853, 0.0137, 0.55548, 0.67325, 0.01051, 0.51554, 0.63651, 0.09578, 0.21191, 1.9E-4, 4.6E-4, 0.0101, 0.02277, 0.97025, 3.15245, 0.98163, 10.05814, 0.34093</values>
				<sampling_intervals>
					<main_interval>
						<bounds>0.05, 0.95</bounds>
						<lower_bound>
							<values>0.81554, 0.00767, 0.25861, 0.32931, 0.00499, 0.23841, 0.31158, 0.04227, 0.12989, 4.0E-5, 1.8E-4, 0.00131, 0.00777, 0.93455, 1.63602, 0.96822, 6.60025, -0.41557</values>
						</lower_bound>
						<upper_bound>
							<values>0.93002, 0.02943, 0.77852, 0.90863, 0.01708, 0.72537, 0.85407, 0.14878, 0.38316, 5.0E-4, 8.9E-4, 0.02818, 0.03958, 0.98601, 6.13664, 0.99065, 13.87952, 1.03327</values>
						</upper_bound>
					</main_interval>
					<sample_size>
						<values>1000.0, 1000.0, 1000.0, 1000.0, 1000.0, 1000.0, 1000.0, 1000.0, 1000.0, 1000.0, 1000.0, 1000.0, 1000.0, 1000.0, 1000.0, 1000.0, 1000.0, 1000.0</values>
					</sample_size>
				</sampling_intervals>
			</data>
		</threshold>
		<threshold>
			<threshold_value>GT 0.00618 (Pr=0.025)</threshold_value>
			<data>
				<values>0.79857, 0.09256, 0.56438, 0.67325, 0.00855, 0.55443, 0.74731, 0.25075, 0.09028, 0.00536, 2.1E-4, 0.01087, 0.02449, 0.79901, 3.21903, 0.98505, 10.89222, 0.57435</values>
				<sampling_intervals>
					<main_interval>
						<bounds>0.05, 0.95</bounds>
						<lower_bound>
							<values>0.69964, 0.02497, 0.35621, 0.44629, 0.00571, 0.32954, 0.45915, 0.04841, 0.05064, 6.8E-4, 1.0E-4, 0.00351, 0.01435, 0.65029, 1.11815, 0.8527, 2.28991, -0.18715</values>
						</lower_bound>
						<upper_bound>
							<values>0.87984, 0.19447, 0.86525, 0.97713, 0.08079, 0.74595, 0.92026, 0.37491, 0.48133, 0.00966, 0.00621, 0.0296, 0.04577, 0.93434, 4.99635, 0.99047, 14.0529, 1.16796</values>
						</upper_bound>
					</main_interval>
					<sample_size>
						<values>1000.0, 1000.0, 1000.0, 1000.0, 1000.0, 1000.0, 1000.0, 1000.0, 1000.0, 1000.0, 1000.0, 1000.0, 1000.0, 1000.0, 1000.0, 1000.0, 1000.0, 1000.0</values>
					</sample_size>
				</sampling_intervals>
			</data>
		</threshold>
		<threshold>
			<threshold_value>GT 0.01965 (Pr=0.05)</threshold_value>
			<data>
				<values>0.78544, 0.11234, 0.94877, 1.05099, 0.02167, 0.79113, 0.98401, 0.28172, 0.09641, 0.00981, 0.00134, 0.03837, 0.0675, 0.68462, 1.33001, 0.9637, 5.13871, 0.85055</values>
				<sampling_intervals>
					<main_interval>
						<bounds>0.05, 0.95</bounds>
						<lower_bound>
							<values>0.75886, 0.05291, 0.78015, 0.87509, 0.01949, 0.5217, 0.6373, 0.06234, 0.1001, 0.0013, 0.00128, 0.02182, 0.04939, 0.60814, 0.75678, 0.83108, 2.56547, 0.16805</values>
						</lower_bound>
						<upper_bound>
							<values>0.85492, 0.12288, 1.25492, 1.37574, 0.10415, 0.90374, 1.06403, 0.2754, 0.46425, 0.0098, 0.0126, 0.07928, 0.10228, 0.85716, 1.91296, 0.96764, 6.15304, 1.0568</values>
						</upper_bound>
					</main_interval>
					<sample_size>
						<values>1000.0, 1000.0, 1000.0, 1000.0, 1000.0, 1000.0, 1000.0, 1000.0, 1000.0, 1000.0, 1000.0, 1000.0, 1000.0, 1000.0, 1000.0, 1000.0, 1000.0, 1000.0</values>
					</sample_size>
				</sampling_intervals>
			</data>
		</threshold>
		<threshold>
			<threshold_value>GT 0.02917 (Pr=0.075)</threshold_value>
			<data>
				<values>0.76529, 0.11351, 1.12693, 1.24813, 0.02074, 0.97216, 1.18613, 0.33081, 0.09659, 0.01229, 0.00162, 0.07927, 0.11394, 0.62144, 1.05648, 0.96667, 4.95236, 1.19275</values>
				<sampling_intervals>
					<main_interval>
						<bounds>0.05, 0.95</bounds>
						<lower_bound>
							<values>0.73974, 0.04088, 0.92921, 1.03418, 0.01689, 0.67881, 0.80989, 0.06905, 0.09181, 0.00125, 0.00138, 0.04838, 0.08504, 0.49388, 0.688, 0.86484, 3.2414, 0.53145</values>
						</lower_bound>
						<upper_bound>
							<values>0.85604, 0.13714, 1.43294, 1.55258, 0.09081, 1.11854, 1.30482, 0.35471, 0.39069, 0.01407, 0.01385, 0.1517, 0.16147, 0.85769, 1.9105, 0.97253, 5.89732, 1.41057</values>
						</upper_bound>
					</main_interval>
					<sample_size>
						<values>1000.0, 1000.0, 1000.0, 1000.0, 1000.0, 1000.0, 1000.0, 1000.0, 1000.0, 1000.0, 1000.0, 1000.0, 1000.0, 1000.0, 1000.0, 1000.0, 1000.0, 1000.0</values>
					</sample_size>
				</sampling_intervals>
			</data>
		</threshold>
		<threshold>
			<threshold_value>GT 0.03867 (Pr=0.1)</threshold_value>
			<data>
				<values>0.80688, 0.05505, 1.26973, 1.4078, 0.01936, 1.11134, 1.2851, 0.26633, 0.11024, 0.01061, 0.00218, 0.14909, 0.16879, 0.7247, 1.08915, 0.97041, 5.26365, 1.45692</values>
				<sampling_intervals>
					<main_interval>
						<bounds>0.05, 0.95</bounds>
						<lower_bound>
							<values>0.75404, 0.03679, 1.02405, 1.13157, 0.015, 0.76996, 0.9019, 0.07376, 0.08702, 0.00169, 0.00154, 0.08525, 0.12841, 0.31209, 0.72928, 0.88348, 3.75396, 0.74573</values>
						</lower_bound>
						<upper_bound>
							<values>0.85724, 0.10563, 1.51316, 1.64185, 0.079, 1.23309, 1.3995, 0.33712, 0.36372, 0.01564, 0.01526, 0.23747, 0.21548, 0.83429, 2.07677, 0.97593, 6.02337, 1.69306</values>
						</upper_bound>
					</main_interval>
					<sample_size>
						<values>1000.0, 1000.0, 1000.0, 1000.0, 1000.0, 1000.0, 1000.0, 1000.0, 1000.0, 1000.0, 1000.0, 1000.0, 1000.0, 1000.0, 1000.0, 1000.0, 1000.0, 1000.0</values>
					</sample_size>
				</sampling_intervals>
			</data>
		</threshold>
		<threshold>
			<threshold_value>GT 0.04683 (Pr=0.125)</threshold_value>
			<data>
				<values>0.81569, 0.06023, 1.31261, 1.43669, 0.02014, 1.12648, 1.29065, 0.24372, 0.119, 0.01049, 0.00304, 0.19962, 0.21944, 0.54565, 1.30584, 0.96942, 5.46131, 1.5019</values>
				<sampling_intervals>
					<main_interval>
						<bounds>0.05, 0.95</bounds>
						<lower_bound>
							<values>0.76103, 0.03468, 1.07422, 1.19, 0.01494, 0.85731, 0.99107, 0.08506, 0.07547, 0.00247, 0.00137, 0.11792, 0.17294, 0.18246, 0.82569, 0.91641, 4.22502, 0.96486</values>
						</lower_bound>
						<upper_bound>
							<values>0.85653, 0.1065, 1.54292, 1.68019, 0.05589, 1.29453, 1.4722, 0.37483, 0.31488, 0.01942, 0.01312, 0.31709, 0.26579, 0.79712, 1.9797, 0.97696, 6.31463, 1.89965</values>
						</upper_bound>
					</main_interval>
					<sample_size>
						<values>1000.0, 1000.0, 1000.0, 1000.0, 1000.0, 1000.0, 1000.0, 1000.0, 1000.0, 1000.0, 1000.0, 1000.0, 1000.0, 1000.0, 1000.0, 1000.0, 1000.0, 1000.0</values>
					</sample_size>
				</sampling_intervals>
			</data>
		</threshold>
		<threshold>
			<threshold_value>GT 0.05347 (Pr=0.15)</threshold_value>
			<data>
				<values>0.84293, 0.02966, 1.37799, 1.50541, 0.02287, 1.15733, 1.29153, 0.15531, 0.1588, 0.00623, 0.00516, 0.27281, 0.26779, 0.70235, 1.27748, 0.96615, 5.50768, 1.57107</values>
				<sampling_intervals>
					<main_interval>
						<bounds>0.05, 0.95</bounds>
						<lower_bound>
							<values>0.75531, 0.02957, 1.02851, 1.14303, 0.01342, 0.81833, 0.93753, 0.06073, 0.06772, 0.00203, 0.00108, 0.12179, 0.21517, 0.02265, 0.83971, 0.93565, 3.87863, 0.74456</values>
						</lower_bound>
						<upper_bound>
							<values>0.86589, 0.1179, 1.58726, 1.70655, 0.0428, 1.35131, 1.52724, 0.41461, 0.36753, 0.02354, 0.01496, 0.40962, 0.374, 0.87402, 1.87367, 0.97982, 6.69671, 2.04888</values>
						</upper_bound>
					</main_interval>
					<sample_size>
						<values>1000.0, 1000.0, 1000.0, 1000.0, 1000.0, 1000.0, 1000.0, 1000.0, 1000.0, 1000.0, 1000.0, 1000.0, 1000.0, 1000.0, 1000.0, 1000.0, 1000.0, 1000.0</values>
					</sample_size>
				</sampling_intervals>
			</data>
		</threshold>
		<threshold>
			<threshold_value>GT 0.05926 (Pr=0.175)</threshold_value>
			<data>
				<values>0.76978, 0.09727, 1.37245, 1.50541, 0.01749, 1.26572, 1.47846, 0.39911, 0.06444, 0.02342, 0.00109, 0.29836, 0.29287, 0.02388, 1.26832, 0.97412, 6.11718, 1.94319</values>
				<sampling_intervals>
					<main_interval>
						<bounds>0.05, 0.95</bounds>
						<lower_bound>
							<values>0.75834, 0.02424, 1.01332, 1.11609, 0.01314, 0.8102, 0.92843, 0.05303, 0.06157, 0.00151, 0.00103, 0.12891, 0.26076, -0.0999, 0.81935, 0.93581, 3.55423, 0.77637</values>
						</lower_bound>
						<upper_bound>
							<values>0.876, 0.11116, 1.59399, 1.72052, 0.04215, 1.40484, 1.58265, 0.42885, 0.45132, 0.02666, 0.02263, 0.48299, 0.50994, 0.91316, 1.69682, 0.98072, 6.72839, 2.18996</values>
						</upper_bound>
					</main_interval>
					<sample_size>
						<values>1000.0, 1000.0, 1000.0, 1000.0, 1000.0, 1000.0, 1000.0, 1000.0, 1000.0, 1000.0, 1000.0, 1000.0, 1000.0, 1000.0, 1000.0, 1000.0, 1000.0, 1000.0</values>
					</sample_size>
				</sampling_intervals>
			</data>
		</threshold>
		<threshold>
			<threshold_value>GT 0.06427 (Pr=0.2)</threshold_value>
			<data>
				<values>0.85849, 0.0203, 1.2534, 1.37462, 0.01908, 1.07002, 1.19246, 0.09922, 0.23839, 0.00466, 0.00887, 0.22511, 0.51554, 0.90398, 1.13887, 0.97063, 4.35181, 1.16658</values>
				<sampling_intervals>
					<main_interval>
						<bounds>0.05, 0.95</bounds>
						<lower_bound>
							<values>0.77863, 0.02275, 1.03704, 1.14312, 0.01188, 0.88123, 1.0099, 0.05977, 0.06672, 0.00185, 0.0014, 0.14934, 0.31648, 0.02026, 0.79995, 0.93814, 3.59131, 0.93307</values>
						</lower_bound>
						<upper_bound>
							<values>0.87673, 0.0925, 1.55738, 1.68438, 0.04088, 1.36361, 1.55692, 0.40325, 0.43603, 0.02442, 0.0235, 0.48395, 0.58166, 0.90567, 1.60576, 0.98177, 6.45728, 2.25672</values>
						</upper_bound>
					</main_interval>
					<sample_size>
						<values>1000.0, 1000.0, 1000.0, 1000.0, 1000.0, 1000.0, 1000.0, 1000.0, 1000.0, 1000.0, 1000.0, 1000.0, 1000.0, 1000.0, 1000.0, 1000.0, 1000.0, 1000.0</values>
					</sample_size>
				</sampling_intervals>
			</data>
		</threshold>
		<threshold>
			<threshold_value>GT 0.06917 (Pr=0.225)</threshold_value>
			<data>
				<values>0.81147, 0.06914, 1.25523, 1.37462, 0.01733, 1.13391, 1.30511, 0.22509, 0.1048, 0.01539, 0.00252, 0.23855, 0.54633, 0.67291, 1.14199, 0.97333, 4.67138, 1.37127</values>
				<sampling_intervals>
					<main_interval>
						<bounds>0.05, 0.95</bounds>
						<lower_bound>
							<values>0.78252, 0.02353, 1.11682, 1.23479, 0.01303, 0.94176, 1.07609, 0.06375, 0.09762, 0.00203, 0.00216, 0.18552, 0.47535, 0.57049, 0.73914, 0.93714, 3.63376, 1.06541</values>
						</lower_bound>
						<upper_bound>
							<values>0.86895, 0.08484, 1.55679, 1.6936, 0.04212, 1.33084, 1.49257, 0.25913, 0.43747, 0.01866, 0.02644, 0.38435, 0.63225, 0.89114, 1.44806, 0.97999, 5.31147, 1.58329</values>
						</upper_bound>
					</main_interval>
					<sample_size>
						<values>1000.0, 1000.0, 1000.0, 1000.0, 1000.0, 1000.0, 1000.0, 1000.0, 1000.0, 1000.0, 1000.0, 1000.0, 1000.0, 1000.0, 1000.0, 1000.0, 1000.0, 1000.0</values>
					</sample_size>
				</sampling_intervals>
			</data>
		</threshold>
		<threshold>
			<threshold_value>GT 0.07421 (Pr=0.25)</threshold_value>
			<data>
				<values>0.84097, 0.02307, 1.41583, 1.5518, 0.02209, 1.20359, 1.34053, 0.1161, 0.24062, 0.0057, 0.01147, 0.32454, 0.61678, 0.87199, 0.9342, 0.96715, 4.31461, 1.42008</values>
				<sampling_intervals>
					<main_interval>
						<bounds>0.05, 0.95</bounds>
						<lower_bound>
							<values>0.78197, 0.02428, 1.18168, 1.30434, 0.01313, 1.00924, 1.14802, 0.06938, 0.09644, 0.00237, 0.0024, 0.22741, 0.52023, 0.54593, 0.69818, 0.93841, 3.65947, 1.21026</values>
						</lower_bound>
						<upper_bound>
							<values>0.86524, 0.0818, 1.61642, 1.74858, 0.04213, 1.40395, 1.55594, 0.25602, 0.40867, 0.01929, 0.02643, 0.43281, 0.68626, 0.88093, 1.36215, 0.98042, 5.34176, 1.67208</values>
						</upper_bound>
					</main_interval>
					<sample_size>
						<values>1000.0, 1000.0, 1000.0, 1000.0, 1000.0, 1000.0, 1000.0, 1000.0, 1000.0, 1000.0, 1000.0, 1000.0, 1000.0, 1000.0, 1000.0, 1000.0, 1000.0, 1000.0</values>
					</sample_size>
				</sampling_intervals>
			</data>
		</threshold>
		<threshold>
			<threshold_value>GT 0.07928 (Pr=0.275)</threshold_value>
			<data>
				<values>0.8016, 0.06176, 1.41516, 1.5518, 0.01939, 1.27259, 1.4516, 0.24852, 0.10314, 0.01743, 0.00304, 0.34315, 0.65214, 0.6573, 0.93327, 0.97118, 4.61929, 1.6206</values>
				<sampling_intervals>
					<main_interval>
						<bounds>0.05, 0.95</bounds>
						<lower_bound>
							<values>0.77742, 0.02184, 1.24382, 1.36584, 0.01338, 1.06148, 1.20645, 0.07576, 0.09638, 0.00261, 0.00273, 0.26783, 0.55242, 0.51789, 0.67001, 0.94436, 3.80809, 1.3392</values>
						</lower_bound>
						<upper_bound>
							<values>0.86498, 0.07551, 1.6657, 1.80324, 0.0378, 1.45345, 1.61041, 0.2733, 0.3615, 0.02079, 0.0241, 0.49926, 0.72245, 0.87757, 1.32951, 0.98011, 5.46442, 1.77101</values>
						</upper_bound>
					</main_interval>
					<sample_size>
						<values>1000.0, 1000.0, 1000.0, 1000.0, 1000.0, 1000.0, 1000.0, 1000.0, 1000.0, 1000.0, 1000.0, 1000.0, 1000.0, 1000.0, 1000.0, 1000.0, 1000.0, 1000.0</values>
					</sample_size>
				</sampling_intervals>
			</data>
		</threshold>
		<threshold>
			<threshold_value>GT 0.08461 (Pr=0.3)</threshold_value>
			<data>
				<values>0.84853, 0.01811, 1.51684, 1.6502, 0.0176, 1.32734, 1.46121, 0.13236, 0.18054, 0.00682, 0.00835, 0.44213, 0.67253, 0.86586, 0.93178, 0.97427, 4.70386, 1.6633</values>
				<sampling_intervals>
					<main_interval>
						<bounds>0.05, 0.95</bounds>
						<lower_bound>
							<values>0.78786, 0.02118, 1.3167, 1.43687, 0.013, 1.12645, 1.25983, 0.08108, 0.09189, 0.0030, 0.00255, 0.32012, 0.57859, 0.50036, 0.64518, 0.95226, 3.91583, 1.46096</values>
						</lower_bound>
						<upper_bound>
							<values>0.86387, 0.06789, 1.72608, 1.86266, 0.03312, 1.51375, 1.67176, 0.26856, 0.32967, 0.01995, 0.02174, 0.5749, 0.75048, 0.86938, 1.29985, 0.98078, 5.58241, 1.85786</values>
						</upper_bound>
					</main_interval>
					<sample_size>
						<values>1000.0, 1000.0, 1000.0, 1000.0, 1000.0, 1000.0, 1000.0, 1000.0, 1000.0, 1000.0, 1000.0, 1000.0, 1000.0, 1000.0, 1000.0, 1000.0, 1000.0, 1000.0</values>
					</sample_size>
				</sampling_intervals>
			</data>
		</threshold>
		<threshold>
			<threshold_value>GT 0.08999 (Pr=0.325)</threshold_value>
			<data>
				<values>0.80482, 0.06543, 1.52045, 1.6502, 0.0193, 1.36802, 1.5439, 0.27006, 0.08127, 0.01925, 0.00224, 0.45568, 0.69314, 0.51537, 0.93638, 0.97179, 4.87868, 1.81401</values>
				<sampling_intervals>
					<main_interval>
						<bounds>0.05, 0.95</bounds>
						<lower_bound>
							<values>0.79353, 0.02178, 1.376, 1.49567, 0.01346, 1.18075, 1.32615, 0.08863, 0.08769, 0.00317, 0.00267, 0.36842, 0.59882, 0.42595, 0.6341, 0.95259, 3.98385, 1.55553</values>
						</lower_bound>
						<upper_bound>
							<values>0.85814, 0.06551, 1.76851, 1.90371, 0.03322, 1.56648, 1.71785, 0.26802, 0.31339, 0.01967, 0.02089, 0.65395, 0.77546, 0.86336, 1.23603, 0.98047, 5.60021, 1.9522</values>
						</upper_bound>
					</main_interval>
					<sample_size>
						<values>1000.0, 1000.0, 1000.0, 1000.0, 1000.0, 1000.0, 1000.0, 1000.0, 1000.0, 1000.0, 1000.0, 1000.0, 1000.0, 1000.0, 1000.0, 1000.0, 1000.0, 1000.0</values>
					</sample_size>
				</sampling_intervals>
			</data>
		</threshold>
		<threshold>
			<threshold_value>GT 0.0958 (Pr=0.35)</threshold_value>
			<data>
				<values>0.84231, 0.02017, 1.62432, 1.76183, 0.0165, 1.43983, 1.58102, 0.16742, 0.14541, 0.00897, 0.00668, 0.56634, 0.71429, 0.83319, 0.84003, 0.97634, 4.71367, 1.85116</values>
				<sampling_intervals>
					<main_interval>
						<bounds>0.05, 0.95</bounds>
						<lower_bound>
							<values>0.8008, 0.02227, 1.43084, 1.56417, 0.01357, 1.24068, 1.39173, 0.0928, 0.0859, 0.00343, 0.00277, 0.43197, 0.62238, 0.44134, 0.61178, 0.95778, 4.01072, 1.67556</values>
						</lower_bound>
						<upper_bound>
							<values>0.85639, 0.05971, 1.82174, 1.95851, 0.02947, 1.61363, 1.76481, 0.26034, 0.29202, 0.01872, 0.01959, 0.73488, 0.78675, 0.85449, 1.1345, 0.98058, 5.54606, 2.02271</values>
						</upper_bound>
					</main_interval>
					<sample_size>
						<values>1000.0, 1000.0, 1000.0, 1000.0, 1000.0, 1000.0, 1000.0, 1000.0, 1000.0, 1000.0, 1000.0, 1000.0, 1000.0, 1000.0, 1000.0, 1000.0, 1000.0, 1000.0</values>
					</sample_size>
				</sampling_intervals>
			</data>
		</threshold>
		<threshold>
			<threshold_value>GT 0.10188 (Pr=0.375)</threshold_value>
			<data>
				<values>0.82908, 0.03368, 1.7279, 1.86514, 0.02206, 1.49095, 1.63981, 0.11235, 0.23348, 0.00454, 0.01397, 0.67151, 0.71717, 0.74368, 0.73388, 0.969, 4.42845, 1.91324</values>
				<sampling_intervals>
					<main_interval>
						<bounds>0.05, 0.95</bounds>
						<lower_bound>
							<values>0.79938, 0.02244, 1.51551, 1.64678, 0.01347, 1.30521, 1.45452, 0.09959, 0.08589, 0.00366, 0.00296, 0.49304, 0.63826, 0.45886, 0.58968, 0.96096, 3.97797, 1.76037</values>
						</lower_bound>
						<upper_bound>
							<values>0.85458, 0.05776, 1.86536, 2.00134, 0.02767, 1.65993, 1.80598, 0.27778, 0.27267, 0.01945, 0.01831, 0.80731, 0.80049, 0.85611, 1.0246, 0.98113, 5.43533, 2.09279</values>
						</upper_bound>
					</main_interval>
					<sample_size>
						<values>1000.0, 1000.0, 1000.0, 1000.0, 1000.0, 1000.0, 1000.0, 1000.0, 1000.0, 1000.0, 1000.0, 1000.0, 1000.0, 1000.0, 1000.0, 1000.0, 1000.0, 1000.0</values>
					</sample_size>
				</sampling_intervals>
			</data>
		</threshold>
		<threshold>
			<threshold_value>GT 0.10867 (Pr=0.4)</threshold_value>
			<data>
				<values>0.82947, 0.03576, 1.73037, 1.86514, 0.01765, 1.54022, 1.6931, 0.2386, 0.09782, 0.01538, 0.00386, 0.6937, 0.74087, 0.7279, 0.73636, 0.97521, 4.60783, 2.00791</values>
				<sampling_intervals>
					<main_interval>
						<bounds>0.05, 0.95</bounds>
						<lower_bound>
							<values>0.80281, 0.02267, 1.5757, 1.70889, 0.01392, 1.35919, 1.51205, 0.11107, 0.08677, 0.00425, 0.00314, 0.56698, 0.64575, 0.47888, 0.56264, 0.96225, 3.98777, 1.83618</values>
						</lower_bound>
						<upper_bound>
							<values>0.85397, 0.05529, 1.89319, 2.02757, 0.02691, 1.69162, 1.83852, 0.2766, 0.25532, 0.01963, 0.01742, 0.87384, 0.80251, 0.86165, 0.94943, 0.98064, 5.31735, 2.15507</values>
						</upper_bound>
					</main_interval>
					<sample_size>
						<values>1000.0, 1000.0, 1000.0, 1000.0, 1000.0, 1000.0, 1000.0, 1000.0, 1000.0, 1000.0, 1000.0, 1000.0, 1000.0, 1000.0, 1000.0, 1000.0, 1000.0, 1000.0</values>
					</sample_size>
				</sampling_intervals>
			</data>
		</threshold>
		<threshold>
			<threshold_value>GT 0.11566 (Pr=0.425)</threshold_value>
			<data>
				<values>0.83766, 0.02062, 1.76574, 1.90746, 0.01717, 1.56668, 1.71184, 0.20061, 0.12661, 0.01186, 0.00591, 0.78186, 0.72992, 0.85425, 0.68338, 0.97618, 4.53346, 2.04432</values>
				<sampling_intervals>
					<main_interval>
						<bounds>0.05, 0.95</bounds>
						<lower_bound>
							<values>0.80207, 0.02162, 1.61555, 1.75824, 0.01404, 1.39734, 1.55206, 0.12736, 0.08572, 0.0054, 0.00304, 0.63056, 0.63698, 0.55448, 0.55349, 0.96431, 3.98385, 1.89985</values>
						</lower_bound>
						<upper_bound>
							<values>0.85175, 0.05413, 1.9016, 2.03552, 0.02577, 1.69902, 1.85035, 0.2927, 0.23289, 0.02105, 0.01522, 0.95042, 0.7944, 0.86639, 0.87464, 0.98056, 5.23536, 2.20674</values>
						</upper_bound>
					</main_interval>
					<sample_size>
						<values>1000.0, 1000.0, 1000.0, 1000.0, 1000.0, 1000.0, 1000.0, 1000.0, 1000.0, 1000.0, 1000.0, 1000.0, 1000.0, 1000.0, 1000.0, 1000.0, 1000.0, 1000.0</values>
					</sample_size>
				</sampling_intervals>
			</data>
		</threshold>
		<threshold>
			<threshold_value>GT 0.12281 (Pr=0.45)</threshold_value>
			<data>
				<values>0.82698, 0.01925, 1.76475, 1.91851, 0.01837, 1.56175, 1.7164, 0.17539, 0.17105, 0.00906, 0.00888, 0.84968, 0.70363, 0.87045, 0.65374, 0.97481, 4.50196, 2.09385</values>
				<sampling_intervals>
					<main_interval>
						<bounds>0.05, 0.95</bounds>
						<lower_bound>
							<values>0.80025, 0.0205, 1.62814, 1.77527, 0.01443, 1.40913, 1.56854, 0.13928, 0.08292, 0.00617, 0.00302, 0.68582, 0.61529, 0.60789, 0.55356, 0.96585, 4.0024, 1.94146</values>
						</lower_bound>
						<upper_bound>
							<values>0.84733, 0.04911, 1.89519, 2.03546, 0.02499, 1.69705, 1.84717, 0.30669, 0.22172, 0.02196, 0.01384, 0.99292, 0.78285, 0.87707, 0.84259, 0.9802, 5.20753, 2.25383</values>
						</upper_bound>
					</main_interval>
					<sample_size>
						<values>1000.0, 1000.0, 1000.0, 1000.0, 1000.0, 1000.0, 1000.0, 1000.0, 1000.0, 1000.0, 1000.0, 1000.0, 1000.0, 1000.0, 1000.0, 1000.0, 1000.0, 1000.0</values>
					</sample_size>
				</sampling_intervals>
			</data>
		</threshold>
		<threshold>
			<threshold_value>GT 0.13013 (Pr=0.475)</threshold_value>
			<data>
				<values>0.81314, 0.03867, 1.74628, 1.89447, 0.02116, 1.52283, 1.68853, 0.15727, 0.20871, 0.00724, 0.01263, 0.89398, 0.66011, 0.74402, 0.67023, 0.97126, 4.53562, 2.13245</values>
				<sampling_intervals>
					<main_interval>
						<bounds>0.05, 0.95</bounds>
						<lower_bound>
							<values>0.79912, 0.02084, 1.62171, 1.77384, 0.01512, 1.4058, 1.56424, 0.15025, 0.08346, 0.00692, 0.00293, 0.73568, 0.59853, 0.64957, 0.55096, 0.96517, 4.01418, 1.97282</values>
						</lower_bound>
						<upper_bound>
							<values>0.84329, 0.04715, 1.88853, 2.02732, 0.02552, 1.67672, 1.83162, 0.31982, 0.21438, 0.02325, 0.01353, 1.03759, 0.75854, 0.87316, 0.82377, 0.97938, 5.22694, 2.28925</values>
						</upper_bound>
					</main_interval>
					<sample_size>
						<values>1000.0, 1000.0, 1000.0, 1000.0, 1000.0, 1000.0, 1000.0, 1000.0, 1000.0, 1000.0, 1000.0, 1000.0, 1000.0, 1000.0, 1000.0, 1000.0, 1000.0, 1000.0</values>
					</sample_size>
				</sampling_intervals>
			</data>
		</threshold>
		<threshold>
			<threshold_value>GT 0.1378 (Pr=0.5)</threshold_value>
			<data>
				<values>0.82545, 0.02423, 1.74415, 1.89447, 0.02027, 1.53544, 1.68973, 0.27404, 0.10109, 0.0184, 0.00445, 0.90138, 0.66557, 0.83958, 0.66819, 0.97246, 4.58147, 2.13466</values>
				<sampling_intervals>
					<main_interval>
						<bounds>0.05, 0.95</bounds>
						<lower_bound>
							<values>0.79202, 0.02051, 1.60462, 1.76136, 0.01581, 1.38939, 1.55165, 0.15866, 0.08461, 0.00752, 0.00324, 0.77852, 0.57039, 0.67856, 0.54942, 0.96382, 4.02715, 1.98922</values>
						</lower_bound>
						<upper_bound>
							<values>0.84142, 0.04578, 1.86782, 2.00637, 0.02653, 1.66262, 1.81851, 0.32454, 0.22844, 0.02358, 0.01456, 1.06596, 0.72899, 0.87467, 0.82126, 0.97855, 5.23315, 2.31613</values>
						</upper_bound>
					</main_interval>
					<sample_size>
						<values>1000.0, 1000.0, 1000.0, 1000.0, 1000.0, 1000.0, 1000.0, 1000.0, 1000.0, 1000.0, 1000.0, 1000.0, 1000.0, 1000.0, 1000.0, 1000.0, 1000.0, 1000.0</values>
					</sample_size>
				</sampling_intervals>
			</data>
		</threshold>
		<threshold>
			<threshold_value>GT 0.14573 (Pr=0.525)</threshold_value>
			<data>
				<values>0.82167, 0.01561, 1.70684, 1.86956, 0.0198, 1.50537, 1.6639, 0.22696, 0.14584, 0.01404, 0.0071, 0.93931, 0.62771, 0.90207, 0.6588, 0.97336, 4.61204, 2.17022</values>
				<sampling_intervals>
					<main_interval>
						<bounds>0.05, 0.95</bounds>
						<lower_bound>
							<values>0.78452, 0.01979, 1.58401, 1.74048, 0.01642, 1.36538, 1.53356, 0.16909, 0.0896, 0.00806, 0.00369, 0.81313, 0.53939, 0.69837, 0.55261, 0.96345, 4.017, 2.00835</values>
						</lower_bound>
						<upper_bound>
							<values>0.83625, 0.04579, 1.8351, 1.98442, 0.02709, 1.63248, 1.79038, 0.31787, 0.23049, 0.02323, 0.01503, 1.08991, 0.70165, 0.88425, 0.8154, 0.97787, 5.24671, 2.34057</values>
						</upper_bound>
					</main_interval>
					<sample_size>
						<values>1000.0, 1000.0, 1000.0, 1000.0, 1000.0, 1000.0, 1000.0, 1000.0, 1000.0, 1000.0, 1000.0, 1000.0, 1000.0, 1000.0, 1000.0, 1000.0, 1000.0, 1000.0</values>
					</sample_size>
				</sampling_intervals>
			</data>
		</threshold>
		<threshold>
			<threshold_value>GT 0.15465 (Pr=0.55)</threshold_value>
			<data>
				<values>0.8096, 0.02244, 1.6723, 1.84026, 0.02118, 1.46716, 1.63638, 0.22927, 0.167, 0.01253, 0.00947, 0.97031, 0.58417, 0.86476, 0.662, 0.97174, 4.5733, 2.1855</values>
				<sampling_intervals>
					<main_interval>
						<bounds>0.05, 0.95</bounds>
						<lower_bound>
							<values>0.7807, 0.01995, 1.55178, 1.71177, 0.0169, 1.33587, 1.50932, 0.18857, 0.10124, 0.00877, 0.00422, 0.84593, 0.50518, 0.7073, 0.55242, 0.96353, 4.02332, 2.00991</values>
						</lower_bound>
						<upper_bound>
							<values>0.83374, 0.04729, 1.80505, 1.95907, 0.02735, 1.60157, 1.7648, 0.33198, 0.22261, 0.02315, 0.01451, 1.10964, 0.6645, 0.88664, 0.81077, 0.97747, 5.1878, 2.35516</values>
						</upper_bound>
					</main_interval>
					<sample_size>
						<values>1000.0, 1000.0, 1000.0, 1000.0, 1000.0, 1000.0, 1000.0, 1000.0, 1000.0, 1000.0, 1000.0, 1000.0, 1000.0, 1000.0, 1000.0, 1000.0, 1000.0, 1000.0</values>
					</sample_size>
				</sampling_intervals>
			</data>
		</threshold>
		<threshold>
			<threshold_value>GT 0.16504 (Pr=0.575)</threshold_value>
			<data>
				<values>0.81295, 0.01604, 1.642, 1.813, 0.02124, 1.44177, 1.60758, 0.26455, 0.1443, 0.01492, 0.00795, 0.99758, 0.55025, 0.90767, 0.66403, 0.97181, 4.52899, 2.16857</values>
				<sampling_intervals>
					<main_interval>
						<bounds>0.05, 0.95</bounds>
						<lower_bound>
							<values>0.78143, 0.02004, 1.52003, 1.69119, 0.01758, 1.30828, 1.47822, 0.20584, 0.09677, 0.00979, 0.00425, 0.87561, 0.47336, 0.75042, 0.54513, 0.96329, 3.94499, 1.9847</values>
						</lower_bound>
						<upper_bound>
							<values>0.83106, 0.04425, 1.77907, 1.93662, 0.02765, 1.57176, 1.7363, 0.36192, 0.20448, 0.02464, 0.01322, 1.12512, 0.62863, 0.89132, 0.81119, 0.97659, 5.15345, 2.34706</values>
						</upper_bound>
					</main_interval>
					<sample_size>
						<values>1000.0, 1000.0, 1000.0, 1000.0, 1000.0, 1000.0, 1000.0, 1000.0, 1000.0, 1000.0, 1000.0, 1000.0, 1000.0, 1000.0, 1000.0, 1000.0, 1000.0, 1000.0</values>
					</sample_size>
				</sampling_intervals>
			</data>
		</threshold>
		<threshold>
			<threshold_value>GT 0.1769 (Pr=0.6)</threshold_value>
			<data>
				<values>0.80876, 0.01744, 1.62226, 1.79607, 0.02436, 1.40685, 1.57372, 0.34911, 0.11053, 0.02198, 0.00566, 1.00868, 0.51566, 0.90824, 0.64518, 0.96782, 4.36169, 2.11362</values>
				<sampling_intervals>
					<main_interval>
						<bounds>0.05, 0.95</bounds>
						<lower_bound>
							<values>0.7841, 0.01942, 1.4877, 1.65539, 0.018, 1.27828, 1.45125, 0.24172, 0.08829, 0.0118, 0.00379, 0.89141, 0.43431, 0.78516, 0.54182, 0.96161, 3.82859, 1.92699</values>
						</lower_bound>
						<upper_bound>
							<values>0.83123, 0.03985, 1.75665, 1.91482, 0.02921, 1.54725, 1.70826, 0.40257, 0.18373, 0.02762, 0.01148, 1.14376, 0.59423, 0.90266, 0.80249, 0.97604, 5.02532, 2.31179</values>
						</upper_bound>
					</main_interval>
					<sample_size>
						<values>1000.0, 1000.0, 1000.0, 1000.0, 1000.0, 1000.0, 1000.0, 1000.0, 1000.0, 1000.0, 1000.0, 1000.0, 1000.0, 1000.0, 1000.0, 1000.0, 1000.0, 1000.0</values>
					</sample_size>
				</sampling_intervals>
			</data>
		</threshold>
		<threshold>
			<threshold_value>GT 0.18951 (Pr=0.625)</threshold_value>
			<data>
				<values>0.81122, 0.02451, 1.61429, 1.77855, 0.02591, 1.39052, 1.55338, 0.40942, 0.08164, 0.02667, 0.00341, 1.01561, 0.49317, 0.87643, 0.65242, 0.96573, 4.24738, 2.05283</values>
				<sampling_intervals>
					<main_interval>
						<bounds>0.05, 0.95</bounds>
						<lower_bound>
							<values>0.78551, 0.01794, 1.45431, 1.61998, 0.01889, 1.24644, 1.41039, 0.27244, 0.08446, 0.01376, 0.00341, 0.89922, 0.40468, 0.81038, 0.53709, 0.96118, 3.66166, 1.847</values>
						</lower_bound>
						<upper_bound>
							<values>0.82889, 0.03703, 1.73882, 1.89802, 0.02929, 1.52078, 1.6915, 0.42608, 0.16337, 0.02823, 0.00953, 1.16106, 0.56149, 0.9141, 0.79516, 0.97498, 4.85834, 2.25148</values>
						</upper_bound>
					</main_interval>
					<sample_size>
						<values>1000.0, 1000.0, 1000.0, 1000.0, 1000.0, 1000.0, 1000.0, 1000.0, 1000.0, 1000.0, 1000.0, 1000.0, 1000.0, 1000.0, 1000.0, 1000.0, 1000.0, 1000.0</values>
					</sample_size>
				</sampling_intervals>
			</data>
		</threshold>
		<threshold>
			<threshold_value>GT 0.20299 (Pr=0.65)</threshold_value>
			<data>
				<values>0.80797, 0.01588, 1.55104, 1.72719, 0.02218, 1.3581, 1.52795, 0.32637, 0.13392, 0.01758, 0.00669, 1.03062, 0.44578, 0.92546, 0.64969, 0.97053, 4.07794, 1.9674</values>
				<sampling_intervals>
					<main_interval>
						<bounds>0.05, 0.95</bounds>
						<lower_bound>
							<values>0.78524, 0.019, 1.41964, 1.58427, 0.01915, 1.21387, 1.37868, 0.28323, 0.08781, 0.01443, 0.00362, 0.89263, 0.37411, 0.81535, 0.54363, 0.96075, 3.49049, 1.74546</values>
						</lower_bound>
						<upper_bound>
							<values>0.82646, 0.0375, 1.70827, 1.87184, 0.02954, 1.491, 1.664, 0.44932, 0.15997, 0.029, 0.0092, 1.16632, 0.52287, 0.91491, 0.79283, 0.97451, 4.70928, 2.17161</values>
						</upper_bound>
					</main_interval>
					<sample_size>
						<values>1000.0, 1000.0, 1000.0, 1000.0, 1000.0, 1000.0, 1000.0, 1000.0, 1000.0, 1000.0, 1000.0, 1000.0, 1000.0, 1000.0, 1000.0, 1000.0, 1000.0, 1000.0</values>
					</sample_size>
				</sampling_intervals>
			</data>
		</threshold>
		<threshold>
			<threshold_value>GT 0.21707 (Pr=0.675)</threshold_value>
			<data>
				<values>0.80869, 0.01669, 1.52354, 1.69816, 0.02457, 1.3169, 1.48364, 0.3895, 0.11069, 0.02214, 0.0052, 1.01754, 0.41392, 0.92507, 0.65447, 0.96723, 3.89172, 1.85622</values>
				<sampling_intervals>
					<main_interval>
						<bounds>0.05, 0.95</bounds>
						<lower_bound>
							<values>0.78112, 0.01895, 1.37918, 1.54516, 0.0199, 1.18075, 1.35366, 0.29873, 0.09381, 0.01462, 0.00388, 0.87283, 0.3398, 0.82125, 0.54174, 0.96005, 3.2686, 1.60176</values>
						</lower_bound>
						<upper_bound>
							<values>0.82372, 0.03929, 1.6795, 1.84864, 0.02996, 1.46767, 1.64104, 0.45923, 0.16011, 0.02794, 0.0092, 1.1645, 0.49263, 0.92097, 0.79251, 0.9733, 4.51235, 2.0734</values>
						</upper_bound>
					</main_interval>
					<sample_size>
						<values>1000.0, 1000.0, 1000.0, 1000.0, 1000.0, 1000.0, 1000.0, 1000.0, 1000.0, 1000.0, 1000.0, 1000.0, 1000.0, 1000.0, 1000.0, 1000.0, 1000.0, 1000.0</values>
					</sample_size>
				</sampling_intervals>
			</data>
		</threshold>
		<threshold>
			<threshold_value>GT 0.23543 (Pr=0.7)</threshold_value>
			<data>
				<values>0.8049, 0.01421, 1.4873, 1.66819, 0.02437, 1.29, 1.46073, 0.37782, 0.1239, 0.01997, 0.00588, 0.97793, 0.3811, 0.93987, 0.64426, 0.96682, 3.60838, 1.6783</values>
				<sampling_intervals>
					<main_interval>
						<bounds>0.05, 0.95</bounds>
						<lower_bound>
							<values>0.77988, 0.01907, 1.34385, 1.5128, 0.02059, 1.14155, 1.31102, 0.31869, 0.09596, 0.01551, 0.00402, 0.82041, 0.31021, 0.82238, 0.54137, 0.95634, 2.97889, 1.39718</values>
						</lower_bound>
						<upper_bound>
							<values>0.82159, 0.0377, 1.67742, 1.84465, 0.03151, 1.45095, 1.6214, 0.47489, 0.15379, 0.0276, 0.00856, 1.12776, 0.46932, 0.92434, 0.78984, 0.97201, 4.30617, 1.94775</values>
						</upper_bound>
					</main_interval>
					<sample_size>
						<values>1000.0, 1000.0, 1000.0, 1000.0, 1000.0, 1000.0, 1000.0, 1000.0, 1000.0, 1000.0, 1000.0, 1000.0, 1000.0, 1000.0, 1000.0, 1000.0, 1000.0, 1000.0</values>
					</sample_size>
				</sampling_intervals>
			</data>
		</threshold>
		<threshold>
			<threshold_value>GT 0.25807 (Pr=0.725)</threshold_value>
			<data>
				<values>0.80703, 0.01964, 1.47695, 1.65029, 0.02695, 1.25893, 1.42495, 0.42614, 0.10309, 0.02271, 0.00451, 0.91616, 0.35316, 0.918, 0.65996, 0.96245, 3.30731, 1.47996</values>
				<sampling_intervals>
					<main_interval>
						<bounds>0.05, 0.95</bounds>
						<lower_bound>
							<values>0.76641, 0.02053, 1.30546, 1.48196, 0.02185, 1.10428, 1.27498, 0.33982, 0.09772, 0.01644, 0.00391, 0.73304, 0.28304, 0.78955, 0.54581, 0.94503, 2.56003, 1.09909</values>
						</lower_bound>
						<upper_bound>
							<values>0.81815, 0.03645, 1.68244, 1.87136, 0.03627, 1.44597, 1.62492, 0.49672, 0.15414, 0.02797, 0.00801, 1.07549, 0.45346, 0.92261, 0.80576, 0.97005, 4.00835, 1.76494</values>
						</upper_bound>
					</main_interval>
					<sample_size>
						<values>1000.0, 1000.0, 1000.0, 1000.0, 1000.0, 1000.0, 1000.0, 1000.0, 1000.0, 1000.0, 1000.0, 1000.0, 1000.0, 1000.0, 1000.0, 1000.0, 1000.0, 1000.0</values>
					</sample_size>
				</sampling_intervals>
			</data>
		</threshold>
		<threshold>
			<threshold_value>GT 0.28272 (Pr=0.75)</threshold_value>
			<data>
				<values>0.77794, 0.0242, 1.46895, 1.66681, 0.03126, 1.24272, 1.43352, 0.41527, 0.13877, 0.02129, 0.0063, 0.77931, 0.33592, 0.87989, 0.69175, 0.95264, 2.78211, 1.1441</values>
				<sampling_intervals>
					<main_interval>
						<bounds>0.05, 0.95</bounds>
						<lower_bound>
							<values>0.74933, 0.02136, 1.28001, 1.45595, 0.02385, 1.06949, 1.24346, 0.35132, 0.10019, 0.01717, 0.00403, 0.64631, 0.25418, 0.73699, 0.54877, 0.93469, 2.17362, 0.92367</values>
						</lower_bound>
						<upper_bound>
							<values>0.81066, 0.03887, 1.71137, 1.90904, 0.0414, 1.45223, 1.65227, 0.52008, 0.1666, 0.02904, 0.00818, 0.9851, 0.44309, 0.91941, 0.83605, 0.96659, 3.61089, 1.52605</values>
						</upper_bound>
					</main_interval>
					<sample_size>
						<values>1000.0, 1000.0, 1000.0, 1000.0, 1000.0, 1000.0, 1000.0, 1000.0, 1000.0, 1000.0, 1000.0, 1000.0, 1000.0, 1000.0, 1000.0, 1000.0, 1000.0, 1000.0</values>
					</sample_size>
				</sampling_intervals>
			</data>
		</threshold>
		<threshold>
			<threshold_value>GT 0.29244 (Pr=0.76)</threshold_value>
			<data>
				<values>0.76984, 0.01749, 1.47604, 1.68871, 0.03291, 1.25107, 1.44832, 0.42267, 0.1451, 0.02116, 0.00674, 0.74999, 0.33138, 0.90716, 0.68294, 0.94835, 2.55345, 1.02562</values>
				<sampling_intervals>
					<main_interval>
						<bounds>0.05, 0.95</bounds>
						<lower_bound>
							<values>0.74317, 0.02204, 1.26447, 1.44887, 0.02535, 1.05187, 1.23105, 0.35698, 0.10396, 0.01748, 0.00417, 0.61836, 0.2445, 0.73625, 0.55454, 0.93148, 2.0921, 0.86283</values>
						</lower_bound>
						<upper_bound>
							<values>0.80588, 0.03988, 1.69718, 1.89789, 0.04315, 1.44095, 1.63559, 0.53056, 0.1741, 0.02884, 0.00863, 0.94511, 0.43286, 0.91524, 0.84667, 0.9639, 3.43839, 1.41205</values>
						</upper_bound>
					</main_interval>
					<sample_size>
						<values>1000.0, 1000.0, 1000.0, 1000.0, 1000.0, 1000.0, 1000.0, 1000.0, 1000.0, 1000.0, 1000.0, 1000.0, 1000.0, 1000.0, 1000.0, 1000.0, 1000.0, 1000.0</values>
					</sample_size>
				</sampling_intervals>
			</data>
		</threshold>
		<threshold>
			<threshold_value>GT 0.30213 (Pr=0.77)</threshold_value>
			<data>
				<values>0.76574, 0.02537, 1.48668, 1.69557, 0.03294, 1.25638, 1.4577, 0.40802, 0.15623, 0.01995, 0.00702, 0.72274, 0.32457, 0.85974, 0.69627, 0.94698, 2.42489, 0.95492</values>
				<sampling_intervals>
					<main_interval>
						<bounds>0.05, 0.95</bounds>
						<lower_bound>
							<values>0.73387, 0.0221, 1.26004, 1.45002, 0.02681, 1.03769, 1.22691, 0.36164, 0.10838, 0.01772, 0.00429, 0.58744, 0.23488, 0.69083, 0.56433, 0.928, 1.98134, 0.80678</values>
						</lower_bound>
						<upper_bound>
							<values>0.79858, 0.04405, 1.68873, 1.89193, 0.04425, 1.42832, 1.63323, 0.54582, 0.18498, 0.02871, 0.00914, 0.90327, 0.41589, 0.91301, 0.86168, 0.96035, 3.25654, 1.29061</values>
						</upper_bound>
					</main_interval>
					<sample_size>
						<values>1000.0, 1000.0, 1000.0, 1000.0, 1000.0, 1000.0, 1000.0, 1000.0, 1000.0, 1000.0, 1000.0, 1000.0, 1000.0, 1000.0, 1000.0, 1000.0, 1000.0, 1000.0</values>
					</sample_size>
				</sampling_intervals>
			</data>
		</threshold>
		<threshold>
			<threshold_value>GT 0.31225 (Pr=0.78)</threshold_value>
			<data>
				<values>0.75601, 0.02628, 1.46179, 1.6795, 0.03442, 1.23322, 1.44279, 0.41994, 0.16717, 0.02017, 0.00761, 0.70065, 0.30591, 0.8539, 0.70097, 0.94367, 2.30586, 0.8936</values>
				<sampling_intervals>
					<main_interval>
						<bounds>0.05, 0.95</bounds>
						<lower_bound>
							<values>0.72665, 0.02294, 1.25213, 1.4452, 0.02834, 1.02402, 1.2127, 0.36926, 0.1141, 0.01785, 0.00448, 0.55801, 0.22604, 0.67725, 0.56373, 0.9236, 1.89585, 0.75754</values>
						</lower_bound>
						<upper_bound>
							<values>0.79231, 0.04549, 1.67471, 1.88658, 0.04655, 1.41254, 1.62281, 0.55246, 0.18695, 0.02876, 0.00944, 0.86624, 0.39919, 0.90641, 0.87446, 0.95648, 3.03479, 1.15355</values>
						</upper_bound>
					</main_interval>
					<sample_size>
						<values>1000.0, 1000.0, 1000.0, 1000.0, 1000.0, 1000.0, 1000.0, 1000.0, 1000.0, 1000.0, 1000.0, 1000.0, 1000.0, 1000.0, 1000.0, 1000.0, 1000.0, 1000.0</values>
					</sample_size>
				</sampling_intervals>
			</data>
		</threshold>
		<threshold>
			<threshold_value>GT 0.32376 (Pr=0.79)</threshold_value>
			<data>
				<values>0.75851, 0.02055, 1.44375, 1.66468, 0.03626, 1.21013, 1.41536, 0.43208, 0.15682, 0.02081, 0.00712, 0.66039, 0.29337, 0.88268, 0.71899, 0.93989, 2.24221, 0.83803</values>
				<sampling_intervals>
					<main_interval>
						<bounds>0.05, 0.95</bounds>
						<lower_bound>
							<values>0.72084, 0.02334, 1.24842, 1.44944, 0.03004, 1.01386, 1.20798, 0.37933, 0.11804, 0.01811, 0.00467, 0.53255, 0.21616, 0.6895, 0.56152, 0.91902, 1.79895, 0.70664</values>
						</lower_bound>
						<upper_bound>
							<values>0.78398, 0.04609, 1.66611, 1.87838, 0.04873, 1.39163, 1.61222, 0.56092, 0.18767, 0.02875, 0.00958, 0.8279, 0.38311, 0.90176, 0.89293, 0.9527, 2.84707, 1.04957</values>
						</upper_bound>
					</main_interval>
					<sample_size>
						<values>1000.0, 1000.0, 1000.0, 1000.0, 1000.0, 1000.0, 1000.0, 1000.0, 1000.0, 1000.0, 1000.0, 1000.0, 1000.0, 1000.0, 1000.0, 1000.0, 1000.0, 1000.0</values>
					</sample_size>
				</sampling_intervals>
			</data>
		</threshold>
		<threshold>
			<threshold_value>GT 0.3359 (Pr=0.8)</threshold_value>
			<data>
				<values>0.74997, 0.03144, 1.43171, 1.6503, 0.03936, 1.18086, 1.39154, 0.4611, 0.15709, 0.02224, 0.00697, 0.62803, 0.27654, 0.82469, 0.72574, 0.93414, 2.14032, 0.78756</values>
				<sampling_intervals>
					<main_interval>
						<bounds>0.05, 0.95</bounds>
						<lower_bound>
							<values>0.71572, 0.02411, 1.23167, 1.445, 0.03137, 0.99727, 1.19548, 0.39793, 0.12306, 0.01827, 0.0049, 0.50711, 0.207, 0.6805, 0.56299, 0.91513, 1.70706, 0.6577</values>
						</lower_bound>
						<upper_bound>
							<values>0.77945, 0.04737, 1.64402, 1.8622, 0.05119, 1.36956, 1.5907, 0.57312, 0.1859, 0.02917, 0.00948, 0.79648, 0.36374, 0.89196, 0.90646, 0.94893, 2.70003, 0.95482</values>
						</upper_bound>
					</main_interval>
					<sample_size>
						<values>1000.0, 1000.0, 1000.0, 1000.0, 1000.0, 1000.0, 1000.0, 1000.0, 1000.0, 1000.0, 1000.0, 1000.0, 1000.0, 1000.0, 1000.0, 1000.0, 1000.0, 1000.0</values>
					</sample_size>
				</sampling_intervals>
			</data>
		</threshold>
		<threshold>
			<threshold_value>GT 0.34975 (Pr=0.81)</threshold_value>
			<data>
				<values>0.74864, 0.02194, 1.41443, 1.64385, 0.04458, 1.15011, 1.35688, 0.51359, 0.13559, 0.02543, 0.00583, 0.59396, 0.26223, 0.87892, 0.7144, 0.92461, 2.01933, 0.71862</values>
				<sampling_intervals>
					<main_interval>
						<bounds>0.05, 0.95</bounds>
						<lower_bound>
							<values>0.70837, 0.02553, 1.20712, 1.42745, 0.033, 0.97278, 1.17959, 0.41065, 0.12819, 0.01859, 0.00507, 0.47576, 0.19342, 0.68105, 0.5579, 0.91026, 1.62066, 0.60762</values>
						</lower_bound>
						<upper_bound>
							<values>0.77215, 0.0507, 1.62389, 1.84625, 0.05293, 1.35296, 1.57074, 0.59564, 0.18964, 0.0286, 0.0096, 0.76023, 0.34039, 0.88502, 0.9185, 0.94549, 2.58098, 0.88501</values>
						</upper_bound>
					</main_interval>
					<sample_size>
						<values>1000.0, 1000.0, 1000.0, 1000.0, 1000.0, 1000.0, 1000.0, 1000.0, 1000.0, 1000.0, 1000.0, 1000.0, 1000.0, 1000.0, 1000.0, 1000.0, 1000.0, 1000.0</values>
					</sample_size>
				</sampling_intervals>
			</data>
		</threshold>
		<threshold>
			<threshold_value>GT 0.36318 (Pr=0.82)</threshold_value>
			<data>
				<values>0.73279, 0.02572, 1.38808, 1.62957, 0.04297, 1.1439, 1.36814, 0.50592, 0.1647, 0.0223, 0.00726, 0.56761, 0.24373, 0.86575, 0.69042, 0.9262, 1.91438, 0.68845</values>
				<sampling_intervals>
					<main_interval>
						<bounds>0.05, 0.95</bounds>
						<lower_bound>
							<values>0.70727, 0.02635, 1.18668, 1.40649, 0.03467, 0.94693, 1.15951, 0.42405, 0.12714, 0.01892, 0.00504, 0.44537, 0.17887, 0.6944, 0.55757, 0.90559, 1.54929, 0.56054</values>
						</lower_bound>
						<upper_bound>
							<values>0.76726, 0.05108, 1.59795, 1.82485, 0.05534, 1.32382, 1.54656, 0.62459, 0.18552, 0.02909, 0.00924, 0.72996, 0.31605, 0.8807, 0.92575, 0.94131, 2.47094, 0.82841</values>
						</upper_bound>
					</main_interval>
					<sample_size>
						<values>1000.0, 1000.0, 1000.0, 1000.0, 1000.0, 1000.0, 1000.0, 1000.0, 1000.0, 1000.0, 1000.0, 1000.0, 1000.0, 1000.0, 1000.0, 1000.0, 1000.0, 1000.0</values>
					</sample_size>
				</sampling_intervals>
			</data>
		</threshold>
		<threshold>
			<threshold_value>GT 0.37725 (Pr=0.83)</threshold_value>
			<data>
				<values>0.73045, 0.03106, 1.36336, 1.60186, 0.04784, 1.098, 1.31971, 0.55212, 0.15063, 0.02515, 0.00621, 0.53536, 0.22531, 0.84153, 0.70884, 0.91717, 1.82653, 0.62745</values>
				<sampling_intervals>
					<main_interval>
						<bounds>0.05, 0.95</bounds>
						<lower_bound>
							<values>0.70405, 0.02639, 1.15554, 1.3807, 0.0365, 0.91247, 1.12933, 0.44899, 0.12442, 0.01943, 0.00486, 0.41712, 0.16408, 0.7195, 0.55603, 0.90074, 1.48202, 0.50779</values>
						</lower_bound>
						<upper_bound>
							<values>0.76456, 0.05109, 1.57174, 1.79746, 0.0574, 1.29193, 1.51631, 0.65674, 0.18046, 0.02962, 0.00868, 0.69797, 0.29549, 0.88691, 0.92397, 0.93678, 2.36253, 0.77251</values>
						</upper_bound>
					</main_interval>
					<sample_size>
						<values>1000.0, 1000.0, 1000.0, 1000.0, 1000.0, 1000.0, 1000.0, 1000.0, 1000.0, 1000.0, 1000.0, 1000.0, 1000.0, 1000.0, 1000.0, 1000.0, 1000.0, 1000.0</values>
					</sample_size>
				</sampling_intervals>
			</data>
		</threshold>
		<threshold>
			<threshold_value>GT 0.39495 (Pr=0.84)</threshold_value>
			<data>
				<values>0.73507, 0.02132, 1.32311, 1.56672, 0.04832, 1.06638, 1.28299, 0.57918, 0.13656, 0.02427, 0.00598, 0.50102, 0.20467, 0.89737, 0.70838, 0.91529, 1.75154, 0.57014</values>
				<sampling_intervals>
					<main_interval>
						<bounds>0.05, 0.95</bounds>
						<lower_bound>
							<values>0.70048, 0.02671, 1.13071, 1.35623, 0.03747, 0.88336, 1.09757, 0.46778, 0.12301, 0.0195, 0.00469, 0.39153, 0.14959, 0.73862, 0.54849, 0.89726, 1.40282, 0.46303</values>
						</lower_bound>
						<upper_bound>
							<values>0.75815, 0.05001, 1.54096, 1.76687, 0.05908, 1.26027, 1.49086, 0.68678, 0.17417, 0.02986, 0.00809, 0.66692, 0.27197, 0.89043, 0.9279, 0.93443, 2.27077, 0.72216</values>
						</upper_bound>
					</main_interval>
					<sample_size>
						<values>1000.0, 1000.0, 1000.0, 1000.0, 1000.0, 1000.0, 1000.0, 1000.0, 1000.0, 1000.0, 1000.0, 1000.0, 1000.0, 1000.0, 1000.0, 1000.0, 1000.0, 1000.0</values>
					</sample_size>
				</sampling_intervals>
			</data>
		</threshold>
		<threshold>
			<threshold_value>GT 0.41285 (Pr=0.85)</threshold_value>
			<data>
				<values>0.73688, 0.02071, 1.28882, 1.53123, 0.04596, 1.04765, 1.26481, 0.56337, 0.14471, 0.02202, 0.00574, 0.47614, 0.18778, 0.90593, 0.71514, 0.91863, 1.7174, 0.54122</values>
				<sampling_intervals>
					<main_interval>
						<bounds>0.05, 0.95</bounds>
						<lower_bound>
							<values>0.69647, 0.0267, 1.10018, 1.33052, 0.03865, 0.85097, 1.06092, 0.48374, 0.12153, 0.01957, 0.00445, 0.36413, 0.13583, 0.75417, 0.54217, 0.8931, 1.31801, 0.41568</values>
						</lower_bound>
						<upper_bound>
							<values>0.75858, 0.04889, 1.50308, 1.74047, 0.06139, 1.23216, 1.45911, 0.72572, 0.17427, 0.0297, 0.00775, 0.63452, 0.25044, 0.89344, 0.94804, 0.93162, 2.17017, 0.6735</values>
						</upper_bound>
					</main_interval>
					<sample_size>
						<values>1000.0, 1000.0, 1000.0, 1000.0, 1000.0, 1000.0, 1000.0, 1000.0, 1000.0, 1000.0, 1000.0, 1000.0, 1000.0, 1000.0, 1000.0, 1000.0, 1000.0, 1000.0</values>
					</sample_size>
				</sampling_intervals>
			</data>
		</threshold>
		<threshold>
			<threshold_value>GT 0.43282 (Pr=0.86)</threshold_value>
			<data>
				<values>0.7284, 0.02162, 1.24786, 1.49784, 0.04653, 1.01682, 1.24189, 0.59164, 0.15329, 0.02158, 0.00612, 0.45611, 0.16861, 0.90939, 0.69453, 0.91673, 1.61133, 0.49504</values>
				<sampling_intervals>
					<main_interval>
						<bounds>0.05, 0.95</bounds>
						<lower_bound>
							<values>0.68704, 0.02668, 1.06284, 1.29352, 0.03936, 0.82215, 1.0301, 0.49843, 0.12212, 0.01935, 0.00447, 0.33965, 0.12074, 0.77361, 0.52745, 0.88474, 1.22919, 0.36916</values>
						</lower_bound>
						<upper_bound>
							<values>0.75654, 0.04704, 1.46513, 1.71133, 0.06477, 1.19122, 1.42145, 0.7579, 0.178, 0.02972, 0.00762, 0.60877, 0.22808, 0.89958, 0.94714, 0.92899, 2.10075, 0.61658</values>
						</upper_bound>
					</main_interval>
					<sample_size>
						<values>1000.0, 1000.0, 1000.0, 1000.0, 1000.0, 1000.0, 1000.0, 1000.0, 1000.0, 1000.0, 1000.0, 1000.0, 1000.0, 1000.0, 1000.0, 1000.0, 1000.0, 1000.0</values>
					</sample_size>
				</sampling_intervals>
			</data>
		</threshold>
		<threshold>
			<threshold_value>GT 0.45925 (Pr=0.87)</threshold_value>
			<data>
				<values>0.72619, 0.02014, 1.21925, 1.47292, 0.05308, 0.96843, 1.18916, 0.64099, 0.1415, 0.02452, 0.00507, 0.42203, 0.15207, 0.91913, 0.68887, 0.90425, 1.48883, 0.42449</values>
				<sampling_intervals>
					<main_interval>
						<bounds>0.05, 0.95</bounds>
						<lower_bound>
							<values>0.67965, 0.02683, 1.02187, 1.25617, 0.04167, 0.78576, 1.00047, 0.52712, 0.12309, 0.0198, 0.00441, 0.31133, 0.10739, 0.78448, 0.50548, 0.8736, 1.11714, 0.31699</values>
						</lower_bound>
						<upper_bound>
							<values>0.75373, 0.04732, 1.43379, 1.68788, 0.07042, 1.14899, 1.38189, 0.79886, 0.18141, 0.03077, 0.00757, 0.57695, 0.20145, 0.90723, 0.945, 0.92492, 1.9966, 0.55943</values>
						</upper_bound>
					</main_interval>
					<sample_size>
						<values>1000.0, 1000.0, 1000.0, 1000.0, 1000.0, 1000.0, 1000.0, 1000.0, 1000.0, 1000.0, 1000.0, 1000.0, 1000.0, 1000.0, 1000.0, 1000.0, 1000.0, 1000.0</values>
					</sample_size>
				</sampling_intervals>
			</data>
		</threshold>
		<threshold>
			<threshold_value>GT 0.48403 (Pr=0.88)</threshold_value>
			<data>
				<values>0.70642, 0.02289, 1.15804, 1.42873, 0.05672, 0.91662, 1.15348, 0.66914, 0.16653, 0.02468, 0.00617, 0.38629, 0.13068, 0.91587, 0.65239, 0.89663, 1.35281, 0.3717</values>
				<sampling_intervals>
					<main_interval>
						<bounds>0.05, 0.95</bounds>
						<lower_bound>
							<values>0.67138, 0.02749, 0.98135, 1.21828, 0.04365, 0.74649, 0.9648, 0.56567, 0.12544, 0.0203, 0.00433, 0.2827, 0.09395, 0.7826, 0.48077, 0.86215, 1.00688, 0.26202</values>
						</lower_bound>
						<upper_bound>
							<values>0.74896, 0.05153, 1.40502, 1.66121, 0.07661, 1.09843, 1.33742, 0.85539, 0.17763, 0.03202, 0.0073, 0.54874, 0.17792, 0.90989, 0.94337, 0.91927, 1.87757, 0.49168</values>
						</upper_bound>
					</main_interval>
					<sample_size>
						<values>1000.0, 1000.0, 1000.0, 1000.0, 1000.0, 1000.0, 1000.0, 1000.0, 1000.0, 1000.0, 1000.0, 1000.0, 1000.0, 1000.0, 1000.0, 1000.0, 1000.0, 1000.0</values>
					</sample_size>
				</sampling_intervals>
			</data>
		</threshold>
		<threshold>
			<threshold_value>GT 0.5143 (Pr=0.89)</threshold_value>
			<data>
				<values>0.70572, 0.02025, 1.12021, 1.39424, 0.06252, 0.86718, 1.09894, 0.76849, 0.14423, 0.02677, 0.00553, 0.35697, 0.11295, 0.93126, 0.62631, 0.88473, 1.19687, 0.28925</values>
				<sampling_intervals>
					<main_interval>
						<bounds>0.05, 0.95</bounds>
						<lower_bound>
							<values>0.66912, 0.02901, 0.93455, 1.18265, 0.04702, 0.70308, 0.92778, 0.61186, 0.12482, 0.02126, 0.00414, 0.2541, 0.07937, 0.7884, 0.45386, 0.853, 0.88512, 0.19842</values>
						</lower_bound>
						<upper_bound>
							<values>0.74096, 0.05306, 1.38267, 1.63326, 0.08024, 1.06741, 1.30096, 0.92968, 0.1722, 0.03319, 0.00695, 0.51449, 0.15699, 0.91154, 0.92621, 0.91299, 1.71923, 0.41579</values>
						</upper_bound>
					</main_interval>
					<sample_size>
						<values>1000.0, 1000.0, 1000.0, 1000.0, 1000.0, 1000.0, 1000.0, 1000.0, 1000.0, 1000.0, 1000.0, 1000.0, 1000.0, 1000.0, 1000.0, 1000.0, 1000.0, 1000.0</values>
					</sample_size>
				</sampling_intervals>
			</data>
		</threshold>
		<threshold>
			<threshold_value>GT 0.55397 (Pr=0.9)</threshold_value>
			<data>
				<values>0.7023, 0.0295, 1.09101, 1.3592, 0.06661, 0.82544, 1.05653, 0.81941, 0.14006, 0.02727, 0.00462, 0.32299, 0.09759, 0.90689, 0.61377, 0.8758, 1.07378, 0.22605</values>
				<sampling_intervals>
					<main_interval>
						<bounds>0.05, 0.95</bounds>
						<lower_bound>
							<values>0.66691, 0.03202, 0.89266, 1.13781, 0.05051, 0.65458, 0.87717, 0.66927, 0.12183, 0.02269, 0.00388, 0.22423, 0.06786, 0.79278, 0.43346, 0.84083, 0.79088, 0.1361</values>
						</lower_bound>
						<upper_bound>
							<values>0.73412, 0.05707, 1.34296, 1.59257, 0.08627, 1.02677, 1.26403, 1.00876, 0.16717, 0.03377, 0.00649, 0.48752, 0.13851, 0.9099, 0.90447, 0.90557, 1.54097, 0.33671</values>
						</upper_bound>
					</main_interval>
					<sample_size>
						<values>1000.0, 1000.0, 1000.0, 1000.0, 1000.0, 1000.0, 1000.0, 1000.0, 1000.0, 1000.0, 1000.0, 1000.0, 1000.0, 1000.0, 1000.0, 1000.0, 1000.0, 1000.0</values>
					</sample_size>
				</sampling_intervals>
			</data>
		</threshold>
		<threshold>
			<threshold_value>GT 0.59848 (Pr=0.91)</threshold_value>
			<data>
				<values>0.70088, 0.02741, 1.05565, 1.32736, 0.07341, 0.77787, 1.00358, 0.9012, 0.13026, 0.02917, 0.00448, 0.2963, 0.0831, 0.92012, 0.57435, 0.86195, 0.9231, 0.1499</values>
				<sampling_intervals>
					<main_interval>
						<bounds>0.05, 0.95</bounds>
						<lower_bound>
							<values>0.66431, 0.03408, 0.84963, 1.09366, 0.05374, 0.60784, 0.83025, 0.70161, 0.11855, 0.0231, 0.00367, 0.19757, 0.05621, 0.80784, 0.3964, 0.83228, 0.68823, 0.07488</values>
						</lower_bound>
						<upper_bound>
							<values>0.73449, 0.05862, 1.29155, 1.54318, 0.09118, 0.98731, 1.22086, 1.08133, 0.16271, 0.03371, 0.00605, 0.44973, 0.11858, 0.91012, 0.89777, 0.89812, 1.37902, 0.25731</values>
						</upper_bound>
					</main_interval>
					<sample_size>
						<values>1000.0, 1000.0, 1000.0, 1000.0, 1000.0, 1000.0, 1000.0, 1000.0, 1000.0, 1000.0, 1000.0, 1000.0, 1000.0, 1000.0, 1000.0, 1000.0, 1000.0, 1000.0</values>
					</sample_size>
				</sampling_intervals>
			</data>
		</threshold>
		<threshold>
			<threshold_value>GT 0.65795 (Pr=0.92)</threshold_value>
			<data>
				<values>0.70101, 0.03444, 1.00935, 1.2739, 0.07637, 0.72778, 0.9504, 0.91278, 0.13281, 0.02787, 0.00404, 0.25557, 0.06919, 0.9066, 0.57074, 0.85501, 0.83475, 0.09249</values>
				<sampling_intervals>
					<main_interval>
						<bounds>0.05, 0.95</bounds>
						<lower_bound>
							<values>0.65202, 0.03652, 0.80409, 1.05037, 0.05628, 0.56093, 0.77339, 0.72276, 0.11855, 0.02272, 0.00353, 0.16859, 0.04555, 0.81525, 0.36615, 0.81489, 0.58649, 0.01184</values>
						</lower_bound>
						<upper_bound>
							<values>0.73235, 0.06098, 1.23069, 1.50291, 0.09896, 0.924, 1.17239, 1.14914, 0.16914, 0.03423, 0.00607, 0.40658, 0.09965, 0.91142, 0.89096, 0.89162, 1.24993, 0.18302</values>
						</upper_bound>
					</main_interval>
					<sample_size>
						<values>1000.0, 1000.0, 1000.0, 1000.0, 1000.0, 1000.0, 1000.0, 1000.0, 1000.0, 1000.0, 1000.0, 1000.0, 1000.0, 1000.0, 1000.0, 1000.0, 1000.0, 1000.0</values>
					</sample_size>
				</sampling_intervals>
			</data>
		</threshold>
		<threshold>
			<threshold_value>GT 0.72451 (Pr=0.93)</threshold_value>
			<data>
				<values>0.68562, 0.02846, 0.91633, 1.20225, 0.08347, 0.65269, 0.8836, 0.93042, 0.1531, 0.02705, 0.00471, 0.20655, 0.05408, 0.92998, 0.50552, 0.84021, 0.71296, 0.02904</values>
				<sampling_intervals>
					<main_interval>
						<bounds>0.05, 0.95</bounds>
						<lower_bound>
							<values>0.64105, 0.03766, 0.74718, 0.98792, 0.06149, 0.50748, 0.71496, 0.77788, 0.12113, 0.02272, 0.00352, 0.13694, 0.03544, 0.82897, 0.32119, 0.79825, 0.47889, -0.05314</values>
						</lower_bound>
						<upper_bound>
							<values>0.7284, 0.06258, 1.18481, 1.45542, 0.10829, 0.87815, 1.12611, 1.23004, 0.17104, 0.03408, 0.0063, 0.35799, 0.08163, 0.91456, 0.8842, 0.88089, 1.11594, 0.1106</values>
						</upper_bound>
					</main_interval>
					<sample_size>
						<values>1000.0, 1000.0, 1000.0, 1000.0, 1000.0, 1000.0, 1000.0, 1000.0, 1000.0, 1000.0, 1000.0, 1000.0, 1000.0, 1000.0, 1000.0, 1000.0, 1000.0, 1000.0</values>
					</sample_size>
				</sampling_intervals>
			</data>
		</threshold>
		<threshold>
			<threshold_value>GT 0.79854 (Pr=0.94)</threshold_value>
			<data>
				<values>0.67426, 0.03615, 0.85768, 1.14727, 0.0914, 0.59132, 0.82566, 1.08228, 0.14438, 0.02786, 0.00484, 0.17718, 0.04247, 0.91695, 0.47233, 0.82406, 0.56676, -0.03759</values>
				<sampling_intervals>
					<main_interval>
						<bounds>0.05, 0.95</bounds>
						<lower_bound>
							<values>0.63992, 0.03987, 0.67218, 0.92574, 0.06638, 0.43858, 0.6481, 0.83097, 0.12474, 0.02214, 0.00352, 0.10892, 0.02652, 0.8319, 0.28924, 0.78728, 0.37839, -0.11259</values>
						</lower_bound>
						<upper_bound>
							<values>0.72157, 0.06667, 1.16664, 1.43513, 0.11391, 0.84161, 1.09191, 1.34292, 0.17238, 0.03251, 0.00608, 0.32674, 0.06761, 0.91448, 0.84559, 0.87121, 0.93632, 0.03896</values>
						</upper_bound>
					</main_interval>
					<sample_size>
						<values>1000.0, 1000.0, 1000.0, 1000.0, 1000.0, 1000.0, 1000.0, 1000.0, 1000.0, 1000.0, 1000.0, 1000.0, 1000.0, 1000.0, 1000.0, 1000.0, 1000.0, 1000.0</values>
					</sample_size>
				</sampling_intervals>
			</data>
		</threshold>
		<threshold>
			<threshold_value>GT 0.92581 (Pr=0.95)</threshold_value>
			<data>
				<values>0.68993, 0.02994, 0.8224, 1.10253, 0.08648, 0.57165, 0.79525, 1.0563, 0.14618, 0.02336, 0.00384, 0.15243, 0.03348, 0.93716, 0.42048, 0.83335, 0.47403, -0.08477</values>
				<sampling_intervals>
					<main_interval>
						<bounds>0.05, 0.95</bounds>
						<lower_bound>
							<values>0.61594, 0.04226, 0.6068, 0.86473, 0.06987, 0.38173, 0.59391, 0.88378, 0.12467, 0.02056, 0.00335, 0.0866, 0.01946, 0.83566, 0.24738, 0.76357, 0.21653, -0.17436</values>
						</lower_bound>
						<upper_bound>
							<values>0.72188, 0.07374, 1.09479, 1.37609, 0.12343, 0.74956, 0.99936, 1.41602, 0.1874, 0.03456, 0.00626, 0.27012, 0.05054, 0.91582, 0.79532, 0.86457, 0.77335, -0.02874</values>
						</upper_bound>
					</main_interval>
					<sample_size>
						<values>1000.0, 1000.0, 1000.0, 1000.0, 1000.0, 1000.0, 1000.0, 1000.0, 1000.0, 1000.0, 1000.0, 1000.0, 1000.0, 1000.0, 1000.0, 1000.0, 1000.0, 1000.0</values>
					</sample_size>
				</sampling_intervals>
			</data>
		</threshold>
		<threshold>
			<threshold_value>GT 1.09208 (Pr=0.96)</threshold_value>
			<data>
				<values>0.64945, 0.04257, 0.70938, 1.01736, 0.1077, 0.46304, 0.70589, 1.32267, 0.17154, 0.02661, 0.00507, 0.11455, 0.02109, 0.91945, 0.29942, 0.79194, 0.20937, -0.18417</values>
				<sampling_intervals>
					<main_interval>
						<bounds>0.05, 0.95</bounds>
						<lower_bound>
							<values>0.60494, 0.04646, 0.55092, 0.79762, 0.07783, 0.3412, 0.55001, 0.96462, 0.13059, 0.0191, 0.00332, 0.06516, 0.01324, 0.84378, 0.2083, 0.73821, 0.0788, -0.25192</values>
						</lower_bound>
						<upper_bound>
							<values>0.71994, 0.07991, 0.95831, 1.25226, 0.13568, 0.62387, 0.87892, 1.66305, 0.18748, 0.03568, 0.00648, 0.20384, 0.03399, 0.91425, 0.72933, 0.85133, 0.59935, -0.11456</values>
						</upper_bound>
					</main_interval>
					<sample_size>
						<values>1000.0, 1000.0, 1000.0, 1000.0, 1000.0, 1000.0, 1000.0, 1000.0, 1000.0, 1000.0, 1000.0, 1000.0, 1000.0, 1000.0, 1000.0, 1000.0, 1000.0, 1000.0</values>
					</sample_size>
				</sampling_intervals>
			</data>
		</threshold>
		<threshold>
			<threshold_value>GT 1.33504 (Pr=0.97)</threshold_value>
			<data>
				<values>0.67499, 0.0517, 0.63634, 0.90965, 0.10397, 0.3986, 0.61963, 1.42569, 0.14423, 0.02151, 0.00419, 0.08293, 0.01362, 0.91211, 0.27806, 0.79885, 0.11694, -0.26231</values>
				<sampling_intervals>
					<main_interval>
						<bounds>0.05, 0.95</bounds>
						<lower_bound>
							<values>0.62889, 0.05213, 0.45668, 0.70972, 0.08023, 0.26598, 0.47731, 1.16199, 0.12486, 0.01705, 0.00315, 0.04521, 0.0079, 0.85244, 0.22796, 0.7505, 0.04302, -0.32724</values>
						</lower_bound>
						<upper_bound>
							<values>0.71863, 0.08452, 0.84034, 1.087, 0.1322, 0.54314, 0.77707, 1.64568, 0.17792, 0.02693, 0.00559, 0.14277, 0.02177, 0.91359, 0.59072, 0.84362, 0.31749, -0.19213</values>
						</upper_bound>
					</main_interval>
					<sample_size>
						<values>1000.0, 1000.0, 1000.0, 1000.0, 1000.0, 1000.0, 1000.0, 1000.0, 1000.0, 1000.0, 1000.0, 1000.0, 1000.0, 1000.0, 1000.0, 1000.0, 1000.0, 1000.0</values>
					</sample_size>
				</sampling_intervals>
			</data>
		</threshold>
		<threshold>
			<threshold_value>GT 1.7117 (Pr=0.98)</threshold_value>
			<data>
				<values>0.69202, 0.06778, 0.50071, 0.74091, 0.0879, 0.31885, 0.53893, 1.44064, 0.16152, 0.01485, 0.00359, 0.05479, 0.00708, 0.89672, 0.26069, 0.8292, 0.0642, -0.31344</values>
				<sampling_intervals>
					<main_interval>
						<bounds>0.05, 0.95</bounds>
						<lower_bound>
							<values>0.6237, 0.0631, 0.38101, 0.602, 0.07274, 0.20886, 0.40044, 1.25401, 0.12583, 0.01251, 0.0025, 0.0277, 0.00412, 0.82645, 0.15072, 0.7482, -0.06388, -0.40442</values>
						</lower_bound>
						<upper_bound>
							<values>0.73404, 0.10884, 0.69603, 0.94018, 0.12699, 0.43703, 0.68665, 1.76972, 0.19295, 0.01967, 0.00547, 0.09243, 0.01166, 0.90508, 0.50491, 0.85422, 0.16315, -0.26077</values>
						</upper_bound>
					</main_interval>
					<sample_size>
						<values>1000.0, 1000.0, 1000.0, 1000.0, 1000.0, 1000.0, 1000.0, 1000.0, 1000.0, 1000.0, 1000.0, 1000.0, 1000.0, 1000.0, 1000.0, 1000.0, 1000.0, 1000.0</values>
					</sample_size>
				</sampling_intervals>
			</data>
		</threshold>
		<threshold>
			<threshold_value>GT 2.9051 (Pr=0.99)</threshold_value>
			<data>
				<values>0.69577, 0.08107, 0.42459, 0.64776, 0.09447, 0.24758, 0.45735, 1.59742, 0.14396, 0.00847, 0.00165, 0.02231, 0.00277, 0.88284, 0.2499, 0.78323, -0.00113, -0.43681</values>
				<sampling_intervals>
					<main_interval>
						<bounds>0.05, 0.95</bounds>
						<lower_bound>
							<values>0.62673, 0.08095, 0.31056, 0.48506, 0.07158, 0.14993, 0.32094, 1.32685, 0.10575, 0.00627, 0.00115, 0.01173, 0.00144, 0.77097, 0.19656, 0.70197, -0.16609, -0.54502</values>
						</lower_bound>
						<upper_bound>
							<values>0.7474, 0.15079, 0.60655, 0.81304, 0.13112, 0.34717, 0.60475, 1.85652, 0.19822, 0.01091, 0.00317, 0.03525, 0.00485, 0.88773, 0.49686, 0.83796, 0.17024, -0.30837</values>
						</upper_bound>
					</main_interval>
					<sample_size>
						<values>1000.0, 1000.0, 1000.0, 1000.0, 1000.0, 1000.0, 1000.0, 1000.0, 1000.0, 1000.0, 1000.0, 1000.0, 1000.0, 1000.0, 1000.0, 1000.0, 1000.0, 1000.0</values>
					</sample_size>
				</sampling_intervals>
			</data>
		</threshold>
		<threshold>
			<threshold_value>GT 4.80255 (Pr=0.995)</threshold_value>
			<data>
				<values>0.71066, 0.1005, 0.37558, 0.56442, 0.10078, 0.18822, 0.37678, 1.21353, 0.13053, 0.00343, 7.4E-4, 0.00641, 0.0011, 0.86386, 0.24108, 0.70767, 0.08598, -0.54527</values>
				<sampling_intervals>
					<main_interval>
						<bounds>0.05, 0.95</bounds>
						<lower_bound>
							<values>0.60578, 0.08587, 0.25316, 0.39277, 0.06267, 0.0994, 0.24002, 1.01924, 0.07807, 0.00245, 4.4E-4, 0.00305, 4.9E-4, 0.70106, 0.23322, 0.50163, -0.06983, -0.65458</values>
						</lower_bound>
						<upper_bound>
							<values>0.78087, 0.19398, 0.59432, 0.78981, 0.16619, 0.29485, 0.54747, 1.45892, 0.19537, 0.00475, 0.0014, 0.01151, 0.00217, 0.88697, 0.67662, 0.82721, 0.27836, -0.41319</values>
						</upper_bound>
					</main_interval>
					<sample_size>
						<values>1000.0, 1000.0, 1000.0, 1000.0, 1000.0, 1000.0, 1000.0, 1000.0, 1000.0, 1000.0, 1000.0, 1000.0, 1000.0, 1000.0, 1000.0, 1000.0, 1000.0, 1000.0</values>
					</sample_size>
				</sampling_intervals>
			</data>
		</threshold>
		<threshold>
			<threshold_value>GT 12.4784 (Pr=0.999)</threshold_value>
			<data>
				<values>0.05717, 0.53606, 1.04128, 1.44805, 0.31933, 0.40751, 1.03101, 0.60446, 4.50343, 4.0E-4, 0.01042, 5.1E-4, 0.00535, -7.50952, 1.03755, 0.54432, 2.03382, 1.37806</values>
				<sampling_intervals>
					<main_interval>
						<bounds>0.05, 0.95</bounds>
						<lower_bound>
							<values>-0.4172, 0.29234, 0.56562, 1.12086, 0.15663, 0.08693, 0.40389, 0.41569, 2.23856, 1.7E-4, 0.00334, 1.0E-4, 0.00183, -23.84233, 0.27883, 0.25856, 0.72038, 0.69881</values>
						</lower_bound>
						<upper_bound>
							<values>0.34061, 0.97662, 1.70138, 2.04986, 0.61221, 0.97911, 2.03303, 0.83991, 30.9169, 7.5E-4, 0.06482, 0.00131, 0.0433, -1.06135, 2.88225, 0.76057, 13.74372, 7.59662</values>
						</upper_bound>
					</main_interval>
					<sample_size>
						<values>1000.0, 1000.0, 1000.0, 1000.0, 1000.0, 1000.0, 1000.0, 1000.0, 985.0, 1000.0, 985.0, 1000.0, 985.0, 1000.0, 1000.0, 1000.0, 1000.0, 1000.0</values>
					</sample_size>
				</sampling_intervals>
			</data>
		</threshold>
		<threshold>
			<threshold_value>GT 21.36101 (Pr=0.9994)</threshold_value>
			<data>
				<values>0.03597, 0.55572, 1.22402, 1.63234, 0.3883, 0.42838, 1.00411, 0.69248, 16.98585, 2.4E-4, 0.00773, 2.6E-4, 0.01563, -2.02708, 0.50017, 0.53404, 2.21528, 2.34818</values>
				<sampling_intervals>
					<main_interval>
						<bounds>0.05, 0.95</bounds>
						<lower_bound>
							<values>-0.7533, 0.26987, 0.49943, 0.99936, 0.129, 0.04207, 0.27273, 0.36522, 2.4676, 8.0E-5, 0.00222, 3.0E-5, 0.00144, -459.45838, -0.13344, 0.09302, 0.39439, 0.94791</values>
						</lower_bound>
						<upper_bound>
							<values>0.35084, 1.31968, 2.41948, 2.63301, 0.81324, 1.40786, 2.64133, 0.97471, 107.83822, 6.1E-4, 0.06973, 0.00105, 0.07167, -0.13227, 3.00244, 0.82934, 24.47637, 11.74706</values>
						</upper_bound>
					</main_interval>
					<sample_size>
						<values>1000.0, 1000.0, 1000.0, 1000.0, 1000.0, 1000.0, 1000.0, 1000.0, 769.0, 1000.0, 769.0, 1000.0, 769.0, 1000.0, 941.0, 1000.0, 941.0, 941.0</values>
					</sample_size>
				</sampling_intervals>
			</data>
		</threshold>
		<threshold>
			<threshold_value>GT 30.25109 (Pr=0.9997)</threshold_value>
			<data>
				<values>-0.28914, 0.56006, 0.43723, 1.16631, 0.91392, 0.01537, 0.39059, 0.95866, 12.06282, 2.9E-4, 0.00516, 0.0, 1.6E-4, -3.47333, 0.49989, 0.01736, 0.14874, 3.68803</values>
				<sampling_intervals>
					<main_interval>
						<bounds>0.05, 0.95</bounds>
						<lower_bound>
							<values>-1.12621, 0.1503, 0.15913, 0.99266, 0.1328, 5.0E-5, 0.08789, 0.28354, 7.71559, 4.0E-5, 0.00237, 0.0, 7.0E-5, -1737.61578, -0.1667, -0.17738, -0.73862, 1.64763</values>
						</lower_bound>
						<upper_bound>
							<values>0.322, 1.74827, 2.14595, 2.33212, 1.10573, 1.1121, 2.22745, 1.1279, 81.34367, 5.5E-4, 0.05485, 3.9E-4, 0.02178, -0.35094, 9597310.60057, 0.82802, 3.385165973394E7, 18.03293</values>
						</upper_bound>
					</main_interval>
					<sample_size>
						<values>1000.0, 1000.0, 1000.0, 1000.0, 1000.0, 1000.0, 1000.0, 1000.0, 785.0, 1000.0, 785.0, 1000.0, 785.0, 1000.0, 876.0, 1000.0, 876.0, 876.0</values>
					</sample_size>
				</sampling_intervals>
			</data>
		</threshold>
		<threshold>
			<threshold_value>GT 45.81451 (Pr=0.99989)</threshold_value>
			<data>
				<values>-0.01019, 0.02044, 0.0, 0.98975, 0.9899, 0.0, 0.02029, 1.0, 2.009, 1.5E-4, 4.8E-4, 0.0, 0.0, -0.99418, 3.00091, 0.0, 5.3504, 1.00867</values>
				<sampling_intervals>
					<main_interval>
						<bounds>0.05, 0.95</bounds>
						<lower_bound>
							<values>-4.17555, 4.3E-4, 0.0, 0.94677, 0.64954, 0.0, 4.0E-4, 0.65746, 0.1225, 5.0E-5, 3.0E-5, 0.0, 0.0, -228.79321, 0.0, -0.63438, -0.73774, -0.87754</values>
						</lower_bound>
						<upper_bound>
							<values>0.08047, 5.17467, 2.72202, 2.72194, 1.45251, 0.19818, 3.88676, 1.6172, 42.19684, 2.3E-4, 0.02136, 2.0E-5, 3.0E-4, 0.86211, 6.930630550385E7, 0.32756, 2.7415575864382E8, 16.05445</values>
						</upper_bound>
					</main_interval>
					<sample_size>
						<values>1000.0, 1000.0, 1000.0, 1000.0, 1000.0, 1000.0, 1000.0, 1000.0, 564.0, 1000.0, 564.0, 1000.0, 564.0, 1000.0, 569.0, 1000.0, 569.0, 569.0</values>
					</sample_size>
				</sampling_intervals>
			</data>
		</threshold>
		<threshold>
			<threshold_value>GT 54.55764 (Pr=0.99999)</threshold_value>
			<data>
				<values>0.0, 8.0E-5, 0.0, 0.99992, 1.0, 0.0, 0.0, 1.0, -999.0, 8.0E-5, -999.0, 0.0, -999.0, 0.0, -999.0, 0.0, -999.0, -999.0</values>
				<sampling_intervals>
					<main_interval>
						<bounds>0.05, 0.95</bounds>
						<lower_bound>
							<values>-0.46435, 8.0E-5, 0.0, 0.97983, 0.97758, 0.0, 0.0, 0.40688, 0.23506, 3.0E-5, 5.0E-5, 0.0, 0.0, -24.83708, 0.0, -0.15209, -0.6872, -0.75998</values>
						</lower_bound>
						<upper_bound>
							<values>0.01461, 1.46425, 1.36092, 1.36092, 1.15209, 0.0087, 0.32103, 1.15204, 0.3577, 2.2E-4, 1.9E-4, 0.0, 0.0, 0.72743, 4.64501, 0.0, 0.7689, 10.56273</values>
						</upper_bound>
					</main_interval>
					<sample_size>
						<values>1000.0, 1000.0, 1000.0, 1000.0, 1000.0, 1000.0, 1000.0, 1000.0, 164.0, 1000.0, 164.0, 1000.0, 164.0, 1000.0, 252.0, 1000.0, 252.0, 252.0</values>
					</sample_size>
				</sampling_intervals>
			</data>
		</threshold>
	</threshold_data>
</result></results>