<?xml version="1.0" standalone="yes"?><results>
<!--Result file containing the results for a single metric by lead period.
Some metrics, such as reliability diagrams, have results for specific thresholds 
(e.g. probability thresholds).  In that case, the results are stored by lead period 
and then by threshold value.  The actual data associated with a result always appears 
within a 'values' tag.  A metric result that comprises a single value will appear as a 
single value in this tag.  A metric result that comprises a 1D matrix will appear as a 
row of values separated by commas in the input order.  A metric result that comprises a 
2D matrix will appear as a sequence of rows, each with a 'values' tag, which are written 
in the input order.  For example, a diagram metric with an x and y axis will comprise 
two rows of data (i.e. two rows within two separate 'values' tags).  The default input 
order would be data for the x axis followed by data for the y axis.  Data that refer to 
cumulative probabilities are, by default, always defined in increasing size of probability.--><meta_data>
	<thresholds_type>true</thresholds_type>
	<original_file_id>08172000_CAL.Streamflow.ICK_INF_ONE_OBS_ONE_MEAN_1D_MEAN_RAW.Brier_skill_score.xml</original_file_id>
</meta_data><result>
	<lead_hour>0.0</lead_hour>
	<threshold_data>
		<threshold>
			<threshold_value>GT 0.05 (Pr=0.0)</threshold_value>
			<data>
				<values>-545.38849, 545.39032, 0.00183, 1.0, 247.48909, 0.1886, 299.08801, 7182046.98032, 0.1837, 3251571.44986, 1.0E-5, 0.18859, 1.0E-5, -999.0, -999.0, -999.0, -999.0, -999.0</values>
				<sampling_intervals>
					<main_interval>
						<bounds>0.05, 0.95</bounds>
						<lower_bound>
							<values>-663.03009, 14.3646, 9.3E-4, 1.0, 7.02264, 0.07332, 8.1291, 4452.41945, 0.1837, 2164.23249, 1.0E-5, 0.07331, 1.0E-5, -999.0, -999.0, -999.0, -999.0, -999.0</values>
						</lower_bound>
						<upper_bound>
							<values>-14.40803, 662.7252, 0.04021, 1.0, 319.17044, 0.20123, 351.03956, 8724890.8668, 0.32662, 4194037.84005, 7.1E-4, 0.20121, 4.7E-4, -999.0, -999.0, -999.0, -999.0, -999.0</values>
						</upper_bound>
					</main_interval>
					<sample_size>
						<values>1000.0, 1000.0, 1000.0, 1000.0, 1000.0, 1000.0, 1000.0, 1000.0, 1000.0, 1000.0, 1000.0, 1000.0, 1000.0, -999.0, -999.0, -999.0, -999.0, -999.0</values>
					</sample_size>
				</sampling_intervals>
			</data>
		</threshold>
		<threshold>
			<threshold_value>GT 0.08399 (Pr=0.025)</threshold_value>
			<data>
				<values>-2.43111, 2.57834, 0.14723, 1.0, 1.77673, 0.13558, 1.78997, 183.72665, 0.23547, 87.70562, 0.00394, 0.13322, 0.00236, -999.0, -999.0, -999.0, -999.0, -999.0</values>
				<sampling_intervals>
					<main_interval>
						<bounds>0.05, 0.95</bounds>
						<lower_bound>
							<values>-5.80369, 1.28835, 0.07135, 1.0, 1.0978, 0.11336, 1.08684, 62.30447, 0.21664, 29.57853, 0.00187, 0.11053, 0.00108, -999.0, -999.0, -999.0, -999.0, -999.0</values>
						</lower_bound>
						<upper_bound>
							<values>-1.05221, 5.88181, 0.24289, 1.0, 3.47977, 0.15549, 3.50056, 797.66334, 0.26083, 381.98664, 0.00693, 0.15306, 0.00404, -999.0, -999.0, -999.0, -999.0, -999.0</values>
						</upper_bound>
					</main_interval>
					<sample_size>
						<values>1000.0, 1000.0, 1000.0, 1000.0, 1000.0, 1000.0, 1000.0, 1000.0, 1000.0, 1000.0, 1000.0, 1000.0, 1000.0, -999.0, -999.0, -999.0, -999.0, -999.0</values>
					</sample_size>
				</sampling_intervals>
			</data>
		</threshold>
		<threshold>
			<threshold_value>GT 0.09497 (Pr=0.05)</threshold_value>
			<data>
				<values>-0.83799, 1.06571, 0.22772, 1.0, 1.02469, 0.12865, 0.94195, 43.77879, 0.25238, 21.0086, 0.00871, 0.12397, 0.00469, -999.0, -999.0, -999.0, -999.0, -999.0</values>
				<sampling_intervals>
					<main_interval>
						<bounds>0.05, 0.95</bounds>
						<lower_bound>
							<values>-1.72784, 0.60594, 0.14349, 1.0, 0.74193, 0.10459, 0.66906, 19.88549, 0.23358, 9.31918, 0.00514, 0.09966, 0.00292, -999.0, -999.0, -999.0, -999.0, -999.0</values>
						</lower_bound>
						<upper_bound>
							<values>-0.31132, 1.90053, 0.32985, 1.0, 1.48679, 0.14577, 1.40294, 109.01402, 0.28718, 51.05664, 0.01384, 0.14026, 0.00697, -999.0, -999.0, -999.0, -999.0, -999.0</values>
						</upper_bound>
					</main_interval>
					<sample_size>
						<values>1000.0, 1000.0, 1000.0, 1000.0, 1000.0, 1000.0, 1000.0, 1000.0, 1000.0, 1000.0, 1000.0, 1000.0, 1000.0, -999.0, -999.0, -999.0, -999.0, -999.0</values>
					</sample_size>
				</sampling_intervals>
			</data>
		</threshold>
		<threshold>
			<threshold_value>GT 0.10403 (Pr=0.075)</threshold_value>
			<data>
				<values>-0.20502, 0.48284, 0.27782, 1.0, 0.72454, 0.11697, 0.59745, 14.71218, 0.2856, 6.96622, 0.01704, 0.10952, 0.00745, -999.0, -999.0, -999.0, -999.0, -999.0</values>
				<sampling_intervals>
					<main_interval>
						<bounds>0.05, 0.95</bounds>
						<lower_bound>
							<values>-0.82401, 0.32022, 0.18406, 1.0, 0.5961, 0.09548, 0.48239, 8.3464, 0.24833, 3.85324, 0.00956, 0.08948, 0.00455, -999.0, -999.0, -999.0, -999.0, -999.0</values>
						</lower_bound>
						<upper_bound>
							<values>0.02489, 1.02473, 0.37954, 1.0, 1.02878, 0.13713, 0.89937, 38.8681, 0.31607, 19.1104, 0.02374, 0.13005, 0.01009, -999.0, -999.0, -999.0, -999.0, -999.0</values>
						</upper_bound>
					</main_interval>
					<sample_size>
						<values>1000.0, 1000.0, 1000.0, 1000.0, 1000.0, 1000.0, 1000.0, 1000.0, 1000.0, 1000.0, 1000.0, 1000.0, 1000.0, -999.0, -999.0, -999.0, -999.0, -999.0</values>
					</sample_size>
				</sampling_intervals>
			</data>
		</threshold>
		<threshold>
			<threshold_value>GT 0.11206 (Pr=0.1)</threshold_value>
			<data>
				<values>0.04745, 0.28032, 0.32777, 1.0, 0.60813, 0.10947, 0.45389, 7.25471, 0.31616, 3.38111, 0.02693, 0.09943, 0.01004, -999.0, -999.0, -999.0, -999.0, -999.0</values>
				<sampling_intervals>
					<main_interval>
						<bounds>0.05, 0.95</bounds>
						<lower_bound>
							<values>-0.33246, 0.20372, 0.2167, 1.0, 0.5316, 0.08983, 0.39329, 4.91408, 0.27954, 2.24238, 0.01629, 0.08221, 0.00602, -999.0, -999.0, -999.0, -999.0, -999.0</values>
						</lower_bound>
						<upper_bound>
							<values>0.17896, 0.5698, 0.41843, 1.0, 0.81561, 0.12883, 0.63014, 17.20652, 0.34889, 8.34068, 0.03357, 0.11869, 0.01259, -999.0, -999.0, -999.0, -999.0, -999.0</values>
						</upper_bound>
					</main_interval>
					<sample_size>
						<values>1000.0, 1000.0, 1000.0, 1000.0, 1000.0, 1000.0, 1000.0, 1000.0, 1000.0, 1000.0, 1000.0, 1000.0, 1000.0, -999.0, -999.0, -999.0, -999.0, -999.0</values>
					</sample_size>
				</sampling_intervals>
			</data>
		</threshold>
		<threshold>
			<threshold_value>GT 0.11827 (Pr=0.125)</threshold_value>
			<data>
				<values>0.04745, 0.28032, 0.32777, 1.0, 0.60813, 0.10947, 0.45389, 7.25471, 0.31616, 3.38111, 0.02693, 0.09943, 0.01004, -999.0, -999.0, -999.0, -999.0, -999.0</values>
				<sampling_intervals>
					<main_interval>
						<bounds>0.05, 0.95</bounds>
						<lower_bound>
							<values>-0.14606, 0.13648, 0.23783, 1.0, 0.50041, 0.08171, 0.34343, 3.32699, 0.28955, 1.46616, 0.02138, 0.07351, 0.00763, -999.0, -999.0, -999.0, -999.0, -999.0</values>
						</lower_bound>
						<upper_bound>
							<values>0.25629, 0.41886, 0.43502, 1.0, 0.72163, 0.12533, 0.5324, 10.82204, 0.3927, 5.23929, 0.04509, 0.11306, 0.0148, -999.0, -999.0, -999.0, -999.0, -999.0</values>
						</upper_bound>
					</main_interval>
					<sample_size>
						<values>1000.0, 1000.0, 1000.0, 1000.0, 1000.0, 1000.0, 1000.0, 1000.0, 1000.0, 1000.0, 1000.0, 1000.0, 1000.0, -999.0, -999.0, -999.0, -999.0, -999.0</values>
					</sample_size>
				</sampling_intervals>
			</data>
		</threshold>
		<threshold>
			<threshold_value>GT 0.12509 (Pr=0.15)</threshold_value>
			<data>
				<values>0.21179, 0.13004, 0.34183, 1.0, 0.53841, 0.09708, 0.34688, 3.48734, 0.37793, 1.55803, 0.04584, 0.08427, 0.01281, -999.0, -999.0, -999.0, -999.0, -999.0</values>
				<sampling_intervals>
					<main_interval>
						<bounds>0.05, 0.95</bounds>
						<lower_bound>
							<values>-0.1527, 0.08998, 0.253, 1.0, 0.48076, 0.08226, 0.30555, 2.29474, 0.24776, 0.99057, 0.02524, 0.07125, 0.00952, -999.0, -999.0, -999.0, -999.0, -999.0</values>
						</lower_bound>
						<upper_bound>
							<values>0.31123, 0.44736, 0.43718, 1.0, 0.74692, 0.12527, 0.51077, 7.8141, 0.4172, 4.04781, 0.05955, 0.10896, 0.01817, -999.0, -999.0, -999.0, -999.0, -999.0</values>
						</upper_bound>
					</main_interval>
					<sample_size>
						<values>1000.0, 1000.0, 1000.0, 1000.0, 1000.0, 1000.0, 1000.0, 1000.0, 1000.0, 1000.0, 1000.0, 1000.0, 1000.0, -999.0, -999.0, -999.0, -999.0, -999.0</values>
					</sample_size>
				</sampling_intervals>
			</data>
		</threshold>
		<threshold>
			<threshold_value>GT 0.13313 (Pr=0.175)</threshold_value>
			<data>
				<values>0.10641, 0.23154, 0.33795, 1.0, 0.58868, 0.11419, 0.41911, 3.88878, 0.29143, 1.94095, 0.0399, 0.09508, 0.01911, -999.0, -999.0, -999.0, -999.0, -999.0</values>
				<sampling_intervals>
					<main_interval>
						<bounds>0.05, 0.95</bounds>
						<lower_bound>
							<values>-0.09399, 0.07402, 0.2653, 1.0, 0.47698, 0.08294, 0.28652, 1.89697, 0.24357, 0.80063, 0.02882, 0.06991, 0.01181, -999.0, -999.0, -999.0, -999.0, -999.0</values>
						</lower_bound>
						<upper_bound>
							<values>0.32437, 0.39976, 0.43533, 1.0, 0.73826, 0.13214, 0.47468, 6.15192, 0.42883, 3.33807, 0.06947, 0.11106, 0.02236, -999.0, -999.0, -999.0, -999.0, -999.0</values>
						</upper_bound>
					</main_interval>
					<sample_size>
						<values>1000.0, 1000.0, 1000.0, 1000.0, 1000.0, 1000.0, 1000.0, 1000.0, 1000.0, 1000.0, 1000.0, 1000.0, 1000.0, -999.0, -999.0, -999.0, -999.0, -999.0</values>
					</sample_size>
				</sampling_intervals>
			</data>
		</threshold>
		<threshold>
			<threshold_value>GT 0.14313 (Pr=0.2)</threshold_value>
			<data>
				<values>0.13929, 0.21507, 0.35436, 1.0, 0.58933, 0.10751, 0.37889, 3.24162, 0.29595, 1.66145, 0.04631, 0.0869, 0.02061, -999.0, -999.0, -999.0, -999.0, -999.0</values>
				<sampling_intervals>
					<main_interval>
						<bounds>0.05, 0.95</bounds>
						<lower_bound>
							<values>-0.02265, 0.08817, 0.28095, 1.0, 0.49084, 0.08689, 0.29864, 1.9937, 0.25019, 0.88253, 0.03379, 0.07071, 0.01494, -999.0, -999.0, -999.0, -999.0, -999.0</values>
						</lower_bound>
						<upper_bound>
							<values>0.29807, 0.33847, 0.43475, 1.0, 0.70374, 0.13218, 0.43646, 4.978, 0.40857, 2.68413, 0.0679, 0.10737, 0.02629, -999.0, -999.0, -999.0, -999.0, -999.0</values>
						</upper_bound>
					</main_interval>
					<sample_size>
						<values>1000.0, 1000.0, 1000.0, 1000.0, 1000.0, 1000.0, 1000.0, 1000.0, 1000.0, 1000.0, 1000.0, 1000.0, 1000.0, -999.0, -999.0, -999.0, -999.0, -999.0</values>
					</sample_size>
				</sampling_intervals>
			</data>
		</threshold>
		<threshold>
			<threshold_value>GT 0.15263 (Pr=0.225)</threshold_value>
			<data>
				<values>0.19313, 0.17963, 0.37276, 1.0, 0.56015, 0.10599, 0.35271, 2.5856, 0.31045, 1.29826, 0.05521, 0.08286, 0.02313, -999.0, -999.0, -999.0, -999.0, -999.0</values>
				<sampling_intervals>
					<main_interval>
						<bounds>0.05, 0.95</bounds>
						<lower_bound>
							<values>0.04383, 0.11152, 0.29122, 1.0, 0.49065, 0.08722, 0.3223, 1.89094, 0.26224, 0.88846, 0.03952, 0.06849, 0.0171, -999.0, -999.0, -999.0, -999.0, -999.0</values>
						</lower_bound>
						<upper_bound>
							<values>0.28661, 0.28352, 0.44872, 1.0, 0.66216, 0.12823, 0.40074, 3.97352, 0.36538, 2.11779, 0.07191, 0.10188, 0.02868, -999.0, -999.0, -999.0, -999.0, -999.0</values>
						</upper_bound>
					</main_interval>
					<sample_size>
						<values>1000.0, 1000.0, 1000.0, 1000.0, 1000.0, 1000.0, 1000.0, 1000.0, 1000.0, 1000.0, 1000.0, 1000.0, 1000.0, -999.0, -999.0, -999.0, -999.0, -999.0</values>
					</sample_size>
				</sampling_intervals>
			</data>
		</threshold>
		<threshold>
			<threshold_value>GT 0.16175 (Pr=0.25)</threshold_value>
			<data>
				<values>0.23691, 0.1411, 0.37801, 1.0, 0.53628, 0.10483, 0.33165, 2.11784, 0.32573, 1.03642, 0.06511, 0.07925, 0.02558, -999.0, -999.0, -999.0, -999.0, -999.0</values>
				<sampling_intervals>
					<main_interval>
						<bounds>0.05, 0.95</bounds>
						<lower_bound>
							<values>0.10924, 0.09836, 0.30422, 1.0, 0.4779, 0.08631, 0.30687, 1.61426, 0.27713, 0.74088, 0.04723, 0.06568, 0.01921, -999.0, -999.0, -999.0, -999.0, -999.0</values>
						</lower_bound>
						<upper_bound>
							<values>0.31485, 0.22881, 0.45749, 1.0, 0.62621, 0.12622, 0.37496, 3.17951, 0.37607, 1.63825, 0.08266, 0.09704, 0.03124, -999.0, -999.0, -999.0, -999.0, -999.0</values>
						</upper_bound>
					</main_interval>
					<sample_size>
						<values>1000.0, 1000.0, 1000.0, 1000.0, 1000.0, 1000.0, 1000.0, 1000.0, 1000.0, 1000.0, 1000.0, 1000.0, 1000.0, -999.0, -999.0, -999.0, -999.0, -999.0</values>
					</sample_size>
				</sampling_intervals>
			</data>
		</threshold>
		<threshold>
			<threshold_value>GT 0.16913 (Pr=0.275)</threshold_value>
			<data>
				<values>0.23691, 0.1411, 0.37801, 1.0, 0.53628, 0.10483, 0.33165, 2.11784, 0.32573, 1.03642, 0.06511, 0.07925, 0.02558, -999.0, -999.0, -999.0, -999.0, -999.0</values>
				<sampling_intervals>
					<main_interval>
						<bounds>0.05, 0.95</bounds>
						<lower_bound>
							<values>0.15547, 0.07936, 0.31371, 1.0, 0.4642, 0.0865, 0.29558, 1.35066, 0.29078, 0.60888, 0.05477, 0.06371, 0.02107, -999.0, -999.0, -999.0, -999.0, -999.0</values>
						</lower_bound>
						<upper_bound>
							<values>0.34335, 0.18425, 0.46185, 1.0, 0.59721, 0.12512, 0.35343, 2.65939, 0.39303, 1.35581, 0.095, 0.09333, 0.03405, -999.0, -999.0, -999.0, -999.0, -999.0</values>
						</upper_bound>
					</main_interval>
					<sample_size>
						<values>1000.0, 1000.0, 1000.0, 1000.0, 1000.0, 1000.0, 1000.0, 1000.0, 1000.0, 1000.0, 1000.0, 1000.0, 1000.0, -999.0, -999.0, -999.0, -999.0, -999.0</values>
					</sample_size>
				</sampling_intervals>
			</data>
		</threshold>
		<threshold>
			<threshold_value>GT 0.17766 (Pr=0.3)</threshold_value>
			<data>
				<values>0.29301, 0.10136, 0.39437, 1.0, 0.50271, 0.10598, 0.31025, 1.62873, 0.35215, 0.76139, 0.08069, 0.07652, 0.02946, -999.0, -999.0, -999.0, -999.0, -999.0</values>
				<sampling_intervals>
					<main_interval>
						<bounds>0.05, 0.95</bounds>
						<lower_bound>
							<values>0.20214, 0.06704, 0.32495, 1.0, 0.44795, 0.08705, 0.2845, 1.16252, 0.31063, 0.50412, 0.06389, 0.06203, 0.02339, -999.0, -999.0, -999.0, -999.0, -999.0</values>
						</lower_bound>
						<upper_bound>
							<values>0.37018, 0.14633, 0.46716, 1.0, 0.5685, 0.12495, 0.33563, 2.1803, 0.41275, 1.06687, 0.10845, 0.0897, 0.03705, -999.0, -999.0, -999.0, -999.0, -999.0</values>
						</upper_bound>
					</main_interval>
					<sample_size>
						<values>1000.0, 1000.0, 1000.0, 1000.0, 1000.0, 1000.0, 1000.0, 1000.0, 1000.0, 1000.0, 1000.0, 1000.0, 1000.0, -999.0, -999.0, -999.0, -999.0, -999.0</values>
					</sample_size>
				</sampling_intervals>
			</data>
		</threshold>
		<threshold>
			<threshold_value>GT 0.18567 (Pr=0.325)</threshold_value>
			<data>
				<values>0.32216, 0.07739, 0.39955, 1.0, 0.48532, 0.10592, 0.29844, 1.35595, 0.37783, 0.60775, 0.09576, 0.07343, 0.03249, -999.0, -999.0, -999.0, -999.0, -999.0</values>
				<sampling_intervals>
					<main_interval>
						<bounds>0.05, 0.95</bounds>
						<lower_bound>
							<values>0.24276, 0.05251, 0.33261, 1.0, 0.43731, 0.08754, 0.27588, 0.9961, 0.3309, 0.41836, 0.0753, 0.06053, 0.02568, -999.0, -999.0, -999.0, -999.0, -999.0</values>
						</lower_bound>
						<upper_bound>
							<values>0.3899, 0.11527, 0.47291, 1.0, 0.54448, 0.12518, 0.32317, 1.78766, 0.4396, 0.85137, 0.12628, 0.08714, 0.0404, -999.0, -999.0, -999.0, -999.0, -999.0</values>
						</upper_bound>
					</main_interval>
					<sample_size>
						<values>1000.0, 1000.0, 1000.0, 1000.0, 1000.0, 1000.0, 1000.0, 1000.0, 1000.0, 1000.0, 1000.0, 1000.0, 1000.0, -999.0, -999.0, -999.0, -999.0, -999.0</values>
					</sample_size>
				</sampling_intervals>
			</data>
		</threshold>
		<threshold>
			<threshold_value>GT 0.19349 (Pr=0.35)</threshold_value>
			<data>
				<values>0.35082, 0.06008, 0.41091, 1.0, 0.46883, 0.10659, 0.28693, 1.10693, 0.41445, 0.47275, 0.1161, 0.07046, 0.03613, -999.0, -999.0, -999.0, -999.0, -999.0</values>
				<sampling_intervals>
					<main_interval>
						<bounds>0.05, 0.95</bounds>
						<lower_bound>
							<values>0.26893, 0.04372, 0.342, 1.0, 0.42375, 0.08904, 0.2702, 0.86381, 0.34592, 0.34867, 0.0838, 0.05922, 0.02838, -999.0, -999.0, -999.0, -999.0, -999.0</values>
						</lower_bound>
						<upper_bound>
							<values>0.40699, 0.09639, 0.48237, 1.0, 0.52414, 0.13051, 0.32334, 1.55829, 0.46922, 0.72015, 0.14317, 0.08776, 0.04482, -999.0, -999.0, -999.0, -999.0, -999.0</values>
						</upper_bound>
					</main_interval>
					<sample_size>
						<values>1000.0, 1000.0, 1000.0, 1000.0, 1000.0, 1000.0, 1000.0, 1000.0, 1000.0, 1000.0, 1000.0, 1000.0, 1000.0, -999.0, -999.0, -999.0, -999.0, -999.0</values>
					</sample_size>
				</sampling_intervals>
			</data>
		</threshold>
		<threshold>
			<threshold_value>GT 0.20115 (Pr=0.375)</threshold_value>
			<data>
				<values>0.38114, 0.04913, 0.43026, 1.0, 0.44466, 0.1144, 0.28861, 0.91748, 0.44304, 0.37184, 0.1329, 0.072, 0.0424, -999.0, -999.0, -999.0, -999.0, -999.0</values>
				<sampling_intervals>
					<main_interval>
						<bounds>0.05, 0.95</bounds>
						<lower_bound>
							<values>0.29289, 0.03512, 0.35061, 1.0, 0.40915, 0.09079, 0.26688, 0.76489, 0.35571, 0.29645, 0.08622, 0.05776, 0.03172, -999.0, -999.0, -999.0, -999.0, -999.0</values>
						</lower_bound>
						<upper_bound>
							<values>0.41892, 0.08198, 0.48981, 1.0, 0.50573, 0.13812, 0.36872, 1.36232, 0.50309, 0.59946, 0.16423, 0.09042, 0.05067, -999.0, -999.0, -999.0, -999.0, -999.0</values>
						</upper_bound>
					</main_interval>
					<sample_size>
						<values>1000.0, 1000.0, 1000.0, 1000.0, 1000.0, 1000.0, 1000.0, 1000.0, 1000.0, 1000.0, 1000.0, 1000.0, 1000.0, -999.0, -999.0, -999.0, -999.0, -999.0</values>
					</sample_size>
				</sampling_intervals>
			</data>
		</threshold>
		<threshold>
			<threshold_value>GT 0.20766 (Pr=0.4)</threshold_value>
			<data>
				<values>0.38114, 0.04913, 0.43026, 1.0, 0.44466, 0.1144, 0.28861, 0.91748, 0.44304, 0.37184, 0.1329, 0.072, 0.0424, -999.0, -999.0, -999.0, -999.0, -999.0</values>
				<sampling_intervals>
					<main_interval>
						<bounds>0.05, 0.95</bounds>
						<lower_bound>
							<values>0.30738, 0.02641, 0.35573, 1.0, 0.3891, 0.09449, 0.26678, 0.69726, 0.35543, 0.25889, 0.08746, 0.05831, 0.03527, -999.0, -999.0, -999.0, -999.0, -999.0</values>
						</lower_bound>
						<upper_bound>
							<values>0.42749, 0.06906, 0.48486, 1.0, 0.48664, 0.15136, 0.37547, 1.23379, 0.53128, 0.50995, 0.18148, 0.09471, 0.05857, -999.0, -999.0, -999.0, -999.0, -999.0</values>
						</upper_bound>
					</main_interval>
					<sample_size>
						<values>1000.0, 1000.0, 1000.0, 1000.0, 1000.0, 1000.0, 1000.0, 1000.0, 1000.0, 1000.0, 1000.0, 1000.0, 1000.0, -999.0, -999.0, -999.0, -999.0, -999.0</values>
					</sample_size>
				</sampling_intervals>
			</data>
		</threshold>
		<threshold>
			<threshold_value>GT 0.21474 (Pr=0.425)</threshold_value>
			<data>
				<values>0.3756, 0.02667, 0.40227, 1.0, 0.40951, 0.13495, 0.34984, 0.89288, 0.43859, 0.33102, 0.12486, 0.07976, 0.0552, -999.0, -999.0, -999.0, -999.0, -999.0</values>
				<sampling_intervals>
					<main_interval>
						<bounds>0.05, 0.95</bounds>
						<lower_bound>
							<values>0.32277, 0.01893, 0.35613, 1.0, 0.36947, 0.10044, 0.2676, 0.64647, 0.36916, 0.2279, 0.09358, 0.05934, 0.03939, -999.0, -999.0, -999.0, -999.0, -999.0</values>
						</lower_bound>
						<upper_bound>
							<values>0.43128, 0.05939, 0.47714, 1.0, 0.47256, 0.16017, 0.37854, 1.12269, 0.55474, 0.44251, 0.19499, 0.09585, 0.06673, -999.0, -999.0, -999.0, -999.0, -999.0</values>
						</upper_bound>
					</main_interval>
					<sample_size>
						<values>1000.0, 1000.0, 1000.0, 1000.0, 1000.0, 1000.0, 1000.0, 1000.0, 1000.0, 1000.0, 1000.0, 1000.0, 1000.0, -999.0, -999.0, -999.0, -999.0, -999.0</values>
					</sample_size>
				</sampling_intervals>
			</data>
		</threshold>
		<threshold>
			<threshold_value>GT 0.22238 (Pr=0.45)</threshold_value>
			<data>
				<values>0.39245, 0.02099, 0.41344, 1.0, 0.39135, 0.14315, 0.35934, 0.78177, 0.46911, 0.2732, 0.13848, 0.07977, 0.06338, -999.0, -999.0, -999.0, -999.0, -999.0</values>
				<sampling_intervals>
					<main_interval>
						<bounds>0.05, 0.95</bounds>
						<lower_bound>
							<values>0.33346, 0.01364, 0.35918, 1.0, 0.35794, 0.11014, 0.27846, 0.61511, 0.38334, 0.20716, 0.10044, 0.06224, 0.04644, -999.0, -999.0, -999.0, -999.0, -999.0</values>
						</lower_bound>
						<upper_bound>
							<values>0.43748, 0.05046, 0.47312, 1.0, 0.45289, 0.16627, 0.3815, 1.01569, 0.57112, 0.38973, 0.19693, 0.09525, 0.0735, -999.0, -999.0, -999.0, -999.0, -999.0</values>
						</upper_bound>
					</main_interval>
					<sample_size>
						<values>1000.0, 1000.0, 1000.0, 1000.0, 1000.0, 1000.0, 1000.0, 1000.0, 1000.0, 1000.0, 1000.0, 1000.0, 1000.0, -999.0, -999.0, -999.0, -999.0, -999.0</values>
					</sample_size>
				</sampling_intervals>
			</data>
		</threshold>
		<threshold>
			<threshold_value>GT 0.23076 (Pr=0.475)</threshold_value>
			<data>
				<values>0.41034, 0.01949, 0.42983, 1.0, 0.37561, 0.15103, 0.36508, 0.68672, 0.50248, 0.22717, 0.15411, 0.07957, 0.07147, -999.0, -999.0, -999.0, -999.0, -999.0</values>
				<sampling_intervals>
					<main_interval>
						<bounds>0.05, 0.95</bounds>
						<lower_bound>
							<values>0.34761, 0.01138, 0.36724, 1.0, 0.34626, 0.12004, 0.33389, 0.57857, 0.40923, 0.1829, 0.11213, 0.06375, 0.05442, -999.0, -999.0, -999.0, -999.0, -999.0</values>
						</lower_bound>
						<upper_bound>
							<values>0.44773, 0.04208, 0.47993, 1.0, 0.43239, 0.17154, 0.38457, 0.90991, 0.59576, 0.33124, 0.19954, 0.09386, 0.08144, -999.0, -999.0, -999.0, -999.0, -999.0</values>
						</upper_bound>
					</main_interval>
					<sample_size>
						<values>1000.0, 1000.0, 1000.0, 1000.0, 1000.0, 1000.0, 1000.0, 1000.0, 1000.0, 1000.0, 1000.0, 1000.0, 1000.0, -999.0, -999.0, -999.0, -999.0, -999.0</values>
					</sample_size>
				</sampling_intervals>
			</data>
		</threshold>
		<threshold>
			<threshold_value>GT 0.24121 (Pr=0.5)</threshold_value>
			<data>
				<values>0.41645, 0.01765, 0.43411, 1.0, 0.36937, 0.15418, 0.36835, 0.63208, 0.53559, 0.1996, 0.17009, 0.07754, 0.07664, -999.0, -999.0, -999.0, -999.0, -999.0</values>
				<sampling_intervals>
					<main_interval>
						<bounds>0.05, 0.95</bounds>
						<lower_bound>
							<values>0.3627, 0.0104, 0.37764, 1.0, 0.33659, 0.12721, 0.3423, 0.52478, 0.4328, 0.15577, 0.12339, 0.06439, 0.06058, -999.0, -999.0, -999.0, -999.0, -999.0</values>
						</lower_bound>
						<upper_bound>
							<values>0.46012, 0.03816, 0.49015, 1.0, 0.41607, 0.17718, 0.38746, 0.81208, 0.63655, 0.2802, 0.21716, 0.09161, 0.08858, -999.0, -999.0, -999.0, -999.0, -999.0</values>
						</upper_bound>
					</main_interval>
					<sample_size>
						<values>1000.0, 1000.0, 1000.0, 1000.0, 1000.0, 1000.0, 1000.0, 1000.0, 1000.0, 1000.0, 1000.0, 1000.0, 1000.0, -999.0, -999.0, -999.0, -999.0, -999.0</values>
					</sample_size>
				</sampling_intervals>
			</data>
		</threshold>
		<threshold>
			<threshold_value>GT 0.25239 (Pr=0.525)</threshold_value>
			<data>
				<values>0.42577, 0.01736, 0.44312, 1.0, 0.36155, 0.15898, 0.37166, 0.56969, 0.57918, 0.17116, 0.19075, 0.07612, 0.08286, -999.0, -999.0, -999.0, -999.0, -999.0</values>
				<sampling_intervals>
					<main_interval>
						<bounds>0.05, 0.95</bounds>
						<lower_bound>
							<values>0.37227, 0.01056, 0.3866, 1.0, 0.32696, 0.13283, 0.34861, 0.47953, 0.45976, 0.13541, 0.13628, 0.06356, 0.06789, -999.0, -999.0, -999.0, -999.0, -999.0</values>
						</lower_bound>
						<upper_bound>
							<values>0.46939, 0.03765, 0.49823, 1.0, 0.40477, 0.18398, 0.3918, 0.7169, 0.69028, 0.23806, 0.24272, 0.08978, 0.09601, -999.0, -999.0, -999.0, -999.0, -999.0</values>
						</upper_bound>
					</main_interval>
					<sample_size>
						<values>1000.0, 1000.0, 1000.0, 1000.0, 1000.0, 1000.0, 1000.0, 1000.0, 1000.0, 1000.0, 1000.0, 1000.0, 1000.0, -999.0, -999.0, -999.0, -999.0, -999.0</values>
					</sample_size>
				</sampling_intervals>
			</data>
		</threshold>
		<threshold>
			<threshold_value>GT 0.26797 (Pr=0.55)</threshold_value>
			<data>
				<values>0.43027, 0.01965, 0.44993, 1.0, 0.35602, 0.16279, 0.3765, 0.543, 0.60074, 0.15809, 0.20024, 0.07535, 0.08744, -999.0, -999.0, -999.0, -999.0, -999.0</values>
				<sampling_intervals>
					<main_interval>
						<bounds>0.05, 0.95</bounds>
						<lower_bound>
							<values>0.38211, 0.01189, 0.39667, 1.0, 0.31966, 0.13857, 0.35436, 0.43994, 0.48903, 0.11683, 0.15095, 0.06279, 0.07409, -999.0, -999.0, -999.0, -999.0, -999.0</values>
						</lower_bound>
						<upper_bound>
							<values>0.47754, 0.03656, 0.50797, 1.0, 0.39524, 0.1899, 0.39742, 0.64974, 0.74711, 0.20397, 0.27094, 0.08852, 0.10464, -999.0, -999.0, -999.0, -999.0, -999.0</values>
						</upper_bound>
					</main_interval>
					<sample_size>
						<values>1000.0, 1000.0, 1000.0, 1000.0, 1000.0, 1000.0, 1000.0, 1000.0, 1000.0, 1000.0, 1000.0, 1000.0, 1000.0, -999.0, -999.0, -999.0, -999.0, -999.0</values>
					</sample_size>
				</sampling_intervals>
			</data>
		</threshold>
		<threshold>
			<threshold_value>GT 0.28214 (Pr=0.575)</threshold_value>
			<data>
				<values>0.44701, 0.02129, 0.4683, 1.0, 0.34173, 0.17362, 0.38488, 0.4802, 0.64982, 0.12993, 0.22466, 0.07451, 0.09911, -999.0, -999.0, -999.0, -999.0, -999.0</values>
				<sampling_intervals>
					<main_interval>
						<bounds>0.05, 0.95</bounds>
						<lower_bound>
							<values>0.39036, 0.01429, 0.40627, 1.0, 0.31275, 0.14488, 0.36163, 0.4018, 0.52318, 0.10074, 0.16684, 0.06148, 0.08121, -999.0, -999.0, -999.0, -999.0, -999.0</values>
						</lower_bound>
						<upper_bound>
							<values>0.48359, 0.0358, 0.51411, 1.0, 0.38664, 0.19616, 0.40448, 0.58472, 0.81456, 0.17225, 0.30096, 0.0869, 0.11278, -999.0, -999.0, -999.0, -999.0, -999.0</values>
						</upper_bound>
					</main_interval>
					<sample_size>
						<values>1000.0, 1000.0, 1000.0, 1000.0, 1000.0, 1000.0, 1000.0, 1000.0, 1000.0, 1000.0, 1000.0, 1000.0, 1000.0, -999.0, -999.0, -999.0, -999.0, -999.0</values>
					</sample_size>
				</sampling_intervals>
			</data>
		</threshold>
		<threshold>
			<threshold_value>GT 0.29564 (Pr=0.6)</threshold_value>
			<data>
				<values>0.45095, 0.02096, 0.47191, 1.0, 0.33701, 0.17847, 0.3905, 0.44443, 0.69979, 0.11446, 0.24796, 0.07312, 0.10535, -999.0, -999.0, -999.0, -999.0, -999.0</values>
				<sampling_intervals>
					<main_interval>
						<bounds>0.05, 0.95</bounds>
						<lower_bound>
							<values>0.39708, 0.01596, 0.41785, 1.0, 0.3064, 0.15072, 0.36802, 0.37249, 0.57087, 0.0873, 0.18867, 0.06036, 0.08827, -999.0, -999.0, -999.0, -999.0, -999.0</values>
						</lower_bound>
						<upper_bound>
							<values>0.48824, 0.03582, 0.519, 1.0, 0.37933, 0.20309, 0.41421, 0.53223, 0.87678, 0.1479, 0.33072, 0.08411, 0.12194, -999.0, -999.0, -999.0, -999.0, -999.0</values>
						</upper_bound>
					</main_interval>
					<sample_size>
						<values>1000.0, 1000.0, 1000.0, 1000.0, 1000.0, 1000.0, 1000.0, 1000.0, 1000.0, 1000.0, 1000.0, 1000.0, 1000.0, -999.0, -999.0, -999.0, -999.0, -999.0</values>
					</sample_size>
				</sampling_intervals>
			</data>
		</threshold>
		<threshold>
			<threshold_value>GT 0.31342 (Pr=0.625)</threshold_value>
			<data>
				<values>0.4476, 0.02523, 0.47283, 1.0, 0.33329, 0.18436, 0.40347, 0.40438, 0.79545, 0.09548, 0.28982, 0.06978, 0.11458, -999.0, -999.0, -999.0, -999.0, -999.0</values>
				<sampling_intervals>
					<main_interval>
						<bounds>0.05, 0.95</bounds>
						<lower_bound>
							<values>0.40039, 0.01847, 0.42384, 1.0, 0.30186, 0.15818, 0.37682, 0.34366, 0.61988, 0.07523, 0.20935, 0.05861, 0.09629, -999.0, -999.0, -999.0, -999.0, -999.0</values>
						</lower_bound>
						<upper_bound>
							<values>0.49057, 0.0382, 0.52365, 1.0, 0.37295, 0.21, 0.42473, 0.48909, 0.9687, 0.12754, 0.37536, 0.08186, 0.13113, -999.0, -999.0, -999.0, -999.0, -999.0</values>
						</upper_bound>
					</main_interval>
					<sample_size>
						<values>1000.0, 1000.0, 1000.0, 1000.0, 1000.0, 1000.0, 1000.0, 1000.0, 1000.0, 1000.0, 1000.0, 1000.0, 1000.0, -999.0, -999.0, -999.0, -999.0, -999.0</values>
					</sample_size>
				</sampling_intervals>
			</data>
		</threshold>
		<threshold>
			<threshold_value>GT 0.33485 (Pr=0.65)</threshold_value>
			<data>
				<values>0.45025, 0.02827, 0.47852, 1.0, 0.32746, 0.19089, 0.41317, 0.38089, 0.85634, 0.0844, 0.31632, 0.06779, 0.12309, -999.0, -999.0, -999.0, -999.0, -999.0</values>
				<sampling_intervals>
					<main_interval>
						<bounds>0.05, 0.95</bounds>
						<lower_bound>
							<values>0.39983, 0.0214, 0.42882, 1.0, 0.29611, 0.16441, 0.38637, 0.32, 0.66393, 0.06516, 0.23181, 0.05669, 0.10504, -999.0, -999.0, -999.0, -999.0, -999.0</values>
						</lower_bound>
						<upper_bound>
							<values>0.49423, 0.04189, 0.5279, 1.0, 0.36788, 0.21631, 0.43573, 0.45529, 1.07051, 0.11065, 0.41907, 0.079, 0.14002, -999.0, -999.0, -999.0, -999.0, -999.0</values>
						</upper_bound>
					</main_interval>
					<sample_size>
						<values>1000.0, 1000.0, 1000.0, 1000.0, 1000.0, 1000.0, 1000.0, 1000.0, 1000.0, 1000.0, 1000.0, 1000.0, 1000.0, -999.0, -999.0, -999.0, -999.0, -999.0</values>
					</sample_size>
				</sampling_intervals>
			</data>
		</threshold>
		<threshold>
			<threshold_value>GT 0.36074 (Pr=0.675)</threshold_value>
			<data>
				<values>0.45313, 0.03177, 0.4849, 1.0, 0.32282, 0.19736, 0.42141, 0.35839, 0.93702, 0.07306, 0.35518, 0.06429, 0.13308, -999.0, -999.0, -999.0, -999.0, -999.0</values>
				<sampling_intervals>
					<main_interval>
						<bounds>0.05, 0.95</bounds>
						<lower_bound>
							<values>0.39514, 0.02378, 0.43513, 1.0, 0.29114, 0.17045, 0.3951, 0.30439, 0.72381, 0.05728, 0.25709, 0.054, 0.1135, -999.0, -999.0, -999.0, -999.0, -999.0</values>
						</lower_bound>
						<upper_bound>
							<values>0.49795, 0.04679, 0.53344, 1.0, 0.36416, 0.2234, 0.44516, 0.42097, 1.17934, 0.09547, 0.47436, 0.076, 0.15013, -999.0, -999.0, -999.0, -999.0, -999.0</values>
						</upper_bound>
					</main_interval>
					<sample_size>
						<values>1000.0, 1000.0, 1000.0, 1000.0, 1000.0, 1000.0, 1000.0, 1000.0, 1000.0, 1000.0, 1000.0, 1000.0, 1000.0, -999.0, -999.0, -999.0, -999.0, -999.0</values>
					</sample_size>
				</sampling_intervals>
			</data>
		</threshold>
		<threshold>
			<threshold_value>GT 0.38891 (Pr=0.7)</threshold_value>
			<data>
				<values>0.45566, 0.03491, 0.49057, 1.0, 0.31864, 0.20367, 0.42936, 0.33991, 1.00659, 0.06504, 0.38794, 0.06245, 0.14121, -999.0, -999.0, -999.0, -999.0, -999.0</values>
				<sampling_intervals>
					<main_interval>
						<bounds>0.05, 0.95</bounds>
						<lower_bound>
							<values>0.39341, 0.02758, 0.43891, 1.0, 0.28701, 0.17558, 0.40318, 0.28761, 0.79102, 0.0503, 0.29177, 0.05103, 0.12158, -999.0, -999.0, -999.0, -999.0, -999.0</values>
						</lower_bound>
						<upper_bound>
							<values>0.50068, 0.0522, 0.54069, 1.0, 0.36041, 0.23102, 0.45614, 0.3951, 1.30623, 0.08249, 0.52618, 0.07263, 0.16031, -999.0, -999.0, -999.0, -999.0, -999.0</values>
						</upper_bound>
					</main_interval>
					<sample_size>
						<values>1000.0, 1000.0, 1000.0, 1000.0, 1000.0, 1000.0, 1000.0, 1000.0, 1000.0, 1000.0, 1000.0, 1000.0, 1000.0, -999.0, -999.0, -999.0, -999.0, -999.0</values>
					</sample_size>
				</sampling_intervals>
			</data>
		</threshold>
		<threshold>
			<threshold_value>GT 0.41874 (Pr=0.725)</threshold_value>
			<data>
				<values>0.45728, 0.04149, 0.49877, 1.0, 0.31574, 0.21016, 0.43714, 0.32225, 1.10449, 0.05649, 0.43773, 0.05923, 0.15093, -999.0, -999.0, -999.0, -999.0, -999.0</values>
				<sampling_intervals>
					<main_interval>
						<bounds>0.05, 0.95</bounds>
						<lower_bound>
							<values>0.39404, 0.03186, 0.44384, 1.0, 0.28553, 0.18247, 0.41091, 0.27642, 0.88256, 0.0436, 0.33328, 0.04822, 0.1308, -999.0, -999.0, -999.0, -999.0, -999.0</values>
						</lower_bound>
						<upper_bound>
							<values>0.50009, 0.0587, 0.54396, 1.0, 0.35681, 0.23624, 0.46727, 0.37056, 1.45185, 0.071, 0.59879, 0.06895, 0.1707, -999.0, -999.0, -999.0, -999.0, -999.0</values>
						</upper_bound>
					</main_interval>
					<sample_size>
						<values>1000.0, 1000.0, 1000.0, 1000.0, 1000.0, 1000.0, 1000.0, 1000.0, 1000.0, 1000.0, 1000.0, 1000.0, 1000.0, -999.0, -999.0, -999.0, -999.0, -999.0</values>
					</sample_size>
				</sampling_intervals>
			</data>
		</threshold>
		<threshold>
			<threshold_value>GT 0.4532 (Pr=0.75)</threshold_value>
			<data>
				<values>0.45054, 0.04763, 0.49817, 1.0, 0.31632, 0.21669, 0.44983, 0.30112, 1.28764, 0.0472, 0.52325, 0.05455, 0.16214, -999.0, -999.0, -999.0, -999.0, -999.0</values>
				<sampling_intervals>
					<main_interval>
						<bounds>0.05, 0.95</bounds>
						<lower_bound>
							<values>0.39117, 0.03729, 0.44836, 1.0, 0.28359, 0.18902, 0.41881, 0.26356, 0.98967, 0.03774, 0.38749, 0.04535, 0.13968, -999.0, -999.0, -999.0, -999.0, -999.0</values>
						</lower_bound>
						<upper_bound>
							<values>0.50016, 0.06703, 0.547, 1.0, 0.357, 0.24282, 0.47805, 0.3482, 1.64349, 0.06079, 0.69287, 0.06458, 0.18114, -999.0, -999.0, -999.0, -999.0, -999.0</values>
						</upper_bound>
					</main_interval>
					<sample_size>
						<values>1000.0, 1000.0, 1000.0, 1000.0, 1000.0, 1000.0, 1000.0, 1000.0, 1000.0, 1000.0, 1000.0, 1000.0, 1000.0, -999.0, -999.0, -999.0, -999.0, -999.0</values>
					</sample_size>
				</sampling_intervals>
			</data>
		</threshold>
		<threshold>
			<threshold_value>GT 0.46991 (Pr=0.76)</threshold_value>
			<data>
				<values>0.45163, 0.04809, 0.49972, 1.0, 0.31592, 0.21769, 0.45014, 0.2992, 1.31074, 0.04601, 0.53588, 0.05362, 0.16406, -999.0, -999.0, -999.0, -999.0, -999.0</values>
				<sampling_intervals>
					<main_interval>
						<bounds>0.05, 0.95</bounds>
						<lower_bound>
							<values>0.38994, 0.0391, 0.45055, 1.0, 0.28356, 0.19094, 0.42201, 0.25883, 1.04607, 0.0354, 0.4129, 0.04395, 0.14435, -999.0, -999.0, -999.0, -999.0, -999.0</values>
						</lower_bound>
						<upper_bound>
							<values>0.49741, 0.07088, 0.54572, 1.0, 0.35732, 0.24466, 0.48188, 0.34086, 1.7313, 0.05736, 0.73559, 0.06275, 0.18551, -999.0, -999.0, -999.0, -999.0, -999.0</values>
						</upper_bound>
					</main_interval>
					<sample_size>
						<values>1000.0, 1000.0, 1000.0, 1000.0, 1000.0, 1000.0, 1000.0, 1000.0, 1000.0, 1000.0, 1000.0, 1000.0, 1000.0, -999.0, -999.0, -999.0, -999.0, -999.0</values>
					</sample_size>
				</sampling_intervals>
			</data>
		</threshold>
		<threshold>
			<threshold_value>GT 0.48796 (Pr=0.77)</threshold_value>
			<data>
				<values>0.44904, 0.0542, 0.50324, 1.0, 0.31652, 0.22016, 0.4546, 0.29293, 1.39591, 0.04279, 0.57761, 0.0515, 0.16866, -999.0, -999.0, -999.0, -999.0, -999.0</values>
				<sampling_intervals>
					<main_interval>
						<bounds>0.05, 0.95</bounds>
						<lower_bound>
							<values>0.38467, 0.04138, 0.45136, 1.0, 0.28524, 0.19325, 0.42615, 0.2535, 1.09933, 0.03311, 0.44036, 0.04258, 0.14842, -999.0, -999.0, -999.0, -999.0, -999.0</values>
						</lower_bound>
						<upper_bound>
							<values>0.493, 0.07463, 0.54609, 1.0, 0.35852, 0.24732, 0.48779, 0.33414, 1.84629, 0.05415, 0.78457, 0.06074, 0.18972, -999.0, -999.0, -999.0, -999.0, -999.0</values>
						</upper_bound>
					</main_interval>
					<sample_size>
						<values>1000.0, 1000.0, 1000.0, 1000.0, 1000.0, 1000.0, 1000.0, 1000.0, 1000.0, 1000.0, 1000.0, 1000.0, 1000.0, -999.0, -999.0, -999.0, -999.0, -999.0</values>
					</sample_size>
				</sampling_intervals>
			</data>
		</threshold>
		<threshold>
			<threshold_value>GT 0.50296 (Pr=0.78)</threshold_value>
			<data>
				<values>0.44742, 0.05673, 0.50414, 1.0, 0.31608, 0.22409, 0.46059, 0.28654, 1.48456, 0.03944, 0.62329, 0.04976, 0.17433, -999.0, -999.0, -999.0, -999.0, -999.0</values>
				<sampling_intervals>
					<main_interval>
						<bounds>0.05, 0.95</bounds>
						<lower_bound>
							<values>0.38194, 0.04441, 0.45179, 1.0, 0.28475, 0.19594, 0.43099, 0.24878, 1.16842, 0.03119, 0.47138, 0.04131, 0.15174, -999.0, -999.0, -999.0, -999.0, -999.0</values>
						</lower_bound>
						<upper_bound>
							<values>0.48882, 0.07946, 0.54423, 1.0, 0.36012, 0.25004, 0.4941, 0.32732, 1.9514, 0.05026, 0.84024, 0.05861, 0.19433, -999.0, -999.0, -999.0, -999.0, -999.0</values>
						</upper_bound>
					</main_interval>
					<sample_size>
						<values>1000.0, 1000.0, 1000.0, 1000.0, 1000.0, 1000.0, 1000.0, 1000.0, 1000.0, 1000.0, 1000.0, 1000.0, 1000.0, -999.0, -999.0, -999.0, -999.0, -999.0</values>
					</sample_size>
				</sampling_intervals>
			</data>
		</threshold>
		<threshold>
			<threshold_value>GT 0.51794 (Pr=0.79)</threshold_value>
			<data>
				<values>0.44004, 0.06, 0.50004, 1.0, 0.31883, 0.22455, 0.46568, 0.28418, 1.56643, 0.03773, 0.66108, 0.04829, 0.17626, -999.0, -999.0, -999.0, -999.0, -999.0</values>
				<sampling_intervals>
					<main_interval>
						<bounds>0.05, 0.95</bounds>
						<lower_bound>
							<values>0.37734, 0.04782, 0.45126, 1.0, 0.28565, 0.19743, 0.43606, 0.24459, 1.2496, 0.02919, 0.50774, 0.03979, 0.15502, -999.0, -999.0, -999.0, -999.0, -999.0</values>
						</lower_bound>
						<upper_bound>
							<values>0.4843, 0.0845, 0.54329, 1.0, 0.36059, 0.25281, 0.5016, 0.32103, 2.07836, 0.0472, 0.90329, 0.0571, 0.1991, -999.0, -999.0, -999.0, -999.0, -999.0</values>
						</upper_bound>
					</main_interval>
					<sample_size>
						<values>1000.0, 1000.0, 1000.0, 1000.0, 1000.0, 1000.0, 1000.0, 1000.0, 1000.0, 1000.0, 1000.0, 1000.0, 1000.0, -999.0, -999.0, -999.0, -999.0, -999.0</values>
					</sample_size>
				</sampling_intervals>
			</data>
		</threshold>
		<threshold>
			<threshold_value>GT 0.53488 (Pr=0.8)</threshold_value>
			<data>
				<values>0.43046, 0.06773, 0.49819, 1.0, 0.32099, 0.22819, 0.47673, 0.27566, 1.72671, 0.03432, 0.73175, 0.04621, 0.18198, -999.0, -999.0, -999.0, -999.0, -999.0</values>
				<sampling_intervals>
					<main_interval>
						<bounds>0.05, 0.95</bounds>
						<lower_bound>
							<values>0.36917, 0.05071, 0.45146, 1.0, 0.28732, 0.19912, 0.44306, 0.2392, 1.33409, 0.02689, 0.55156, 0.03825, 0.1585, -999.0, -999.0, -999.0, -999.0, -999.0</values>
						</lower_bound>
						<upper_bound>
							<values>0.48029, 0.0909, 0.54272, 1.0, 0.36169, 0.25718, 0.50999, 0.31549, 2.22687, 0.04364, 0.98038, 0.05498, 0.20475, -999.0, -999.0, -999.0, -999.0, -999.0</values>
						</upper_bound>
					</main_interval>
					<sample_size>
						<values>1000.0, 1000.0, 1000.0, 1000.0, 1000.0, 1000.0, 1000.0, 1000.0, 1000.0, 1000.0, 1000.0, 1000.0, 1000.0, -999.0, -999.0, -999.0, -999.0, -999.0</values>
					</sample_size>
				</sampling_intervals>
			</data>
		</threshold>
		<threshold>
			<threshold_value>GT 0.55277 (Pr=0.81)</threshold_value>
			<data>
				<values>0.42251, 0.07173, 0.49423, 1.0, 0.32305, 0.23127, 0.48571, 0.2706, 1.87129, 0.03166, 0.79928, 0.04434, 0.18693, -999.0, -999.0, -999.0, -999.0, -999.0</values>
				<sampling_intervals>
					<main_interval>
						<bounds>0.05, 0.95</bounds>
						<lower_bound>
							<values>0.35856, 0.05481, 0.44916, 1.0, 0.28814, 0.20174, 0.44946, 0.23477, 1.43468, 0.02475, 0.59614, 0.03645, 0.16207, -999.0, -999.0, -999.0, -999.0, -999.0</values>
						</lower_bound>
						<upper_bound>
							<values>0.4767, 0.09849, 0.54404, 1.0, 0.36503, 0.26096, 0.51852, 0.30923, 2.43116, 0.04094, 1.07251, 0.05319, 0.20974, -999.0, -999.0, -999.0, -999.0, -999.0</values>
						</upper_bound>
					</main_interval>
					<sample_size>
						<values>1000.0, 1000.0, 1000.0, 1000.0, 1000.0, 1000.0, 1000.0, 1000.0, 1000.0, 1000.0, 1000.0, 1000.0, 1000.0, -999.0, -999.0, -999.0, -999.0, -999.0</values>
					</sample_size>
				</sampling_intervals>
			</data>
		</threshold>
		<threshold>
			<threshold_value>GT 0.57101 (Pr=0.82)</threshold_value>
			<data>
				<values>0.41365, 0.07957, 0.49322, 1.0, 0.32688, 0.23399, 0.49346, 0.264, 2.05019, 0.02902, 0.88594, 0.04223, 0.19176, -999.0, -999.0, -999.0, -999.0, -999.0</values>
				<sampling_intervals>
					<main_interval>
						<bounds>0.05, 0.95</bounds>
						<lower_bound>
							<values>0.34991, 0.05954, 0.44675, 1.0, 0.28975, 0.20326, 0.45582, 0.22909, 1.53989, 0.02296, 0.64721, 0.03501, 0.16506, -999.0, -999.0, -999.0, -999.0, -999.0</values>
						</lower_bound>
						<upper_bound>
							<values>0.47026, 0.10677, 0.54199, 1.0, 0.36815, 0.26434, 0.52824, 0.30428, 2.64256, 0.03801, 1.17497, 0.0511, 0.2161, -999.0, -999.0, -999.0, -999.0, -999.0</values>
						</upper_bound>
					</main_interval>
					<sample_size>
						<values>1000.0, 1000.0, 1000.0, 1000.0, 1000.0, 1000.0, 1000.0, 1000.0, 1000.0, 1000.0, 1000.0, 1000.0, 1000.0, -999.0, -999.0, -999.0, -999.0, -999.0</values>
					</sample_size>
				</sampling_intervals>
			</data>
		</threshold>
		<threshold>
			<threshold_value>GT 0.59323 (Pr=0.83)</threshold_value>
			<data>
				<values>0.40932, 0.08443, 0.49376, 1.0, 0.32798, 0.23717, 0.49987, 0.25985, 2.1872, 0.02707, 0.95242, 0.04071, 0.19646, -999.0, -999.0, -999.0, -999.0, -999.0</values>
				<sampling_intervals>
					<main_interval>
						<bounds>0.05, 0.95</bounds>
						<lower_bound>
							<values>0.33842, 0.06346, 0.44384, 1.0, 0.29056, 0.20498, 0.46266, 0.22575, 1.64864, 0.02108, 0.70815, 0.03332, 0.16909, -999.0, -999.0, -999.0, -999.0, -999.0</values>
						</lower_bound>
						<upper_bound>
							<values>0.46553, 0.1157, 0.54153, 1.0, 0.37304, 0.26813, 0.53735, 0.29945, 2.91187, 0.03515, 1.29167, 0.04906, 0.22112, -999.0, -999.0, -999.0, -999.0, -999.0</values>
						</upper_bound>
					</main_interval>
					<sample_size>
						<values>1000.0, 1000.0, 1000.0, 1000.0, 1000.0, 1000.0, 1000.0, 1000.0, 1000.0, 1000.0, 1000.0, 1000.0, 1000.0, -999.0, -999.0, -999.0, -999.0, -999.0</values>
					</sample_size>
				</sampling_intervals>
			</data>
		</threshold>
		<threshold>
			<threshold_value>GT 0.6151 (Pr=0.84)</threshold_value>
			<data>
				<values>0.40064, 0.09051, 0.49116, 1.0, 0.33204, 0.2387, 0.50601, 0.25675, 2.36285, 0.02531, 1.03859, 0.03883, 0.19987, -999.0, -999.0, -999.0, -999.0, -999.0</values>
				<sampling_intervals>
					<main_interval>
						<bounds>0.05, 0.95</bounds>
						<lower_bound>
							<values>0.32532, 0.06844, 0.43938, 1.0, 0.29247, 0.20748, 0.46919, 0.22102, 1.79872, 0.01933, 0.76579, 0.0316, 0.17284, -999.0, -999.0, -999.0, -999.0, -999.0</values>
						</lower_bound>
						<upper_bound>
							<values>0.46056, 0.12605, 0.54168, 1.0, 0.37697, 0.2716, 0.54748, 0.29521, 3.16467, 0.03259, 1.41463, 0.04714, 0.22715, -999.0, -999.0, -999.0, -999.0, -999.0</values>
						</upper_bound>
					</main_interval>
					<sample_size>
						<values>1000.0, 1000.0, 1000.0, 1000.0, 1000.0, 1000.0, 1000.0, 1000.0, 1000.0, 1000.0, 1000.0, 1000.0, 1000.0, -999.0, -999.0, -999.0, -999.0, -999.0</values>
					</sample_size>
				</sampling_intervals>
			</data>
		</threshold>
		<threshold>
			<threshold_value>GT 0.63932 (Pr=0.85)</threshold_value>
			<data>
				<values>0.3917, 0.09522, 0.48693, 1.0, 0.33472, 0.24091, 0.51448, 0.25475, 2.54254, 0.02372, 1.1214, 0.03723, 0.20368, -999.0, -999.0, -999.0, -999.0, -999.0</values>
				<sampling_intervals>
					<main_interval>
						<bounds>0.05, 0.95</bounds>
						<lower_bound>
							<values>0.31171, 0.07389, 0.43706, 1.0, 0.29261, 0.20821, 0.47691, 0.21738, 1.96376, 0.01772, 0.84314, 0.02985, 0.17738, -999.0, -999.0, -999.0, -999.0, -999.0</values>
						</lower_bound>
						<upper_bound>
							<values>0.45436, 0.13759, 0.5432, 1.0, 0.38375, 0.27616, 0.55891, 0.29256, 3.50107, 0.02963, 1.57639, 0.04485, 0.23449, -999.0, -999.0, -999.0, -999.0, -999.0</values>
						</upper_bound>
					</main_interval>
					<sample_size>
						<values>1000.0, 1000.0, 1000.0, 1000.0, 1000.0, 1000.0, 1000.0, 1000.0, 1000.0, 1000.0, 1000.0, 1000.0, 1000.0, -999.0, -999.0, -999.0, -999.0, -999.0</values>
					</sample_size>
				</sampling_intervals>
			</data>
		</threshold>
		<threshold>
			<threshold_value>GT 0.67115 (Pr=0.86)</threshold_value>
			<data>
				<values>0.38461, 0.10752, 0.49213, 1.0, 0.33458, 0.24825, 0.52906, 0.24791, 2.86688, 0.02085, 1.26722, 0.03483, 0.21342, -999.0, -999.0, -999.0, -999.0, -999.0</values>
				<sampling_intervals>
					<main_interval>
						<bounds>0.05, 0.95</bounds>
						<lower_bound>
							<values>0.29515, 0.08072, 0.43555, 1.0, 0.29505, 0.21106, 0.48605, 0.21215, 2.15105, 0.01616, 0.9317, 0.02812, 0.18184, -999.0, -999.0, -999.0, -999.0, -999.0</values>
						</lower_bound>
						<upper_bound>
							<values>0.44607, 0.14962, 0.54298, 1.0, 0.38911, 0.28155, 0.57142, 0.28704, 3.87492, 0.02743, 1.75086, 0.04244, 0.24134, -999.0, -999.0, -999.0, -999.0, -999.0</values>
						</upper_bound>
					</main_interval>
					<sample_size>
						<values>1000.0, 1000.0, 1000.0, 1000.0, 1000.0, 1000.0, 1000.0, 1000.0, 1000.0, 1000.0, 1000.0, 1000.0, 1000.0, -999.0, -999.0, -999.0, -999.0, -999.0</values>
					</sample_size>
				</sampling_intervals>
			</data>
		</threshold>
		<threshold>
			<threshold_value>GT 0.70762 (Pr=0.87)</threshold_value>
			<data>
				<values>0.37243, 0.114, 0.48642, 1.0, 0.34055, 0.24829, 0.53532, 0.24914, 3.12048, 0.01959, 1.39304, 0.03272, 0.21557, -999.0, -999.0, -999.0, -999.0, -999.0</values>
				<sampling_intervals>
					<main_interval>
						<bounds>0.05, 0.95</bounds>
						<lower_bound>
							<values>0.28007, 0.08823, 0.43175, 1.0, 0.298, 0.21321, 0.49412, 0.20932, 2.37799, 0.01458, 1.03929, 0.02618, 0.18499, -999.0, -999.0, -999.0, -999.0, -999.0</values>
						</lower_bound>
						<upper_bound>
							<values>0.43785, 0.16065, 0.54007, 1.0, 0.396, 0.28776, 0.58509, 0.28494, 4.28915, 0.0251, 1.9501, 0.04053, 0.24877, -999.0, -999.0, -999.0, -999.0, -999.0</values>
						</upper_bound>
					</main_interval>
					<sample_size>
						<values>1000.0, 1000.0, 1000.0, 1000.0, 1000.0, 1000.0, 1000.0, 1000.0, 1000.0, 1000.0, 1000.0, 1000.0, 1000.0, -999.0, -999.0, -999.0, -999.0, -999.0</values>
					</sample_size>
				</sampling_intervals>
			</data>
		</threshold>
		<threshold>
			<threshold_value>GT 0.74064 (Pr=0.88)</threshold_value>
			<data>
				<values>0.35422, 0.12788, 0.48209, 1.0, 0.34779, 0.25305, 0.55105, 0.24358, 3.59082, 0.01732, 1.61822, 0.03041, 0.22265, -999.0, -999.0, -999.0, -999.0, -999.0</values>
				<sampling_intervals>
					<main_interval>
						<bounds>0.05, 0.95</bounds>
						<lower_bound>
							<values>0.2634, 0.09774, 0.42739, 1.0, 0.30179, 0.21494, 0.50638, 0.20566, 2.67028, 0.01307, 1.1776, 0.02443, 0.18966, -999.0, -999.0, -999.0, -999.0, -999.0</values>
						</lower_bound>
						<upper_bound>
							<values>0.42397, 0.17586, 0.53646, 1.0, 0.4017, 0.29387, 0.59944, 0.28149, 4.8238, 0.02289, 2.21496, 0.03801, 0.25748, -999.0, -999.0, -999.0, -999.0, -999.0</values>
						</upper_bound>
					</main_interval>
					<sample_size>
						<values>1000.0, 1000.0, 1000.0, 1000.0, 1000.0, 1000.0, 1000.0, 1000.0, 1000.0, 1000.0, 1000.0, 1000.0, 1000.0, -999.0, -999.0, -999.0, -999.0, -999.0</values>
					</sample_size>
				</sampling_intervals>
			</data>
		</threshold>
		<threshold>
			<threshold_value>GT 0.77779 (Pr=0.89)</threshold_value>
			<data>
				<values>0.3401, 0.14122, 0.48132, 1.0, 0.35221, 0.25816, 0.56584, 0.23925, 3.98658, 0.01569, 1.80423, 0.02898, 0.22918, -999.0, -999.0, -999.0, -999.0, -999.0</values>
				<sampling_intervals>
					<main_interval>
						<bounds>0.05, 0.95</bounds>
						<lower_bound>
							<values>0.24233, 0.10983, 0.42325, 1.0, 0.30663, 0.21755, 0.52034, 0.20058, 3.07877, 0.0117, 1.35592, 0.0227, 0.19337, -999.0, -999.0, -999.0, -999.0, -999.0</values>
						</lower_bound>
						<upper_bound>
							<values>0.41167, 0.19455, 0.53619, 1.0, 0.40895, 0.30138, 0.61854, 0.27906, 5.53799, 0.02049, 2.54019, 0.03605, 0.26777, -999.0, -999.0, -999.0, -999.0, -999.0</values>
						</upper_bound>
					</main_interval>
					<sample_size>
						<values>1000.0, 1000.0, 1000.0, 1000.0, 1000.0, 1000.0, 1000.0, 1000.0, 1000.0, 1000.0, 1000.0, 1000.0, 1000.0, -999.0, -999.0, -999.0, -999.0, -999.0</values>
					</sample_size>
				</sampling_intervals>
			</data>
		</threshold>
		<threshold>
			<threshold_value>GT 0.82004 (Pr=0.9)</threshold_value>
			<data>
				<values>0.30631, 0.16463, 0.47093, 1.0, 0.36359, 0.26382, 0.59393, 0.23446, 4.82642, 0.01351, 2.1778, 0.02638, 0.23743, -999.0, -999.0, -999.0, -999.0, -999.0</values>
				<sampling_intervals>
					<main_interval>
						<bounds>0.05, 0.95</bounds>
						<lower_bound>
							<values>0.21569, 0.12538, 0.41673, 1.0, 0.31185, 0.2196, 0.53987, 0.19519, 3.53719, 0.0102, 1.57696, 0.0209, 0.19674, -999.0, -999.0, -999.0, -999.0, -999.0</values>
						</lower_bound>
						<upper_bound>
							<values>0.3949, 0.21787, 0.53568, 1.0, 0.4218, 0.30927, 0.64303, 0.27548, 6.47086, 0.01818, 2.99742, 0.03394, 0.27718, -999.0, -999.0, -999.0, -999.0, -999.0</values>
						</upper_bound>
					</main_interval>
					<sample_size>
						<values>1000.0, 1000.0, 1000.0, 1000.0, 1000.0, 1000.0, 1000.0, 1000.0, 1000.0, 1000.0, 1000.0, 1000.0, 1000.0, -999.0, -999.0, -999.0, -999.0, -999.0</values>
					</sample_size>
				</sampling_intervals>
			</data>
		</threshold>
		<threshold>
			<threshold_value>GT 0.867 (Pr=0.91)</threshold_value>
			<data>
				<values>0.28254, 0.18406, 0.4666, 1.0, 0.37315, 0.2703, 0.61461, 0.22929, 5.5651, 0.01187, 2.53476, 0.02473, 0.24557, -999.0, -999.0, -999.0, -999.0, -999.0</values>
				<sampling_intervals>
					<main_interval>
						<bounds>0.05, 0.95</bounds>
						<lower_bound>
							<values>0.1785, 0.14291, 0.40862, 1.0, 0.31642, 0.22426, 0.55931, 0.18797, 4.10446, 0.00867, 1.86007, 0.01919, 0.20298, -999.0, -999.0, -999.0, -999.0, -999.0</values>
						</lower_bound>
						<upper_bound>
							<values>0.38257, 0.24726, 0.54236, 1.0, 0.43501, 0.32001, 0.66773, 0.27195, 7.65638, 0.01592, 3.53915, 0.03177, 0.29017, -999.0, -999.0, -999.0, -999.0, -999.0</values>
						</upper_bound>
					</main_interval>
					<sample_size>
						<values>1000.0, 1000.0, 1000.0, 1000.0, 1000.0, 1000.0, 1000.0, 1000.0, 1000.0, 1000.0, 1000.0, 1000.0, 1000.0, -999.0, -999.0, -999.0, -999.0, -999.0</values>
					</sample_size>
				</sampling_intervals>
			</data>
		</threshold>
		<threshold>
			<threshold_value>GT 0.92952 (Pr=0.92)</threshold_value>
			<data>
				<values>0.25994, 0.21052, 0.47045, 1.0, 0.38358, 0.28111, 0.6376, 0.22064, 6.60372, 0.00995, 3.06207, 0.02288, 0.25824, -999.0, -999.0, -999.0, -999.0, -999.0</values>
				<sampling_intervals>
					<main_interval>
						<bounds>0.05, 0.95</bounds>
						<lower_bound>
							<values>0.14012, 0.16602, 0.40011, 1.0, 0.3192, 0.22845, 0.58264, 0.18122, 4.76675, 0.00724, 2.20308, 0.01745, 0.20933, -999.0, -999.0, -999.0, -999.0, -999.0</values>
						</lower_bound>
						<upper_bound>
							<values>0.37811, 0.28024, 0.55582, 1.0, 0.45191, 0.33239, 0.69665, 0.26556, 9.18985, 0.01369, 4.30494, 0.02951, 0.30321, -999.0, -999.0, -999.0, -999.0, -999.0</values>
						</upper_bound>
					</main_interval>
					<sample_size>
						<values>1000.0, 1000.0, 1000.0, 1000.0, 1000.0, 1000.0, 1000.0, 1000.0, 1000.0, 1000.0, 1000.0, 1000.0, 1000.0, -999.0, -999.0, -999.0, -999.0, -999.0</values>
					</sample_size>
				</sampling_intervals>
			</data>
		</threshold>
		<threshold>
			<threshold_value>GT 1.01415 (Pr=0.93)</threshold_value>
			<data>
				<values>0.23207, 0.24552, 0.47759, 1.0, 0.39751, 0.29216, 0.66258, 0.21314, 8.09966, 0.00817, 3.82688, 0.02055, 0.2716, -999.0, -999.0, -999.0, -999.0, -999.0</values>
				<sampling_intervals>
					<main_interval>
						<bounds>0.05, 0.95</bounds>
						<lower_bound>
							<values>0.09834, 0.1914, 0.39387, 1.0, 0.32232, 0.23473, 0.60522, 0.17061, 5.65783, 0.00588, 2.66269, 0.01574, 0.21761, -999.0, -999.0, -999.0, -999.0, -999.0</values>
						</lower_bound>
						<upper_bound>
							<values>0.36955, 0.3193, 0.57173, 1.0, 0.47465, 0.34911, 0.72398, 0.26189, 11.15102, 0.01159, 5.32831, 0.02756, 0.32268, -999.0, -999.0, -999.0, -999.0, -999.0</values>
						</upper_bound>
					</main_interval>
					<sample_size>
						<values>1000.0, 1000.0, 1000.0, 1000.0, 1000.0, 1000.0, 1000.0, 1000.0, 1000.0, 1000.0, 1000.0, 1000.0, 1000.0, -999.0, -999.0, -999.0, -999.0, -999.0</values>
					</sample_size>
				</sampling_intervals>
			</data>
		</threshold>
		<threshold>
			<threshold_value>GT 1.12177 (Pr=0.94)</threshold_value>
			<data>
				<values>0.20573, 0.28916, 0.49489, 1.0, 0.41131, 0.30959, 0.69255, 0.19992, 10.09245, 0.0064, 4.86723, 0.0186, 0.29099, -999.0, -999.0, -999.0, -999.0, -999.0</values>
				<sampling_intervals>
					<main_interval>
						<bounds>0.05, 0.95</bounds>
						<lower_bound>
							<values>0.04567, 0.22337, 0.39572, 1.0, 0.33165, 0.24056, 0.6312, 0.15965, 6.95553, 0.00464, 3.36361, 0.0139, 0.22653, -999.0, -999.0, -999.0, -999.0, -999.0</values>
						</lower_bound>
						<upper_bound>
							<values>0.34968, 0.37329, 0.58814, 1.0, 0.50012, 0.36956, 0.75624, 0.2554, 14.02806, 0.00939, 6.83497, 0.02525, 0.34507, -999.0, -999.0, -999.0, -999.0, -999.0</values>
						</upper_bound>
					</main_interval>
					<sample_size>
						<values>1000.0, 1000.0, 1000.0, 1000.0, 1000.0, 1000.0, 1000.0, 1000.0, 1000.0, 1000.0, 1000.0, 1000.0, 1000.0, -999.0, -999.0, -999.0, -999.0, -999.0</values>
					</sample_size>
				</sampling_intervals>
			</data>
		</threshold>
		<threshold>
			<threshold_value>GT 1.25504 (Pr=0.95)</threshold_value>
			<data>
				<values>0.16415, 0.33895, 0.5031, 1.0, 0.4337, 0.32469, 0.72685, 0.19333, 12.91699, 0.00502, 6.38116, 0.0164, 0.3083, -999.0, -999.0, -999.0, -999.0, -999.0</values>
				<sampling_intervals>
					<main_interval>
						<bounds>0.05, 0.95</bounds>
						<lower_bound>
							<values>-0.01052, 0.26667, 0.40214, 1.0, 0.34688, 0.25039, 0.66747, 0.14631, 8.89518, 0.00346, 4.35723, 0.01209, 0.23723, -999.0, -999.0, -999.0, -999.0, -999.0</values>
						</lower_bound>
						<upper_bound>
							<values>0.3203, 0.44276, 0.59868, 1.0, 0.53249, 0.39029, 0.80037, 0.24632, 18.56498, 0.00732, 9.26707, 0.02249, 0.36989, -999.0, -999.0, -999.0, -999.0, -999.0</values>
						</upper_bound>
					</main_interval>
					<sample_size>
						<values>1000.0, 1000.0, 1000.0, 1000.0, 1000.0, 1000.0, 1000.0, 1000.0, 1000.0, 1000.0, 1000.0, 1000.0, 1000.0, -999.0, -999.0, -999.0, -999.0, -999.0</values>
					</sample_size>
				</sampling_intervals>
			</data>
		</threshold>
		<threshold>
			<threshold_value>GT 1.43008 (Pr=0.96)</threshold_value>
			<data>
				<values>0.08996, 0.43097, 0.52094, 1.0, 0.47183, 0.35674, 0.79494, 0.16756, 18.72814, 0.00334, 9.39711, 0.01427, 0.34247, -999.0, -999.0, -999.0, -999.0, -999.0</values>
				<sampling_intervals>
					<main_interval>
						<bounds>0.05, 0.95</bounds>
						<lower_bound>
							<values>-0.09715, 0.31601, 0.41496, 1.0, 0.35921, 0.27293, 0.71243, 0.13395, 12.2553, 0.00253, 5.89239, 0.01039, 0.26108, -999.0, -999.0, -999.0, -999.0, -999.0</values>
						</lower_bound>
						<upper_bound>
							<values>0.27769, 0.54601, 0.60798, 1.0, 0.58385, 0.40716, 0.86634, 0.23004, 26.4563, 0.00535, 13.38084, 0.01883, 0.38901, -999.0, -999.0, -999.0, -999.0, -999.0</values>
						</upper_bound>
					</main_interval>
					<sample_size>
						<values>1000.0, 1000.0, 1000.0, 1000.0, 1000.0, 1000.0, 1000.0, 1000.0, 1000.0, 1000.0, 1000.0, 1000.0, 1000.0, -999.0, -999.0, -999.0, -999.0, -999.0</values>
					</sample_size>
				</sampling_intervals>
			</data>
		</threshold>
		<threshold>
			<threshold_value>GT 1.77882 (Pr=0.97)</threshold_value>
			<data>
				<values>0.05535, 0.47266, 0.52801, 1.0, 0.46395, 0.36139, 0.84209, 0.16882, 25.80062, 0.00275, 12.04346, 0.01094, 0.35045, -999.0, -999.0, -999.0, -999.0, -999.0</values>
				<sampling_intervals>
					<main_interval>
						<bounds>0.05, 0.95</bounds>
						<lower_bound>
							<values>-0.23686, 0.3594, 0.42779, 1.0, 0.35787, 0.29418, 0.76039, 0.13607, 17.2471, 0.00201, 7.57114, 0.00816, 0.28519, -999.0, -999.0, -999.0, -999.0, -999.0</values>
						</lower_bound>
						<upper_bound>
							<values>0.23645, 0.67738, 0.60943, 1.0, 0.65454, 0.41054, 0.94312, 0.21281, 39.48034, 0.00385, 19.76764, 0.01429, 0.39698, -999.0, -999.0, -999.0, -999.0, -999.0</values>
						</upper_bound>
					</main_interval>
					<sample_size>
						<values>1000.0, 1000.0, 1000.0, 1000.0, 1000.0, 1000.0, 1000.0, 1000.0, 1000.0, 1000.0, 1000.0, 1000.0, 1000.0, -999.0, -999.0, -999.0, -999.0, -999.0</values>
					</sample_size>
				</sampling_intervals>
			</data>
		</threshold>
		<threshold>
			<threshold_value>GT 2.13278 (Pr=0.97738)</threshold_value>
			<data>
				<values>-0.02739, 0.5567, 0.52931, 1.0, 0.47608, 0.36531, 0.91663, 0.16985, 38.00824, 0.00217, 16.49289, 0.00828, 0.35703, -999.0, -999.0, -999.0, -999.0, -999.0</values>
				<sampling_intervals>
					<main_interval>
						<bounds>0.05, 0.95</bounds>
						<lower_bound>
							<values>-0.31866, 0.41909, 0.42879, 1.0, 0.38003, 0.2956, 0.78962, 0.14524, 24.44834, 0.00166, 10.29885, 0.00622, 0.28941, -999.0, -999.0, -999.0, -999.0, -999.0</values>
						</lower_bound>
						<upper_bound>
							<values>0.17136, 0.76523, 0.60058, 1.0, 0.66014, 0.40259, 1.02757, 0.21913, 57.42254, 0.00318, 26.58349, 0.01039, 0.39341, -999.0, -999.0, -999.0, -999.0, -999.0</values>
						</upper_bound>
					</main_interval>
					<sample_size>
						<values>1000.0, 1000.0, 1000.0, 1000.0, 1000.0, 1000.0, 1000.0, 1000.0, 1000.0, 1000.0, 1000.0, 1000.0, 1000.0, -999.0, -999.0, -999.0, -999.0, -999.0</values>
					</sample_size>
				</sampling_intervals>
			</data>
		</threshold>
		<threshold>
			<threshold_value>GT 2.3601 (Pr=0.98)</threshold_value>
			<data>
				<values>-0.04709, 0.57841, 0.53132, 1.0, 0.47922, 0.35521, 0.92309, 0.18163, 43.45141, 0.0021, 18.44882, 0.0071, 0.34811, -999.0, -999.0, -999.0, -999.0, -999.0</values>
				<sampling_intervals>
					<main_interval>
						<bounds>0.05, 0.95</bounds>
						<lower_bound>
							<values>-0.35511, 0.43928, 0.4332, 1.0, 0.38892, 0.28852, 0.79086, 0.15369, 27.94486, 0.00157, 11.53674, 0.0053, 0.28264, -999.0, -999.0, -999.0, -999.0, -999.0</values>
						</lower_bound>
						<upper_bound>
							<values>0.14347, 0.8072, 0.60404, 1.0, 0.65508, 0.39705, 1.05823, 0.23352, 67.23783, 0.00309, 30.26472, 0.00888, 0.38875, -999.0, -999.0, -999.0, -999.0, -999.0</values>
						</upper_bound>
					</main_interval>
					<sample_size>
						<values>1000.0, 1000.0, 1000.0, 1000.0, 1000.0, 1000.0, 1000.0, 1000.0, 1000.0, 1000.0, 1000.0, 1000.0, 1000.0, -999.0, -999.0, -999.0, -999.0, -999.0</values>
					</sample_size>
				</sampling_intervals>
			</data>
		</threshold>
		<threshold>
			<threshold_value>GT 3.7702 (Pr=0.99)</threshold_value>
			<data>
				<values>-0.34164, 0.83766, 0.49602, 1.0, 0.54953, 0.29027, 1.08237, 0.26293, 106.90919, 0.00164, 38.08029, 0.00294, 0.28733, -999.0, -999.0, -999.0, -999.0, -999.0</values>
				<sampling_intervals>
					<main_interval>
						<bounds>0.05, 0.95</bounds>
						<lower_bound>
							<values>-0.68688, 0.57818, 0.40255, 1.0, 0.39933, 0.22251, 0.90815, 0.20611, 64.68724, 0.00113, 19.75637, 0.00203, 0.22036, -999.0, -999.0, -999.0, -999.0, -999.0</values>
						</lower_bound>
						<upper_bound>
							<values>-0.03827, 1.1406, 0.57409, 1.0, 0.72641, 0.34887, 1.27393, 0.329, 174.02638, 0.00236, 65.55837, 0.00396, 0.34529, -999.0, -999.0, -999.0, -999.0, -999.0</values>
						</upper_bound>
					</main_interval>
					<sample_size>
						<values>1000.0, 1000.0, 1000.0, 1000.0, 1000.0, 1000.0, 1000.0, 1000.0, 1000.0, 1000.0, 1000.0, 1000.0, 1000.0, -999.0, -999.0, -999.0, -999.0, -999.0</values>
					</sample_size>
				</sampling_intervals>
			</data>
		</threshold>
		<threshold>
			<threshold_value>GT 5.66806 (Pr=0.99446)</threshold_value>
			<data>
				<values>-0.13068, 0.66393, 0.53325, 1.0, 0.34229, 0.26896, 1.05735, 0.30701, 148.6705, 0.00116, 24.18456, 0.00149, 0.26746, -999.0, -999.0, -999.0, -999.0, -999.0</values>
				<sampling_intervals>
					<main_interval>
						<bounds>0.05, 0.95</bounds>
						<lower_bound>
							<values>-0.92519, 0.03204, 0.37192, 1.0, 0.22793, 0.18034, 0.43635, 0.24595, 18.69754, 8.2E-4, 0.09212, 8.8E-4, 0.17943, -999.0, -999.0, -999.0, -999.0, -999.0</values>
						</lower_bound>
						<upper_bound>
							<values>0.54542, 1.36058, 0.63784, 1.0, 0.7175, 0.32934, 1.51143, 0.41637, 326.86207, 0.00176, 92.43139, 0.00208, 0.32706, -999.0, -999.0, -999.0, -999.0, -999.0</values>
						</upper_bound>
					</main_interval>
					<sample_size>
						<values>1000.0, 1000.0, 1000.0, 1000.0, 1000.0, 1000.0, 1000.0, 1000.0, 1000.0, 1000.0, 1000.0, 1000.0, 1000.0, -999.0, -999.0, -999.0, -999.0, -999.0</values>
					</sample_size>
				</sampling_intervals>
			</data>
		</threshold>
		<threshold>
			<threshold_value>GT 6.1502 (Pr=0.995)</threshold_value>
			<data>
				<values>0.05338, 0.45316, 0.50654, 1.0, 0.30444, 0.24113, 0.88331, 0.34451, 120.30037, 0.00122, 12.25096, 0.00121, 0.23992, -999.0, -999.0, -999.0, -999.0, -999.0</values>
				<sampling_intervals>
					<main_interval>
						<bounds>0.05, 0.95</bounds>
						<lower_bound>
							<values>-0.87976, 0.02022, 0.36875, 1.0, 0.22255, 0.16617, 0.4063, 0.26102, 18.0039, 8.2E-4, 0.07908, 7.3E-4, 0.16536, -999.0, -999.0, -999.0, -999.0, -999.0</values>
						</lower_bound>
						<upper_bound>
							<values>0.5613, 1.29186, 0.64389, 1.0, 0.65282, 0.31706, 1.49797, 0.44108, 343.6797, 0.00172, 85.99778, 0.00186, 0.31503, -999.0, -999.0, -999.0, -999.0, -999.0</values>
						</upper_bound>
					</main_interval>
					<sample_size>
						<values>1000.0, 1000.0, 1000.0, 1000.0, 1000.0, 1000.0, 1000.0, 1000.0, 1000.0, 1000.0, 1000.0, 1000.0, 1000.0, -999.0, -999.0, -999.0, -999.0, -999.0</values>
					</sample_size>
				</sampling_intervals>
			</data>
		</threshold>
		<threshold>
			<threshold_value>GT 8.81759 (Pr=0.99769)</threshold_value>
			<data>
				<values>0.40083, 0.01509, 0.41592, 1.0, 0.3226, 0.18666, 0.46323, 0.42134, 75.85211, 7.6E-4, 0.23468, 4.4E-4, 0.18622, -999.0, -999.0, -999.0, -999.0, -999.0</values>
				<sampling_intervals>
					<main_interval>
						<bounds>0.05, 0.95</bounds>
						<lower_bound>
							<values>0.21546, 0.02036, 0.29971, 1.0, 0.20427, 0.09115, 0.30644, 0.3044, 36.52939, 4.7E-4, 0.08623, 1.9E-4, 0.09092, -999.0, -999.0, -999.0, -999.0, -999.0</values>
						</lower_bound>
						<upper_bound>
							<values>0.51547, 0.1445, 0.58147, 1.0, 0.48866, 0.30011, 0.64623, 0.55509, 160.50779, 0.00122, 0.61066, 8.2E-4, 0.29938, -999.0, -999.0, -999.0, -999.0, -999.0</values>
						</upper_bound>
					</main_interval>
					<sample_size>
						<values>1000.0, 1000.0, 1000.0, 1000.0, 1000.0, 1000.0, 1000.0, 1000.0, 1000.0, 1000.0, 1000.0, 1000.0, 1000.0, -999.0, -999.0, -999.0, -999.0, -999.0</values>
					</sample_size>
				</sampling_intervals>
			</data>
		</threshold>
		<threshold>
			<threshold_value>GT 12.65656 (Pr=0.999)</threshold_value>
			<data>
				<values>0.31414, 0.06743, 0.38157, 1.0, 0.3755, 0.14995, 0.46031, 0.48208, 191.88068, 4.0E-4, 0.24016, 1.6E-4, 0.14979, -999.0, -999.0, -999.0, -999.0, -999.0</values>
				<sampling_intervals>
					<main_interval>
						<bounds>0.05, 0.95</bounds>
						<lower_bound>
							<values>0.05341, 0.03389, 0.18211, 1.0, 0.19843, 0.0347, 0.215, 0.29509, 61.08456, 2.1E-4, 0.03053, 4.0E-5, 0.03466, -999.0, -999.0, -999.0, -999.0, -999.0</values>
						</lower_bound>
						<upper_bound>
							<values>0.44337, 0.23175, 0.59429, 1.0, 0.66217, 0.30699, 0.71833, 0.73592, 447.55123, 8.1E-4, 0.94439, 3.7E-4, 0.30655, -999.0, -999.0, -999.0, -999.0, -999.0</values>
						</upper_bound>
					</main_interval>
					<sample_size>
						<values>1000.0, 1000.0, 1000.0, 1000.0, 1000.0, 1000.0, 1000.0, 1000.0, 1000.0, 1000.0, 1000.0, 1000.0, 1000.0, -999.0, -999.0, -999.0, -999.0, -999.0</values>
					</sample_size>
				</sampling_intervals>
			</data>
		</threshold>
		<threshold>
			<threshold_value>GT 20.23051 (Pr=0.99943)</threshold_value>
			<data>
				<values>0.10915, 0.1197, 0.22885, 1.0, 0.6752, 0.03183, 0.24748, 0.75091, 230.75104, 4.1E-4, 0.07179, 2.0E-5, 0.03181, -999.0, -999.0, -999.0, -999.0, -999.0</values>
				<sampling_intervals>
					<main_interval>
						<bounds>0.05, 0.95</bounds>
						<lower_bound>
							<values>-0.00604, 0.01902, 0.07133, 1.0, 0.32709, 0.00269, 0.06636, 0.43165, 66.588, 1.7E-4, 0.01367, 0.0, 0.00269, -999.0, -999.0, -999.0, -999.0, -999.0</values>
						</lower_bound>
						<upper_bound>
							<values>0.38729, 0.34009, 0.56027, 1.0, 0.89635, 0.18324, 0.52729, 0.91446, 590.58784, 6.4E-4, 0.77051, 1.1E-4, 0.18311, -999.0, -999.0, -999.0, -999.0, -999.0</values>
						</upper_bound>
					</main_interval>
					<sample_size>
						<values>1000.0, 1000.0, 1000.0, 1000.0, 1000.0, 1000.0, 1000.0, 1000.0, 1000.0, 1000.0, 1000.0, 1000.0, 1000.0, -999.0, -999.0, -999.0, -999.0, -999.0</values>
					</sample_size>
				</sampling_intervals>
			</data>
		</threshold>
	</threshold_data>
</result></results>