<?xml version="1.0" standalone="yes"?><results>
<!--Result file containing the results for a single metric by lead period.
Some metrics, such as reliability diagrams, have results for specific thresholds 
(e.g. probability thresholds).  In that case, the results are stored by lead period 
and then by threshold value.  The actual data associated with a result always appears 
within a 'values' tag.  A metric result that comprises a single value will appear as a 
single value in this tag.  A metric result that comprises a 1D matrix will appear as a 
row of values separated by commas in the input order.  A metric result that comprises a 
2D matrix will appear as a sequence of rows, each with a 'values' tag, which are written 
in the input order.  For example, a diagram metric with an x and y axis will comprise 
two rows of data (i.e. two rows within two separate 'values' tags).  The default input 
order would be data for the x axis followed by data for the y axis.  Data that refer to 
cumulative probabilities are, by default, always defined in increasing size of probability.--><meta_data>
	<thresholds_type>true</thresholds_type>
	<original_file_id>08172000_CAL.Streamflow.ICK_INF_ONE_OBS_ONE_MEAN_1D_MEAN_INDEP.Brier_skill_score.xml</original_file_id>
</meta_data><result>
	<lead_hour>0.0</lead_hour>
	<threshold_data>
		<threshold>
			<threshold_value>GT 0.05 (Pr=0.0)</threshold_value>
			<data>
				<values>0.99816, 1.0E-5, 0.0, 0.00183, 0.00183, 0.0, 1.0E-5, 1.0E-5, 5.44444, 0.0, 4.1E-4, 0.0, 0.0, 0.99999, -0.99993, 0.99596, -1.0, -0.99998</values>
				<sampling_intervals>
					<main_interval>
						<bounds>0.05, 0.95</bounds>
						<lower_bound>
							<values>0.96541, 0.0, 0.0, 0.00151, 0.00128, 0.0, 0.0, 0.0, 2.21572, 0.0, 1.8E-4, 0.0, 0.0, 0.98939, -0.99999, 0.94, -1.0, -1.0</values>
						</lower_bound>
						<upper_bound>
							<values>0.99842, 0.01003, 0.03671, 0.06124, 0.0282, 0.00633, 0.0116, 0.00449, 5.42003, 6.0E-5, 0.00641, 2.0E-5, 0.00138, 1.0, 21.0806, 0.99725, -0.28086, -0.97779</values>
						</upper_bound>
					</main_interval>
					<sample_size>
						<values>1000.0, 1000.0, 1000.0, 1000.0, 1000.0, 1000.0, 1000.0, 1000.0, 1000.0, 1000.0, 1000.0, 1000.0, 1000.0, 1000.0, 1000.0, 1000.0, 1000.0, 1000.0</values>
					</sample_size>
				</sampling_intervals>
			</data>
		</threshold>
		<threshold>
			<threshold_value>GT 0.08399 (Pr=0.025)</threshold_value>
			<data>
				<values>0.88423, 0.04309, 0.21877, 0.29145, 0.04032, 0.11549, 0.19094, 0.06803, 0.77588, 0.00203, 0.00992, 0.00212, 0.02931, 0.94266, 4.09829, 0.92214, 1.92281, -0.63399</values>
				<sampling_intervals>
					<main_interval>
						<bounds>0.05, 0.95</bounds>
						<lower_bound>
							<values>0.83006, 0.02662, 0.08064, 0.13891, 0.01322, 0.05498, 0.12416, 0.02916, 0.34193, 6.4E-4, 0.00242, 5.0E-4, 0.01399, 0.87984, 2.44094, 0.82618, 0.91875, -0.75573</values>
						</lower_bound>
						<upper_bound>
							<values>0.92229, 0.09695, 0.38108, 0.46451, 0.09183, 0.19285, 0.27631, 0.14254, 1.29959, 0.00534, 0.02456, 0.00539, 0.04705, 0.96522, 8.92485, 0.97443, 3.41873, -0.48009</values>
						</upper_bound>
					</main_interval>
					<sample_size>
						<values>1000.0, 1000.0, 1000.0, 1000.0, 1000.0, 1000.0, 1000.0, 1000.0, 1000.0, 1000.0, 1000.0, 1000.0, 1000.0, 1000.0, 1000.0, 1000.0, 1000.0, 1000.0</values>
					</sample_size>
				</sampling_intervals>
			</data>
		</threshold>
		<threshold>
			<threshold_value>GT 0.09497 (Pr=0.05)</threshold_value>
			<data>
				<values>0.88244, 0.02971, 0.45622, 0.54407, 0.02144, 0.35213, 0.44826, 0.08593, 0.32497, 0.00305, 0.00515, 0.01425, 0.09342, 0.94877, 2.68228, 0.96155, 4.03074, -0.12534</values>
				<sampling_intervals>
					<main_interval>
						<bounds>0.05, 0.95</bounds>
						<lower_bound>
							<values>0.82029, 0.02859, 0.29191, 0.36206, 0.01008, 0.22292, 0.32214, 0.03802, 0.20206, 9.9E-4, 0.00156, 0.00577, 0.05928, 0.85056, 1.59333, 0.88704, 2.7496, -0.34938</values>
						</lower_bound>
						<upper_bound>
							<values>0.90677, 0.09069, 0.67591, 0.77001, 0.06584, 0.47788, 0.5776, 0.1606, 0.62044, 0.00735, 0.01821, 0.02831, 0.12445, 0.95136, 4.70301, 0.9815, 5.00174, 0.12111</values>
						</upper_bound>
					</main_interval>
					<sample_size>
						<values>1000.0, 1000.0, 1000.0, 1000.0, 1000.0, 1000.0, 1000.0, 1000.0, 1000.0, 1000.0, 1000.0, 1000.0, 1000.0, 1000.0, 1000.0, 1000.0, 1000.0, 1000.0</values>
					</sample_size>
				</sampling_intervals>
			</data>
		</threshold>
		<threshold>
			<threshold_value>GT 0.10403 (Pr=0.075)</threshold_value>
			<data>
				<values>0.85287, 0.02865, 0.71139, 0.82986, 0.03812, 0.51228, 0.6213, 0.07633, 0.39537, 0.00306, 0.01022, 0.03929, 0.13775, 0.92849, 2.08555, 0.93661, 4.27736, 0.2531</values>
				<sampling_intervals>
					<main_interval>
						<bounds>0.05, 0.95</bounds>
						<lower_bound>
							<values>0.78889, 0.03091, 0.46606, 0.56003, 0.0136, 0.36547, 0.47304, 0.04529, 0.16434, 0.00146, 0.00194, 0.01745, 0.0973, 0.78164, 1.32142, 0.87226, 3.2012, -0.00896</values>
						</lower_bound>
						<upper_bound>
							<values>0.88017, 0.09394, 0.89741, 1.02414, 0.07912, 0.66228, 0.79135, 0.19384, 0.62454, 0.01056, 0.0227, 0.0627, 0.17847, 0.93298, 3.48704, 0.97621, 5.73283, 0.56481</values>
						</upper_bound>
					</main_interval>
					<sample_size>
						<values>1000.0, 1000.0, 1000.0, 1000.0, 1000.0, 1000.0, 1000.0, 1000.0, 1000.0, 1000.0, 1000.0, 1000.0, 1000.0, 1000.0, 1000.0, 1000.0, 1000.0, 1000.0</values>
					</sample_size>
				</sampling_intervals>
			</data>
		</threshold>
		<threshold>
			<threshold_value>GT 0.11206 (Pr=0.1)</threshold_value>
			<data>
				<values>0.83446, 0.02905, 0.91334, 1.04982, 0.04534, 0.65943, 0.77963, 0.07399, 0.37766, 0.00354, 0.01297, 0.07864, 0.18223, 0.90127, 1.65429, 0.92898, 4.73817, 0.63617</values>
				<sampling_intervals>
					<main_interval>
						<bounds>0.05, 0.95</bounds>
						<lower_bound>
							<values>0.78444, 0.03093, 0.65316, 0.75615, 0.01595, 0.4996, 0.62379, 0.05676, 0.16291, 0.00232, 0.00249, 0.03828, 0.13403, 0.75662, 1.1428, 0.89363, 3.96915, 0.34797</values>
						</lower_bound>
						<upper_bound>
							<values>0.86815, 0.08044, 1.08417, 1.22185, 0.06837, 0.82382, 0.96693, 0.20455, 0.48399, 0.01269, 0.02091, 0.11586, 0.23164, 0.91206, 2.83336, 0.97362, 6.39578, 0.98203</values>
						</upper_bound>
					</main_interval>
					<sample_size>
						<values>1000.0, 1000.0, 1000.0, 1000.0, 1000.0, 1000.0, 1000.0, 1000.0, 1000.0, 1000.0, 1000.0, 1000.0, 1000.0, 1000.0, 1000.0, 1000.0, 1000.0, 1000.0</values>
					</sample_size>
				</sampling_intervals>
			</data>
		</threshold>
		<threshold>
			<threshold_value>GT 0.11827 (Pr=0.125)</threshold_value>
			<data>
				<values>0.80863, 0.05925, 0.9177, 1.04982, 0.02051, 0.80471, 0.97557, 0.20514, 0.15946, 0.01318, 0.00316, 0.09597, 0.22237, 0.79866, 1.66697, 0.96788, 6.0023, 1.04738</values>
				<sampling_intervals>
					<main_interval>
						<bounds>0.05, 0.95</bounds>
						<lower_bound>
							<values>0.77108, 0.02953, 0.76756, 0.87866, 0.01645, 0.60344, 0.73824, 0.06426, 0.13874, 0.0027, 0.00235, 0.06129, 0.16587, 0.66569, 1.06582, 0.901, 4.48278, 0.64744</values>
						</lower_bound>
						<upper_bound>
							<values>0.85873, 0.08569, 1.19332, 1.33696, 0.06618, 0.95635, 1.12028, 0.24335, 0.44071, 0.01699, 0.02162, 0.1754, 0.2806, 0.89531, 2.53648, 0.97376, 7.06105, 1.35359</values>
						</upper_bound>
					</main_interval>
					<sample_size>
						<values>1000.0, 1000.0, 1000.0, 1000.0, 1000.0, 1000.0, 1000.0, 1000.0, 1000.0, 1000.0, 1000.0, 1000.0, 1000.0, 1000.0, 1000.0, 1000.0, 1000.0, 1000.0</values>
					</sample_size>
				</sampling_intervals>
			</data>
		</threshold>
		<threshold>
			<threshold_value>GT 0.12509 (Pr=0.15)</threshold_value>
			<data>
				<values>0.82685, 0.02294, 1.11848, 1.26869, 0.03151, 0.90045, 1.04209, 0.12649, 0.2386, 0.0071, 0.00848, 0.17667, 0.2478, 0.86093, 1.57907, 0.95387, 6.31106, 1.36793</values>
				<sampling_intervals>
					<main_interval>
						<bounds>0.05, 0.95</bounds>
						<lower_bound>
							<values>0.75979, 0.02642, 0.79766, 0.89072, 0.01768, 0.5928, 0.69431, 0.05184, 0.1347, 0.00234, 0.00277, 0.08027, 0.19955, 0.53356, 1.03271, 0.90533, 4.38368, 0.54258</values>
						</lower_bound>
						<upper_bound>
							<values>0.87455, 0.08691, 1.2838, 1.43939, 0.06577, 1.05662, 1.22025, 0.27802, 0.51781, 0.0207, 0.02478, 0.25149, 0.36494, 0.90523, 2.47546, 0.97348, 7.48574, 1.66875</values>
						</upper_bound>
					</main_interval>
					<sample_size>
						<values>1000.0, 1000.0, 1000.0, 1000.0, 1000.0, 1000.0, 1000.0, 1000.0, 1000.0, 1000.0, 1000.0, 1000.0, 1000.0, 1000.0, 1000.0, 1000.0, 1000.0, 1000.0</values>
					</sample_size>
				</sampling_intervals>
			</data>
		</threshold>
		<threshold>
			<threshold_value>GT 0.13313 (Pr=0.175)</threshold_value>
			<data>
				<values>0.8299, 0.05521, 1.0042, 1.11908, 0.03809, 0.74732, 0.87933, 0.06649, 0.44804, 0.00346, 0.02161, 0.14298, 0.38356, 0.78691, 1.65523, 0.94217, 4.84799, 0.87484</values>
				<sampling_intervals>
					<main_interval>
						<bounds>0.05, 0.95</bounds>
						<lower_bound>
							<values>0.77573, 0.02591, 0.83994, 0.92889, 0.0154, 0.63644, 0.74686, 0.05207, 0.15067, 0.00228, 0.00383, 0.09953, 0.24546, 0.53256, 1.07474, 0.91417, 4.1368, 0.69768</values>
						</lower_bound>
						<upper_bound>
							<values>0.88767, 0.08259, 1.30714, 1.47051, 0.05687, 1.09541, 1.25448, 0.22249, 0.55767, 0.01628, 0.03099, 0.30304, 0.47703, 0.91648, 2.33703, 0.97731, 7.78333, 1.91764</values>
						</upper_bound>
					</main_interval>
					<sample_size>
						<values>1000.0, 1000.0, 1000.0, 1000.0, 1000.0, 1000.0, 1000.0, 1000.0, 1000.0, 1000.0, 1000.0, 1000.0, 1000.0, 1000.0, 1000.0, 1000.0, 1000.0, 1000.0</values>
					</sample_size>
				</sampling_intervals>
			</data>
		</threshold>
		<threshold>
			<threshold_value>GT 0.14313 (Pr=0.2)</threshold_value>
			<data>
				<values>0.8636, 0.0306, 1.05603, 1.16183, 0.02577, 0.842, 0.95264, 0.07736, 0.28979, 0.00434, 0.0151, 0.1807, 0.46949, 0.87755, 1.56501, 0.96237, 5.74103, 1.16405</values>
				<sampling_intervals>
					<main_interval>
						<bounds>0.05, 0.95</bounds>
						<lower_bound>
							<values>0.78901, 0.02088, 0.89672, 0.99117, 0.01241, 0.71308, 0.82047, 0.05802, 0.14722, 0.00255, 0.00444, 0.12951, 0.32026, 0.59886, 1.10437, 0.92912, 4.42941, 0.90676</values>
						</lower_bound>
						<upper_bound>
							<values>0.89121, 0.07331, 1.26793, 1.40149, 0.0469, 1.0511, 1.21427, 0.20456, 0.46235, 0.01431, 0.02782, 0.28608, 0.5563, 0.93303, 2.22058, 0.98188, 7.57519, 1.82883</values>
						</upper_bound>
					</main_interval>
					<sample_size>
						<values>1000.0, 1000.0, 1000.0, 1000.0, 1000.0, 1000.0, 1000.0, 1000.0, 1000.0, 1000.0, 1000.0, 1000.0, 1000.0, 1000.0, 1000.0, 1000.0, 1000.0, 1000.0</values>
					</sample_size>
				</sampling_intervals>
			</data>
		</threshold>
		<threshold>
			<threshold_value>GT 0.15263 (Pr=0.225)</threshold_value>
			<data>
				<values>0.86852, 0.01525, 1.12313, 1.23936, 0.01923, 0.94991, 1.06216, 0.08483, 0.23993, 0.00422, 0.01121, 0.23175, 0.53868, 0.93148, 1.43107, 0.9723, 6.23132, 1.42982</values>
				<sampling_intervals>
					<main_interval>
						<bounds>0.05, 0.95</bounds>
						<lower_bound>
							<values>0.8241, 0.01704, 0.95998, 1.0544, 0.01075, 0.79295, 0.9072, 0.05856, 0.13403, 0.00258, 0.00392, 0.16401, 0.43299, 0.70453, 1.07156, 0.94727, 4.96491, 1.12775</values>
						</lower_bound>
						<upper_bound>
							<values>0.89307, 0.052, 1.28082, 1.40013, 0.03566, 1.08986, 1.21165, 0.15059, 0.35488, 0.01058, 0.02164, 0.29936, 0.62335, 0.93581, 2.10189, 0.9844, 7.82043, 1.66937</values>
						</upper_bound>
					</main_interval>
					<sample_size>
						<values>1000.0, 1000.0, 1000.0, 1000.0, 1000.0, 1000.0, 1000.0, 1000.0, 1000.0, 1000.0, 1000.0, 1000.0, 1000.0, 1000.0, 1000.0, 1000.0, 1000.0, 1000.0</values>
					</sample_size>
				</sampling_intervals>
			</data>
		</threshold>
		<threshold>
			<threshold_value>GT 0.16175 (Pr=0.25)</threshold_value>
			<data>
				<values>0.8674, 0.01537, 1.19324, 1.31046, 0.01808, 1.02208, 1.1366, 0.07181, 0.2602, 0.00329, 0.01144, 0.2784, 0.58437, 0.91686, 1.40879, 0.97428, 6.43991, 1.61522</values>
				<sampling_intervals>
					<main_interval>
						<bounds>0.05, 0.95</bounds>
						<lower_bound>
							<values>0.83081, 0.0161, 1.02125, 1.12031, 0.01067, 0.86675, 0.98244, 0.06139, 0.12885, 0.00268, 0.00377, 0.19814, 0.49063, 0.71512, 1.03423, 0.95766, 5.24483, 1.34757</values>
						</lower_bound>
						<upper_bound>
							<values>0.89, 0.04731, 1.33476, 1.45234, 0.02936, 1.16423, 1.29053, 0.15489, 0.33459, 0.01054, 0.0187, 0.35562, 0.66248, 0.9322, 1.9602, 0.98463, 7.92996, 1.83415</values>
						</upper_bound>
					</main_interval>
					<sample_size>
						<values>1000.0, 1000.0, 1000.0, 1000.0, 1000.0, 1000.0, 1000.0, 1000.0, 1000.0, 1000.0, 1000.0, 1000.0, 1000.0, 1000.0, 1000.0, 1000.0, 1000.0, 1000.0</values>
					</sample_size>
				</sampling_intervals>
			</data>
		</threshold>
		<threshold>
			<threshold_value>GT 0.16913 (Pr=0.275)</threshold_value>
			<data>
				<values>0.86699, 0.02071, 1.19815, 1.31046, 0.01331, 1.07334, 1.19305, 0.12845, 0.1426, 0.00849, 0.00431, 0.29236, 0.61367, 0.88801, 1.41872, 0.98106, 6.81304, 1.74511</values>
				<sampling_intervals>
					<main_interval>
						<bounds>0.05, 0.95</bounds>
						<lower_bound>
							<values>0.82312, 0.01581, 1.09429, 1.20051, 0.01107, 0.92537, 1.04683, 0.06704, 0.12955, 0.00303, 0.00405, 0.23964, 0.52843, 0.67922, 0.99487, 0.95903, 5.31336, 1.50749</values>
						</lower_bound>
						<upper_bound>
							<values>0.88663, 0.04652, 1.38813, 1.51159, 0.02919, 1.21548, 1.34474, 0.16011, 0.34622, 0.01058, 0.01912, 0.40337, 0.68715, 0.91653, 1.87278, 0.98416, 7.97508, 1.96682</values>
						</upper_bound>
					</main_interval>
					<sample_size>
						<values>1000.0, 1000.0, 1000.0, 1000.0, 1000.0, 1000.0, 1000.0, 1000.0, 1000.0, 1000.0, 1000.0, 1000.0, 1000.0, 1000.0, 1000.0, 1000.0, 1000.0, 1000.0</values>
					</sample_size>
				</sampling_intervals>
			</data>
		</threshold>
		<threshold>
			<threshold_value>GT 0.17766 (Pr=0.3)</threshold_value>
			<data>
				<values>0.85671, 0.01712, 1.28827, 1.41444, 0.01625, 1.13242, 1.25946, 0.12912, 0.16853, 0.00845, 0.00677, 0.35492, 0.63197, 0.88056, 1.3095, 0.97715, 6.55464, 1.87</values>
				<sampling_intervals>
					<main_interval>
						<bounds>0.05, 0.95</bounds>
						<lower_bound>
							<values>0.81553, 0.01654, 1.15695, 1.26785, 0.01207, 0.98496, 1.11239, 0.07533, 0.12611, 0.00348, 0.00412, 0.27576, 0.55265, 0.57995, 0.96971, 0.95852, 5.31479, 1.64376</values>
						</lower_bound>
						<upper_bound>
							<values>0.87904, 0.0494, 1.45406, 1.58039, 0.02964, 1.26603, 1.40195, 0.16848, 0.33383, 0.01254, 0.0201, 0.46568, 0.70188, 0.89456, 1.76203, 0.98291, 7.91376, 2.08348</values>
						</upper_bound>
					</main_interval>
					<sample_size>
						<values>1000.0, 1000.0, 1000.0, 1000.0, 1000.0, 1000.0, 1000.0, 1000.0, 1000.0, 1000.0, 1000.0, 1000.0, 1000.0, 1000.0, 1000.0, 1000.0, 1000.0, 1000.0</values>
					</sample_size>
				</sampling_intervals>
			</data>
		</threshold>
		<threshold>
			<threshold_value>GT 0.18567 (Pr=0.325)</threshold_value>
			<data>
				<values>0.85622, 0.01754, 1.34904, 1.47528, 0.01635, 1.18529, 1.31272, 0.13346, 0.16017, 0.00881, 0.00679, 0.41079, 0.6522, 0.8464, 1.28865, 0.97717, 6.58531, 1.98158</values>
				<sampling_intervals>
					<main_interval>
						<bounds>0.05, 0.95</bounds>
						<lower_bound>
							<values>0.81137, 0.01577, 1.21458, 1.33583, 0.01323, 1.03804, 1.17186, 0.08506, 0.1171, 0.00423, 0.00382, 0.32296, 0.5703, 0.54174, 0.9414, 0.96014, 5.37896, 1.75344</values>
						</lower_bound>
						<upper_bound>
							<values>0.87102, 0.04635, 1.49537, 1.62664, 0.02866, 1.31021, 1.44841, 0.1884, 0.30792, 0.01456, 0.01872, 0.51619, 0.71313, 0.87956, 1.68276, 0.98137, 7.83429, 2.17937</values>
						</upper_bound>
					</main_interval>
					<sample_size>
						<values>1000.0, 1000.0, 1000.0, 1000.0, 1000.0, 1000.0, 1000.0, 1000.0, 1000.0, 1000.0, 1000.0, 1000.0, 1000.0, 1000.0, 1000.0, 1000.0, 1000.0, 1000.0</values>
					</sample_size>
				</sampling_intervals>
			</data>
		</threshold>
		<threshold>
			<threshold_value>GT 0.19349 (Pr=0.35)</threshold_value>
			<data>
				<values>0.84221, 0.00999, 1.39261, 1.54042, 0.01872, 1.21965, 1.35872, 0.1294, 0.19668, 0.00788, 0.0095, 0.47283, 0.64754, 0.89208, 1.20013, 0.97408, 6.4283, 2.07405</values>
				<sampling_intervals>
					<main_interval>
						<bounds>0.05, 0.95</bounds>
						<lower_bound>
							<values>0.80823, 0.01494, 1.25747, 1.38592, 0.01417, 1.07713, 1.21988, 0.09709, 0.11569, 0.00512, 0.00407, 0.36015, 0.58251, 0.53436, 0.91521, 0.96168, 5.11807, 1.77742</values>
						</lower_bound>
						<upper_bound>
							<values>0.86352, 0.03971, 1.53072, 1.67867, 0.02726, 1.34994, 1.49651, 0.20416, 0.29179, 0.01547, 0.01727, 0.57838, 0.72051, 0.87084, 1.59228, 0.98026, 7.64038, 2.2644</values>
						</upper_bound>
					</main_interval>
					<sample_size>
						<values>1000.0, 1000.0, 1000.0, 1000.0, 1000.0, 1000.0, 1000.0, 1000.0, 1000.0, 1000.0, 1000.0, 1000.0, 1000.0, 1000.0, 1000.0, 1000.0, 1000.0, 1000.0</values>
					</sample_size>
				</sampling_intervals>
			</data>
		</threshold>
		<threshold>
			<threshold_value>GT 0.20115 (Pr=0.375)</threshold_value>
			<data>
				<values>0.81119, 0.02253, 1.44958, 1.61586, 0.02457, 1.24501, 1.40925, 0.12609, 0.26529, 0.0070, 0.01518, 0.52856, 0.64451, 0.71624, 1.08498, 0.96581, 5.73499, 2.02189</values>
				<sampling_intervals>
					<main_interval>
						<bounds>0.05, 0.95</bounds>
						<lower_bound>
							<values>0.79806, 0.01475, 1.28196, 1.42264, 0.01503, 1.09433, 1.24096, 0.10069, 0.11736, 0.00558, 0.00437, 0.38085, 0.58896, 0.45636, 0.88735, 0.95901, 4.60041, 1.35355</values>
						</lower_bound>
						<upper_bound>
							<values>0.85721, 0.03966, 1.55992, 1.71577, 0.02837, 1.37172, 1.53099, 0.22054, 0.29901, 0.01732, 0.0188, 0.63072, 0.75004, 0.85293, 1.54722, 0.97901, 7.5094, 2.32282</values>
						</upper_bound>
					</main_interval>
					<sample_size>
						<values>1000.0, 1000.0, 1000.0, 1000.0, 1000.0, 1000.0, 1000.0, 1000.0, 1000.0, 1000.0, 1000.0, 1000.0, 1000.0, 1000.0, 1000.0, 1000.0, 1000.0, 1000.0</values>
					</sample_size>
				</sampling_intervals>
			</data>
		</threshold>
		<threshold>
			<threshold_value>GT 0.20766 (Pr=0.4)</threshold_value>
			<data>
				<values>0.82272, 0.01583, 1.45441, 1.61586, 0.02118, 1.27649, 1.43259, 0.19793, 0.15209, 0.01478, 0.00681, 0.54193, 0.66081, 0.80059, 1.09193, 0.97052, 5.90532, 2.07193</values>
				<sampling_intervals>
					<main_interval>
						<bounds>0.05, 0.95</bounds>
						<lower_bound>
							<values>0.79508, 0.01491, 1.30235, 1.44397, 0.01603, 1.10705, 1.25237, 0.10229, 0.12198, 0.00578, 0.00467, 0.40086, 0.59602, 0.2467, 0.8755, 0.95627, 4.25028, 1.33207</values>
						</lower_bound>
						<upper_bound>
							<values>0.85254, 0.04106, 1.58256, 1.74422, 0.02961, 1.39782, 1.5571, 0.23498, 0.31711, 0.01877, 0.0214, 0.67032, 0.80267, 0.83952, 1.53541, 0.9774, 7.08103, 2.33494</values>
						</upper_bound>
					</main_interval>
					<sample_size>
						<values>1000.0, 1000.0, 1000.0, 1000.0, 1000.0, 1000.0, 1000.0, 1000.0, 1000.0, 1000.0, 1000.0, 1000.0, 1000.0, 1000.0, 1000.0, 1000.0, 1000.0, 1000.0</values>
					</sample_size>
				</sampling_intervals>
			</data>
		</threshold>
		<threshold>
			<threshold_value>GT 0.21474 (Pr=0.425)</threshold_value>
			<data>
				<values>0.82762, 0.01433, 1.44349, 1.60154, 0.0218, 1.24981, 1.40038, 0.14531, 0.21052, 0.00972, 0.01201, 0.51653, 0.72773, 0.6646, 1.24055, 0.96676, 4.78268, 1.49944</values>
				<sampling_intervals>
					<main_interval>
						<bounds>0.05, 0.95</bounds>
						<lower_bound>
							<values>0.79131, 0.01567, 1.32909, 1.47209, 0.01632, 1.13164, 1.27919, 0.10606, 0.1257, 0.0059, 0.00519, 0.42766, 0.59962, -0.12716, 0.89832, 0.95615, 3.96878, 1.33055</values>
						</lower_bound>
						<upper_bound>
							<values>0.85457, 0.04124, 1.59754, 1.75921, 0.02925, 1.40173, 1.56315, 0.24314, 0.30439, 0.01967, 0.0213, 0.68965, 0.8466, 0.80237, 1.53877, 0.97557, 6.57438, 2.28089</values>
						</upper_bound>
					</main_interval>
					<sample_size>
						<values>1000.0, 1000.0, 1000.0, 1000.0, 1000.0, 1000.0, 1000.0, 1000.0, 1000.0, 1000.0, 1000.0, 1000.0, 1000.0, 1000.0, 1000.0, 1000.0, 1000.0, 1000.0</values>
					</sample_size>
				</sampling_intervals>
			</data>
		</threshold>
		<threshold>
			<threshold_value>GT 0.22238 (Pr=0.45)</threshold_value>
			<data>
				<values>0.82401, 0.01958, 1.48955, 1.64596, 0.02198, 1.28816, 1.44217, 0.13514, 0.23009, 0.00825, 0.01394, 0.55783, 0.73867, 0.43314, 1.18888, 0.96588, 4.46726, 1.43833</values>
				<sampling_intervals>
					<main_interval>
						<bounds>0.05, 0.95</bounds>
						<lower_bound>
							<values>0.79335, 0.01667, 1.35784, 1.50269, 0.01577, 1.15583, 1.30608, 0.11017, 0.12604, 0.00626, 0.0051, 0.4576, 0.61854, -0.36579, 0.9252, 0.9562, 3.84773, 1.33112</values>
						</lower_bound>
						<upper_bound>
							<values>0.8551, 0.03866, 1.62257, 1.77598, 0.02888, 1.42936, 1.58374, 0.23491, 0.28521, 0.018, 0.02017, 0.68231, 0.872, 0.75355, 1.5052, 0.97543, 5.81278, 2.15605</values>
						</upper_bound>
					</main_interval>
					<sample_size>
						<values>1000.0, 1000.0, 1000.0, 1000.0, 1000.0, 1000.0, 1000.0, 1000.0, 1000.0, 1000.0, 1000.0, 1000.0, 1000.0, 1000.0, 1000.0, 1000.0, 1000.0, 1000.0</values>
					</sample_size>
				</sampling_intervals>
			</data>
		</threshold>
		<threshold>
			<threshold_value>GT 0.23076 (Pr=0.475)</threshold_value>
			<data>
				<values>0.81875, 0.02412, 1.53876, 1.69589, 0.02159, 1.33812, 1.49779, 0.12785, 0.24681, 0.00695, 0.01509, 0.6053, 0.74304, 0.27026, 1.11094, 0.96611, 4.22423, 1.41915</values>
				<sampling_intervals>
					<main_interval>
						<bounds>0.05, 0.95</bounds>
						<lower_bound>
							<values>0.79565, 0.01644, 1.38659, 1.53076, 0.01532, 1.18792, 1.34442, 0.11504, 0.12321, 0.00628, 0.00502, 0.49309, 0.6347, -0.63395, 0.91029, 0.95805, 3.71825, 1.32074</values>
						</lower_bound>
						<upper_bound>
							<values>0.85438, 0.0374, 1.66265, 1.81104, 0.02756, 1.47312, 1.62191, 0.23435, 0.26276, 0.0177, 0.01763, 0.70108, 0.87644, 0.71463, 1.46851, 0.97593, 5.40395, 1.60594</values>
						</upper_bound>
					</main_interval>
					<sample_size>
						<values>1000.0, 1000.0, 1000.0, 1000.0, 1000.0, 1000.0, 1000.0, 1000.0, 1000.0, 1000.0, 1000.0, 1000.0, 1000.0, 1000.0, 1000.0, 1000.0, 1000.0, 1000.0</values>
					</sample_size>
				</sampling_intervals>
			</data>
		</threshold>
		<threshold>
			<threshold_value>GT 0.24121 (Pr=0.5)</threshold_value>
			<data>
				<values>0.82035, 0.01898, 1.55299, 1.71365, 0.02008, 1.36415, 1.52372, 0.13973, 0.2262, 0.00761, 0.01285, 0.6334, 0.7388, 0.37266, 1.08761, 0.96828, 4.16315, 1.41388</values>
				<sampling_intervals>
					<main_interval>
						<bounds>0.05, 0.95</bounds>
						<lower_bound>
							<values>0.80059, 0.0162, 1.41645, 1.56218, 0.01488, 1.21912, 1.36883, 0.11825, 0.12545, 0.00629, 0.00522, 0.52659, 0.63194, -0.49957, 0.87163, 0.95951, 3.60478, 1.31029</values>
						</lower_bound>
						<upper_bound>
							<values>0.85436, 0.03598, 1.70536, 1.84884, 0.02627, 1.51543, 1.66315, 0.23659, 0.24966, 0.01734, 0.01527, 0.74186, 0.87269, 0.69384, 1.39352, 0.97641, 5.05639, 1.55616</values>
						</upper_bound>
					</main_interval>
					<sample_size>
						<values>1000.0, 1000.0, 1000.0, 1000.0, 1000.0, 1000.0, 1000.0, 1000.0, 1000.0, 1000.0, 1000.0, 1000.0, 1000.0, 1000.0, 1000.0, 1000.0, 1000.0, 1000.0</values>
					</sample_size>
				</sampling_intervals>
			</data>
		</threshold>
		<threshold>
			<threshold_value>GT 0.25239 (Pr=0.525)</threshold_value>
			<data>
				<values>0.82514, 0.0268, 1.59339, 1.74145, 0.01891, 1.39955, 1.55549, 0.14025, 0.21191, 0.00713, 0.0121, 0.67548, 0.72318, 0.1133, 1.06485, 0.96996, 4.0552, 1.40329</values>
				<sampling_intervals>
					<main_interval>
						<bounds>0.05, 0.95</bounds>
						<lower_bound>
							<values>0.80139, 0.01643, 1.45253, 1.59689, 0.01506, 1.25413, 1.40359, 0.12113, 0.12823, 0.00617, 0.00542, 0.55777, 0.62441, -0.361, 0.83851, 0.96153, 3.44107, 1.28499</values>
						</lower_bound>
						<upper_bound>
							<values>0.85152, 0.0377, 1.73443, 1.88243, 0.02451, 1.53947, 1.69117, 0.22862, 0.23776, 0.01525, 0.01453, 0.77884, 0.85878, 0.68488, 1.33123, 0.97582, 4.85913, 1.5255</values>
						</upper_bound>
					</main_interval>
					<sample_size>
						<values>1000.0, 1000.0, 1000.0, 1000.0, 1000.0, 1000.0, 1000.0, 1000.0, 1000.0, 1000.0, 1000.0, 1000.0, 1000.0, 1000.0, 1000.0, 1000.0, 1000.0, 1000.0</values>
					</sample_size>
				</sampling_intervals>
			</data>
		</threshold>
		<threshold>
			<threshold_value>GT 0.26797 (Pr=0.55)</threshold_value>
			<data>
				<values>0.8417, 0.01582, 1.61275, 1.75523, 0.01757, 1.42448, 1.56521, 0.18068, 0.13482, 0.01063, 0.00639, 0.69177, 0.72566, 0.54131, 1.04216, 0.97188, 3.98535, 1.36851</values>
				<sampling_intervals>
					<main_interval>
						<bounds>0.05, 0.95</bounds>
						<lower_bound>
							<values>0.79809, 0.01701, 1.47827, 1.6287, 0.01493, 1.28185, 1.43209, 0.13529, 0.12824, 0.00679, 0.00549, 0.58526, 0.60576, -0.25184, 0.80466, 0.96099, 3.30379, 1.24986</values>
						</lower_bound>
						<upper_bound>
							<values>0.85139, 0.03528, 1.75957, 1.91323, 0.0246, 1.56193, 1.71926, 0.22628, 0.23273, 0.0151, 0.01396, 0.80458, 0.84846, 0.70383, 1.27187, 0.97596, 4.65591, 1.49433</values>
						</upper_bound>
					</main_interval>
					<sample_size>
						<values>1000.0, 1000.0, 1000.0, 1000.0, 1000.0, 1000.0, 1000.0, 1000.0, 1000.0, 1000.0, 1000.0, 1000.0, 1000.0, 1000.0, 1000.0, 1000.0, 1000.0, 1000.0</values>
					</sample_size>
				</sampling_intervals>
			</data>
		</threshold>
		<threshold>
			<threshold_value>GT 0.28214 (Pr=0.575)</threshold_value>
			<data>
				<values>0.80709, 0.01644, 1.63188, 1.80835, 0.02094, 1.44032, 1.61229, 0.17735, 0.2082, 0.00965, 0.01109, 0.71183, 0.69968, 0.57298, 0.927, 0.96611, 3.58758, 1.3165</values>
				<sampling_intervals>
					<main_interval>
						<bounds>0.05, 0.95</bounds>
						<lower_bound>
							<values>0.79038, 0.01687, 1.50121, 1.65254, 0.0161, 1.29771, 1.45449, 0.14724, 0.13067, 0.00758, 0.00582, 0.61155, 0.58292, -0.02733, 0.77023, 0.9586, 3.1046, 1.20833</values>
						</lower_bound>
						<upper_bound>
							<values>0.8441, 0.03557, 1.7818, 1.94134, 0.02581, 1.57896, 1.7452, 0.23578, 0.23854, 0.01541, 0.01454, 0.81981, 0.82871, 0.68423, 1.20144, 0.97397, 4.36697, 1.44445</values>
						</upper_bound>
					</main_interval>
					<sample_size>
						<values>1000.0, 1000.0, 1000.0, 1000.0, 1000.0, 1000.0, 1000.0, 1000.0, 1000.0, 1000.0, 1000.0, 1000.0, 1000.0, 1000.0, 1000.0, 1000.0, 1000.0, 1000.0</values>
					</sample_size>
				</sampling_intervals>
			</data>
		</threshold>
		<threshold>
			<threshold_value>GT 0.29564 (Pr=0.6)</threshold_value>
			<data>
				<values>0.8085, 0.01219, 1.64202, 1.82133, 0.02225, 1.44125, 1.6105, 0.20476, 0.17936, 0.01196, 0.00938, 0.72946, 0.66752, 0.68076, 0.91042, 0.96376, 3.43395, 1.26437</values>
				<sampling_intervals>
					<main_interval>
						<bounds>0.05, 0.95</bounds>
						<lower_bound>
							<values>0.78551, 0.01676, 1.51323, 1.67316, 0.01712, 1.30932, 1.46853, 0.16023, 0.13397, 0.00828, 0.00574, 0.62911, 0.55681, 0.04492, 0.75737, 0.95723, 2.97625, 1.16218</values>
						</lower_bound>
						<upper_bound>
							<values>0.83669, 0.03566, 1.79525, 1.95846, 0.02645, 1.58929, 1.75116, 0.25371, 0.23127, 0.01584, 0.01411, 0.83099, 0.79996, 0.68838, 1.14083, 0.97181, 4.08817, 1.3879</values>
						</upper_bound>
					</main_interval>
					<sample_size>
						<values>1000.0, 1000.0, 1000.0, 1000.0, 1000.0, 1000.0, 1000.0, 1000.0, 1000.0, 1000.0, 1000.0, 1000.0, 1000.0, 1000.0, 1000.0, 1000.0, 1000.0, 1000.0</values>
					</sample_size>
				</sampling_intervals>
			</data>
		</threshold>
		<threshold>
			<threshold_value>GT 0.31342 (Pr=0.625)</threshold_value>
			<data>
				<values>0.81461, 0.01585, 1.64074, 1.81027, 0.02033, 1.44692, 1.61198, 0.20066, 0.17264, 0.01035, 0.0090, 0.74815, 0.62449, 0.65289, 0.91686, 0.9663, 3.33546, 1.20701</values>
				<sampling_intervals>
					<main_interval>
						<bounds>0.05, 0.95</bounds>
						<lower_bound>
							<values>0.78454, 0.01774, 1.515, 1.6837, 0.01758, 1.3065, 1.47599, 0.16673, 0.1342, 0.00859, 0.00581, 0.64242, 0.52465, 0.14347, 0.75006, 0.95685, 2.85386, 1.11017</values>
						</lower_bound>
						<upper_bound>
							<values>0.83209, 0.03799, 1.79802, 1.96533, 0.02656, 1.58969, 1.76073, 0.26384, 0.22483, 0.01576, 0.01264, 0.84602, 0.77427, 0.69431, 1.09862, 0.97094, 3.87996, 1.32738</values>
						</upper_bound>
					</main_interval>
					<sample_size>
						<values>1000.0, 1000.0, 1000.0, 1000.0, 1000.0, 1000.0, 1000.0, 1000.0, 1000.0, 1000.0, 1000.0, 1000.0, 1000.0, 1000.0, 1000.0, 1000.0, 1000.0, 1000.0</values>
					</sample_size>
				</sampling_intervals>
			</data>
		</threshold>
		<threshold>
			<threshold_value>GT 0.33485 (Pr=0.65)</threshold_value>
			<data>
				<values>0.80867, 0.01753, 1.64523, 1.81902, 0.02071, 1.45157, 1.62219, 0.2076, 0.17818, 0.01074, 0.00838, 0.7441, 0.60091, 0.65899, 0.89012, 0.96524, 3.18052, 1.1584</values>
				<sampling_intervals>
					<main_interval>
						<bounds>0.05, 0.95</bounds>
						<lower_bound>
							<values>0.77573, 0.01826, 1.49911, 1.67666, 0.01811, 1.30116, 1.47168, 0.17525, 0.13526, 0.00895, 0.00576, 0.63766, 0.49175, 0.21035, 0.72664, 0.95469, 2.70943, 1.05969</values>
						</lower_bound>
						<upper_bound>
							<values>0.82633, 0.0414, 1.80686, 1.97516, 0.02715, 1.5957, 1.77489, 0.27431, 0.23259, 0.01537, 0.01251, 0.8499, 0.74416, 0.70765, 1.07174, 0.9697, 3.73027, 1.2715</values>
						</upper_bound>
					</main_interval>
					<sample_size>
						<values>1000.0, 1000.0, 1000.0, 1000.0, 1000.0, 1000.0, 1000.0, 1000.0, 1000.0, 1000.0, 1000.0, 1000.0, 1000.0, 1000.0, 1000.0, 1000.0, 1000.0, 1000.0</values>
					</sample_size>
				</sampling_intervals>
			</data>
		</threshold>
		<threshold>
			<threshold_value>GT 0.36074 (Pr=0.675)</threshold_value>
			<data>
				<values>0.78291, 0.01674, 1.62824, 1.82859, 0.02353, 1.43802, 1.63159, 0.21805, 0.21634, 0.01062, 0.01102, 0.71473, 0.56589, 0.71187, 0.83632, 0.96014, 2.98459, 1.11732</values>
				<sampling_intervals>
					<main_interval>
						<bounds>0.05, 0.95</bounds>
						<lower_bound>
							<values>0.76506, 0.01942, 1.5011, 1.67449, 0.01933, 1.29004, 1.46856, 0.1916, 0.13972, 0.00944, 0.00594, 0.62418, 0.46162, 0.26285, 0.70508, 0.95029, 2.57593, 1.00922</values>
						</lower_bound>
						<upper_bound>
							<values>0.81912, 0.04351, 1.81134, 1.98941, 0.02933, 1.58675, 1.77421, 0.28584, 0.23457, 0.01585, 0.01255, 0.82487, 0.70864, 0.71622, 1.04429, 0.96717, 3.53584, 1.22024</values>
						</upper_bound>
					</main_interval>
					<sample_size>
						<values>1000.0, 1000.0, 1000.0, 1000.0, 1000.0, 1000.0, 1000.0, 1000.0, 1000.0, 1000.0, 1000.0, 1000.0, 1000.0, 1000.0, 1000.0, 1000.0, 1000.0, 1000.0</values>
					</sample_size>
				</sampling_intervals>
			</data>
		</threshold>
		<threshold>
			<threshold_value>GT 0.38891 (Pr=0.7)</threshold_value>
			<data>
				<values>0.7947, 0.01903, 1.65082, 1.83708, 0.02523, 1.43268, 1.61276, 0.26142, 0.16245, 0.0135, 0.00754, 0.70353, 0.53719, 0.70322, 0.83176, 0.9569, 2.82914, 1.04463</values>
				<sampling_intervals>
					<main_interval>
						<bounds>0.05, 0.95</bounds>
						<lower_bound>
							<values>0.752, 0.02037, 1.48772, 1.66856, 0.02101, 1.27256, 1.45974, 0.21159, 0.14944, 0.01029, 0.00633, 0.60488, 0.42879, 0.29765, 0.67862, 0.9449, 2.42849, 0.95137</values>
						</lower_bound>
						<upper_bound>
							<values>0.80959, 0.04476, 1.80647, 1.9952, 0.0321, 1.57369, 1.76577, 0.30489, 0.23715, 0.01664, 0.01256, 0.79815, 0.66556, 0.73534, 1.0077, 0.96398, 3.32253, 1.16746</values>
						</upper_bound>
					</main_interval>
					<sample_size>
						<values>1000.0, 1000.0, 1000.0, 1000.0, 1000.0, 1000.0, 1000.0, 1000.0, 1000.0, 1000.0, 1000.0, 1000.0, 1000.0, 1000.0, 1000.0, 1000.0, 1000.0, 1000.0</values>
					</sample_size>
				</sampling_intervals>
			</data>
		</threshold>
		<threshold>
			<threshold_value>GT 0.41874 (Pr=0.725)</threshold_value>
			<data>
				<values>0.77577, 0.01297, 1.6313, 1.84256, 0.03007, 1.40343, 1.59759, 0.3006, 0.16745, 0.01575, 0.00781, 0.66617, 0.49525, 0.83035, 0.77506, 0.94832, 2.62426, 0.98345</values>
				<sampling_intervals>
					<main_interval>
						<bounds>0.05, 0.95</bounds>
						<lower_bound>
							<values>0.74257, 0.02149, 1.47294, 1.6644, 0.02309, 1.25057, 1.44608, 0.23187, 0.15671, 0.01088, 0.00666, 0.58164, 0.39053, 0.37602, 0.6596, 0.93918, 2.29338, 0.89273</values>
						</lower_bound>
						<upper_bound>
							<values>0.79977, 0.04536, 1.79854, 1.99403, 0.03555, 1.55547, 1.7599, 0.33119, 0.23432, 0.01808, 0.01212, 0.76123, 0.62293, 0.75022, 0.97393, 0.96013, 3.09967, 1.11264</values>
						</upper_bound>
					</main_interval>
					<sample_size>
						<values>1000.0, 1000.0, 1000.0, 1000.0, 1000.0, 1000.0, 1000.0, 1000.0, 1000.0, 1000.0, 1000.0, 1000.0, 1000.0, 1000.0, 1000.0, 1000.0, 1000.0, 1000.0</values>
					</sample_size>
				</sampling_intervals>
			</data>
		</threshold>
		<threshold>
			<threshold_value>GT 0.4532 (Pr=0.75)</threshold_value>
			<data>
				<values>0.76583, 0.01521, 1.60102, 1.81998, 0.02998, 1.3828, 1.58699, 0.28756, 0.19706, 0.01372, 0.00967, 0.63517, 0.44152, 0.82452, 0.76583, 0.94793, 2.50632, 0.93847</values>
				<sampling_intervals>
					<main_interval>
						<bounds>0.05, 0.95</bounds>
						<lower_bound>
							<values>0.72498, 0.02251, 1.4491, 1.65295, 0.0251, 1.22232, 1.42938, 0.24973, 0.15888, 0.01169, 0.00673, 0.54588, 0.35114, 0.42742, 0.63531, 0.92978, 2.15673, 0.83099</values>
						</lower_bound>
						<upper_bound>
							<values>0.78959, 0.04727, 1.78083, 1.99224, 0.04066, 1.52884, 1.73645, 0.3585, 0.24364, 0.01961, 0.01232, 0.72224, 0.56427, 0.7698, 0.93881, 0.95623, 2.91048, 1.05302</values>
						</upper_bound>
					</main_interval>
					<sample_size>
						<values>1000.0, 1000.0, 1000.0, 1000.0, 1000.0, 1000.0, 1000.0, 1000.0, 1000.0, 1000.0, 1000.0, 1000.0, 1000.0, 1000.0, 1000.0, 1000.0, 1000.0, 1000.0</values>
					</sample_size>
				</sampling_intervals>
			</data>
		</threshold>
		<threshold>
			<threshold_value>GT 0.46991 (Pr=0.76)</threshold_value>
			<data>
				<values>0.76616, 0.02283, 1.61256, 1.82358, 0.03372, 1.36307, 1.56319, 0.31325, 0.17839, 0.01671, 0.00747, 0.61539, 0.42979, 0.73971, 0.76956, 0.94146, 2.43368, 0.9043</values>
				<sampling_intervals>
					<main_interval>
						<bounds>0.05, 0.95</bounds>
						<lower_bound>
							<values>0.71451, 0.02354, 1.44102, 1.64293, 0.02659, 1.20995, 1.41034, 0.26051, 0.16091, 0.01226, 0.00671, 0.52764, 0.33471, 0.41849, 0.62675, 0.92458, 2.08517, 0.80346</values>
						</lower_bound>
						<upper_bound>
							<values>0.78612, 0.04865, 1.77009, 1.98506, 0.04352, 1.51034, 1.72131, 0.37614, 0.24948, 0.02045, 0.01264, 0.70359, 0.54134, 0.77232, 0.93007, 0.95375, 2.83437, 1.02894</values>
						</upper_bound>
					</main_interval>
					<sample_size>
						<values>1000.0, 1000.0, 1000.0, 1000.0, 1000.0, 1000.0, 1000.0, 1000.0, 1000.0, 1000.0, 1000.0, 1000.0, 1000.0, 1000.0, 1000.0, 1000.0, 1000.0, 1000.0</values>
					</sample_size>
				</sampling_intervals>
			</data>
		</threshold>
		<threshold>
			<threshold_value>GT 0.48796 (Pr=0.77)</threshold_value>
			<data>
				<values>0.75062, 0.0191, 1.58475, 1.81502, 0.03673, 1.33632, 1.54896, 0.33827, 0.1883, 0.0173, 0.00855, 0.58796, 0.40405, 0.8058, 0.735, 0.93606, 2.34411, 0.87729</values>
				<sampling_intervals>
					<main_interval>
						<bounds>0.05, 0.95</bounds>
						<lower_bound>
							<values>0.70592, 0.02422, 1.4291, 1.63613, 0.02792, 1.19164, 1.40178, 0.27261, 0.16451, 0.0127, 0.00681, 0.50811, 0.31448, 0.43699, 0.6234, 0.91861, 2.01006, 0.77152</values>
						</lower_bound>
						<upper_bound>
							<values>0.78137, 0.04997, 1.74641, 1.97257, 0.0463, 1.48738, 1.70725, 0.39129, 0.25396, 0.02144, 0.01316, 0.68074, 0.51294, 0.78632, 0.91712, 0.95065, 2.75175, 1.00091</values>
						</upper_bound>
					</main_interval>
					<sample_size>
						<values>1000.0, 1000.0, 1000.0, 1000.0, 1000.0, 1000.0, 1000.0, 1000.0, 1000.0, 1000.0, 1000.0, 1000.0, 1000.0, 1000.0, 1000.0, 1000.0, 1000.0, 1000.0</values>
					</sample_size>
				</sampling_intervals>
			</data>
		</threshold>
		<threshold>
			<threshold_value>GT 0.50296 (Pr=0.78)</threshold_value>
			<data>
				<values>0.73129, 0.02999, 1.57096, 1.80968, 0.0381, 1.32275, 1.55336, 0.33508, 0.22384, 0.01671, 0.01009, 0.56647, 0.38302, 0.70784, 0.72191, 0.9334, 2.2617, 0.8636</values>
				<sampling_intervals>
					<main_interval>
						<bounds>0.05, 0.95</bounds>
						<lower_bound>
							<values>0.70025, 0.02522, 1.40968, 1.6271, 0.02989, 1.16305, 1.37826, 0.28553, 0.16511, 0.01333, 0.00687, 0.48814, 0.29554, 0.4504, 0.61824, 0.91405, 1.93383, 0.73796</values>
						</lower_bound>
						<upper_bound>
							<values>0.77294, 0.05202, 1.73018, 1.95902, 0.04907, 1.46121, 1.68358, 0.41448, 0.25624, 0.02246, 0.01315, 0.65588, 0.48334, 0.77986, 0.90374, 0.94747, 2.67195, 0.97258</values>
						</upper_bound>
					</main_interval>
					<sample_size>
						<values>1000.0, 1000.0, 1000.0, 1000.0, 1000.0, 1000.0, 1000.0, 1000.0, 1000.0, 1000.0, 1000.0, 1000.0, 1000.0, 1000.0, 1000.0, 1000.0, 1000.0, 1000.0</values>
					</sample_size>
				</sampling_intervals>
			</data>
		</threshold>
		<threshold>
			<threshold_value>GT 0.51794 (Pr=0.79)</threshold_value>
			<data>
				<values>0.72721, 0.031, 1.54406, 1.78585, 0.04271, 1.27701, 1.50709, 0.36393, 0.21245, 0.01918, 0.00937, 0.54118, 0.35832, 0.71066, 0.72909, 0.92498, 2.18446, 0.81221</values>
				<sampling_intervals>
					<main_interval>
						<bounds>0.05, 0.95</bounds>
						<lower_bound>
							<values>0.69267, 0.02685, 1.385, 1.61321, 0.03238, 1.14093, 1.36213, 0.30188, 0.17107, 0.01427, 0.00705, 0.46606, 0.27546, 0.48059, 0.61672, 0.9084, 1.86604, 0.70003</values>
						</lower_bound>
						<upper_bound>
							<values>0.76285, 0.05182, 1.70248, 1.93736, 0.05222, 1.42622, 1.65931, 0.43323, 0.25503, 0.02306, 0.01328, 0.63176, 0.45103, 0.78028, 0.89363, 0.94288, 2.58338, 0.9345</values>
						</upper_bound>
					</main_interval>
					<sample_size>
						<values>1000.0, 1000.0, 1000.0, 1000.0, 1000.0, 1000.0, 1000.0, 1000.0, 1000.0, 1000.0, 1000.0, 1000.0, 1000.0, 1000.0, 1000.0, 1000.0, 1000.0, 1000.0</values>
					</sample_size>
				</sampling_intervals>
			</data>
		</threshold>
		<threshold>
			<threshold_value>GT 0.53488 (Pr=0.8)</threshold_value>
			<data>
				<values>0.72666, 0.0214, 1.50388, 1.75582, 0.04299, 1.24954, 1.4799, 0.38077, 0.2058, 0.0185, 0.01003, 0.52284, 0.32868, 0.82002, 0.71924, 0.92373, 2.11873, 0.76799</values>
				<sampling_intervals>
					<main_interval>
						<bounds>0.05, 0.95</bounds>
						<lower_bound>
							<values>0.68852, 0.02717, 1.36413, 1.59531, 0.03453, 1.10917, 1.34114, 0.3174, 0.17805, 0.01473, 0.0074, 0.44428, 0.25568, 0.53599, 0.60705, 0.90223, 1.79451, 0.66223</values>
						</lower_bound>
						<upper_bound>
							<values>0.75416, 0.05116, 1.67973, 1.92506, 0.05504, 1.39862, 1.63728, 0.45823, 0.25029, 0.02438, 0.01298, 0.60784, 0.42307, 0.7886, 0.89168, 0.93917, 2.49905, 0.89418</values>
						</upper_bound>
					</main_interval>
					<sample_size>
						<values>1000.0, 1000.0, 1000.0, 1000.0, 1000.0, 1000.0, 1000.0, 1000.0, 1000.0, 1000.0, 1000.0, 1000.0, 1000.0, 1000.0, 1000.0, 1000.0, 1000.0, 1000.0</values>
					</sample_size>
				</sampling_intervals>
			</data>
		</threshold>
		<threshold>
			<threshold_value>GT 0.55277 (Pr=0.81)</threshold_value>
			<data>
				<values>0.70987, 0.0314, 1.47289, 1.73162, 0.04616, 1.21246, 1.45643, 0.39621, 0.22547, 0.01933, 0.01038, 0.4961, 0.30243, 0.74719, 0.72102, 0.91748, 2.0276, 0.73165</values>
				<sampling_intervals>
					<main_interval>
						<bounds>0.05, 0.95</bounds>
						<lower_bound>
							<values>0.68101, 0.02761, 1.33351, 1.57091, 0.0372, 1.07791, 1.31174, 0.33639, 0.17677, 0.0154, 0.00745, 0.4227, 0.23617, 0.56068, 0.59518, 0.89656, 1.72083, 0.6218</values>
						</lower_bound>
						<upper_bound>
							<values>0.74747, 0.0505, 1.65779, 1.9125, 0.05836, 1.37521, 1.61021, 0.48034, 0.25166, 0.02502, 0.0129, 0.5872, 0.39381, 0.79518, 0.88378, 0.93339, 2.41719, 0.85672</values>
						</upper_bound>
					</main_interval>
					<sample_size>
						<values>1000.0, 1000.0, 1000.0, 1000.0, 1000.0, 1000.0, 1000.0, 1000.0, 1000.0, 1000.0, 1000.0, 1000.0, 1000.0, 1000.0, 1000.0, 1000.0, 1000.0, 1000.0</values>
					</sample_size>
				</sampling_intervals>
			</data>
		</threshold>
		<threshold>
			<threshold_value>GT 0.57101 (Pr=0.82)</threshold_value>
			<data>
				<values>0.70421, 0.02669, 1.43636, 1.70546, 0.04843, 1.17911, 1.42647, 0.41819, 0.22422, 0.01948, 0.01116, 0.47262, 0.27636, 0.80331, 0.70758, 0.91313, 1.95473, 0.69499</values>
				<sampling_intervals>
					<main_interval>
						<bounds>0.05, 0.95</bounds>
						<lower_bound>
							<values>0.67112, 0.02788, 1.29849, 1.54302, 0.03962, 1.04391, 1.27864, 0.35306, 0.17781, 0.01622, 0.00735, 0.40078, 0.21681, 0.59362, 0.58688, 0.89109, 1.63474, 0.58432</values>
						</lower_bound>
						<upper_bound>
							<values>0.74332, 0.05073, 1.63547, 1.89132, 0.06134, 1.33988, 1.58917, 0.50268, 0.25518, 0.02547, 0.01319, 0.56728, 0.36897, 0.80907, 0.88379, 0.9286, 2.32516, 0.81596</values>
						</upper_bound>
					</main_interval>
					<sample_size>
						<values>1000.0, 1000.0, 1000.0, 1000.0, 1000.0, 1000.0, 1000.0, 1000.0, 1000.0, 1000.0, 1000.0, 1000.0, 1000.0, 1000.0, 1000.0, 1000.0, 1000.0, 1000.0</values>
					</sample_size>
				</sampling_intervals>
			</data>
		</threshold>
		<threshold>
			<threshold_value>GT 0.59323 (Pr=0.83)</threshold_value>
			<data>
				<values>0.71585, 0.02443, 1.43325, 1.69297, 0.04952, 1.16372, 1.39836, 0.43166, 0.19958, 0.01995, 0.00933, 0.45406, 0.26033, 0.82907, 0.71459, 0.91081, 1.89828, 0.6524</values>
				<sampling_intervals>
					<main_interval>
						<bounds>0.05, 0.95</bounds>
						<lower_bound>
							<values>0.66319, 0.02804, 1.27431, 1.51931, 0.04153, 1.0059, 1.24795, 0.36781, 0.17681, 0.01668, 0.00744, 0.37551, 0.19776, 0.60679, 0.57702, 0.88271, 1.56878, 0.5449</values>
						</lower_bound>
						<upper_bound>
							<values>0.7386, 0.05144, 1.60553, 1.87358, 0.06569, 1.31149, 1.56001, 0.5314, 0.25265, 0.02657, 0.01321, 0.54253, 0.34079, 0.82033, 0.87918, 0.92465, 2.2309, 0.77126</values>
						</upper_bound>
					</main_interval>
					<sample_size>
						<values>1000.0, 1000.0, 1000.0, 1000.0, 1000.0, 1000.0, 1000.0, 1000.0, 1000.0, 1000.0, 1000.0, 1000.0, 1000.0, 1000.0, 1000.0, 1000.0, 1000.0, 1000.0</values>
					</sample_size>
				</sampling_intervals>
			</data>
		</threshold>
		<threshold>
			<threshold_value>GT 0.6151 (Pr=0.84)</threshold_value>
			<data>
				<values>0.68942, 0.03055, 1.38843, 1.66846, 0.05633, 1.1121, 1.36635, 0.46927, 0.22181, 0.02213, 0.00982, 0.42232, 0.2362, 0.79772, 0.6943, 0.89833, 1.79242, 0.61839</values>
				<sampling_intervals>
					<main_interval>
						<bounds>0.05, 0.95</bounds>
						<lower_bound>
							<values>0.65086, 0.02827, 1.23202, 1.4926, 0.04403, 0.9664, 1.21358, 0.38637, 0.17739, 0.01717, 0.00734, 0.3483, 0.1783, 0.62289, 0.56368, 0.87068, 1.48115, 0.50847</values>
						</lower_bound>
						<upper_bound>
							<values>0.73186, 0.05203, 1.5769, 1.85638, 0.0715, 1.28115, 1.53297, 0.55584, 0.26155, 0.02727, 0.0135, 0.51237, 0.31585, 0.83198, 0.87891, 0.91906, 2.15065, 0.73073</values>
						</upper_bound>
					</main_interval>
					<sample_size>
						<values>1000.0, 1000.0, 1000.0, 1000.0, 1000.0, 1000.0, 1000.0, 1000.0, 1000.0, 1000.0, 1000.0, 1000.0, 1000.0, 1000.0, 1000.0, 1000.0, 1000.0, 1000.0</values>
					</sample_size>
				</sampling_intervals>
			</data>
		</threshold>
		<threshold>
			<threshold_value>GT 0.63932 (Pr=0.85)</threshold_value>
			<data>
				<values>0.68976, 0.01869, 1.35239, 1.64394, 0.06092, 1.07266, 1.32199, 0.49957, 0.20646, 0.02344, 0.00943, 0.39582, 0.21697, 0.88058, 0.68947, 0.88929, 1.70851, 0.56304</values>
				<sampling_intervals>
					<main_interval>
						<bounds>0.05, 0.95</bounds>
						<lower_bound>
							<values>0.64051, 0.02861, 1.1946, 1.46031, 0.04714, 0.93196, 1.17981, 0.40446, 0.18016, 0.01758, 0.00751, 0.32324, 0.16143, 0.64463, 0.5514, 0.85994, 1.3872, 0.4637</values>
						</lower_bound>
						<upper_bound>
							<values>0.72469, 0.05433, 1.55643, 1.83362, 0.07688, 1.24598, 1.503, 0.58262, 0.26139, 0.02816, 0.01361, 0.48029, 0.28785, 0.8394, 0.86571, 0.91352, 2.07029, 0.68631</values>
						</upper_bound>
					</main_interval>
					<sample_size>
						<values>1000.0, 1000.0, 1000.0, 1000.0, 1000.0, 1000.0, 1000.0, 1000.0, 1000.0, 1000.0, 1000.0, 1000.0, 1000.0, 1000.0, 1000.0, 1000.0, 1000.0, 1000.0</values>
					</sample_size>
				</sampling_intervals>
			</data>
		</threshold>
		<threshold>
			<threshold_value>GT 0.67115 (Pr=0.86)</threshold_value>
			<data>
				<values>0.66567, 0.0337, 1.32436, 1.62499, 0.06292, 1.04842, 1.31983, 0.49902, 0.24707, 0.02201, 0.0113, 0.36517, 0.19347, 0.80711, 0.65606, 0.88428, 1.59896, 0.5352</values>
				<sampling_intervals>
					<main_interval>
						<bounds>0.05, 0.95</bounds>
						<lower_bound>
							<values>0.62801, 0.03, 1.15892, 1.42844, 0.05024, 0.8893, 1.14137, 0.42862, 0.18828, 0.01803, 0.00774, 0.29434, 0.14279, 0.65244, 0.53681, 0.84854, 1.29634, 0.41417</values>
						</lower_bound>
						<upper_bound>
							<values>0.71549, 0.05677, 1.52154, 1.80322, 0.08393, 1.20298, 1.46681, 0.61522, 0.26513, 0.02943, 0.01335, 0.44849, 0.26073, 0.84325, 0.87112, 0.90706, 1.97716, 0.63376</values>
						</upper_bound>
					</main_interval>
					<sample_size>
						<values>1000.0, 1000.0, 1000.0, 1000.0, 1000.0, 1000.0, 1000.0, 1000.0, 1000.0, 1000.0, 1000.0, 1000.0, 1000.0, 1000.0, 1000.0, 1000.0, 1000.0, 1000.0</values>
					</sample_size>
				</sampling_intervals>
			</data>
		</threshold>
		<threshold>
			<threshold_value>GT 0.70762 (Pr=0.87)</threshold_value>
			<data>
				<values>0.66285, 0.02166, 1.27795, 1.59344, 0.07327, 0.98384, 1.24772, 0.55706, 0.2215, 0.02511, 0.01007, 0.32663, 0.17179, 0.88075, 0.64878, 0.86497, 1.48668, 0.46274</values>
				<sampling_intervals>
					<main_interval>
						<bounds>0.05, 0.95</bounds>
						<lower_bound>
							<values>0.61947, 0.03086, 1.11838, 1.3973, 0.05411, 0.84635, 1.10832, 0.45746, 0.19197, 0.01886, 0.00783, 0.26694, 0.12662, 0.6829, 0.52966, 0.83181, 1.20223, 0.3638</values>
						</lower_bound>
						<upper_bound>
							<values>0.70767, 0.05505, 1.4831, 1.77361, 0.09164, 1.15888, 1.41981, 0.66447, 0.26036, 0.03122, 0.01317, 0.41525, 0.23357, 0.85178, 0.86368, 0.89939, 1.85956, 0.58799</values>
						</upper_bound>
					</main_interval>
					<sample_size>
						<values>1000.0, 1000.0, 1000.0, 1000.0, 1000.0, 1000.0, 1000.0, 1000.0, 1000.0, 1000.0, 1000.0, 1000.0, 1000.0, 1000.0, 1000.0, 1000.0, 1000.0, 1000.0</values>
					</sample_size>
				</sampling_intervals>
			</data>
		</threshold>
		<threshold>
			<threshold_value>GT 0.74064 (Pr=0.88)</threshold_value>
			<data>
				<values>0.65398, 0.02119, 1.22367, 1.5485, 0.07399, 0.94557, 1.2176, 0.57176, 0.2339, 0.02383, 0.01077, 0.30124, 0.14962, 0.89299, 0.63916, 0.86261, 1.41308, 0.42694</values>
				<sampling_intervals>
					<main_interval>
						<bounds>0.05, 0.95</bounds>
						<lower_bound>
							<values>0.61323, 0.03134, 1.07794, 1.37013, 0.05911, 0.79589, 1.05914, 0.48961, 0.19013, 0.02001, 0.00777, 0.24074, 0.10946, 0.7055, 0.51815, 0.81894, 1.10558, 0.30255</values>
						</lower_bound>
						<upper_bound>
							<values>0.69944, 0.05361, 1.43894, 1.73707, 0.0979, 1.10313, 1.37643, 0.70426, 0.25916, 0.03207, 0.01296, 0.38258, 0.20733, 0.85517, 0.84762, 0.88875, 1.74519, 0.52269</values>
						</upper_bound>
					</main_interval>
					<sample_size>
						<values>1000.0, 1000.0, 1000.0, 1000.0, 1000.0, 1000.0, 1000.0, 1000.0, 1000.0, 1000.0, 1000.0, 1000.0, 1000.0, 1000.0, 1000.0, 1000.0, 1000.0, 1000.0</values>
					</sample_size>
				</sampling_intervals>
			</data>
		</threshold>
		<threshold>
			<threshold_value>GT 0.77779 (Pr=0.89)</threshold_value>
			<data>
				<values>0.64211, 0.02623, 1.18373, 1.51539, 0.08585, 0.88039, 1.15243, 0.63401, 0.22683, 0.02735, 0.00972, 0.27257, 0.12937, 0.87744, 0.62292, 0.83916, 1.25043, 0.34398</values>
				<sampling_intervals>
					<main_interval>
						<bounds>0.05, 0.95</bounds>
						<lower_bound>
							<values>0.61141, 0.03117, 1.02862, 1.3301, 0.0641, 0.74577, 1.00781, 0.53141, 0.17921, 0.02073, 0.00742, 0.21444, 0.09356, 0.73305, 0.51542, 0.81102, 1.01785, 0.24074</values>
						</lower_bound>
						<upper_bound>
							<values>0.6896, 0.05422, 1.3984, 1.69607, 0.10205, 1.06017, 1.33172, 0.75569, 0.25247, 0.03213, 0.01247, 0.35651, 0.17951, 0.86826, 0.8448, 0.87951, 1.60616, 0.45279</values>
						</upper_bound>
					</main_interval>
					<sample_size>
						<values>1000.0, 1000.0, 1000.0, 1000.0, 1000.0, 1000.0, 1000.0, 1000.0, 1000.0, 1000.0, 1000.0, 1000.0, 1000.0, 1000.0, 1000.0, 1000.0, 1000.0, 1000.0</values>
					</sample_size>
				</sampling_intervals>
			</data>
		</threshold>
		<threshold>
			<threshold_value>GT 0.82004 (Pr=0.9)</threshold_value>
			<data>
				<values>0.65498, 0.02335, 1.11989, 1.44156, 0.08526, 0.82579, 1.08554, 0.67412, 0.20114, 0.02558, 0.00963, 0.24434, 0.10682, 0.90162, 0.64962, 0.83733, 1.17135, 0.26789</values>
				<sampling_intervals>
					<main_interval>
						<bounds>0.05, 0.95</bounds>
						<lower_bound>
							<values>0.60975, 0.03126, 0.97258, 1.27507, 0.06809, 0.6914, 0.94954, 0.57181, 0.17037, 0.02106, 0.00689, 0.19211, 0.07909, 0.7525, 0.51757, 0.80173, 0.93606, 0.18184</values>
						</lower_bound>
						<upper_bound>
							<values>0.68848, 0.05392, 1.35569, 1.65196, 0.10573, 1.02584, 1.28391, 0.79968, 0.24021, 0.03217, 0.01171, 0.3341, 0.15443, 0.87854, 0.84064, 0.86788, 1.48175, 0.37983</values>
						</upper_bound>
					</main_interval>
					<sample_size>
						<values>1000.0, 1000.0, 1000.0, 1000.0, 1000.0, 1000.0, 1000.0, 1000.0, 1000.0, 1000.0, 1000.0, 1000.0, 1000.0, 1000.0, 1000.0, 1000.0, 1000.0, 1000.0</values>
					</sample_size>
				</sampling_intervals>
			</data>
		</threshold>
		<threshold>
			<threshold_value>GT 0.867 (Pr=0.91)</threshold_value>
			<data>
				<values>0.65937, 0.01921, 1.07238, 1.3938, 0.08708, 0.78453, 1.03808, 0.71869, 0.18594, 0.02553, 0.00777, 0.22459, 0.09189, 0.92512, 0.64895, 0.83257, 1.0824, 0.2118</values>
				<sampling_intervals>
					<main_interval>
						<bounds>0.05, 0.95</bounds>
						<lower_bound>
							<values>0.60931, 0.03258, 0.91816, 1.22084, 0.06966, 0.64438, 0.89052, 0.6124, 0.16731, 0.02113, 0.00643, 0.17087, 0.06455, 0.76408, 0.48934, 0.78719, 0.82234, 0.12301</values>
						</lower_bound>
						<upper_bound>
							<values>0.69265, 0.05712, 1.31218, 1.61965, 0.11212, 0.97828, 1.23908, 0.84882, 0.22767, 0.03242, 0.01091, 0.3085, 0.13111, 0.8846, 0.85353, 0.86333, 1.36072, 0.30885</values>
						</upper_bound>
					</main_interval>
					<sample_size>
						<values>1000.0, 1000.0, 1000.0, 1000.0, 1000.0, 1000.0, 1000.0, 1000.0, 1000.0, 1000.0, 1000.0, 1000.0, 1000.0, 1000.0, 1000.0, 1000.0, 1000.0, 1000.0</values>
					</sample_size>
				</sampling_intervals>
			</data>
		</threshold>
		<threshold>
			<threshold_value>GT 0.92952 (Pr=0.92)</threshold_value>
			<data>
				<values>0.65146, 0.02871, 1.03141, 1.35124, 0.09353, 0.73402, 0.98903, 0.76052, 0.19315, 0.02599, 0.00768, 0.20035, 0.07557, 0.89906, 0.6225, 0.81954, 0.93239, 0.14797</values>
				<sampling_intervals>
					<main_interval>
						<bounds>0.05, 0.95</bounds>
						<lower_bound>
							<values>0.60727, 0.03558, 0.86167, 1.16028, 0.07321, 0.59251, 0.83614, 0.65239, 0.16194, 0.02096, 0.00609, 0.14726, 0.05275, 0.77049, 0.45563, 0.77694, 0.70047, 0.05885</values>
						</lower_bound>
						<upper_bound>
							<values>0.68973, 0.06348, 1.29094, 1.59291, 0.11854, 0.93082, 1.19419, 0.9099, 0.22069, 0.03191, 0.01053, 0.28023, 0.10929, 0.88464, 0.86366, 0.85614, 1.22867, 0.23802</values>
						</upper_bound>
					</main_interval>
					<sample_size>
						<values>1000.0, 1000.0, 1000.0, 1000.0, 1000.0, 1000.0, 1000.0, 1000.0, 1000.0, 1000.0, 1000.0, 1000.0, 1000.0, 1000.0, 1000.0, 1000.0, 1000.0, 1000.0</values>
					</sample_size>
				</sampling_intervals>
			</data>
		</threshold>
		<threshold>
			<threshold_value>GT 1.01415 (Pr=0.93)</threshold_value>
			<data>
				<values>0.64873, 0.03368, 0.98461, 1.3022, 0.10062, 0.67892, 0.92957, 0.84505, 0.17956, 0.02568, 0.00806, 0.17208, 0.05984, 0.89464, 0.58319, 0.80562, 0.78454, 0.07738</values>
				<sampling_intervals>
					<main_interval>
						<bounds>0.05, 0.95</bounds>
						<lower_bound>
							<values>0.60334, 0.03856, 0.80875, 1.10129, 0.07956, 0.53692, 0.7758, 0.72519, 0.15413, 0.02101, 0.00572, 0.12556, 0.04119, 0.77699, 0.39727, 0.76599, 0.58943, -9.0E-4</values>
						</lower_bound>
						<upper_bound>
							<values>0.69068, 0.06646, 1.2737, 1.57138, 0.12423, 0.90214, 1.16359, 0.97615, 0.21409, 0.03143, 0.01013, 0.25666, 0.09204, 0.88899, 0.84901, 0.84415, 1.04539, 0.16503</values>
						</upper_bound>
					</main_interval>
					<sample_size>
						<values>1000.0, 1000.0, 1000.0, 1000.0, 1000.0, 1000.0, 1000.0, 1000.0, 1000.0, 1000.0, 1000.0, 1000.0, 1000.0, 1000.0, 1000.0, 1000.0, 1000.0, 1000.0</values>
					</sample_size>
				</sampling_intervals>
			</data>
		</threshold>
		<threshold>
			<threshold_value>GT 1.12177 (Pr=0.94)</threshold_value>
			<data>
				<values>0.6434, 0.02028, 0.9227, 1.25902, 0.10256, 0.6429, 0.89693, 0.91276, 0.18424, 0.02457, 0.00718, 0.15346, 0.04756, 0.9443, 0.48088, 0.80194, 0.64939, 0.02866</values>
				<sampling_intervals>
					<main_interval>
						<bounds>0.05, 0.95</bounds>
						<lower_bound>
							<values>0.5848, 0.04057, 0.76354, 1.03968, 0.08433, 0.48732, 0.71885, 0.78447, 0.15225, 0.02053, 0.0054, 0.10658, 0.03186, 0.79997, 0.33539, 0.75155, 0.44791, -0.05793</values>
						</lower_bound>
						<upper_bound>
							<values>0.68609, 0.0685, 1.22415, 1.54637, 0.13131, 0.84626, 1.12683, 1.06244, 0.23079, 0.03092, 0.00981, 0.23027, 0.07447, 0.89388, 0.8276, 0.83452, 0.89985, 0.10279</values>
						</upper_bound>
					</main_interval>
					<sample_size>
						<values>1000.0, 1000.0, 1000.0, 1000.0, 1000.0, 1000.0, 1000.0, 1000.0, 1000.0, 1000.0, 1000.0, 1000.0, 1000.0, 1000.0, 1000.0, 1000.0, 1000.0, 1000.0</values>
					</sample_size>
				</sampling_intervals>
			</data>
		</threshold>
		<threshold>
			<threshold_value>GT 1.25504 (Pr=0.95)</threshold_value>
			<data>
				<values>0.62801, 0.0282, 0.85259, 1.19638, 0.10905, 0.58307, 0.84601, 0.97058, 0.20353, 0.02368, 0.00735, 0.1273, 0.03582, 0.93046, 0.41651, 0.78984, 0.50098, -0.02711</values>
				<sampling_intervals>
					<main_interval>
						<bounds>0.05, 0.95</bounds>
						<lower_bound>
							<values>0.57771, 0.04383, 0.69182, 0.97823, 0.0882, 0.43515, 0.66794, 0.84419, 0.15879, 0.01963, 0.00538, 0.0868, 0.0235, 0.81028, 0.28882, 0.74195, 0.30746, -0.11446</values>
						</lower_bound>
						<upper_bound>
							<values>0.68221, 0.07484, 1.14842, 1.47984, 0.13506, 0.78062, 1.05772, 1.20533, 0.23205, 0.03063, 0.01029, 0.2012, 0.05623, 0.89691, 0.74476, 0.82718, 0.7374, 0.03737</values>
						</upper_bound>
					</main_interval>
					<sample_size>
						<values>1000.0, 1000.0, 1000.0, 1000.0, 1000.0, 1000.0, 1000.0, 1000.0, 1000.0, 1000.0, 1000.0, 1000.0, 1000.0, 1000.0, 1000.0, 1000.0, 1000.0, 1000.0</values>
					</sample_size>
				</sampling_intervals>
			</data>
		</threshold>
		<threshold>
			<threshold_value>GT 1.43008 (Pr=0.96)</threshold_value>
			<data>
				<values>0.6254, 0.04716, 0.77142, 1.09886, 0.10742, 0.51986, 0.78704, 1.16815, 0.20422, 0.02275, 0.00807, 0.11295, 0.02425, 0.90041, 0.34762, 0.79282, 0.32616, -0.09901</values>
				<sampling_intervals>
					<main_interval>
						<bounds>0.05, 0.95</bounds>
						<lower_bound>
							<values>0.57218, 0.05207, 0.62056, 0.90576, 0.09107, 0.38265, 0.61747, 0.9483, 0.16349, 0.01815, 0.00538, 0.07071, 0.01589, 0.80236, 0.25301, 0.73465, 0.20547, -0.18105</values>
						</lower_bound>
						<upper_bound>
							<values>0.67583, 0.08904, 1.07209, 1.39102, 0.1374, 0.71494, 0.98607, 1.36278, 0.22742, 0.02921, 0.00942, 0.17241, 0.0404, 0.89162, 0.65066, 0.82371, 0.54592, -0.02283</values>
						</upper_bound>
					</main_interval>
					<sample_size>
						<values>1000.0, 1000.0, 1000.0, 1000.0, 1000.0, 1000.0, 1000.0, 1000.0, 1000.0, 1000.0, 1000.0, 1000.0, 1000.0, 1000.0, 1000.0, 1000.0, 1000.0, 1000.0</values>
					</sample_size>
				</sampling_intervals>
			</data>
		</threshold>
		<threshold>
			<threshold_value>GT 1.77882 (Pr=0.97)</threshold_value>
			<data>
				<values>0.61237, 0.04526, 0.71622, 1.05859, 0.11535, 0.47532, 0.74759, 1.26003, 0.20475, 0.01929, 0.00579, 0.08051, 0.01688, 0.90955, 0.28138, 0.76513, 0.24246, -0.16136</values>
				<sampling_intervals>
					<main_interval>
						<bounds>0.05, 0.95</bounds>
						<lower_bound>
							<values>0.55519, 0.0644, 0.5399, 0.80399, 0.09139, 0.32605, 0.55538, 1.03825, 0.16578, 0.01505, 0.00466, 0.05293, 0.00994, 0.75482, 0.24817, 0.71095, 0.1292, -0.25233</values>
						</lower_bound>
						<upper_bound>
							<values>0.67722, 0.11718, 0.99915, 1.30453, 0.1416, 0.65488, 0.95648, 1.434, 0.2621, 0.02357, 0.00832, 0.12448, 0.02784, 0.88122, 0.57109, 0.8202, 0.40503, -0.07116</values>
						</upper_bound>
					</main_interval>
					<sample_size>
						<values>1000.0, 1000.0, 1000.0, 1000.0, 1000.0, 1000.0, 1000.0, 1000.0, 1000.0, 1000.0, 1000.0, 1000.0, 1000.0, 1000.0, 1000.0, 1000.0, 1000.0, 1000.0</values>
					</sample_size>
				</sampling_intervals>
			</data>
		</threshold>
		<threshold>
			<threshold_value>GT 2.13278 (Pr=0.97738)</threshold_value>
			<data>
				<values>0.60953, 0.08338, 0.66625, 0.97334, 0.10903, 0.43197, 0.71341, 1.20139, 0.23419, 0.01454, 0.00624, 0.05922, 0.01141, 0.84612, 0.2932, 0.76471, 0.21487, -0.20039</values>
				<sampling_intervals>
					<main_interval>
						<bounds>0.05, 0.95</bounds>
						<lower_bound>
							<values>0.55348, 0.07851, 0.4916, 0.75086, 0.0886, 0.28513, 0.52348, 1.0195, 0.17835, 0.01151, 0.00429, 0.03565, 0.00654, 0.74067, 0.23458, 0.69001, 0.09753, -0.3115</values>
						</lower_bound>
						<upper_bound>
							<values>0.67445, 0.13399, 0.89563, 1.20681, 0.14912, 0.57231, 0.87109, 1.41382, 0.26912, 0.01843, 0.00862, 0.08371, 0.01863, 0.8605, 0.53108, 0.81059, 0.34858, -0.10718</values>
						</upper_bound>
					</main_interval>
					<sample_size>
						<values>1000.0, 1000.0, 1000.0, 1000.0, 1000.0, 1000.0, 1000.0, 1000.0, 1000.0, 1000.0, 1000.0, 1000.0, 1000.0, 1000.0, 1000.0, 1000.0, 1000.0, 1000.0</values>
					</sample_size>
				</sampling_intervals>
			</data>
		</threshold>
		<threshold>
			<threshold_value>GT 2.3601 (Pr=0.98)</threshold_value>
			<data>
				<values>0.61101, 0.06439, 0.63042, 0.95502, 0.11643, 0.40565, 0.67821, 1.20536, 0.22179, 0.01309, 0.00614, 0.04677, 0.00958, 0.88344, 0.2424, 0.74561, 0.19575, -0.23068</values>
				<sampling_intervals>
					<main_interval>
						<bounds>0.05, 0.95</bounds>
						<lower_bound>
							<values>0.56488, 0.08668, 0.49175, 0.73807, 0.08949, 0.27748, 0.51126, 0.98416, 0.17601, 0.01005, 0.00415, 0.02878, 0.00552, 0.73766, 0.24076, 0.67185, 0.08194, -0.33325</values>
						</lower_bound>
						<upper_bound>
							<values>0.67118, 0.13859, 0.88415, 1.17401, 0.15492, 0.54637, 0.83593, 1.39174, 0.2544, 0.01617, 0.00789, 0.06703, 0.01621, 0.85122, 0.5245, 0.80615, 0.37104, -0.12153</values>
						</upper_bound>
					</main_interval>
					<sample_size>
						<values>1000.0, 1000.0, 1000.0, 1000.0, 1000.0, 1000.0, 1000.0, 1000.0, 1000.0, 1000.0, 1000.0, 1000.0, 1000.0, 1000.0, 1000.0, 1000.0, 1000.0, 1000.0</values>
					</sample_size>
				</sampling_intervals>
			</data>
		</threshold>
		<threshold>
			<threshold_value>GT 3.7702 (Pr=0.99)</threshold_value>
			<data>
				<values>0.66906, 0.08617, 0.50059, 0.74536, 0.10357, 0.29365, 0.52103, 0.99741, 0.17054, 0.00528, 0.0028, 0.01516, 0.00365, 0.86199, 0.35398, 0.74715, 0.35727, -0.35417</values>
				<sampling_intervals>
					<main_interval>
						<bounds>0.05, 0.95</bounds>
						<lower_bound>
							<values>0.60463, 0.09116, 0.39542, 0.59274, 0.07443, 0.19071, 0.38101, 0.87232, 0.13038, 0.00393, 0.00196, 0.00907, 0.00196, 0.72764, 0.31729, 0.65171, 0.12148, -0.4768</values>
						</lower_bound>
						<upper_bound>
							<values>0.72498, 0.15721, 0.72025, 0.95018, 0.14479, 0.42752, 0.68572, 1.20125, 0.20855, 0.00717, 0.00403, 0.02403, 0.00681, 0.86092, 0.66016, 0.81425, 0.56356, -0.22791</values>
						</upper_bound>
					</main_interval>
					<sample_size>
						<values>1000.0, 1000.0, 1000.0, 1000.0, 1000.0, 1000.0, 1000.0, 1000.0, 1000.0, 1000.0, 1000.0, 1000.0, 1000.0, 1000.0, 1000.0, 1000.0, 1000.0, 1000.0</values>
					</sample_size>
				</sampling_intervals>
			</data>
		</threshold>
		<threshold>
			<threshold_value>GT 5.66806 (Pr=0.99446)</threshold_value>
			<data>
				<values>0.62734, 0.11105, 0.62281, 0.88442, 0.11883, 0.35497, 0.6088, 0.87844, 0.18558, 0.00242, 0.0015, 0.00726, 0.00268, 0.81088, 0.32058, 0.60746, 0.49229, -0.34897</values>
				<sampling_intervals>
					<main_interval>
						<bounds>0.05, 0.95</bounds>
						<lower_bound>
							<values>0.08199, 0.09574, 0.34859, 0.52258, 0.07204, 0.15372, 0.32595, 0.71271, 0.10669, 0.00184, 0.00105, 0.0033, 9.3E-4, -5.76299, 0.22559, 0.38157, 0.24886, -0.56319</values>
						</lower_bound>
						<upper_bound>
							<values>0.73663, 0.45516, 1.72149, 2.18855, 0.33528, 0.87648, 1.46013, 1.06312, 1.29488, 0.00343, 0.00868, 0.01179, 0.01857, 0.86199, 0.7523, 0.78302, 0.71144, 0.44846</values>
						</upper_bound>
					</main_interval>
					<sample_size>
						<values>1000.0, 1000.0, 1000.0, 1000.0, 1000.0, 1000.0, 1000.0, 1000.0, 1000.0, 1000.0, 1000.0, 1000.0, 1000.0, 1000.0, 1000.0, 1000.0, 1000.0, 1000.0</values>
					</sample_size>
				</sampling_intervals>
			</data>
		</threshold>
		<threshold>
			<threshold_value>GT 6.1502 (Pr=0.995)</threshold_value>
			<data>
				<values>0.53576, 0.16173, 0.75388, 1.05639, 0.16137, 0.39204, 0.6949, 0.81579, 0.26467, 0.00222, 0.00178, 0.00541, 0.00307, 0.66217, 0.40883, 0.49822, 0.53908, -0.25529</values>
				<sampling_intervals>
					<main_interval>
						<bounds>0.05, 0.95</bounds>
						<lower_bound>
							<values>0.04361, 0.09786, 0.34804, 0.52937, 0.07907, 0.1541, 0.33459, 0.69216, 0.10838, 0.00166, 9.7E-4, 0.00275, 8.7E-4, -11.12148, 0.24051, 0.34882, 0.28837, -0.56478</values>
						</lower_bound>
						<upper_bound>
							<values>0.72894, 0.55913, 1.90582, 2.3306, 0.36831, 0.98304, 1.61545, 1.03959, 1.46704, 0.00306, 0.00935, 0.01038, 0.02148, 0.8579, 0.80042, 0.75345, 0.75108, 0.51667</values>
						</upper_bound>
					</main_interval>
					<sample_size>
						<values>1000.0, 1000.0, 1000.0, 1000.0, 1000.0, 1000.0, 1000.0, 1000.0, 1000.0, 1000.0, 1000.0, 1000.0, 1000.0, 1000.0, 1000.0, 1000.0, 1000.0, 1000.0</values>
					</sample_size>
				</sampling_intervals>
			</data>
		</threshold>
		<threshold>
			<threshold_value>GT 8.81759 (Pr=0.99769)</threshold_value>
			<data>
				<values>-0.06257, 0.60429, 1.21069, 1.66896, 0.34488, 0.49691, 1.2146, 0.75561, 1.78409, 0.00115, 0.00741, 0.00167, 0.00392, -22.99449, 0.74414, 0.35945, 0.5951, 0.57104</values>
				<sampling_intervals>
					<main_interval>
						<bounds>0.05, 0.95</bounds>
						<lower_bound>
							<values>-0.18725, 0.43611, 0.8886, 1.28428, 0.20488, 0.23985, 0.75557, 0.62414, 1.1425, 7.3E-4, 0.00421, 6.9E-4, 0.00155, -17.35219, 0.39578, 0.22428, 0.30074, 0.27824</values>
						</lower_bound>
						<upper_bound>
							<values>0.16475, 0.89209, 1.80972, 2.12949, 0.47188, 0.92768, 1.75532, 0.86143, 2.15199, 0.00166, 0.0107, 0.00415, 0.00885, -1.74791, 1.36874, 0.53348, 1.19221, 0.87514</values>
						</upper_bound>
					</main_interval>
					<sample_size>
						<values>1000.0, 1000.0, 1000.0, 1000.0, 1000.0, 1000.0, 1000.0, 1000.0, 1000.0, 1000.0, 1000.0, 1000.0, 1000.0, 1000.0, 1000.0, 1000.0, 1000.0, 1000.0</values>
					</sample_size>
				</sampling_intervals>
			</data>
		</threshold>
		<threshold>
			<threshold_value>GT 12.65656 (Pr=0.999)</threshold_value>
			<data>
				<values>-0.10227, 0.56679, 0.92254, 1.45802, 0.35307, 0.37656, 1.12576, 0.85074, 1.69516, 5.3E-4, 0.00539, 5.7E-4, 0.00134, -4.76478, 0.65822, 0.3551, 0.72238, 0.67737</values>
				<sampling_intervals>
					<main_interval>
						<bounds>0.05, 0.95</bounds>
						<lower_bound>
							<values>-0.44646, 0.30603, 0.54241, 1.03344, 0.18719, 0.08299, 0.4828, 0.68444, 1.11089, 3.4E-4, 0.00189, 1.0E-4, 3.4E-4, -10.95574, 0.17693, 0.03026, 0.04658, 0.26523</values>
						</lower_bound>
						<upper_bound>
							<values>0.13272, 1.04534, 1.4713, 1.8354, 0.62631, 0.71153, 1.77904, 1.06189, 3.07516, 9.4E-4, 0.00913, 0.00158, 0.00271, -0.80676, 2.50994, 0.53623, 1.99536, 1.31282</values>
						</upper_bound>
					</main_interval>
					<sample_size>
						<values>1000.0, 1000.0, 1000.0, 1000.0, 1000.0, 1000.0, 1000.0, 1000.0, 1000.0, 1000.0, 1000.0, 1000.0, 1000.0, 1000.0, 1000.0, 1000.0, 1000.0, 1000.0</values>
					</sample_size>
				</sampling_intervals>
			</data>
		</threshold>
		<threshold>
			<threshold_value>GT 20.23051 (Pr=0.99943)</threshold_value>
			<data>
				<values>0.0459, 0.46279, 0.63122, 1.12253, 0.5704, 0.09258, 0.47627, 0.80817, 1.73415, 4.1E-4, 0.00122, 7.0E-5, 3.6E-4, -2.44429, 1.45716, 0.24743, 1.591, 0.71444</values>
				<sampling_intervals>
					<main_interval>
						<bounds>0.05, 0.95</bounds>
						<lower_bound>
							<values>-0.4135, 0.22325, 0.29249, 1.00296, 0.30535, 0.02137, 0.20974, 0.64032, 0.0, 2.1E-4, 0.0, 1.0E-5, 0.0, -28.04988, -0.11093, 0.02851, 0.0, 0.0</values>
						</lower_bound>
						<upper_bound>
							<values>0.25366, 0.91951, 1.19089, 1.66026, 0.76663, 0.50862, 1.43454, 1.03268, 0.0, 6.7E-4, 0.0, 3.9E-4, 0.0, -0.10134, 0.0, 0.46986, 0.0, 0.0</values>
						</upper_bound>
					</main_interval>
					<sample_size>
						<values>1000.0, 1000.0, 1000.0, 1000.0, 1000.0, 1000.0, 1000.0, 1000.0, 999.0, 1000.0, 999.0, 1000.0, 999.0, 1000.0, 999.0, 1000.0, 999.0, 999.0</values>
					</sample_size>
				</sampling_intervals>
			</data>
		</threshold>
	</threshold_data>
</result></results>